areacd,areanm,geography,indicator,period,observation,measure,unit,lci_95,uci_95,status,notes
E92000001,England,Nation,Engaged with the arts,2025-04-01/P1Y,83,Percentage,%,83,84,,
E92000001,England,Nation,Engaged with the arts,2024-04-01/P1Y,90,Percentage,%,89,90,,
E47000006,Tees Valley,Combined Authority or City Region,Engaged with the arts,2025-04-01/P1Y,80,Percentage,%,78,82,,
E47000006,Tees Valley,Combined Authority or City Region,Engaged with the arts,2024-04-01/P1Y,86,Percentage,%,83,89,,
E47000014,North East,Combined Authority or City Region,Engaged with the arts,2025-04-01/P1Y,81,Percentage,%,80,82,,
E47000014,North East,Combined Authority or City Region,Engaged with the arts,2024-04-01/P1Y,87,Percentage,%,85,89,,
E06000047,County Durham,County or Unitary Authority,Engaged with the arts,2025-04-01/P1Y,79,Percentage,%,77,82,,
E06000005,Darlington,County or Unitary Authority,Engaged with the arts,2025-04-01/P1Y,83,Percentage,%,79,86,,
E06000001,Hartlepool,County or Unitary Authority,Engaged with the arts,2025-04-01/P1Y,77,Percentage,%,72,81,,
E06000002,Middlesbrough,County or Unitary Authority,Engaged with the arts,2025-04-01/P1Y,78,Percentage,%,73,82,,
E06000057,Northumberland,County or Unitary Authority,Engaged with the arts,2025-04-01/P1Y,84,Percentage,%,81,87,,
E06000003,Redcar and Cleveland,County or Unitary Authority,Engaged with the arts,2025-04-01/P1Y,81,Percentage,%,77,85,,
E06000004,Stockton-on-Tees,County or Unitary Authority,Engaged with the arts,2025-04-01/P1Y,80,Percentage,%,75,84,,
E08000037,Gateshead,Local Authority District,Engaged with the arts,2025-04-01/P1Y,76,Percentage,%,71,81,,
E08000021,Newcastle upon Tyne,Local Authority District,Engaged with the arts,2025-04-01/P1Y,81,Percentage,%,78,84,,
E08000022,North Tyneside,Local Authority District,Engaged with the arts,2025-04-01/P1Y,86,Percentage,%,81,89,,
E08000023,South Tyneside,Local Authority District,Engaged with the arts,2025-04-01/P1Y,80,Percentage,%,76,84,,
E08000024,Sunderland,Local Authority District,Engaged with the arts,2025-04-01/P1Y,81,Percentage,%,77,84,,
E06000008,Blackburn with Darwen,County or Unitary Authority,Engaged with the arts,2025-04-01/P1Y,70,Percentage,%,64,75,,
E06000009,Blackpool,County or Unitary Authority,Engaged with the arts,2025-04-01/P1Y,81,Percentage,%,77,85,,
E06000049,Cheshire East,County or Unitary Authority,Engaged with the arts,2025-04-01/P1Y,88,Percentage,%,86,90,,
E06000050,Cheshire West and Chester,County or Unitary Authority,Engaged with the arts,2025-04-01/P1Y,86,Percentage,%,83,89,,
E06000006,Halton,County or Unitary Authority,Engaged with the arts,2025-04-01/P1Y,77,Percentage,%,72,81,,
E06000007,Warrington,County or Unitary Authority,Engaged with the arts,2025-04-01/P1Y,88,Percentage,%,85,91,,
E06000063,Cumberland,County or Unitary Authority,Engaged with the arts,2025-04-01/P1Y,83,Percentage,%,81,86,,
E06000064,Westmorland and Furness,County or Unitary Authority,Engaged with the arts,2025-04-01/P1Y,88,Percentage,%,86,91,,
E47000001,Greater Manchester,Combined Authority or City Region,Engaged with the arts,2025-04-01/P1Y,80,Percentage,%,79,81,,
E47000001,Greater Manchester,Combined Authority or City Region,Engaged with the arts,2024-04-01/P1Y,87,Percentage,%,85,90,,
E08000001,Bolton,Local Authority District,Engaged with the arts,2025-04-01/P1Y,76,Percentage,%,71,80,,
E08000002,Bury,Local Authority District,Engaged with the arts,2025-04-01/P1Y,81,Percentage,%,77,85,,
E08000003,Manchester,Local Authority District,Engaged with the arts,2025-04-01/P1Y,78,Percentage,%,76,81,,
E08000004,Oldham,Local Authority District,Engaged with the arts,2025-04-01/P1Y,77,Percentage,%,72,81,,
E08000005,Rochdale,Local Authority District,Engaged with the arts,2025-04-01/P1Y,71,Percentage,%,66,76,,
E08000006,Salford,Local Authority District,Engaged with the arts,2025-04-01/P1Y,81,Percentage,%,77,84,,
E08000007,Stockport,Local Authority District,Engaged with the arts,2025-04-01/P1Y,86,Percentage,%,83,89,,
E08000008,Tameside,Local Authority District,Engaged with the arts,2025-04-01/P1Y,81,Percentage,%,77,84,,
E08000009,Trafford,Local Authority District,Engaged with the arts,2025-04-01/P1Y,92,Percentage,%,88,94,,
E08000010,Wigan,Local Authority District,Engaged with the arts,2025-04-01/P1Y,80,Percentage,%,76,83,,
E47000018,Lancashire,Combined Authority or City Region,Engaged with the arts,2024-04-01/P1Y,88,Percentage,%,85,90,,
E47000018,Lancashire,Combined Authority or City Region,Engaged with the arts,2025-04-01/P1Y,81,Percentage,%,80,82,,
E07000117,Burnley,Local Authority District,Engaged with the arts,2025-04-01/P1Y,74,Percentage,%,69,79,,
E07000118,Chorley,Local Authority District,Engaged with the arts,2025-04-01/P1Y,82,Percentage,%,77,86,,
E07000119,Fylde,Local Authority District,Engaged with the arts,2025-04-01/P1Y,88,Percentage,%,83,91,,
E07000120,Hyndburn,Local Authority District,Engaged with the arts,2025-04-01/P1Y,80,Percentage,%,75,84,,
E07000121,Lancaster,Local Authority District,Engaged with the arts,2025-04-01/P1Y,86,Percentage,%,81,89,,
E07000122,Pendle,Local Authority District,Engaged with the arts,2025-04-01/P1Y,77,Percentage,%,72,81,,
E07000123,Preston,Local Authority District,Engaged with the arts,2025-04-01/P1Y,79,Percentage,%,74,83,,
E07000124,Ribble Valley,Local Authority District,Engaged with the arts,2025-04-01/P1Y,90,Percentage,%,86,92,,
E07000125,Rossendale,Local Authority District,Engaged with the arts,2025-04-01/P1Y,80,Percentage,%,74,85,,
E07000126,South Ribble,Local Authority District,Engaged with the arts,2025-04-01/P1Y,83,Percentage,%,79,87,,
E07000127,West Lancashire,Local Authority District,Engaged with the arts,2025-04-01/P1Y,86,Percentage,%,81,89,,
E07000128,Wyre,Local Authority District,Engaged with the arts,2025-04-01/P1Y,83,Percentage,%,79,87,,
E47000004,Liverpool City Region,Combined Authority or City Region,Engaged with the arts,2025-04-01/P1Y,81,Percentage,%,80,82,,
E47000004,Liverpool City Region,Combined Authority or City Region,Engaged with the arts,2024-04-01/P1Y,88,Percentage,%,84,90,,
E08000011,Knowsley,Local Authority District,Engaged with the arts,2025-04-01/P1Y,76,Percentage,%,71,80,,
E08000012,Liverpool,Local Authority District,Engaged with the arts,2025-04-01/P1Y,80,Percentage,%,78,83,,
E08000014,Sefton,Local Authority District,Engaged with the arts,2025-04-01/P1Y,83,Percentage,%,80,86,,
E08000013,St. Helens,Local Authority District,Engaged with the arts,2025-04-01/P1Y,76,Percentage,%,71,80,,
E08000015,Wirral,Local Authority District,Engaged with the arts,2025-04-01/P1Y,87,Percentage,%,84,89,,
E47000016,Hull and East Yorkshire,Combined Authority or City Region,Engaged with the arts,2025-04-01/P1Y,83,Percentage,%,81,84,,
E47000016,Hull and East Yorkshire,Combined Authority or City Region,Engaged with the arts,2024-04-01/P1Y,91,Percentage,%,88,94,,
E06000011,East Riding of Yorkshire,County or Unitary Authority,Engaged with the arts,2025-04-01/P1Y,88,Percentage,%,86,90,,
E06000010,"Kingston upon Hull, City of",County or Unitary Authority,Engaged with the arts,2025-04-01/P1Y,75,Percentage,%,72,78,,
E47000017,Greater Lincolnshire,Combined Authority or City Region,Engaged with the arts,2024-04-01/P1Y,89,Percentage,%,86,91,,
E47000017,Greater Lincolnshire,Combined Authority or City Region,Engaged with the arts,2025-04-01/P1Y,84,Percentage,%,82,85,,
E06000012,North East Lincolnshire,County or Unitary Authority,Engaged with the arts,2025-04-01/P1Y,80,Percentage,%,76,84,,
E06000013,North Lincolnshire,County or Unitary Authority,Engaged with the arts,2025-04-01/P1Y,84,Percentage,%,81,87,,
E47000012,York and North Yorkshire,Combined Authority or City Region,Engaged with the arts,2025-04-01/P1Y,89,Percentage,%,87,90,,
E47000012,York and North Yorkshire,Combined Authority or City Region,Engaged with the arts,2024-04-01/P1Y,95,Percentage,%,93,96,,
E06000014,York,County or Unitary Authority,Engaged with the arts,2025-04-01/P1Y,91,Percentage,%,88,93,,
E06000065,North Yorkshire,County or Unitary Authority,Engaged with the arts,2025-04-01/P1Y,88,Percentage,%,86,89,,
E47000002,South Yorkshire,Combined Authority or City Region,Engaged with the arts,2025-04-01/P1Y,80,Percentage,%,78,81,,
E47000002,South Yorkshire,Combined Authority or City Region,Engaged with the arts,2024-04-01/P1Y,88,Percentage,%,86,91,,
E08000038,Barnsley,Local Authority District,Engaged with the arts,2025-04-01/P1Y,77,Percentage,%,73,81,,
E08000017,Doncaster,Local Authority District,Engaged with the arts,2025-04-01/P1Y,78,Percentage,%,74,81,,
E08000018,Rotherham,Local Authority District,Engaged with the arts,2025-04-01/P1Y,78,Percentage,%,74,82,,
E08000039,Sheffield,Local Authority District,Engaged with the arts,2025-04-01/P1Y,83,Percentage,%,80,85,,
E47000003,West Yorkshire,Combined Authority or City Region,Engaged with the arts,2024-04-01/P1Y,88,Percentage,%,86,91,,
E47000003,West Yorkshire,Combined Authority or City Region,Engaged with the arts,2025-04-01/P1Y,80,Percentage,%,79,82,,
E08000032,Bradford,Local Authority District,Engaged with the arts,2025-04-01/P1Y,76,Percentage,%,73,78,,
E08000033,Calderdale,Local Authority District,Engaged with the arts,2025-04-01/P1Y,87,Percentage,%,83,91,,
E08000034,Kirklees,Local Authority District,Engaged with the arts,2025-04-01/P1Y,83,Percentage,%,80,86,,
E08000035,Leeds,Local Authority District,Engaged with the arts,2025-04-01/P1Y,82,Percentage,%,80,84,,
E08000036,Wakefield,Local Authority District,Engaged with the arts,2025-04-01/P1Y,76,Percentage,%,73,79,,
E47000013,East Midlands,Combined Authority or City Region,Engaged with the arts,2025-04-01/P1Y,84,Percentage,%,83,85,,
E47000013,East Midlands,Combined Authority or City Region,Engaged with the arts,2024-04-01/P1Y,91,Percentage,%,88,93,,
E06000015,Derby,County or Unitary Authority,Engaged with the arts,2025-04-01/P1Y,79,Percentage,%,75,83,,
E06000016,Leicester,County or Unitary Authority,Engaged with the arts,2025-04-01/P1Y,70,Percentage,%,65,74,,
E06000061,North Northamptonshire,County or Unitary Authority,Engaged with the arts,2025-04-01/P1Y,82,Percentage,%,78,85,,
E06000018,Nottingham,County or Unitary Authority,Engaged with the arts,2025-04-01/P1Y,80,Percentage,%,76,83,,
E06000017,Rutland,County or Unitary Authority,Engaged with the arts,2025-04-01/P1Y,89,Percentage,%,85,93,,
E06000062,West Northamptonshire,County or Unitary Authority,Engaged with the arts,2025-04-01/P1Y,84,Percentage,%,81,87,,
E07000032,Amber Valley,Local Authority District,Engaged with the arts,2025-04-01/P1Y,84,Percentage,%,79,88,,
E07000033,Bolsover,Local Authority District,Engaged with the arts,2025-04-01/P1Y,79,Percentage,%,74,83,,
E07000034,Chesterfield,Local Authority District,Engaged with the arts,2025-04-01/P1Y,84,Percentage,%,80,88,,
E07000035,Derbyshire Dales,Local Authority District,Engaged with the arts,2025-04-01/P1Y,91,Percentage,%,87,94,,
E07000036,Erewash,Local Authority District,Engaged with the arts,2025-04-01/P1Y,84,Percentage,%,80,87,,
E07000037,High Peak,Local Authority District,Engaged with the arts,2025-04-01/P1Y,90,Percentage,%,86,93,,
E07000038,North East Derbyshire,Local Authority District,Engaged with the arts,2025-04-01/P1Y,84,Percentage,%,80,88,,
E07000039,South Derbyshire,Local Authority District,Engaged with the arts,2025-04-01/P1Y,84,Percentage,%,80,88,,
E07000129,Blaby,Local Authority District,Engaged with the arts,2025-04-01/P1Y,86,Percentage,%,80,90,,
E07000130,Charnwood,Local Authority District,Engaged with the arts,2025-04-01/P1Y,85,Percentage,%,81,89,,
E07000131,Harborough,Local Authority District,Engaged with the arts,2025-04-01/P1Y,87,Percentage,%,83,90,,
E07000132,Hinckley and Bosworth,Local Authority District,Engaged with the arts,2025-04-01/P1Y,87,Percentage,%,83,90,,
E07000133,Melton,Local Authority District,Engaged with the arts,2025-04-01/P1Y,88,Percentage,%,84,92,,
E07000134,North West Leicestershire,Local Authority District,Engaged with the arts,2025-04-01/P1Y,87,Percentage,%,83,91,,
E07000135,Oadby and Wigston,Local Authority District,Engaged with the arts,2025-04-01/P1Y,79,Percentage,%,74,84,,
E07000136,Boston,Local Authority District,Engaged with the arts,2025-04-01/P1Y,80,Percentage,%,75,83,,
E07000137,East Lindsey,Local Authority District,Engaged with the arts,2025-04-01/P1Y,83,Percentage,%,79,87,,
E07000138,Lincoln,Local Authority District,Engaged with the arts,2025-04-01/P1Y,79,Percentage,%,75,83,,
E07000139,North Kesteven,Local Authority District,Engaged with the arts,2025-04-01/P1Y,88,Percentage,%,83,91,,
E07000140,South Holland,Local Authority District,Engaged with the arts,2025-04-01/P1Y,82,Percentage,%,78,86,,
E07000141,South Kesteven,Local Authority District,Engaged with the arts,2025-04-01/P1Y,87,Percentage,%,83,90,,
E07000142,West Lindsey,Local Authority District,Engaged with the arts,2025-04-01/P1Y,88,Percentage,%,84,91,,
E07000170,Ashfield,Local Authority District,Engaged with the arts,2025-04-01/P1Y,82,Percentage,%,77,86,,
E07000171,Bassetlaw,Local Authority District,Engaged with the arts,2025-04-01/P1Y,82,Percentage,%,78,86,,
E07000172,Broxtowe,Local Authority District,Engaged with the arts,2025-04-01/P1Y,88,Percentage,%,84,92,,
E07000173,Gedling,Local Authority District,Engaged with the arts,2025-04-01/P1Y,88,Percentage,%,84,91,,
E07000174,Mansfield,Local Authority District,Engaged with the arts,2025-04-01/P1Y,82,Percentage,%,78,86,,
E07000175,Newark and Sherwood,Local Authority District,Engaged with the arts,2025-04-01/P1Y,86,Percentage,%,82,89,,
E07000176,Rushcliffe,Local Authority District,Engaged with the arts,2025-04-01/P1Y,92,Percentage,%,89,94,,
E06000019,"Herefordshire, County of",County or Unitary Authority,Engaged with the arts,2025-04-01/P1Y,88,Percentage,%,84,92,,
E06000051,Shropshire,County or Unitary Authority,Engaged with the arts,2025-04-01/P1Y,86,Percentage,%,83,89,,
E06000021,Stoke-on-Trent,County or Unitary Authority,Engaged with the arts,2025-04-01/P1Y,75,Percentage,%,70,78,,
E06000020,Telford and Wrekin,County or Unitary Authority,Engaged with the arts,2025-04-01/P1Y,76,Percentage,%,72,80,,
E07000192,Cannock Chase,Local Authority District,Engaged with the arts,2025-04-01/P1Y,81,Percentage,%,77,85,,
E07000193,East Staffordshire,Local Authority District,Engaged with the arts,2025-04-01/P1Y,81,Percentage,%,76,85,,
E07000194,Lichfield,Local Authority District,Engaged with the arts,2025-04-01/P1Y,89,Percentage,%,85,91,,
E07000195,Newcastle-under-Lyme,Local Authority District,Engaged with the arts,2025-04-01/P1Y,84,Percentage,%,79,87,,
E07000196,South Staffordshire,Local Authority District,Engaged with the arts,2025-04-01/P1Y,87,Percentage,%,83,90,,
E07000197,Stafford,Local Authority District,Engaged with the arts,2025-04-01/P1Y,85,Percentage,%,81,89,,
E07000198,Staffordshire Moorlands,Local Authority District,Engaged with the arts,2025-04-01/P1Y,85,Percentage,%,81,88,,
E07000199,Tamworth,Local Authority District,Engaged with the arts,2025-04-01/P1Y,81,Percentage,%,77,85,,
E07000218,North Warwickshire,Local Authority District,Engaged with the arts,2025-04-01/P1Y,80,Percentage,%,75,84,,
E07000219,Nuneaton and Bedworth,Local Authority District,Engaged with the arts,2025-04-01/P1Y,79,Percentage,%,75,83,,
E07000220,Rugby,Local Authority District,Engaged with the arts,2025-04-01/P1Y,77,Percentage,%,72,82,,
E07000221,Stratford-on-Avon,Local Authority District,Engaged with the arts,2025-04-01/P1Y,91,Percentage,%,87,93,,
E07000222,Warwick,Local Authority District,Engaged with the arts,2025-04-01/P1Y,89,Percentage,%,85,92,,
E47000007,West Midlands,Combined Authority or City Region,Engaged with the arts,2025-04-01/P1Y,75,Percentage,%,73,76,,
E47000007,West Midlands,Combined Authority or City Region,Engaged with the arts,2024-04-01/P1Y,85,Percentage,%,83,88,,
E08000025,Birmingham,Local Authority District,Engaged with the arts,2025-04-01/P1Y,73,Percentage,%,70,75,,
E08000026,Coventry,Local Authority District,Engaged with the arts,2025-04-01/P1Y,79,Percentage,%,76,82,,
E08000027,Dudley,Local Authority District,Engaged with the arts,2025-04-01/P1Y,80,Percentage,%,77,83,,
E08000028,Sandwell,Local Authority District,Engaged with the arts,2025-04-01/P1Y,71,Percentage,%,67,74,,
E08000029,Solihull,Local Authority District,Engaged with the arts,2025-04-01/P1Y,82,Percentage,%,78,86,,
E08000030,Walsall,Local Authority District,Engaged with the arts,2025-04-01/P1Y,74,Percentage,%,69,78,,
E08000031,Wolverhampton,Local Authority District,Engaged with the arts,2025-04-01/P1Y,71,Percentage,%,67,75,,
E07000234,Bromsgrove,Local Authority District,Engaged with the arts,2025-04-01/P1Y,86,Percentage,%,82,90,,
E07000235,Malvern Hills,Local Authority District,Engaged with the arts,2025-04-01/P1Y,89,Percentage,%,86,92,,
E07000236,Redditch,Local Authority District,Engaged with the arts,2025-04-01/P1Y,84,Percentage,%,80,87,,
E07000237,Worcester,Local Authority District,Engaged with the arts,2025-04-01/P1Y,82,Percentage,%,77,86,,
E07000238,Wychavon,Local Authority District,Engaged with the arts,2025-04-01/P1Y,88,Percentage,%,84,91,,
E07000239,Wyre Forest,Local Authority District,Engaged with the arts,2025-04-01/P1Y,85,Percentage,%,81,88,,
E06000055,Bedford,County or Unitary Authority,Engaged with the arts,2025-04-01/P1Y,83,Percentage,%,78,86,,
E06000056,Central Bedfordshire,County or Unitary Authority,Engaged with the arts,2025-04-01/P1Y,87,Percentage,%,83,89,,
E06000032,Luton,County or Unitary Authority,Engaged with the arts,2025-04-01/P1Y,70,Percentage,%,66,75,,
E06000031,Peterborough,County or Unitary Authority,Engaged with the arts,2025-04-01/P1Y,79,Percentage,%,75,83,,
E06000033,Southend-on-Sea,County or Unitary Authority,Engaged with the arts,2025-04-01/P1Y,90,Percentage,%,87,93,,
E06000034,Thurrock,County or Unitary Authority,Engaged with the arts,2025-04-01/P1Y,76,Percentage,%,71,80,,
E47000008,Cambridgeshire and Peterborough,Combined Authority or City Region,Engaged with the arts,2025-04-01/P1Y,86,Percentage,%,85,88,,
E47000008,Cambridgeshire and Peterborough,Combined Authority or City Region,Engaged with the arts,2024-04-01/P1Y,90,Percentage,%,86,93,,
E07000008,Cambridge,Local Authority District,Engaged with the arts,2025-04-01/P1Y,89,Percentage,%,85,92,,
E07000009,East Cambridgeshire,Local Authority District,Engaged with the arts,2025-04-01/P1Y,88,Percentage,%,84,92,,
E07000010,Fenland,Local Authority District,Engaged with the arts,2025-04-01/P1Y,80,Percentage,%,74,84,,
E07000011,Huntingdonshire,Local Authority District,Engaged with the arts,2025-04-01/P1Y,92,Percentage,%,88,94,,
E07000012,South Cambridgeshire,Local Authority District,Engaged with the arts,2025-04-01/P1Y,90,Percentage,%,86,93,,
E07000066,Basildon,Local Authority District,Engaged with the arts,2025-04-01/P1Y,84,Percentage,%,80,87,,
E07000067,Braintree,Local Authority District,Engaged with the arts,2025-04-01/P1Y,86,Percentage,%,82,89,,
E07000068,Brentwood,Local Authority District,Engaged with the arts,2025-04-01/P1Y,87,Percentage,%,83,91,,
E07000069,Castle Point,Local Authority District,Engaged with the arts,2025-04-01/P1Y,84,Percentage,%,78,89,,
E07000070,Chelmsford,Local Authority District,Engaged with the arts,2025-04-01/P1Y,90,Percentage,%,86,92,,
E07000071,Colchester,Local Authority District,Engaged with the arts,2025-04-01/P1Y,87,Percentage,%,82,90,,
E07000072,Epping Forest,Local Authority District,Engaged with the arts,2025-04-01/P1Y,86,Percentage,%,82,89,,
E07000073,Harlow,Local Authority District,Engaged with the arts,2025-04-01/P1Y,74,Percentage,%,69,79,,
E07000074,Maldon,Local Authority District,Engaged with the arts,2025-04-01/P1Y,89,Percentage,%,85,92,,
E07000075,Rochford,Local Authority District,Engaged with the arts,2025-04-01/P1Y,88,Percentage,%,83,91,,
E07000076,Tendring,Local Authority District,Engaged with the arts,2025-04-01/P1Y,81,Percentage,%,76,85,,
E07000077,Uttlesford,Local Authority District,Engaged with the arts,2025-04-01/P1Y,88,Percentage,%,83,92,,
E07000095,Broxbourne,Local Authority District,Engaged with the arts,2025-04-01/P1Y,80,Percentage,%,75,84,,
E07000096,Dacorum,Local Authority District,Engaged with the arts,2025-04-01/P1Y,89,Percentage,%,85,92,,
E07000242,East Hertfordshire,Local Authority District,Engaged with the arts,2025-04-01/P1Y,89,Percentage,%,85,92,,
E07000098,Hertsmere,Local Authority District,Engaged with the arts,2025-04-01/P1Y,85,Percentage,%,81,89,,
E07000099,North Hertfordshire,Local Authority District,Engaged with the arts,2025-04-01/P1Y,88,Percentage,%,84,91,,
E07000240,St Albans,Local Authority District,Engaged with the arts,2025-04-01/P1Y,90,Percentage,%,87,93,,
E07000243,Stevenage,Local Authority District,Engaged with the arts,2025-04-01/P1Y,79,Percentage,%,73,83,,
E07000102,Three Rivers,Local Authority District,Engaged with the arts,2025-04-01/P1Y,86,Percentage,%,82,90,,
E07000103,Watford,Local Authority District,Engaged with the arts,2025-04-01/P1Y,84,Percentage,%,80,88,,
E07000241,Welwyn Hatfield,Local Authority District,Engaged with the arts,2025-04-01/P1Y,83,Percentage,%,79,87,,
E07000143,Breckland,Local Authority District,Engaged with the arts,2025-04-01/P1Y,86,Percentage,%,81,90,,
E07000144,Broadland,Local Authority District,Engaged with the arts,2025-04-01/P1Y,87,Percentage,%,83,90,,
E07000145,Great Yarmouth,Local Authority District,Engaged with the arts,2025-04-01/P1Y,79,Percentage,%,74,83,,
E07000146,King's Lynn and West Norfolk,Local Authority District,Engaged with the arts,2025-04-01/P1Y,84,Percentage,%,79,88,,
E07000147,North Norfolk,Local Authority District,Engaged with the arts,2025-04-01/P1Y,87,Percentage,%,83,90,,
E07000148,Norwich,Local Authority District,Engaged with the arts,2025-04-01/P1Y,84,Percentage,%,79,88,,
E07000149,South Norfolk,Local Authority District,Engaged with the arts,2025-04-01/P1Y,86,Percentage,%,81,90,,
E07000200,Babergh,Local Authority District,Engaged with the arts,2025-04-01/P1Y,85,Percentage,%,80,89,,
E07000244,East Suffolk,Local Authority District,Engaged with the arts,2025-04-01/P1Y,87,Percentage,%,84,90,,
E07000202,Ipswich,Local Authority District,Engaged with the arts,2025-04-01/P1Y,82,Percentage,%,77,86,,
E07000203,Mid Suffolk,Local Authority District,Engaged with the arts,2025-04-01/P1Y,91,Percentage,%,87,94,,
E07000245,West Suffolk,Local Authority District,Engaged with the arts,2025-04-01/P1Y,85,Percentage,%,81,89,,
E09000007,Camden,Local Authority District,Engaged with the arts,2025-04-01/P1Y,89,Percentage,%,86,92,,
E09000001,City of London,Local Authority District,Engaged with the arts,2025-04-01/P1Y,91,Percentage,%,85,95,,
E09000012,Hackney,Local Authority District,Engaged with the arts,2025-04-01/P1Y,84,Percentage,%,79,87,,
E09000013,Hammersmith and Fulham,Local Authority District,Engaged with the arts,2025-04-01/P1Y,90,Percentage,%,87,92,,
E09000014,Haringey,Local Authority District,Engaged with the arts,2025-04-01/P1Y,86,Percentage,%,82,89,,
E09000019,Islington,Local Authority District,Engaged with the arts,2025-04-01/P1Y,83,Percentage,%,79,87,,
E09000020,Kensington and Chelsea,Local Authority District,Engaged with the arts,2025-04-01/P1Y,87,Percentage,%,83,90,,
E09000022,Lambeth,Local Authority District,Engaged with the arts,2025-04-01/P1Y,86,Percentage,%,82,89,,
E09000023,Lewisham,Local Authority District,Engaged with the arts,2025-04-01/P1Y,87,Percentage,%,84,90,,
E09000025,Newham,Local Authority District,Engaged with the arts,2025-04-01/P1Y,75,Percentage,%,71,78,,
E09000028,Southwark,Local Authority District,Engaged with the arts,2025-04-01/P1Y,85,Percentage,%,81,87,,
E09000030,Tower Hamlets,Local Authority District,Engaged with the arts,2025-04-01/P1Y,76,Percentage,%,72,79,,
E09000032,Wandsworth,Local Authority District,Engaged with the arts,2025-04-01/P1Y,88,Percentage,%,86,91,,
E09000033,Westminster,Local Authority District,Engaged with the arts,2025-04-01/P1Y,85,Percentage,%,81,88,,
E09000002,Barking and Dagenham,Local Authority District,Engaged with the arts,2025-04-01/P1Y,69,Percentage,%,65,73,,
E09000003,Barnet,Local Authority District,Engaged with the arts,2025-04-01/P1Y,84,Percentage,%,81,87,,
E09000004,Bexley,Local Authority District,Engaged with the arts,2025-04-01/P1Y,81,Percentage,%,77,85,,
E09000005,Brent,Local Authority District,Engaged with the arts,2025-04-01/P1Y,77,Percentage,%,73,81,,
E09000006,Bromley,Local Authority District,Engaged with the arts,2025-04-01/P1Y,88,Percentage,%,85,91,,
E09000008,Croydon,Local Authority District,Engaged with the arts,2025-04-01/P1Y,82,Percentage,%,78,84,,
E09000009,Ealing,Local Authority District,Engaged with the arts,2025-04-01/P1Y,78,Percentage,%,73,82,,
E09000010,Enfield,Local Authority District,Engaged with the arts,2025-04-01/P1Y,78,Percentage,%,75,82,,
E09000011,Greenwich,Local Authority District,Engaged with the arts,2025-04-01/P1Y,84,Percentage,%,81,87,,
E09000015,Harrow,Local Authority District,Engaged with the arts,2025-04-01/P1Y,79,Percentage,%,74,83,,
E09000016,Havering,Local Authority District,Engaged with the arts,2025-04-01/P1Y,81,Percentage,%,76,85,,
E09000017,Hillingdon,Local Authority District,Engaged with the arts,2025-04-01/P1Y,75,Percentage,%,71,79,,
E09000018,Hounslow,Local Authority District,Engaged with the arts,2025-04-01/P1Y,77,Percentage,%,73,80,,
E09000021,Kingston upon Thames,Local Authority District,Engaged with the arts,2025-04-01/P1Y,88,Percentage,%,84,91,,
E09000024,Merton,Local Authority District,Engaged with the arts,2025-04-01/P1Y,85,Percentage,%,81,88,,
E09000026,Redbridge,Local Authority District,Engaged with the arts,2025-04-01/P1Y,75,Percentage,%,71,79,,
E09000027,Richmond upon Thames,Local Authority District,Engaged with the arts,2025-04-01/P1Y,91,Percentage,%,87,94,,
E09000029,Sutton,Local Authority District,Engaged with the arts,2025-04-01/P1Y,85,Percentage,%,81,88,,
E09000031,Waltham Forest,Local Authority District,Engaged with the arts,2025-04-01/P1Y,83,Percentage,%,79,87,,
E06000036,Bracknell Forest,County or Unitary Authority,Engaged with the arts,2025-04-01/P1Y,83,Percentage,%,78,87,,
E06000043,Brighton and Hove,County or Unitary Authority,Engaged with the arts,2025-04-01/P1Y,89,Percentage,%,86,92,,
E06000060,Buckinghamshire,County or Unitary Authority,Engaged with the arts,2025-04-01/P1Y,87,Percentage,%,85,89,,
E06000046,Isle of Wight,County or Unitary Authority,Engaged with the arts,2025-04-01/P1Y,86,Percentage,%,82,90,,
E06000035,Medway,County or Unitary Authority,Engaged with the arts,2025-04-01/P1Y,79,Percentage,%,75,82,,
E06000042,Milton Keynes,County or Unitary Authority,Engaged with the arts,2025-04-01/P1Y,84,Percentage,%,80,87,,
E06000044,Portsmouth,County or Unitary Authority,Engaged with the arts,2025-04-01/P1Y,89,Percentage,%,85,92,,
E06000038,Reading,County or Unitary Authority,Engaged with the arts,2025-04-01/P1Y,82,Percentage,%,78,86,,
E06000039,Slough,County or Unitary Authority,Engaged with the arts,2025-04-01/P1Y,70,Percentage,%,65,75,,
E06000045,Southampton,County or Unitary Authority,Engaged with the arts,2025-04-01/P1Y,83,Percentage,%,78,87,,
E06000037,West Berkshire,County or Unitary Authority,Engaged with the arts,2025-04-01/P1Y,91,Percentage,%,88,94,,
E06000040,Windsor and Maidenhead,County or Unitary Authority,Engaged with the arts,2025-04-01/P1Y,86,Percentage,%,82,89,,
E06000041,Wokingham,County or Unitary Authority,Engaged with the arts,2025-04-01/P1Y,90,Percentage,%,86,93,,
E07000061,Eastbourne,Local Authority District,Engaged with the arts,2025-04-01/P1Y,85,Percentage,%,79,89,,
E07000062,Hastings,Local Authority District,Engaged with the arts,2025-04-01/P1Y,84,Percentage,%,80,88,,
E07000063,Lewes,Local Authority District,Engaged with the arts,2025-04-01/P1Y,88,Percentage,%,83,92,,
E07000064,Rother,Local Authority District,Engaged with the arts,2025-04-01/P1Y,89,Percentage,%,85,93,,
E07000065,Wealden,Local Authority District,Engaged with the arts,2025-04-01/P1Y,92,Percentage,%,88,94,,
E07000084,Basingstoke and Deane,Local Authority District,Engaged with the arts,2025-04-01/P1Y,88,Percentage,%,85,91,,
E07000085,East Hampshire,Local Authority District,Engaged with the arts,2025-04-01/P1Y,90,Percentage,%,86,93,,
E07000086,Eastleigh,Local Authority District,Engaged with the arts,2025-04-01/P1Y,85,Percentage,%,80,88,,
E07000087,Fareham,Local Authority District,Engaged with the arts,2025-04-01/P1Y,89,Percentage,%,85,92,,
E07000088,Gosport,Local Authority District,Engaged with the arts,2025-04-01/P1Y,85,Percentage,%,81,88,,
E07000089,Hart,Local Authority District,Engaged with the arts,2025-04-01/P1Y,89,Percentage,%,85,92,,
E07000090,Havant,Local Authority District,Engaged with the arts,2025-04-01/P1Y,81,Percentage,%,75,86,,
E07000091,New Forest,Local Authority District,Engaged with the arts,2025-04-01/P1Y,91,Percentage,%,88,94,,
E07000092,Rushmoor,Local Authority District,Engaged with the arts,2025-04-01/P1Y,84,Percentage,%,80,88,,
E07000093,Test Valley,Local Authority District,Engaged with the arts,2025-04-01/P1Y,86,Percentage,%,82,90,,
E07000094,Winchester,Local Authority District,Engaged with the arts,2025-04-01/P1Y,92,Percentage,%,89,94,,
E07000105,Ashford,Local Authority District,Engaged with the arts,2025-04-01/P1Y,86,Percentage,%,83,89,,
E07000106,Canterbury,Local Authority District,Engaged with the arts,2025-04-01/P1Y,86,Percentage,%,81,90,,
E07000107,Dartford,Local Authority District,Engaged with the arts,2025-04-01/P1Y,79,Percentage,%,74,83,,
E07000108,Dover,Local Authority District,Engaged with the arts,2025-04-01/P1Y,83,Percentage,%,79,87,,
E07000112,Folkestone and Hythe,Local Authority District,Engaged with the arts,2025-04-01/P1Y,85,Percentage,%,81,89,,
E07000109,Gravesham,Local Authority District,Engaged with the arts,2025-04-01/P1Y,77,Percentage,%,71,82,,
E07000110,Maidstone,Local Authority District,Engaged with the arts,2025-04-01/P1Y,82,Percentage,%,77,86,,
E07000111,Sevenoaks,Local Authority District,Engaged with the arts,2025-04-01/P1Y,93,Percentage,%,90,95,,
E07000113,Swale,Local Authority District,Engaged with the arts,2025-04-01/P1Y,80,Percentage,%,76,84,,
E07000114,Thanet,Local Authority District,Engaged with the arts,2025-04-01/P1Y,88,Percentage,%,85,91,,
E07000115,Tonbridge and Malling,Local Authority District,Engaged with the arts,2025-04-01/P1Y,88,Percentage,%,84,91,,
E07000116,Tunbridge Wells,Local Authority District,Engaged with the arts,2025-04-01/P1Y,83,Percentage,%,77,87,,
E07000177,Cherwell,Local Authority District,Engaged with the arts,2025-04-01/P1Y,87,Percentage,%,83,90,,
E07000178,Oxford,Local Authority District,Engaged with the arts,2025-04-01/P1Y,88,Percentage,%,84,91,,
E07000179,South Oxfordshire,Local Authority District,Engaged with the arts,2025-04-01/P1Y,88,Percentage,%,83,91,,
E07000180,Vale of White Horse,Local Authority District,Engaged with the arts,2025-04-01/P1Y,90,Percentage,%,86,93,,
E07000181,West Oxfordshire,Local Authority District,Engaged with the arts,2025-04-01/P1Y,90,Percentage,%,86,93,,
E07000207,Elmbridge,Local Authority District,Engaged with the arts,2025-04-01/P1Y,90,Percentage,%,86,93,,
E07000208,Epsom and Ewell,Local Authority District,Engaged with the arts,2025-04-01/P1Y,89,Percentage,%,85,92,,
E07000209,Guildford,Local Authority District,Engaged with the arts,2025-04-01/P1Y,86,Percentage,%,81,91,,
E07000210,Mole Valley,Local Authority District,Engaged with the arts,2025-04-01/P1Y,91,Percentage,%,88,94,,
E07000211,Reigate and Banstead,Local Authority District,Engaged with the arts,2025-04-01/P1Y,88,Percentage,%,84,91,,
E07000212,Runnymede,Local Authority District,Engaged with the arts,2025-04-01/P1Y,87,Percentage,%,82,90,,
E07000213,Spelthorne,Local Authority District,Engaged with the arts,2025-04-01/P1Y,84,Percentage,%,80,87,,
E07000214,Surrey Heath,Local Authority District,Engaged with the arts,2025-04-01/P1Y,88,Percentage,%,84,91,,
E07000215,Tandridge,Local Authority District,Engaged with the arts,2025-04-01/P1Y,90,Percentage,%,87,93,,
E07000216,Waverley,Local Authority District,Engaged with the arts,2025-04-01/P1Y,94,Percentage,%,90,96,,
E07000217,Woking,Local Authority District,Engaged with the arts,2025-04-01/P1Y,85,Percentage,%,81,89,,
E07000223,Adur,Local Authority District,Engaged with the arts,2025-04-01/P1Y,89,Percentage,%,84,92,,
E07000224,Arun,Local Authority District,Engaged with the arts,2025-04-01/P1Y,89,Percentage,%,85,92,,
E07000225,Chichester,Local Authority District,Engaged with the arts,2025-04-01/P1Y,91,Percentage,%,87,94,,
E07000226,Crawley,Local Authority District,Engaged with the arts,2025-04-01/P1Y,78,Percentage,%,73,82,,
E07000227,Horsham,Local Authority District,Engaged with the arts,2025-04-01/P1Y,94,Percentage,%,91,96,,
E07000228,Mid Sussex,Local Authority District,Engaged with the arts,2025-04-01/P1Y,88,Percentage,%,85,91,,
E07000229,Worthing,Local Authority District,Engaged with the arts,2025-04-01/P1Y,91,Percentage,%,87,93,,
E47000009,West of England,Combined Authority or City Region,Engaged with the arts,2025-04-01/P1Y,89,Percentage,%,87,90,,
E47000009,West of England,Combined Authority or City Region,Engaged with the arts,2024-04-01/P1Y,90,Percentage,%,85,93,,
E47000015,Devon and Torbay,Combined Authority or City Region,Engaged with the arts,2024-04-01/P1Y,92,Percentage,%,89,95,,
E47000015,Devon and Torbay,Combined Authority or City Region,Engaged with the arts,2025-04-01/P1Y,87,Percentage,%,86,88,,
E06000022,Bath and North East Somerset,County or Unitary Authority,Engaged with the arts,2025-04-01/P1Y,91,Percentage,%,87,94,,
E06000058,"Bournemouth, Christchurch and Poole",County or Unitary Authority,Engaged with the arts,2025-04-01/P1Y,87,Percentage,%,84,89,,
E06000023,"Bristol, City of",County or Unitary Authority,Engaged with the arts,2025-04-01/P1Y,88,Percentage,%,86,90,,
E06000052,Cornwall,County or Unitary Authority,Engaged with the arts,2025-04-01/P1Y,87,Percentage,%,86,89,,
E06000059,Dorset,County or Unitary Authority,Engaged with the arts,2025-04-01/P1Y,90,Percentage,%,87,92,,
E06000053,Isles of Scilly,County or Unitary Authority,Engaged with the arts,2025-04-01/P1Y,,Percentage,%,,,c,
E06000024,North Somerset,County or Unitary Authority,Engaged with the arts,2025-04-01/P1Y,88,Percentage,%,84,91,,
E06000026,Plymouth,County or Unitary Authority,Engaged with the arts,2025-04-01/P1Y,84,Percentage,%,80,87,,
E06000066,Somerset,County or Unitary Authority,Engaged with the arts,2025-04-01/P1Y,89,Percentage,%,87,91,,
E06000025,South Gloucestershire,County or Unitary Authority,Engaged with the arts,2025-04-01/P1Y,88,Percentage,%,84,90,,
E06000030,Swindon,County or Unitary Authority,Engaged with the arts,2025-04-01/P1Y,82,Percentage,%,78,86,,
E06000027,Torbay,County or Unitary Authority,Engaged with the arts,2025-04-01/P1Y,86,Percentage,%,82,89,,
E06000054,Wiltshire,County or Unitary Authority,Engaged with the arts,2025-04-01/P1Y,89,Percentage,%,86,91,,
E07000040,East Devon,Local Authority District,Engaged with the arts,2025-04-01/P1Y,90,Percentage,%,87,93,,
E07000041,Exeter,Local Authority District,Engaged with the arts,2025-04-01/P1Y,82,Percentage,%,77,87,,
E07000042,Mid Devon,Local Authority District,Engaged with the arts,2025-04-01/P1Y,85,Percentage,%,81,89,,
E07000043,North Devon,Local Authority District,Engaged with the arts,2025-04-01/P1Y,88,Percentage,%,84,91,,
E07000044,South Hams,Local Authority District,Engaged with the arts,2025-04-01/P1Y,91,Percentage,%,87,94,,
E07000045,Teignbridge,Local Authority District,Engaged with the arts,2025-04-01/P1Y,89,Percentage,%,85,92,,
E07000046,Torridge,Local Authority District,Engaged with the arts,2025-04-01/P1Y,84,Percentage,%,79,88,,
E07000047,West Devon,Local Authority District,Engaged with the arts,2025-04-01/P1Y,89,Percentage,%,85,92,,
E07000078,Cheltenham,Local Authority District,Engaged with the arts,2025-04-01/P1Y,91,Percentage,%,86,94,,
E07000079,Cotswold,Local Authority District,Engaged with the arts,2025-04-01/P1Y,93,Percentage,%,89,95,,
E07000080,Forest of Dean,Local Authority District,Engaged with the arts,2025-04-01/P1Y,87,Percentage,%,83,91,,
E07000081,Gloucester,Local Authority District,Engaged with the arts,2025-04-01/P1Y,82,Percentage,%,78,86,,
E07000082,Stroud,Local Authority District,Engaged with the arts,2025-04-01/P1Y,88,Percentage,%,83,92,,
E07000083,Tewkesbury,Local Authority District,Engaged with the arts,2025-04-01/P1Y,87,Percentage,%,82,91,,
TLC,North East,ITL Level 1,Engaged with the arts,2025-04-01/P1Y,81,Percentage,%,80,82,,
TLC,North East,ITL Level 1,Engaged with the arts,2024-04-01/P1Y,87,Percentage,%,85,88,,
TLC3,Tees Valley,ITL Level 2,Engaged with the arts,2025-04-01/P1Y,80,Percentage,%,78,82,,
TLC3,Tees Valley,ITL Level 2,Engaged with the arts,2024-04-01/P1Y,86,Percentage,%,83,89,,
TLC4,North East,ITL Level 2,Engaged with the arts,2025-04-01/P1Y,81,Percentage,%,80,82,,
TLC4,North East,ITL Level 2,Engaged with the arts,2024-04-01/P1Y,87,Percentage,%,85,89,,
TLD,North West,ITL Level 1,Engaged with the arts,2025-04-01/P1Y,82,Percentage,%,81,82,,
TLD,North West,ITL Level 1,Engaged with the arts,2024-04-01/P1Y,88,Percentage,%,87,89,,
TLD1,Cumbria,ITL Level 2,Engaged with the arts,2025-04-01/P1Y,86,Percentage,%,84,87,,
TLD1,Cumbria,ITL Level 2,Engaged with the arts,2024-04-01/P1Y,89,Percentage,%,86,91,,
TLD3,Greater Manchester,ITL Level 2,Engaged with the arts,2024-04-01/P1Y,87,Percentage,%,85,90,,
TLD3,Greater Manchester,ITL Level 2,Engaged with the arts,2025-04-01/P1Y,80,Percentage,%,79,81,,
TLD4,Lancashire,ITL Level 2,Engaged with the arts,2025-04-01/P1Y,81,Percentage,%,80,82,,
TLD4,Lancashire,ITL Level 2,Engaged with the arts,2024-04-01/P1Y,88,Percentage,%,85,90,,
TLD6,Cheshire,ITL Level 2,Engaged with the arts,2025-04-01/P1Y,87,Percentage,%,86,89,,
TLD6,Cheshire,ITL Level 2,Engaged with the arts,2024-04-01/P1Y,91,Percentage,%,89,93,,
TLD7,Liverpool City Region,ITL Level 2,Engaged with the arts,2025-04-01/P1Y,81,Percentage,%,80,82,,
TLD7,Liverpool City Region,ITL Level 2,Engaged with the arts,2024-04-01/P1Y,88,Percentage,%,84,90,,
TLE,Yorkshire and The Humber,ITL Level 1,Engaged with the arts,2025-04-01/P1Y,82,Percentage,%,81,83,,
TLE,Yorkshire and The Humber,ITL Level 1,Engaged with the arts,2024-04-01/P1Y,90,Percentage,%,88,91,,
TLE1,East Yorkshire and Northern Lincolnshire,ITL Level 2,Engaged with the arts,2025-04-01/P1Y,83,Percentage,%,81,84,,
TLE1,East Yorkshire and Northern Lincolnshire,ITL Level 2,Engaged with the arts,2024-04-01/P1Y,90,Percentage,%,88,92,,
TLE2,York and North Yorkshire,ITL Level 2,Engaged with the arts,2024-04-01/P1Y,95,Percentage,%,93,96,,
TLE2,York and North Yorkshire,ITL Level 2,Engaged with the arts,2025-04-01/P1Y,89,Percentage,%,87,90,,
TLE3,South Yorkshire,ITL Level 2,Engaged with the arts,2025-04-01/P1Y,80,Percentage,%,78,81,,
TLE3,South Yorkshire,ITL Level 2,Engaged with the arts,2024-04-01/P1Y,88,Percentage,%,86,91,,
TLE4,West Yorkshire,ITL Level 2,Engaged with the arts,2025-04-01/P1Y,80,Percentage,%,79,82,,
TLE4,West Yorkshire,ITL Level 2,Engaged with the arts,2024-04-01/P1Y,88,Percentage,%,86,91,,
TLF,East Midlands,ITL Level 1,Engaged with the arts,2025-04-01/P1Y,83,Percentage,%,82,84,,
TLF,East Midlands,ITL Level 1,Engaged with the arts,2024-04-01/P1Y,89,Percentage,%,88,91,,
TLF1,East Midlands,ITL Level 2,Engaged with the arts,2025-04-01/P1Y,84,Percentage,%,83,85,,
TLF1,East Midlands,ITL Level 2,Engaged with the arts,2024-04-01/P1Y,91,Percentage,%,88,93,,
TLF2,"Leicestershire, Rutland and Northamptonshire",ITL Level 2,Engaged with the arts,2025-04-01/P1Y,82,Percentage,%,80,83,,
TLF2,"Leicestershire, Rutland and Northamptonshire",ITL Level 2,Engaged with the arts,2024-04-01/P1Y,88,Percentage,%,85,91,,
TLF3,Lincolnshire,ITL Level 2,Engaged with the arts,2025-04-01/P1Y,84,Percentage,%,83,86,,
TLF3,Lincolnshire,ITL Level 2,Engaged with the arts,2024-04-01/P1Y,89,Percentage,%,86,91,,
TLG,West Midlands,ITL Level 1,Engaged with the arts,2024-04-01/P1Y,88,Percentage,%,86,89,,
TLG,West Midlands,ITL Level 1,Engaged with the arts,2025-04-01/P1Y,79,Percentage,%,79,80,,
TLG1,"Herefordshire, Worcestershire and Warwickshire",ITL Level 2,Engaged with the arts,2025-04-01/P1Y,85,Percentage,%,84,87,,
TLG1,"Herefordshire, Worcestershire and Warwickshire",ITL Level 2,Engaged with the arts,2024-04-01/P1Y,90,Percentage,%,87,92,,
TLG2,Shropshire and Staffordshire,ITL Level 2,Engaged with the arts,2025-04-01/P1Y,82,Percentage,%,81,84,,
TLG2,Shropshire and Staffordshire,ITL Level 2,Engaged with the arts,2024-04-01/P1Y,90,Percentage,%,87,92,,
TLG3,West Midlands,ITL Level 2,Engaged with the arts,2025-04-01/P1Y,75,Percentage,%,73,76,,
TLG3,West Midlands,ITL Level 2,Engaged with the arts,2024-04-01/P1Y,85,Percentage,%,83,88,,
TLH,East of England,ITL Level 1,Engaged with the arts,2025-04-01/P1Y,85,Percentage,%,84,86,,
TLH,East of England,ITL Level 1,Engaged with the arts,2024-04-01/P1Y,91,Percentage,%,89,92,,
TLH4,Cambridgeshire and Peterborough,ITL Level 2,Engaged with the arts,2025-04-01/P1Y,86,Percentage,%,85,88,,
TLH4,Cambridgeshire and Peterborough,ITL Level 2,Engaged with the arts,2024-04-01/P1Y,90,Percentage,%,86,93,,
TLH5,Norfolk,ITL Level 2,Engaged with the arts,2024-04-01/P1Y,93,Percentage,%,88,95,,
TLH5,Norfolk,ITL Level 2,Engaged with the arts,2025-04-01/P1Y,85,Percentage,%,83,86,,
TLH6,Suffolk,ITL Level 2,Engaged with the arts,2025-04-01/P1Y,86,Percentage,%,84,88,,
TLH6,Suffolk,ITL Level 2,Engaged with the arts,2024-04-01/P1Y,89,Percentage,%,85,92,,
TLH2,Bedfordshire and Hertfordshire,ITL Level 2,Engaged with the arts,2025-04-01/P1Y,84,Percentage,%,83,85,,
TLH2,Bedfordshire and Hertfordshire,ITL Level 2,Engaged with the arts,2024-04-01/P1Y,90,Percentage,%,87,92,,
TLH3,Essex,ITL Level 2,Engaged with the arts,2025-04-01/P1Y,85,Percentage,%,84,86,,
TLH3,Essex,ITL Level 2,Engaged with the arts,2024-04-01/P1Y,92,Percentage,%,89,94,,
TLI,London,ITL Level 1,Engaged with the arts,2025-04-01/P1Y,82,Percentage,%,81,83,,
TLI,London,ITL Level 1,Engaged with the arts,2024-04-01/P1Y,90,Percentage,%,89,91,,
TLI3,Inner London - West,ITL Level 2,Engaged with the arts,2025-04-01/P1Y,88,Percentage,%,87,89,,
TLI3,Inner London - West,ITL Level 2,Engaged with the arts,2024-04-01/P1Y,93,Percentage,%,90,95,,
TLI4,Inner London - East,ITL Level 2,Engaged with the arts,2024-04-01/P1Y,90,Percentage,%,88,92,,
TLI4,Inner London - East,ITL Level 2,Engaged with the arts,2025-04-01/P1Y,82,Percentage,%,81,84,,
TLI5,Outer London - East and North East,ITL Level 2,Engaged with the arts,2024-04-01/P1Y,89,Percentage,%,86,91,,
TLI5,Outer London - East and North East,ITL Level 2,Engaged with the arts,2025-04-01/P1Y,79,Percentage,%,77,80,,
TLI6,Outer London - South,ITL Level 2,Engaged with the arts,2025-04-01/P1Y,85,Percentage,%,83,86,,
TLI6,Outer London - South,ITL Level 2,Engaged with the arts,2024-04-01/P1Y,91,Percentage,%,88,93,,
TLI7,Outer London - West and North West,ITL Level 2,Engaged with the arts,2025-04-01/P1Y,80,Percentage,%,78,81,,
TLI7,Outer London - West and North West,ITL Level 2,Engaged with the arts,2024-04-01/P1Y,88,Percentage,%,85,91,,
TLJ,South East (England),ITL Level 1,Engaged with the arts,2025-04-01/P1Y,87,Percentage,%,86,87,,
TLJ,South East (England),ITL Level 1,Engaged with the arts,2024-04-01/P1Y,91,Percentage,%,90,92,,
TLJ1,"Berkshire, Buckinghamshire and Oxfordshire",ITL Level 2,Engaged with the arts,2025-04-01/P1Y,86,Percentage,%,85,87,,
TLJ1,"Berkshire, Buckinghamshire and Oxfordshire",ITL Level 2,Engaged with the arts,2024-04-01/P1Y,93,Percentage,%,90,94,,
TLJ2,"Surrey, East and West Sussex",ITL Level 2,Engaged with the arts,2025-04-01/P1Y,89,Percentage,%,88,89,,
TLJ2,"Surrey, East and West Sussex",ITL Level 2,Engaged with the arts,2024-04-01/P1Y,92,Percentage,%,90,94,,
TLJ3,Hampshire and Isle of Wight,ITL Level 2,Engaged with the arts,2024-04-01/P1Y,90,Percentage,%,87,92,,
TLJ3,Hampshire and Isle of Wight,ITL Level 2,Engaged with the arts,2025-04-01/P1Y,87,Percentage,%,86,88,,
TLJ4,Kent,ITL Level 2,Engaged with the arts,2025-04-01/P1Y,83,Percentage,%,82,85,,
TLJ4,Kent,ITL Level 2,Engaged with the arts,2024-04-01/P1Y,90,Percentage,%,87,92,,
TLK,South West (England),ITL Level 1,Engaged with the arts,2025-04-01/P1Y,88,Percentage,%,87,88,,
TLK,South West (England),ITL Level 1,Engaged with the arts,2024-04-01/P1Y,91,Percentage,%,90,93,,
TLK5,West of England,ITL Level 2,Engaged with the arts,2025-04-01/P1Y,89,Percentage,%,87,90,,
TLK5,West of England,ITL Level 2,Engaged with the arts,2024-04-01/P1Y,90,Percentage,%,85,93,,
TLK7,Gloucestershire and Wiltshire,ITL Level 2,Engaged with the arts,2025-04-01/P1Y,87,Percentage,%,86,89,,
TLK7,Gloucestershire and Wiltshire,ITL Level 2,Engaged with the arts,2024-04-01/P1Y,92,Percentage,%,89,94,,
TLK6,"North Somerset, Somerset and Dorset",ITL Level 2,Engaged with the arts,2025-04-01/P1Y,88,Percentage,%,87,90,,
TLK6,"North Somerset, Somerset and Dorset",ITL Level 2,Engaged with the arts,2024-04-01/P1Y,93,Percentage,%,91,95,,
TLK3,Cornwall and Isles of Scilly,ITL Level 2,Engaged with the arts,2025-04-01/P1Y,87,Percentage,%,86,89,,
TLK3,Cornwall and Isles of Scilly,ITL Level 2,Engaged with the arts,2024-04-01/P1Y,89,Percentage,%,85,91,,
TLK4,Devon,ITL Level 2,Engaged with the arts,2025-04-01/P1Y,86,Percentage,%,85,88,,
TLK4,Devon,ITL Level 2,Engaged with the arts,2024-04-01/P1Y,92,Percentage,%,88,94,,
E92000001,England,Nation,Visited a heritage site,2025-04-01/P1Y,62,Percentage,%,62,63,,
E92000001,England,Nation,Visited a heritage site,2024-04-01/P1Y,65,Percentage,%,64,65,,
E47000006,Tees Valley,Combined Authority or City Region,Visited a heritage site,2025-04-01/P1Y,57,Percentage,%,54,59,,
E47000006,Tees Valley,Combined Authority or City Region,Visited a heritage site,2024-04-01/P1Y,57,Percentage,%,53,61,,
E47000014,North East,Combined Authority or City Region,Visited a heritage site,2025-04-01/P1Y,61,Percentage,%,59,62,,
E47000014,North East,Combined Authority or City Region,Visited a heritage site,2024-04-01/P1Y,62,Percentage,%,59,64,,
E06000047,County Durham,County or Unitary Authority,Visited a heritage site,2025-04-01/P1Y,62,Percentage,%,59,65,,
E06000005,Darlington,County or Unitary Authority,Visited a heritage site,2025-04-01/P1Y,63,Percentage,%,58,67,,
E06000001,Hartlepool,County or Unitary Authority,Visited a heritage site,2025-04-01/P1Y,51,Percentage,%,46,56,,
E06000002,Middlesbrough,County or Unitary Authority,Visited a heritage site,2025-04-01/P1Y,52,Percentage,%,47,56,,
E06000057,Northumberland,County or Unitary Authority,Visited a heritage site,2025-04-01/P1Y,66,Percentage,%,62,70,,
E06000003,Redcar and Cleveland,County or Unitary Authority,Visited a heritage site,2025-04-01/P1Y,60,Percentage,%,54,65,,
E06000004,Stockton-on-Tees,County or Unitary Authority,Visited a heritage site,2025-04-01/P1Y,58,Percentage,%,52,63,,
E08000037,Gateshead,Local Authority District,Visited a heritage site,2025-04-01/P1Y,53,Percentage,%,48,58,,
E08000021,Newcastle upon Tyne,Local Authority District,Visited a heritage site,2025-04-01/P1Y,60,Percentage,%,56,64,,
E08000022,North Tyneside,Local Authority District,Visited a heritage site,2025-04-01/P1Y,67,Percentage,%,62,71,,
E08000023,South Tyneside,Local Authority District,Visited a heritage site,2025-04-01/P1Y,59,Percentage,%,54,63,,
E08000024,Sunderland,Local Authority District,Visited a heritage site,2025-04-01/P1Y,55,Percentage,%,51,60,,
E06000008,Blackburn with Darwen,County or Unitary Authority,Visited a heritage site,2025-04-01/P1Y,49,Percentage,%,43,55,,
E06000009,Blackpool,County or Unitary Authority,Visited a heritage site,2025-04-01/P1Y,50,Percentage,%,45,56,,
E06000049,Cheshire East,County or Unitary Authority,Visited a heritage site,2025-04-01/P1Y,70,Percentage,%,67,73,,
E06000050,Cheshire West and Chester,County or Unitary Authority,Visited a heritage site,2025-04-01/P1Y,65,Percentage,%,61,69,,
E06000006,Halton,County or Unitary Authority,Visited a heritage site,2025-04-01/P1Y,54,Percentage,%,49,59,,
E06000007,Warrington,County or Unitary Authority,Visited a heritage site,2025-04-01/P1Y,62,Percentage,%,57,66,,
E06000063,Cumberland,County or Unitary Authority,Visited a heritage site,2025-04-01/P1Y,62,Percentage,%,58,65,,
E06000064,Westmorland and Furness,County or Unitary Authority,Visited a heritage site,2025-04-01/P1Y,70,Percentage,%,67,73,,
E47000001,Greater Manchester,Combined Authority or City Region,Visited a heritage site,2025-04-01/P1Y,57,Percentage,%,55,58,,
E47000001,Greater Manchester,Combined Authority or City Region,Visited a heritage site,2024-04-01/P1Y,63,Percentage,%,60,66,,
E08000001,Bolton,Local Authority District,Visited a heritage site,2025-04-01/P1Y,53,Percentage,%,48,57,,
E08000002,Bury,Local Authority District,Visited a heritage site,2025-04-01/P1Y,60,Percentage,%,55,65,,
E08000003,Manchester,Local Authority District,Visited a heritage site,2025-04-01/P1Y,56,Percentage,%,53,59,,
E08000004,Oldham,Local Authority District,Visited a heritage site,2025-04-01/P1Y,47,Percentage,%,41,53,,
E08000005,Rochdale,Local Authority District,Visited a heritage site,2025-04-01/P1Y,45,Percentage,%,40,50,,
E08000006,Salford,Local Authority District,Visited a heritage site,2025-04-01/P1Y,55,Percentage,%,51,60,,
E08000007,Stockport,Local Authority District,Visited a heritage site,2025-04-01/P1Y,70,Percentage,%,65,74,,
E08000008,Tameside,Local Authority District,Visited a heritage site,2025-04-01/P1Y,55,Percentage,%,50,60,,
E08000009,Trafford,Local Authority District,Visited a heritage site,2025-04-01/P1Y,70,Percentage,%,66,75,,
E08000010,Wigan,Local Authority District,Visited a heritage site,2025-04-01/P1Y,57,Percentage,%,52,62,,
E47000018,Lancashire,Combined Authority or City Region,Visited a heritage site,2024-04-01/P1Y,60,Percentage,%,56,64,,
E47000018,Lancashire,Combined Authority or City Region,Visited a heritage site,2025-04-01/P1Y,60,Percentage,%,58,61,,
E07000117,Burnley,Local Authority District,Visited a heritage site,2025-04-01/P1Y,58,Percentage,%,53,63,,
E07000118,Chorley,Local Authority District,Visited a heritage site,2025-04-01/P1Y,64,Percentage,%,58,69,,
E07000119,Fylde,Local Authority District,Visited a heritage site,2025-04-01/P1Y,66,Percentage,%,60,71,,
E07000120,Hyndburn,Local Authority District,Visited a heritage site,2025-04-01/P1Y,49,Percentage,%,44,55,,
E07000121,Lancaster,Local Authority District,Visited a heritage site,2025-04-01/P1Y,72,Percentage,%,68,76,,
E07000122,Pendle,Local Authority District,Visited a heritage site,2025-04-01/P1Y,58,Percentage,%,53,63,,
E07000123,Preston,Local Authority District,Visited a heritage site,2025-04-01/P1Y,55,Percentage,%,50,60,,
E07000124,Ribble Valley,Local Authority District,Visited a heritage site,2025-04-01/P1Y,74,Percentage,%,69,79,,
E07000125,Rossendale,Local Authority District,Visited a heritage site,2025-04-01/P1Y,66,Percentage,%,60,71,,
E07000126,South Ribble,Local Authority District,Visited a heritage site,2025-04-01/P1Y,63,Percentage,%,57,68,,
E07000127,West Lancashire,Local Authority District,Visited a heritage site,2025-04-01/P1Y,67,Percentage,%,62,72,,
E07000128,Wyre,Local Authority District,Visited a heritage site,2025-04-01/P1Y,57,Percentage,%,51,62,,
E47000004,Liverpool City Region,Combined Authority or City Region,Visited a heritage site,2025-04-01/P1Y,58,Percentage,%,57,60,,
E47000004,Liverpool City Region,Combined Authority or City Region,Visited a heritage site,2024-04-01/P1Y,62,Percentage,%,58,66,,
E08000011,Knowsley,Local Authority District,Visited a heritage site,2025-04-01/P1Y,52,Percentage,%,47,57,,
E08000012,Liverpool,Local Authority District,Visited a heritage site,2025-04-01/P1Y,58,Percentage,%,55,61,,
E08000014,Sefton,Local Authority District,Visited a heritage site,2025-04-01/P1Y,63,Percentage,%,59,66,,
E08000013,St. Helens,Local Authority District,Visited a heritage site,2025-04-01/P1Y,55,Percentage,%,49,60,,
E08000015,Wirral,Local Authority District,Visited a heritage site,2025-04-01/P1Y,62,Percentage,%,58,66,,
E47000016,Hull and East Yorkshire,Combined Authority or City Region,Visited a heritage site,2025-04-01/P1Y,60,Percentage,%,57,63,,
E47000016,Hull and East Yorkshire,Combined Authority or City Region,Visited a heritage site,2024-04-01/P1Y,60,Percentage,%,55,65,,
E06000011,East Riding of Yorkshire,County or Unitary Authority,Visited a heritage site,2025-04-01/P1Y,67,Percentage,%,63,70,,
E06000010,"Kingston upon Hull, City of",County or Unitary Authority,Visited a heritage site,2025-04-01/P1Y,51,Percentage,%,47,55,,
E47000017,Greater Lincolnshire,Combined Authority or City Region,Visited a heritage site,2024-04-01/P1Y,60,Percentage,%,57,64,,
E47000017,Greater Lincolnshire,Combined Authority or City Region,Visited a heritage site,2025-04-01/P1Y,61,Percentage,%,59,62,,
E06000012,North East Lincolnshire,County or Unitary Authority,Visited a heritage site,2025-04-01/P1Y,50,Percentage,%,45,56,,
E06000013,North Lincolnshire,County or Unitary Authority,Visited a heritage site,2025-04-01/P1Y,58,Percentage,%,53,62,,
E47000012,York and North Yorkshire,Combined Authority or City Region,Visited a heritage site,2025-04-01/P1Y,73,Percentage,%,71,75,,
E47000012,York and North Yorkshire,Combined Authority or City Region,Visited a heritage site,2024-04-01/P1Y,76,Percentage,%,72,79,,
E06000014,York,County or Unitary Authority,Visited a heritage site,2025-04-01/P1Y,73,Percentage,%,69,77,,
E06000065,North Yorkshire,County or Unitary Authority,Visited a heritage site,2025-04-01/P1Y,72,Percentage,%,70,75,,
E47000002,South Yorkshire,Combined Authority or City Region,Visited a heritage site,2025-04-01/P1Y,57,Percentage,%,55,59,,
E47000002,South Yorkshire,Combined Authority or City Region,Visited a heritage site,2024-04-01/P1Y,62,Percentage,%,58,66,,
E08000038,Barnsley,Local Authority District,Visited a heritage site,2025-04-01/P1Y,56,Percentage,%,51,61,,
E08000017,Doncaster,Local Authority District,Visited a heritage site,2025-04-01/P1Y,55,Percentage,%,50,59,,
E08000018,Rotherham,Local Authority District,Visited a heritage site,2025-04-01/P1Y,54,Percentage,%,49,59,,
E08000039,Sheffield,Local Authority District,Visited a heritage site,2025-04-01/P1Y,60,Percentage,%,57,63,,
E47000003,West Yorkshire,Combined Authority or City Region,Visited a heritage site,2024-04-01/P1Y,62,Percentage,%,58,66,,
E47000003,West Yorkshire,Combined Authority or City Region,Visited a heritage site,2025-04-01/P1Y,60,Percentage,%,59,62,,
E08000032,Bradford,Local Authority District,Visited a heritage site,2025-04-01/P1Y,55,Percentage,%,51,58,,
E08000033,Calderdale,Local Authority District,Visited a heritage site,2025-04-01/P1Y,64,Percentage,%,59,69,,
E08000034,Kirklees,Local Authority District,Visited a heritage site,2025-04-01/P1Y,64,Percentage,%,61,67,,
E08000035,Leeds,Local Authority District,Visited a heritage site,2025-04-01/P1Y,63,Percentage,%,60,65,,
E08000036,Wakefield,Local Authority District,Visited a heritage site,2025-04-01/P1Y,56,Percentage,%,52,60,,
E47000013,East Midlands,Combined Authority or City Region,Visited a heritage site,2025-04-01/P1Y,63,Percentage,%,62,65,,
E47000013,East Midlands,Combined Authority or City Region,Visited a heritage site,2024-04-01/P1Y,67,Percentage,%,63,70,,
E06000015,Derby,County or Unitary Authority,Visited a heritage site,2025-04-01/P1Y,58,Percentage,%,53,62,,
E06000016,Leicester,County or Unitary Authority,Visited a heritage site,2025-04-01/P1Y,49,Percentage,%,44,53,,
E06000061,North Northamptonshire,County or Unitary Authority,Visited a heritage site,2025-04-01/P1Y,57,Percentage,%,52,61,,
E06000018,Nottingham,County or Unitary Authority,Visited a heritage site,2025-04-01/P1Y,58,Percentage,%,54,61,,
E06000017,Rutland,County or Unitary Authority,Visited a heritage site,2025-04-01/P1Y,75,Percentage,%,69,79,,
E06000062,West Northamptonshire,County or Unitary Authority,Visited a heritage site,2025-04-01/P1Y,63,Percentage,%,60,67,,
E07000032,Amber Valley,Local Authority District,Visited a heritage site,2025-04-01/P1Y,69,Percentage,%,64,74,,
E07000033,Bolsover,Local Authority District,Visited a heritage site,2025-04-01/P1Y,59,Percentage,%,53,65,,
E07000034,Chesterfield,Local Authority District,Visited a heritage site,2025-04-01/P1Y,59,Percentage,%,53,65,,
E07000035,Derbyshire Dales,Local Authority District,Visited a heritage site,2025-04-01/P1Y,79,Percentage,%,74,84,,
E07000036,Erewash,Local Authority District,Visited a heritage site,2025-04-01/P1Y,61,Percentage,%,56,67,,
E07000037,High Peak,Local Authority District,Visited a heritage site,2025-04-01/P1Y,74,Percentage,%,69,79,,
E07000038,North East Derbyshire,Local Authority District,Visited a heritage site,2025-04-01/P1Y,63,Percentage,%,58,68,,
E07000039,South Derbyshire,Local Authority District,Visited a heritage site,2025-04-01/P1Y,65,Percentage,%,60,70,,
E07000129,Blaby,Local Authority District,Visited a heritage site,2025-04-01/P1Y,63,Percentage,%,57,68,,
E07000130,Charnwood,Local Authority District,Visited a heritage site,2025-04-01/P1Y,63,Percentage,%,58,69,,
E07000131,Harborough,Local Authority District,Visited a heritage site,2025-04-01/P1Y,65,Percentage,%,59,70,,
E07000132,Hinckley and Bosworth,Local Authority District,Visited a heritage site,2025-04-01/P1Y,66,Percentage,%,61,71,,
E07000133,Melton,Local Authority District,Visited a heritage site,2025-04-01/P1Y,64,Percentage,%,58,69,,
E07000134,North West Leicestershire,Local Authority District,Visited a heritage site,2025-04-01/P1Y,62,Percentage,%,56,67,,
E07000135,Oadby and Wigston,Local Authority District,Visited a heritage site,2025-04-01/P1Y,53,Percentage,%,47,60,,
E07000136,Boston,Local Authority District,Visited a heritage site,2025-04-01/P1Y,58,Percentage,%,52,63,,
E07000137,East Lindsey,Local Authority District,Visited a heritage site,2025-04-01/P1Y,59,Percentage,%,54,64,,
E07000138,Lincoln,Local Authority District,Visited a heritage site,2025-04-01/P1Y,65,Percentage,%,60,70,,
E07000139,North Kesteven,Local Authority District,Visited a heritage site,2025-04-01/P1Y,67,Percentage,%,62,72,,
E07000140,South Holland,Local Authority District,Visited a heritage site,2025-04-01/P1Y,57,Percentage,%,52,63,,
E07000141,South Kesteven,Local Authority District,Visited a heritage site,2025-04-01/P1Y,64,Percentage,%,59,69,,
E07000142,West Lindsey,Local Authority District,Visited a heritage site,2025-04-01/P1Y,71,Percentage,%,66,75,,
E07000170,Ashfield,Local Authority District,Visited a heritage site,2025-04-01/P1Y,56,Percentage,%,51,62,,
E07000171,Bassetlaw,Local Authority District,Visited a heritage site,2025-04-01/P1Y,66,Percentage,%,61,71,,
E07000172,Broxtowe,Local Authority District,Visited a heritage site,2025-04-01/P1Y,69,Percentage,%,64,74,,
E07000173,Gedling,Local Authority District,Visited a heritage site,2025-04-01/P1Y,62,Percentage,%,56,67,,
E07000174,Mansfield,Local Authority District,Visited a heritage site,2025-04-01/P1Y,58,Percentage,%,53,63,,
E07000175,Newark and Sherwood,Local Authority District,Visited a heritage site,2025-04-01/P1Y,65,Percentage,%,61,70,,
E07000176,Rushcliffe,Local Authority District,Visited a heritage site,2025-04-01/P1Y,76,Percentage,%,71,80,,
E06000019,"Herefordshire, County of",County or Unitary Authority,Visited a heritage site,2025-04-01/P1Y,70,Percentage,%,65,75,,
E06000051,Shropshire,County or Unitary Authority,Visited a heritage site,2025-04-01/P1Y,70,Percentage,%,65,73,,
E06000021,Stoke-on-Trent,County or Unitary Authority,Visited a heritage site,2025-04-01/P1Y,48,Percentage,%,44,53,,
E06000020,Telford and Wrekin,County or Unitary Authority,Visited a heritage site,2025-04-01/P1Y,59,Percentage,%,54,64,,
E07000192,Cannock Chase,Local Authority District,Visited a heritage site,2025-04-01/P1Y,60,Percentage,%,55,65,,
E07000193,East Staffordshire,Local Authority District,Visited a heritage site,2025-04-01/P1Y,67,Percentage,%,62,72,,
E07000194,Lichfield,Local Authority District,Visited a heritage site,2025-04-01/P1Y,72,Percentage,%,68,77,,
E07000195,Newcastle-under-Lyme,Local Authority District,Visited a heritage site,2025-04-01/P1Y,62,Percentage,%,57,67,,
E07000196,South Staffordshire,Local Authority District,Visited a heritage site,2025-04-01/P1Y,67,Percentage,%,61,72,,
E07000197,Stafford,Local Authority District,Visited a heritage site,2025-04-01/P1Y,68,Percentage,%,63,73,,
E07000198,Staffordshire Moorlands,Local Authority District,Visited a heritage site,2025-04-01/P1Y,68,Percentage,%,62,73,,
E07000199,Tamworth,Local Authority District,Visited a heritage site,2025-04-01/P1Y,59,Percentage,%,54,64,,
E07000218,North Warwickshire,Local Authority District,Visited a heritage site,2025-04-01/P1Y,59,Percentage,%,53,64,,
E07000219,Nuneaton and Bedworth,Local Authority District,Visited a heritage site,2025-04-01/P1Y,51,Percentage,%,46,56,,
E07000220,Rugby,Local Authority District,Visited a heritage site,2025-04-01/P1Y,56,Percentage,%,50,61,,
E07000221,Stratford-on-Avon,Local Authority District,Visited a heritage site,2025-04-01/P1Y,71,Percentage,%,66,76,,
E07000222,Warwick,Local Authority District,Visited a heritage site,2025-04-01/P1Y,74,Percentage,%,69,79,,
E47000007,West Midlands,Combined Authority or City Region,Visited a heritage site,2025-04-01/P1Y,52,Percentage,%,51,54,,
E47000007,West Midlands,Combined Authority or City Region,Visited a heritage site,2024-04-01/P1Y,57,Percentage,%,54,61,,
E08000025,Birmingham,Local Authority District,Visited a heritage site,2025-04-01/P1Y,50,Percentage,%,48,52,,
E08000026,Coventry,Local Authority District,Visited a heritage site,2025-04-01/P1Y,59,Percentage,%,55,63,,
E08000027,Dudley,Local Authority District,Visited a heritage site,2025-04-01/P1Y,58,Percentage,%,54,62,,
E08000028,Sandwell,Local Authority District,Visited a heritage site,2025-04-01/P1Y,47,Percentage,%,43,51,,
E08000029,Solihull,Local Authority District,Visited a heritage site,2025-04-01/P1Y,59,Percentage,%,54,64,,
E08000030,Walsall,Local Authority District,Visited a heritage site,2025-04-01/P1Y,48,Percentage,%,44,53,,
E08000031,Wolverhampton,Local Authority District,Visited a heritage site,2025-04-01/P1Y,49,Percentage,%,44,53,,
E07000234,Bromsgrove,Local Authority District,Visited a heritage site,2025-04-01/P1Y,66,Percentage,%,60,70,,
E07000235,Malvern Hills,Local Authority District,Visited a heritage site,2025-04-01/P1Y,74,Percentage,%,69,78,,
E07000236,Redditch,Local Authority District,Visited a heritage site,2025-04-01/P1Y,60,Percentage,%,55,64,,
E07000237,Worcester,Local Authority District,Visited a heritage site,2025-04-01/P1Y,63,Percentage,%,58,69,,
E07000238,Wychavon,Local Authority District,Visited a heritage site,2025-04-01/P1Y,65,Percentage,%,60,70,,
E07000239,Wyre Forest,Local Authority District,Visited a heritage site,2025-04-01/P1Y,65,Percentage,%,60,70,,
E06000055,Bedford,County or Unitary Authority,Visited a heritage site,2025-04-01/P1Y,56,Percentage,%,51,61,,
E06000056,Central Bedfordshire,County or Unitary Authority,Visited a heritage site,2025-04-01/P1Y,67,Percentage,%,62,71,,
E06000032,Luton,County or Unitary Authority,Visited a heritage site,2025-04-01/P1Y,48,Percentage,%,43,53,,
E06000031,Peterborough,County or Unitary Authority,Visited a heritage site,2025-04-01/P1Y,53,Percentage,%,48,58,,
E06000033,Southend-on-Sea,County or Unitary Authority,Visited a heritage site,2025-04-01/P1Y,62,Percentage,%,57,67,,
E06000034,Thurrock,County or Unitary Authority,Visited a heritage site,2025-04-01/P1Y,50,Percentage,%,45,56,,
E47000008,Cambridgeshire and Peterborough,Combined Authority or City Region,Visited a heritage site,2025-04-01/P1Y,66,Percentage,%,64,68,,
E47000008,Cambridgeshire and Peterborough,Combined Authority or City Region,Visited a heritage site,2024-04-01/P1Y,70,Percentage,%,64,75,,
E07000008,Cambridge,Local Authority District,Visited a heritage site,2025-04-01/P1Y,77,Percentage,%,71,81,,
E07000009,East Cambridgeshire,Local Authority District,Visited a heritage site,2025-04-01/P1Y,71,Percentage,%,66,77,,
E07000010,Fenland,Local Authority District,Visited a heritage site,2025-04-01/P1Y,53,Percentage,%,48,59,,
E07000011,Huntingdonshire,Local Authority District,Visited a heritage site,2025-04-01/P1Y,67,Percentage,%,63,72,,
E07000012,South Cambridgeshire,Local Authority District,Visited a heritage site,2025-04-01/P1Y,77,Percentage,%,72,82,,
E07000066,Basildon,Local Authority District,Visited a heritage site,2025-04-01/P1Y,51,Percentage,%,46,56,,
E07000067,Braintree,Local Authority District,Visited a heritage site,2025-04-01/P1Y,63,Percentage,%,58,67,,
E07000068,Brentwood,Local Authority District,Visited a heritage site,2025-04-01/P1Y,64,Percentage,%,58,69,,
E07000069,Castle Point,Local Authority District,Visited a heritage site,2025-04-01/P1Y,58,Percentage,%,52,64,,
E07000070,Chelmsford,Local Authority District,Visited a heritage site,2025-04-01/P1Y,61,Percentage,%,56,66,,
E07000071,Colchester,Local Authority District,Visited a heritage site,2025-04-01/P1Y,65,Percentage,%,60,70,,
E07000072,Epping Forest,Local Authority District,Visited a heritage site,2025-04-01/P1Y,63,Percentage,%,58,68,,
E07000073,Harlow,Local Authority District,Visited a heritage site,2025-04-01/P1Y,47,Percentage,%,41,52,,
E07000074,Maldon,Local Authority District,Visited a heritage site,2025-04-01/P1Y,66,Percentage,%,60,72,,
E07000075,Rochford,Local Authority District,Visited a heritage site,2025-04-01/P1Y,61,Percentage,%,55,66,,
E07000076,Tendring,Local Authority District,Visited a heritage site,2025-04-01/P1Y,53,Percentage,%,47,58,,
E07000077,Uttlesford,Local Authority District,Visited a heritage site,2025-04-01/P1Y,70,Percentage,%,64,76,,
E07000095,Broxbourne,Local Authority District,Visited a heritage site,2025-04-01/P1Y,57,Percentage,%,51,62,,
E07000096,Dacorum,Local Authority District,Visited a heritage site,2025-04-01/P1Y,69,Percentage,%,64,74,,
E07000242,East Hertfordshire,Local Authority District,Visited a heritage site,2025-04-01/P1Y,68,Percentage,%,62,73,,
E07000098,Hertsmere,Local Authority District,Visited a heritage site,2025-04-01/P1Y,63,Percentage,%,57,68,,
E07000099,North Hertfordshire,Local Authority District,Visited a heritage site,2025-04-01/P1Y,67,Percentage,%,62,72,,
E07000240,St Albans,Local Authority District,Visited a heritage site,2025-04-01/P1Y,78,Percentage,%,72,82,,
E07000243,Stevenage,Local Authority District,Visited a heritage site,2025-04-01/P1Y,55,Percentage,%,50,60,,
E07000102,Three Rivers,Local Authority District,Visited a heritage site,2025-04-01/P1Y,61,Percentage,%,56,67,,
E07000103,Watford,Local Authority District,Visited a heritage site,2025-04-01/P1Y,60,Percentage,%,55,65,,
E07000241,Welwyn Hatfield,Local Authority District,Visited a heritage site,2025-04-01/P1Y,59,Percentage,%,54,64,,
E07000143,Breckland,Local Authority District,Visited a heritage site,2025-04-01/P1Y,64,Percentage,%,58,69,,
E07000144,Broadland,Local Authority District,Visited a heritage site,2025-04-01/P1Y,68,Percentage,%,62,74,,
E07000145,Great Yarmouth,Local Authority District,Visited a heritage site,2025-04-01/P1Y,51,Percentage,%,46,57,,
E07000146,King's Lynn and West Norfolk,Local Authority District,Visited a heritage site,2025-04-01/P1Y,64,Percentage,%,59,70,,
E07000147,North Norfolk,Local Authority District,Visited a heritage site,2025-04-01/P1Y,71,Percentage,%,66,76,,
E07000148,Norwich,Local Authority District,Visited a heritage site,2025-04-01/P1Y,67,Percentage,%,61,72,,
E07000149,South Norfolk,Local Authority District,Visited a heritage site,2025-04-01/P1Y,69,Percentage,%,64,74,,
E07000200,Babergh,Local Authority District,Visited a heritage site,2025-04-01/P1Y,63,Percentage,%,57,68,,
E07000244,East Suffolk,Local Authority District,Visited a heritage site,2025-04-01/P1Y,60,Percentage,%,56,65,,
E07000202,Ipswich,Local Authority District,Visited a heritage site,2025-04-01/P1Y,56,Percentage,%,50,61,,
E07000203,Mid Suffolk,Local Authority District,Visited a heritage site,2025-04-01/P1Y,72,Percentage,%,67,77,,
E07000245,West Suffolk,Local Authority District,Visited a heritage site,2025-04-01/P1Y,69,Percentage,%,63,74,,
E09000007,Camden,Local Authority District,Visited a heritage site,2025-04-01/P1Y,66,Percentage,%,61,71,,
E09000001,City of London,Local Authority District,Visited a heritage site,2025-04-01/P1Y,30,Percentage,%,23,37,,
E09000012,Hackney,Local Authority District,Visited a heritage site,2025-04-01/P1Y,61,Percentage,%,56,66,,
E09000013,Hammersmith and Fulham,Local Authority District,Visited a heritage site,2025-04-01/P1Y,70,Percentage,%,65,74,,
E09000014,Haringey,Local Authority District,Visited a heritage site,2025-04-01/P1Y,66,Percentage,%,61,71,,
E09000019,Islington,Local Authority District,Visited a heritage site,2025-04-01/P1Y,62,Percentage,%,57,67,,
E09000020,Kensington and Chelsea,Local Authority District,Visited a heritage site,2025-04-01/P1Y,70,Percentage,%,65,75,,
E09000022,Lambeth,Local Authority District,Visited a heritage site,2025-04-01/P1Y,67,Percentage,%,62,71,,
E09000023,Lewisham,Local Authority District,Visited a heritage site,2025-04-01/P1Y,65,Percentage,%,61,69,,
E09000025,Newham,Local Authority District,Visited a heritage site,2025-04-01/P1Y,49,Percentage,%,45,54,,
E09000028,Southwark,Local Authority District,Visited a heritage site,2025-04-01/P1Y,64,Percentage,%,60,68,,
E09000030,Tower Hamlets,Local Authority District,Visited a heritage site,2025-04-01/P1Y,59,Percentage,%,55,63,,
E09000032,Wandsworth,Local Authority District,Visited a heritage site,2025-04-01/P1Y,67,Percentage,%,64,71,,
E09000033,Westminster,Local Authority District,Visited a heritage site,2025-04-01/P1Y,67,Percentage,%,62,71,,
E09000002,Barking and Dagenham,Local Authority District,Visited a heritage site,2025-04-01/P1Y,44,Percentage,%,39,49,,
E09000003,Barnet,Local Authority District,Visited a heritage site,2025-04-01/P1Y,65,Percentage,%,61,69,,
E09000004,Bexley,Local Authority District,Visited a heritage site,2025-04-01/P1Y,61,Percentage,%,57,66,,
E09000005,Brent,Local Authority District,Visited a heritage site,2025-04-01/P1Y,52,Percentage,%,47,56,,
E09000006,Bromley,Local Authority District,Visited a heritage site,2025-04-01/P1Y,70,Percentage,%,66,73,,
E09000008,Croydon,Local Authority District,Visited a heritage site,2025-04-01/P1Y,53,Percentage,%,49,57,,
E09000009,Ealing,Local Authority District,Visited a heritage site,2025-04-01/P1Y,58,Percentage,%,54,62,,
E09000010,Enfield,Local Authority District,Visited a heritage site,2025-04-01/P1Y,53,Percentage,%,48,57,,
E09000011,Greenwich,Local Authority District,Visited a heritage site,2025-04-01/P1Y,68,Percentage,%,64,72,,
E09000015,Harrow,Local Authority District,Visited a heritage site,2025-04-01/P1Y,56,Percentage,%,51,61,,
E09000016,Havering,Local Authority District,Visited a heritage site,2025-04-01/P1Y,54,Percentage,%,48,59,,
E09000017,Hillingdon,Local Authority District,Visited a heritage site,2025-04-01/P1Y,53,Percentage,%,49,57,,
E09000018,Hounslow,Local Authority District,Visited a heritage site,2025-04-01/P1Y,58,Percentage,%,53,62,,
E09000021,Kingston upon Thames,Local Authority District,Visited a heritage site,2025-04-01/P1Y,68,Percentage,%,63,73,,
E09000024,Merton,Local Authority District,Visited a heritage site,2025-04-01/P1Y,67,Percentage,%,62,72,,
E09000026,Redbridge,Local Authority District,Visited a heritage site,2025-04-01/P1Y,52,Percentage,%,47,56,,
E09000027,Richmond upon Thames,Local Authority District,Visited a heritage site,2025-04-01/P1Y,77,Percentage,%,72,81,,
E09000029,Sutton,Local Authority District,Visited a heritage site,2025-04-01/P1Y,62,Percentage,%,57,66,,
E09000031,Waltham Forest,Local Authority District,Visited a heritage site,2025-04-01/P1Y,63,Percentage,%,58,68,,
E06000036,Bracknell Forest,County or Unitary Authority,Visited a heritage site,2025-04-01/P1Y,57,Percentage,%,51,63,,
E06000043,Brighton and Hove,County or Unitary Authority,Visited a heritage site,2025-04-01/P1Y,70,Percentage,%,66,74,,
E06000060,Buckinghamshire,County or Unitary Authority,Visited a heritage site,2025-04-01/P1Y,65,Percentage,%,61,68,,
E06000046,Isle of Wight,County or Unitary Authority,Visited a heritage site,2025-04-01/P1Y,67,Percentage,%,62,72,,
E06000035,Medway,County or Unitary Authority,Visited a heritage site,2025-04-01/P1Y,59,Percentage,%,55,63,,
E06000042,Milton Keynes,County or Unitary Authority,Visited a heritage site,2025-04-01/P1Y,58,Percentage,%,54,63,,
E06000044,Portsmouth,County or Unitary Authority,Visited a heritage site,2025-04-01/P1Y,65,Percentage,%,59,70,,
E06000038,Reading,County or Unitary Authority,Visited a heritage site,2025-04-01/P1Y,68,Percentage,%,64,73,,
E06000039,Slough,County or Unitary Authority,Visited a heritage site,2025-04-01/P1Y,50,Percentage,%,45,55,,
E06000045,Southampton,County or Unitary Authority,Visited a heritage site,2025-04-01/P1Y,63,Percentage,%,59,68,,
E06000037,West Berkshire,County or Unitary Authority,Visited a heritage site,2025-04-01/P1Y,69,Percentage,%,63,73,,
E06000040,Windsor and Maidenhead,County or Unitary Authority,Visited a heritage site,2025-04-01/P1Y,71,Percentage,%,67,75,,
E06000041,Wokingham,County or Unitary Authority,Visited a heritage site,2025-04-01/P1Y,71,Percentage,%,67,76,,
E07000061,Eastbourne,Local Authority District,Visited a heritage site,2025-04-01/P1Y,64,Percentage,%,59,70,,
E07000062,Hastings,Local Authority District,Visited a heritage site,2025-04-01/P1Y,65,Percentage,%,60,71,,
E07000063,Lewes,Local Authority District,Visited a heritage site,2025-04-01/P1Y,68,Percentage,%,62,73,,
E07000064,Rother,Local Authority District,Visited a heritage site,2025-04-01/P1Y,73,Percentage,%,68,78,,
E07000065,Wealden,Local Authority District,Visited a heritage site,2025-04-01/P1Y,75,Percentage,%,71,79,,
E07000084,Basingstoke and Deane,Local Authority District,Visited a heritage site,2025-04-01/P1Y,68,Percentage,%,64,73,,
E07000085,East Hampshire,Local Authority District,Visited a heritage site,2025-04-01/P1Y,73,Percentage,%,68,78,,
E07000086,Eastleigh,Local Authority District,Visited a heritage site,2025-04-01/P1Y,65,Percentage,%,59,70,,
E07000087,Fareham,Local Authority District,Visited a heritage site,2025-04-01/P1Y,67,Percentage,%,62,71,,
E07000088,Gosport,Local Authority District,Visited a heritage site,2025-04-01/P1Y,65,Percentage,%,60,70,,
E07000089,Hart,Local Authority District,Visited a heritage site,2025-04-01/P1Y,67,Percentage,%,62,72,,
E07000090,Havant,Local Authority District,Visited a heritage site,2025-04-01/P1Y,61,Percentage,%,55,67,,
E07000091,New Forest,Local Authority District,Visited a heritage site,2025-04-01/P1Y,71,Percentage,%,65,76,,
E07000092,Rushmoor,Local Authority District,Visited a heritage site,2025-04-01/P1Y,55,Percentage,%,49,60,,
E07000093,Test Valley,Local Authority District,Visited a heritage site,2025-04-01/P1Y,67,Percentage,%,62,72,,
E07000094,Winchester,Local Authority District,Visited a heritage site,2025-04-01/P1Y,79,Percentage,%,74,83,,
E07000105,Ashford,Local Authority District,Visited a heritage site,2025-04-01/P1Y,65,Percentage,%,60,70,,
E07000106,Canterbury,Local Authority District,Visited a heritage site,2025-04-01/P1Y,67,Percentage,%,61,72,,
E07000107,Dartford,Local Authority District,Visited a heritage site,2025-04-01/P1Y,54,Percentage,%,49,60,,
E07000108,Dover,Local Authority District,Visited a heritage site,2025-04-01/P1Y,69,Percentage,%,64,74,,
E07000112,Folkestone and Hythe,Local Authority District,Visited a heritage site,2025-04-01/P1Y,64,Percentage,%,59,69,,
E07000109,Gravesham,Local Authority District,Visited a heritage site,2025-04-01/P1Y,55,Percentage,%,49,61,,
E07000110,Maidstone,Local Authority District,Visited a heritage site,2025-04-01/P1Y,65,Percentage,%,59,70,,
E07000111,Sevenoaks,Local Authority District,Visited a heritage site,2025-04-01/P1Y,73,Percentage,%,68,78,,
E07000113,Swale,Local Authority District,Visited a heritage site,2025-04-01/P1Y,57,Percentage,%,52,61,,
E07000114,Thanet,Local Authority District,Visited a heritage site,2025-04-01/P1Y,60,Percentage,%,55,65,,
E07000115,Tonbridge and Malling,Local Authority District,Visited a heritage site,2025-04-01/P1Y,69,Percentage,%,64,74,,
E07000116,Tunbridge Wells,Local Authority District,Visited a heritage site,2025-04-01/P1Y,70,Percentage,%,64,75,,
E07000177,Cherwell,Local Authority District,Visited a heritage site,2025-04-01/P1Y,67,Percentage,%,61,72,,
E07000178,Oxford,Local Authority District,Visited a heritage site,2025-04-01/P1Y,73,Percentage,%,68,78,,
E07000179,South Oxfordshire,Local Authority District,Visited a heritage site,2025-04-01/P1Y,72,Percentage,%,67,77,,
E07000180,Vale of White Horse,Local Authority District,Visited a heritage site,2025-04-01/P1Y,74,Percentage,%,69,79,,
E07000181,West Oxfordshire,Local Authority District,Visited a heritage site,2025-04-01/P1Y,74,Percentage,%,69,79,,
E07000207,Elmbridge,Local Authority District,Visited a heritage site,2025-04-01/P1Y,73,Percentage,%,67,78,,
E07000208,Epsom and Ewell,Local Authority District,Visited a heritage site,2025-04-01/P1Y,74,Percentage,%,68,79,,
E07000209,Guildford,Local Authority District,Visited a heritage site,2025-04-01/P1Y,69,Percentage,%,63,74,,
E07000210,Mole Valley,Local Authority District,Visited a heritage site,2025-04-01/P1Y,79,Percentage,%,74,83,,
E07000211,Reigate and Banstead,Local Authority District,Visited a heritage site,2025-04-01/P1Y,68,Percentage,%,63,73,,
E07000212,Runnymede,Local Authority District,Visited a heritage site,2025-04-01/P1Y,68,Percentage,%,63,73,,
E07000213,Spelthorne,Local Authority District,Visited a heritage site,2025-04-01/P1Y,61,Percentage,%,56,66,,
E07000214,Surrey Heath,Local Authority District,Visited a heritage site,2025-04-01/P1Y,65,Percentage,%,60,71,,
E07000215,Tandridge,Local Authority District,Visited a heritage site,2025-04-01/P1Y,71,Percentage,%,66,76,,
E07000216,Waverley,Local Authority District,Visited a heritage site,2025-04-01/P1Y,78,Percentage,%,73,82,,
E07000217,Woking,Local Authority District,Visited a heritage site,2025-04-01/P1Y,66,Percentage,%,60,70,,
E07000223,Adur,Local Authority District,Visited a heritage site,2025-04-01/P1Y,74,Percentage,%,68,79,,
E07000224,Arun,Local Authority District,Visited a heritage site,2025-04-01/P1Y,65,Percentage,%,60,70,,
E07000225,Chichester,Local Authority District,Visited a heritage site,2025-04-01/P1Y,74,Percentage,%,69,79,,
E07000226,Crawley,Local Authority District,Visited a heritage site,2025-04-01/P1Y,51,Percentage,%,46,56,,
E07000227,Horsham,Local Authority District,Visited a heritage site,2025-04-01/P1Y,73,Percentage,%,68,77,,
E07000228,Mid Sussex,Local Authority District,Visited a heritage site,2025-04-01/P1Y,72,Percentage,%,66,77,,
E07000229,Worthing,Local Authority District,Visited a heritage site,2025-04-01/P1Y,70,Percentage,%,65,75,,
E47000009,West of England,Combined Authority or City Region,Visited a heritage site,2025-04-01/P1Y,70,Percentage,%,68,72,,
E47000009,West of England,Combined Authority or City Region,Visited a heritage site,2024-04-01/P1Y,69,Percentage,%,63,74,,
E47000015,Devon and Torbay,Combined Authority or City Region,Visited a heritage site,2024-04-01/P1Y,70,Percentage,%,65,74,,
E47000015,Devon and Torbay,Combined Authority or City Region,Visited a heritage site,2025-04-01/P1Y,69,Percentage,%,68,71,,
E06000022,Bath and North East Somerset,County or Unitary Authority,Visited a heritage site,2025-04-01/P1Y,75,Percentage,%,69,79,,
E06000058,"Bournemouth, Christchurch and Poole",County or Unitary Authority,Visited a heritage site,2025-04-01/P1Y,66,Percentage,%,63,70,,
E06000023,"Bristol, City of",County or Unitary Authority,Visited a heritage site,2025-04-01/P1Y,71,Percentage,%,68,74,,
E06000052,Cornwall,County or Unitary Authority,Visited a heritage site,2025-04-01/P1Y,70,Percentage,%,68,72,,
E06000059,Dorset,County or Unitary Authority,Visited a heritage site,2025-04-01/P1Y,76,Percentage,%,73,79,,
E06000053,Isles of Scilly,County or Unitary Authority,Visited a heritage site,2025-04-01/P1Y,,Percentage,%,,,c,
E06000024,North Somerset,County or Unitary Authority,Visited a heritage site,2025-04-01/P1Y,68,Percentage,%,63,73,,
E06000026,Plymouth,County or Unitary Authority,Visited a heritage site,2025-04-01/P1Y,59,Percentage,%,54,63,,
E06000066,Somerset,County or Unitary Authority,Visited a heritage site,2025-04-01/P1Y,70,Percentage,%,67,73,,
E06000025,South Gloucestershire,County or Unitary Authority,Visited a heritage site,2025-04-01/P1Y,65,Percentage,%,61,69,,
E06000030,Swindon,County or Unitary Authority,Visited a heritage site,2025-04-01/P1Y,60,Percentage,%,54,64,,
E06000027,Torbay,County or Unitary Authority,Visited a heritage site,2025-04-01/P1Y,65,Percentage,%,60,70,,
E06000054,Wiltshire,County or Unitary Authority,Visited a heritage site,2025-04-01/P1Y,73,Percentage,%,70,76,,
E07000040,East Devon,Local Authority District,Visited a heritage site,2025-04-01/P1Y,74,Percentage,%,69,78,,
E07000041,Exeter,Local Authority District,Visited a heritage site,2025-04-01/P1Y,67,Percentage,%,62,73,,
E07000042,Mid Devon,Local Authority District,Visited a heritage site,2025-04-01/P1Y,69,Percentage,%,64,74,,
E07000043,North Devon,Local Authority District,Visited a heritage site,2025-04-01/P1Y,67,Percentage,%,62,72,,
E07000044,South Hams,Local Authority District,Visited a heritage site,2025-04-01/P1Y,75,Percentage,%,70,80,,
E07000045,Teignbridge,Local Authority District,Visited a heritage site,2025-04-01/P1Y,69,Percentage,%,64,74,,
E07000046,Torridge,Local Authority District,Visited a heritage site,2025-04-01/P1Y,65,Percentage,%,59,71,,
E07000047,West Devon,Local Authority District,Visited a heritage site,2025-04-01/P1Y,73,Percentage,%,67,78,,
E07000078,Cheltenham,Local Authority District,Visited a heritage site,2025-04-01/P1Y,74,Percentage,%,68,78,,
E07000079,Cotswold,Local Authority District,Visited a heritage site,2025-04-01/P1Y,76,Percentage,%,71,80,,
E07000080,Forest of Dean,Local Authority District,Visited a heritage site,2025-04-01/P1Y,70,Percentage,%,64,75,,
E07000081,Gloucester,Local Authority District,Visited a heritage site,2025-04-01/P1Y,55,Percentage,%,50,61,,
E07000082,Stroud,Local Authority District,Visited a heritage site,2025-04-01/P1Y,71,Percentage,%,65,76,,
E07000083,Tewkesbury,Local Authority District,Visited a heritage site,2025-04-01/P1Y,67,Percentage,%,61,72,,
TLC,North East,ITL Level 1,Visited a heritage site,2025-04-01/P1Y,60,Percentage,%,58,61,,
TLC,North East,ITL Level 1,Visited a heritage site,2024-04-01/P1Y,61,Percentage,%,58,63,,
TLC3,Tees Valley,ITL Level 2,Visited a heritage site,2025-04-01/P1Y,57,Percentage,%,54,59,,
TLC3,Tees Valley,ITL Level 2,Visited a heritage site,2024-04-01/P1Y,57,Percentage,%,53,61,,
TLC4,North East,ITL Level 2,Visited a heritage site,2025-04-01/P1Y,61,Percentage,%,59,62,,
TLC4,North East,ITL Level 2,Visited a heritage site,2024-04-01/P1Y,62,Percentage,%,59,64,,
TLD,North West,ITL Level 1,Visited a heritage site,2025-04-01/P1Y,60,Percentage,%,59,60,,
TLD,North West,ITL Level 1,Visited a heritage site,2024-04-01/P1Y,63,Percentage,%,61,64,,
TLD1,Cumbria,ITL Level 2,Visited a heritage site,2025-04-01/P1Y,66,Percentage,%,63,68,,
TLD1,Cumbria,ITL Level 2,Visited a heritage site,2024-04-01/P1Y,61,Percentage,%,57,65,,
TLD3,Greater Manchester,ITL Level 2,Visited a heritage site,2024-04-01/P1Y,63,Percentage,%,60,66,,
TLD3,Greater Manchester,ITL Level 2,Visited a heritage site,2025-04-01/P1Y,57,Percentage,%,55,58,,
TLD4,Lancashire,ITL Level 2,Visited a heritage site,2025-04-01/P1Y,60,Percentage,%,58,61,,
TLD4,Lancashire,ITL Level 2,Visited a heritage site,2024-04-01/P1Y,60,Percentage,%,56,64,,
TLD6,Cheshire,ITL Level 2,Visited a heritage site,2025-04-01/P1Y,66,Percentage,%,64,68,,
TLD6,Cheshire,ITL Level 2,Visited a heritage site,2024-04-01/P1Y,68,Percentage,%,65,72,,
TLD7,Liverpool City Region,ITL Level 2,Visited a heritage site,2025-04-01/P1Y,58,Percentage,%,57,60,,
TLD7,Liverpool City Region,ITL Level 2,Visited a heritage site,2024-04-01/P1Y,62,Percentage,%,58,66,,
TLE,Yorkshire and The Humber,ITL Level 1,Visited a heritage site,2025-04-01/P1Y,61,Percentage,%,60,62,,
TLE,Yorkshire and The Humber,ITL Level 1,Visited a heritage site,2024-04-01/P1Y,64,Percentage,%,62,66,,
TLE1,East Yorkshire and Northern Lincolnshire,ITL Level 2,Visited a heritage site,2025-04-01/P1Y,58,Percentage,%,56,60,,
TLE1,East Yorkshire and Northern Lincolnshire,ITL Level 2,Visited a heritage site,2024-04-01/P1Y,59,Percentage,%,55,63,,
TLE2,York and North Yorkshire,ITL Level 2,Visited a heritage site,2024-04-01/P1Y,76,Percentage,%,72,79,,
TLE2,York and North Yorkshire,ITL Level 2,Visited a heritage site,2025-04-01/P1Y,73,Percentage,%,71,75,,
TLE3,South Yorkshire,ITL Level 2,Visited a heritage site,2025-04-01/P1Y,57,Percentage,%,55,59,,
TLE3,South Yorkshire,ITL Level 2,Visited a heritage site,2024-04-01/P1Y,62,Percentage,%,58,66,,
TLE4,West Yorkshire,ITL Level 2,Visited a heritage site,2025-04-01/P1Y,60,Percentage,%,59,62,,
TLE4,West Yorkshire,ITL Level 2,Visited a heritage site,2024-04-01/P1Y,62,Percentage,%,58,66,,
TLF,East Midlands,ITL Level 1,Visited a heritage site,2025-04-01/P1Y,62,Percentage,%,61,63,,
TLF,East Midlands,ITL Level 1,Visited a heritage site,2024-04-01/P1Y,65,Percentage,%,62,67,,
TLF1,East Midlands,ITL Level 2,Visited a heritage site,2025-04-01/P1Y,63,Percentage,%,62,65,,
TLF1,East Midlands,ITL Level 2,Visited a heritage site,2024-04-01/P1Y,67,Percentage,%,63,70,,
TLF2,"Leicestershire, Rutland and Northamptonshire",ITL Level 2,Visited a heritage site,2025-04-01/P1Y,59,Percentage,%,58,61,,
TLF2,"Leicestershire, Rutland and Northamptonshire",ITL Level 2,Visited a heritage site,2024-04-01/P1Y,63,Percentage,%,59,67,,
TLF3,Lincolnshire,ITL Level 2,Visited a heritage site,2025-04-01/P1Y,63,Percentage,%,61,65,,
TLF3,Lincolnshire,ITL Level 2,Visited a heritage site,2024-04-01/P1Y,62,Percentage,%,57,66,,
TLG,West Midlands,ITL Level 1,Visited a heritage site,2024-04-01/P1Y,62,Percentage,%,59,64,,
TLG,West Midlands,ITL Level 1,Visited a heritage site,2025-04-01/P1Y,58,Percentage,%,57,59,,
TLG1,"Herefordshire, Worcestershire and Warwickshire",ITL Level 2,Visited a heritage site,2025-04-01/P1Y,65,Percentage,%,63,66,,
TLG1,"Herefordshire, Worcestershire and Warwickshire",ITL Level 2,Visited a heritage site,2024-04-01/P1Y,67,Percentage,%,63,71,,
TLG2,Shropshire and Staffordshire,ITL Level 2,Visited a heritage site,2025-04-01/P1Y,63,Percentage,%,61,65,,
TLG2,Shropshire and Staffordshire,ITL Level 2,Visited a heritage site,2024-04-01/P1Y,64,Percentage,%,60,68,,
TLG3,West Midlands,ITL Level 2,Visited a heritage site,2025-04-01/P1Y,52,Percentage,%,51,54,,
TLG3,West Midlands,ITL Level 2,Visited a heritage site,2024-04-01/P1Y,57,Percentage,%,54,61,,
TLH,East of England,ITL Level 1,Visited a heritage site,2025-04-01/P1Y,63,Percentage,%,62,63,,
TLH,East of England,ITL Level 1,Visited a heritage site,2024-04-01/P1Y,64,Percentage,%,62,66,,
TLH4,Cambridgeshire and Peterborough,ITL Level 2,Visited a heritage site,2025-04-01/P1Y,66,Percentage,%,64,68,,
TLH4,Cambridgeshire and Peterborough,ITL Level 2,Visited a heritage site,2024-04-01/P1Y,70,Percentage,%,64,75,,
TLH5,Norfolk,ITL Level 2,Visited a heritage site,2024-04-01/P1Y,67,Percentage,%,62,72,,
TLH5,Norfolk,ITL Level 2,Visited a heritage site,2025-04-01/P1Y,65,Percentage,%,63,67,,
TLH6,Suffolk,ITL Level 2,Visited a heritage site,2025-04-01/P1Y,64,Percentage,%,61,66,,
TLH6,Suffolk,ITL Level 2,Visited a heritage site,2024-04-01/P1Y,65,Percentage,%,58,71,,
TLH2,Bedfordshire and Hertfordshire,ITL Level 2,Visited a heritage site,2025-04-01/P1Y,62,Percentage,%,61,64,,
TLH2,Bedfordshire and Hertfordshire,ITL Level 2,Visited a heritage site,2024-04-01/P1Y,63,Percentage,%,59,67,,
TLH3,Essex,ITL Level 2,Visited a heritage site,2025-04-01/P1Y,59,Percentage,%,58,61,,
TLH3,Essex,ITL Level 2,Visited a heritage site,2024-04-01/P1Y,61,Percentage,%,57,65,,
TLI,London,ITL Level 1,Visited a heritage site,2025-04-01/P1Y,61,Percentage,%,60,62,,
TLI,London,ITL Level 1,Visited a heritage site,2024-04-01/P1Y,63,Percentage,%,61,65,,
TLI3,Inner London - West,ITL Level 2,Visited a heritage site,2025-04-01/P1Y,67,Percentage,%,65,69,,
TLI3,Inner London - West,ITL Level 2,Visited a heritage site,2024-04-01/P1Y,69,Percentage,%,65,73,,
TLI4,Inner London - East,ITL Level 2,Visited a heritage site,2024-04-01/P1Y,63,Percentage,%,59,67,,
TLI4,Inner London - East,ITL Level 2,Visited a heritage site,2025-04-01/P1Y,61,Percentage,%,60,63,,
TLI5,Outer London - East and North East,ITL Level 2,Visited a heritage site,2024-04-01/P1Y,61,Percentage,%,57,65,,
TLI5,Outer London - East and North East,ITL Level 2,Visited a heritage site,2025-04-01/P1Y,57,Percentage,%,55,58,,
TLI6,Outer London - South,ITL Level 2,Visited a heritage site,2025-04-01/P1Y,63,Percentage,%,61,65,,
TLI6,Outer London - South,ITL Level 2,Visited a heritage site,2024-04-01/P1Y,66,Percentage,%,62,70,,
TLI7,Outer London - West and North West,ITL Level 2,Visited a heritage site,2025-04-01/P1Y,59,Percentage,%,57,61,,
TLI7,Outer London - West and North West,ITL Level 2,Visited a heritage site,2024-04-01/P1Y,60,Percentage,%,55,64,,
TLJ,South East (England),ITL Level 1,Visited a heritage site,2025-04-01/P1Y,67,Percentage,%,66,67,,
TLJ,South East (England),ITL Level 1,Visited a heritage site,2024-04-01/P1Y,68,Percentage,%,66,69,,
TLJ1,"Berkshire, Buckinghamshire and Oxfordshire",ITL Level 2,Visited a heritage site,2025-04-01/P1Y,66,Percentage,%,65,68,,
TLJ1,"Berkshire, Buckinghamshire and Oxfordshire",ITL Level 2,Visited a heritage site,2024-04-01/P1Y,68,Percentage,%,64,71,,
TLJ2,"Surrey, East and West Sussex",ITL Level 2,Visited a heritage site,2025-04-01/P1Y,70,Percentage,%,68,71,,
TLJ2,"Surrey, East and West Sussex",ITL Level 2,Visited a heritage site,2024-04-01/P1Y,70,Percentage,%,67,73,,
TLJ3,Hampshire and Isle of Wight,ITL Level 2,Visited a heritage site,2024-04-01/P1Y,67,Percentage,%,63,71,,
TLJ3,Hampshire and Isle of Wight,ITL Level 2,Visited a heritage site,2025-04-01/P1Y,67,Percentage,%,65,68,,
TLJ4,Kent,ITL Level 2,Visited a heritage site,2025-04-01/P1Y,63,Percentage,%,62,65,,
TLJ4,Kent,ITL Level 2,Visited a heritage site,2024-04-01/P1Y,64,Percentage,%,60,68,,
TLK,South West (England),ITL Level 1,Visited a heritage site,2025-04-01/P1Y,69,Percentage,%,68,70,,
TLK,South West (England),ITL Level 1,Visited a heritage site,2024-04-01/P1Y,70,Percentage,%,68,72,,
TLK5,West of England,ITL Level 2,Visited a heritage site,2025-04-01/P1Y,70,Percentage,%,68,72,,
TLK5,West of England,ITL Level 2,Visited a heritage site,2024-04-01/P1Y,69,Percentage,%,63,74,,
TLK7,Gloucestershire and Wiltshire,ITL Level 2,Visited a heritage site,2025-04-01/P1Y,69,Percentage,%,67,70,,
TLK7,Gloucestershire and Wiltshire,ITL Level 2,Visited a heritage site,2024-04-01/P1Y,72,Percentage,%,68,77,,
TLK6,"North Somerset, Somerset and Dorset",ITL Level 2,Visited a heritage site,2025-04-01/P1Y,70,Percentage,%,68,72,,
TLK6,"North Somerset, Somerset and Dorset",ITL Level 2,Visited a heritage site,2024-04-01/P1Y,72,Percentage,%,68,75,,
TLK3,Cornwall and Isles of Scilly,ITL Level 2,Visited a heritage site,2025-04-01/P1Y,70,Percentage,%,68,72,,
TLK3,Cornwall and Isles of Scilly,ITL Level 2,Visited a heritage site,2024-04-01/P1Y,66,Percentage,%,62,70,,
TLK4,Devon,ITL Level 2,Visited a heritage site,2025-04-01/P1Y,67,Percentage,%,65,69,,
TLK4,Devon,ITL Level 2,Visited a heritage site,2024-04-01/P1Y,67,Percentage,%,63,71,,
E92000001,England,Nation,Visited a museum or gallery,2025-04-01/P1Y,42,Percentage,%,42,42,,
E92000001,England,Nation,Visited a museum or gallery,2024-04-01/P1Y,41,Percentage,%,41,42,,
E47000006,Tees Valley,Combined Authority or City Region,Visited a museum or gallery,2025-04-01/P1Y,37,Percentage,%,35,39,,
E47000006,Tees Valley,Combined Authority or City Region,Visited a museum or gallery,2024-04-01/P1Y,35,Percentage,%,31,40,,
E47000014,North East,Combined Authority or City Region,Visited a museum or gallery,2025-04-01/P1Y,40,Percentage,%,38,41,,
E47000014,North East,Combined Authority or City Region,Visited a museum or gallery,2024-04-01/P1Y,41,Percentage,%,38,43,,
E06000047,County Durham,County or Unitary Authority,Visited a museum or gallery,2025-04-01/P1Y,38,Percentage,%,35,41,,
E06000005,Darlington,County or Unitary Authority,Visited a museum or gallery,2025-04-01/P1Y,40,Percentage,%,36,45,,
E06000001,Hartlepool,County or Unitary Authority,Visited a museum or gallery,2025-04-01/P1Y,35,Percentage,%,31,40,,
E06000002,Middlesbrough,County or Unitary Authority,Visited a museum or gallery,2025-04-01/P1Y,34,Percentage,%,30,39,,
E06000057,Northumberland,County or Unitary Authority,Visited a museum or gallery,2025-04-01/P1Y,38,Percentage,%,34,41,,
E06000003,Redcar and Cleveland,County or Unitary Authority,Visited a museum or gallery,2025-04-01/P1Y,42,Percentage,%,37,47,,
E06000004,Stockton-on-Tees,County or Unitary Authority,Visited a museum or gallery,2025-04-01/P1Y,34,Percentage,%,29,39,,
E08000037,Gateshead,Local Authority District,Visited a museum or gallery,2025-04-01/P1Y,36,Percentage,%,31,41,,
E08000021,Newcastle upon Tyne,Local Authority District,Visited a museum or gallery,2025-04-01/P1Y,41,Percentage,%,38,45,,
E08000022,North Tyneside,Local Authority District,Visited a museum or gallery,2025-04-01/P1Y,44,Percentage,%,39,49,,
E08000023,South Tyneside,Local Authority District,Visited a museum or gallery,2025-04-01/P1Y,44,Percentage,%,39,50,,
E08000024,Sunderland,Local Authority District,Visited a museum or gallery,2025-04-01/P1Y,41,Percentage,%,37,45,,
E06000008,Blackburn with Darwen,County or Unitary Authority,Visited a museum or gallery,2025-04-01/P1Y,25,Percentage,%,21,30,,
E06000009,Blackpool,County or Unitary Authority,Visited a museum or gallery,2025-04-01/P1Y,25,Percentage,%,21,30,,
E06000049,Cheshire East,County or Unitary Authority,Visited a museum or gallery,2025-04-01/P1Y,42,Percentage,%,39,45,,
E06000050,Cheshire West and Chester,County or Unitary Authority,Visited a museum or gallery,2025-04-01/P1Y,40,Percentage,%,36,43,,
E06000006,Halton,County or Unitary Authority,Visited a museum or gallery,2025-04-01/P1Y,34,Percentage,%,30,39,,
E06000007,Warrington,County or Unitary Authority,Visited a museum or gallery,2025-04-01/P1Y,35,Percentage,%,31,40,,
E06000063,Cumberland,County or Unitary Authority,Visited a museum or gallery,2025-04-01/P1Y,39,Percentage,%,36,42,,
E06000064,Westmorland and Furness,County or Unitary Authority,Visited a museum or gallery,2025-04-01/P1Y,44,Percentage,%,41,47,,
E47000001,Greater Manchester,Combined Authority or City Region,Visited a museum or gallery,2025-04-01/P1Y,39,Percentage,%,38,40,,
E47000001,Greater Manchester,Combined Authority or City Region,Visited a museum or gallery,2024-04-01/P1Y,41,Percentage,%,38,45,,
E08000001,Bolton,Local Authority District,Visited a museum or gallery,2025-04-01/P1Y,40,Percentage,%,35,45,,
E08000002,Bury,Local Authority District,Visited a museum or gallery,2025-04-01/P1Y,41,Percentage,%,37,46,,
E08000003,Manchester,Local Authority District,Visited a museum or gallery,2025-04-01/P1Y,45,Percentage,%,42,49,,
E08000004,Oldham,Local Authority District,Visited a museum or gallery,2025-04-01/P1Y,28,Percentage,%,23,33,,
E08000005,Rochdale,Local Authority District,Visited a museum or gallery,2025-04-01/P1Y,25,Percentage,%,21,30,,
E08000006,Salford,Local Authority District,Visited a museum or gallery,2025-04-01/P1Y,43,Percentage,%,39,47,,
E08000007,Stockport,Local Authority District,Visited a museum or gallery,2025-04-01/P1Y,45,Percentage,%,41,50,,
E08000008,Tameside,Local Authority District,Visited a museum or gallery,2025-04-01/P1Y,35,Percentage,%,31,40,,
E08000009,Trafford,Local Authority District,Visited a museum or gallery,2025-04-01/P1Y,49,Percentage,%,44,54,,
E08000010,Wigan,Local Authority District,Visited a museum or gallery,2025-04-01/P1Y,30,Percentage,%,26,34,,
E47000018,Lancashire,Combined Authority or City Region,Visited a museum or gallery,2024-04-01/P1Y,32,Percentage,%,29,36,,
E47000018,Lancashire,Combined Authority or City Region,Visited a museum or gallery,2025-04-01/P1Y,36,Percentage,%,35,38,,
E07000117,Burnley,Local Authority District,Visited a museum or gallery,2025-04-01/P1Y,32,Percentage,%,28,37,,
E07000118,Chorley,Local Authority District,Visited a museum or gallery,2025-04-01/P1Y,36,Percentage,%,31,42,,
E07000119,Fylde,Local Authority District,Visited a museum or gallery,2025-04-01/P1Y,42,Percentage,%,37,48,,
E07000120,Hyndburn,Local Authority District,Visited a museum or gallery,2025-04-01/P1Y,29,Percentage,%,24,34,,
E07000121,Lancaster,Local Authority District,Visited a museum or gallery,2025-04-01/P1Y,44,Percentage,%,39,49,,
E07000122,Pendle,Local Authority District,Visited a museum or gallery,2025-04-01/P1Y,32,Percentage,%,27,37,,
E07000123,Preston,Local Authority District,Visited a museum or gallery,2025-04-01/P1Y,44,Percentage,%,39,49,,
E07000124,Ribble Valley,Local Authority District,Visited a museum or gallery,2025-04-01/P1Y,48,Percentage,%,42,54,,
E07000125,Rossendale,Local Authority District,Visited a museum or gallery,2025-04-01/P1Y,42,Percentage,%,36,48,,
E07000126,South Ribble,Local Authority District,Visited a museum or gallery,2025-04-01/P1Y,36,Percentage,%,32,41,,
E07000127,West Lancashire,Local Authority District,Visited a museum or gallery,2025-04-01/P1Y,44,Percentage,%,39,49,,
E07000128,Wyre,Local Authority District,Visited a museum or gallery,2025-04-01/P1Y,34,Percentage,%,29,39,,
E47000004,Liverpool City Region,Combined Authority or City Region,Visited a museum or gallery,2025-04-01/P1Y,44,Percentage,%,42,46,,
E47000004,Liverpool City Region,Combined Authority or City Region,Visited a museum or gallery,2024-04-01/P1Y,44,Percentage,%,40,48,,
E08000011,Knowsley,Local Authority District,Visited a museum or gallery,2025-04-01/P1Y,38,Percentage,%,33,43,,
E08000012,Liverpool,Local Authority District,Visited a museum or gallery,2025-04-01/P1Y,49,Percentage,%,45,52,,
E08000014,Sefton,Local Authority District,Visited a museum or gallery,2025-04-01/P1Y,42,Percentage,%,38,47,,
E08000013,St. Helens,Local Authority District,Visited a museum or gallery,2025-04-01/P1Y,34,Percentage,%,29,39,,
E08000015,Wirral,Local Authority District,Visited a museum or gallery,2025-04-01/P1Y,50,Percentage,%,47,54,,
E47000016,Hull and East Yorkshire,Combined Authority or City Region,Visited a museum or gallery,2025-04-01/P1Y,43,Percentage,%,41,46,,
E47000016,Hull and East Yorkshire,Combined Authority or City Region,Visited a museum or gallery,2024-04-01/P1Y,36,Percentage,%,32,41,,
E06000011,East Riding of Yorkshire,County or Unitary Authority,Visited a museum or gallery,2025-04-01/P1Y,44,Percentage,%,40,47,,
E06000010,"Kingston upon Hull, City of",County or Unitary Authority,Visited a museum or gallery,2025-04-01/P1Y,43,Percentage,%,39,46,,
E47000017,Greater Lincolnshire,Combined Authority or City Region,Visited a museum or gallery,2024-04-01/P1Y,33,Percentage,%,30,37,,
E47000017,Greater Lincolnshire,Combined Authority or City Region,Visited a museum or gallery,2025-04-01/P1Y,33,Percentage,%,31,34,,
E06000012,North East Lincolnshire,County or Unitary Authority,Visited a museum or gallery,2025-04-01/P1Y,26,Percentage,%,22,31,,
E06000013,North Lincolnshire,County or Unitary Authority,Visited a museum or gallery,2025-04-01/P1Y,36,Percentage,%,31,41,,
E47000012,York and North Yorkshire,Combined Authority or City Region,Visited a museum or gallery,2025-04-01/P1Y,46,Percentage,%,44,48,,
E47000012,York and North Yorkshire,Combined Authority or City Region,Visited a museum or gallery,2024-04-01/P1Y,45,Percentage,%,41,50,,
E06000014,York,County or Unitary Authority,Visited a museum or gallery,2025-04-01/P1Y,52,Percentage,%,47,56,,
E06000065,North Yorkshire,County or Unitary Authority,Visited a museum or gallery,2025-04-01/P1Y,44,Percentage,%,42,47,,
E47000002,South Yorkshire,Combined Authority or City Region,Visited a museum or gallery,2025-04-01/P1Y,38,Percentage,%,36,40,,
E47000002,South Yorkshire,Combined Authority or City Region,Visited a museum or gallery,2024-04-01/P1Y,40,Percentage,%,36,44,,
E08000038,Barnsley,Local Authority District,Visited a museum or gallery,2025-04-01/P1Y,33,Percentage,%,29,37,,
E08000017,Doncaster,Local Authority District,Visited a museum or gallery,2025-04-01/P1Y,34,Percentage,%,30,38,,
E08000018,Rotherham,Local Authority District,Visited a museum or gallery,2025-04-01/P1Y,31,Percentage,%,27,35,,
E08000039,Sheffield,Local Authority District,Visited a museum or gallery,2025-04-01/P1Y,45,Percentage,%,42,48,,
E47000003,West Yorkshire,Combined Authority or City Region,Visited a museum or gallery,2024-04-01/P1Y,36,Percentage,%,32,39,,
E47000003,West Yorkshire,Combined Authority or City Region,Visited a museum or gallery,2025-04-01/P1Y,39,Percentage,%,37,40,,
E08000032,Bradford,Local Authority District,Visited a museum or gallery,2025-04-01/P1Y,38,Percentage,%,35,41,,
E08000033,Calderdale,Local Authority District,Visited a museum or gallery,2025-04-01/P1Y,41,Percentage,%,36,46,,
E08000034,Kirklees,Local Authority District,Visited a museum or gallery,2025-04-01/P1Y,38,Percentage,%,35,41,,
E08000035,Leeds,Local Authority District,Visited a museum or gallery,2025-04-01/P1Y,42,Percentage,%,40,45,,
E08000036,Wakefield,Local Authority District,Visited a museum or gallery,2025-04-01/P1Y,31,Percentage,%,28,35,,
E47000013,East Midlands,Combined Authority or City Region,Visited a museum or gallery,2025-04-01/P1Y,36,Percentage,%,34,37,,
E47000013,East Midlands,Combined Authority or City Region,Visited a museum or gallery,2024-04-01/P1Y,36,Percentage,%,32,39,,
E06000015,Derby,County or Unitary Authority,Visited a museum or gallery,2025-04-01/P1Y,35,Percentage,%,31,39,,
E06000016,Leicester,County or Unitary Authority,Visited a museum or gallery,2025-04-01/P1Y,31,Percentage,%,27,35,,
E06000061,North Northamptonshire,County or Unitary Authority,Visited a museum or gallery,2025-04-01/P1Y,34,Percentage,%,30,38,,
E06000018,Nottingham,County or Unitary Authority,Visited a museum or gallery,2025-04-01/P1Y,37,Percentage,%,34,41,,
E06000017,Rutland,County or Unitary Authority,Visited a museum or gallery,2025-04-01/P1Y,55,Percentage,%,48,61,,
E06000062,West Northamptonshire,County or Unitary Authority,Visited a museum or gallery,2025-04-01/P1Y,41,Percentage,%,38,45,,
E07000032,Amber Valley,Local Authority District,Visited a museum or gallery,2025-04-01/P1Y,31,Percentage,%,26,36,,
E07000033,Bolsover,Local Authority District,Visited a museum or gallery,2025-04-01/P1Y,27,Percentage,%,22,32,,
E07000034,Chesterfield,Local Authority District,Visited a museum or gallery,2025-04-01/P1Y,28,Percentage,%,23,33,,
E07000035,Derbyshire Dales,Local Authority District,Visited a museum or gallery,2025-04-01/P1Y,49,Percentage,%,44,55,,
E07000036,Erewash,Local Authority District,Visited a museum or gallery,2025-04-01/P1Y,38,Percentage,%,33,43,,
E07000037,High Peak,Local Authority District,Visited a museum or gallery,2025-04-01/P1Y,45,Percentage,%,40,51,,
E07000038,North East Derbyshire,Local Authority District,Visited a museum or gallery,2025-04-01/P1Y,32,Percentage,%,28,37,,
E07000039,South Derbyshire,Local Authority District,Visited a museum or gallery,2025-04-01/P1Y,33,Percentage,%,29,38,,
E07000129,Blaby,Local Authority District,Visited a museum or gallery,2025-04-01/P1Y,37,Percentage,%,32,43,,
E07000130,Charnwood,Local Authority District,Visited a museum or gallery,2025-04-01/P1Y,38,Percentage,%,33,43,,
E07000131,Harborough,Local Authority District,Visited a museum or gallery,2025-04-01/P1Y,42,Percentage,%,37,48,,
E07000132,Hinckley and Bosworth,Local Authority District,Visited a museum or gallery,2025-04-01/P1Y,38,Percentage,%,33,43,,
E07000133,Melton,Local Authority District,Visited a museum or gallery,2025-04-01/P1Y,36,Percentage,%,31,41,,
E07000134,North West Leicestershire,Local Authority District,Visited a museum or gallery,2025-04-01/P1Y,33,Percentage,%,29,38,,
E07000135,Oadby and Wigston,Local Authority District,Visited a museum or gallery,2025-04-01/P1Y,37,Percentage,%,31,43,,
E07000136,Boston,Local Authority District,Visited a museum or gallery,2025-04-01/P1Y,28,Percentage,%,23,33,,
E07000137,East Lindsey,Local Authority District,Visited a museum or gallery,2025-04-01/P1Y,26,Percentage,%,23,31,,
E07000138,Lincoln,Local Authority District,Visited a museum or gallery,2025-04-01/P1Y,36,Percentage,%,31,40,,
E07000139,North Kesteven,Local Authority District,Visited a museum or gallery,2025-04-01/P1Y,36,Percentage,%,32,41,,
E07000140,South Holland,Local Authority District,Visited a museum or gallery,2025-04-01/P1Y,32,Percentage,%,27,37,,
E07000141,South Kesteven,Local Authority District,Visited a museum or gallery,2025-04-01/P1Y,35,Percentage,%,31,40,,
E07000142,West Lindsey,Local Authority District,Visited a museum or gallery,2025-04-01/P1Y,41,Percentage,%,36,46,,
E07000170,Ashfield,Local Authority District,Visited a museum or gallery,2025-04-01/P1Y,27,Percentage,%,23,32,,
E07000171,Bassetlaw,Local Authority District,Visited a museum or gallery,2025-04-01/P1Y,34,Percentage,%,29,39,,
E07000172,Broxtowe,Local Authority District,Visited a museum or gallery,2025-04-01/P1Y,40,Percentage,%,35,45,,
E07000173,Gedling,Local Authority District,Visited a museum or gallery,2025-04-01/P1Y,35,Percentage,%,30,39,,
E07000174,Mansfield,Local Authority District,Visited a museum or gallery,2025-04-01/P1Y,30,Percentage,%,26,35,,
E07000175,Newark and Sherwood,Local Authority District,Visited a museum or gallery,2025-04-01/P1Y,37,Percentage,%,32,42,,
E07000176,Rushcliffe,Local Authority District,Visited a museum or gallery,2025-04-01/P1Y,49,Percentage,%,44,54,,
E06000019,"Herefordshire, County of",County or Unitary Authority,Visited a museum or gallery,2025-04-01/P1Y,37,Percentage,%,31,42,,
E06000051,Shropshire,County or Unitary Authority,Visited a museum or gallery,2025-04-01/P1Y,40,Percentage,%,36,44,,
E06000021,Stoke-on-Trent,County or Unitary Authority,Visited a museum or gallery,2025-04-01/P1Y,33,Percentage,%,28,37,,
E06000020,Telford and Wrekin,County or Unitary Authority,Visited a museum or gallery,2025-04-01/P1Y,30,Percentage,%,26,34,,
E07000192,Cannock Chase,Local Authority District,Visited a museum or gallery,2025-04-01/P1Y,29,Percentage,%,25,34,,
E07000193,East Staffordshire,Local Authority District,Visited a museum or gallery,2025-04-01/P1Y,29,Percentage,%,25,34,,
E07000194,Lichfield,Local Authority District,Visited a museum or gallery,2025-04-01/P1Y,39,Percentage,%,34,44,,
E07000195,Newcastle-under-Lyme,Local Authority District,Visited a museum or gallery,2025-04-01/P1Y,40,Percentage,%,36,46,,
E07000196,South Staffordshire,Local Authority District,Visited a museum or gallery,2025-04-01/P1Y,34,Percentage,%,30,40,,
E07000197,Stafford,Local Authority District,Visited a museum or gallery,2025-04-01/P1Y,39,Percentage,%,34,44,,
E07000198,Staffordshire Moorlands,Local Authority District,Visited a museum or gallery,2025-04-01/P1Y,38,Percentage,%,33,43,,
E07000199,Tamworth,Local Authority District,Visited a museum or gallery,2025-04-01/P1Y,27,Percentage,%,23,32,,
E07000218,North Warwickshire,Local Authority District,Visited a museum or gallery,2025-04-01/P1Y,29,Percentage,%,25,34,,
E07000219,Nuneaton and Bedworth,Local Authority District,Visited a museum or gallery,2025-04-01/P1Y,26,Percentage,%,22,30,,
E07000220,Rugby,Local Authority District,Visited a museum or gallery,2025-04-01/P1Y,36,Percentage,%,31,41,,
E07000221,Stratford-on-Avon,Local Authority District,Visited a museum or gallery,2025-04-01/P1Y,42,Percentage,%,37,47,,
E07000222,Warwick,Local Authority District,Visited a museum or gallery,2025-04-01/P1Y,54,Percentage,%,49,59,,
E47000007,West Midlands,Combined Authority or City Region,Visited a museum or gallery,2025-04-01/P1Y,32,Percentage,%,30,33,,
E47000007,West Midlands,Combined Authority or City Region,Visited a museum or gallery,2024-04-01/P1Y,31,Percentage,%,28,35,,
E08000025,Birmingham,Local Authority District,Visited a museum or gallery,2025-04-01/P1Y,32,Percentage,%,30,34,,
E08000026,Coventry,Local Authority District,Visited a museum or gallery,2025-04-01/P1Y,41,Percentage,%,37,45,,
E08000027,Dudley,Local Authority District,Visited a museum or gallery,2025-04-01/P1Y,33,Percentage,%,29,37,,
E08000028,Sandwell,Local Authority District,Visited a museum or gallery,2025-04-01/P1Y,26,Percentage,%,23,30,,
E08000029,Solihull,Local Authority District,Visited a museum or gallery,2025-04-01/P1Y,35,Percentage,%,31,40,,
E08000030,Walsall,Local Authority District,Visited a museum or gallery,2025-04-01/P1Y,28,Percentage,%,24,32,,
E08000031,Wolverhampton,Local Authority District,Visited a museum or gallery,2025-04-01/P1Y,26,Percentage,%,23,30,,
E07000234,Bromsgrove,Local Authority District,Visited a museum or gallery,2025-04-01/P1Y,39,Percentage,%,34,44,,
E07000235,Malvern Hills,Local Authority District,Visited a museum or gallery,2025-04-01/P1Y,45,Percentage,%,40,51,,
E07000236,Redditch,Local Authority District,Visited a museum or gallery,2025-04-01/P1Y,32,Percentage,%,28,37,,
E07000237,Worcester,Local Authority District,Visited a museum or gallery,2025-04-01/P1Y,42,Percentage,%,37,47,,
E07000238,Wychavon,Local Authority District,Visited a museum or gallery,2025-04-01/P1Y,33,Percentage,%,28,37,,
E07000239,Wyre Forest,Local Authority District,Visited a museum or gallery,2025-04-01/P1Y,36,Percentage,%,31,41,,
E06000055,Bedford,County or Unitary Authority,Visited a museum or gallery,2025-04-01/P1Y,36,Percentage,%,32,41,,
E06000056,Central Bedfordshire,County or Unitary Authority,Visited a museum or gallery,2025-04-01/P1Y,41,Percentage,%,36,45,,
E06000032,Luton,County or Unitary Authority,Visited a museum or gallery,2025-04-01/P1Y,30,Percentage,%,26,34,,
E06000031,Peterborough,County or Unitary Authority,Visited a museum or gallery,2025-04-01/P1Y,35,Percentage,%,31,40,,
E06000033,Southend-on-Sea,County or Unitary Authority,Visited a museum or gallery,2025-04-01/P1Y,44,Percentage,%,39,50,,
E06000034,Thurrock,County or Unitary Authority,Visited a museum or gallery,2025-04-01/P1Y,31,Percentage,%,26,35,,
E47000008,Cambridgeshire and Peterborough,Combined Authority or City Region,Visited a museum or gallery,2025-04-01/P1Y,47,Percentage,%,45,50,,
E47000008,Cambridgeshire and Peterborough,Combined Authority or City Region,Visited a museum or gallery,2024-04-01/P1Y,45,Percentage,%,39,52,,
E07000008,Cambridge,Local Authority District,Visited a museum or gallery,2025-04-01/P1Y,69,Percentage,%,64,75,,
E07000009,East Cambridgeshire,Local Authority District,Visited a museum or gallery,2025-04-01/P1Y,47,Percentage,%,41,53,,
E07000010,Fenland,Local Authority District,Visited a museum or gallery,2025-04-01/P1Y,34,Percentage,%,29,40,,
E07000011,Huntingdonshire,Local Authority District,Visited a museum or gallery,2025-04-01/P1Y,43,Percentage,%,38,47,,
E07000012,South Cambridgeshire,Local Authority District,Visited a museum or gallery,2025-04-01/P1Y,56,Percentage,%,51,61,,
E07000066,Basildon,Local Authority District,Visited a museum or gallery,2025-04-01/P1Y,33,Percentage,%,29,38,,
E07000067,Braintree,Local Authority District,Visited a museum or gallery,2025-04-01/P1Y,36,Percentage,%,31,40,,
E07000068,Brentwood,Local Authority District,Visited a museum or gallery,2025-04-01/P1Y,42,Percentage,%,36,47,,
E07000069,Castle Point,Local Authority District,Visited a museum or gallery,2025-04-01/P1Y,30,Percentage,%,24,36,,
E07000070,Chelmsford,Local Authority District,Visited a museum or gallery,2025-04-01/P1Y,41,Percentage,%,36,46,,
E07000071,Colchester,Local Authority District,Visited a museum or gallery,2025-04-01/P1Y,41,Percentage,%,36,46,,
E07000072,Epping Forest,Local Authority District,Visited a museum or gallery,2025-04-01/P1Y,49,Percentage,%,44,53,,
E07000073,Harlow,Local Authority District,Visited a museum or gallery,2025-04-01/P1Y,32,Percentage,%,27,37,,
E07000074,Maldon,Local Authority District,Visited a museum or gallery,2025-04-01/P1Y,40,Percentage,%,35,46,,
E07000075,Rochford,Local Authority District,Visited a museum or gallery,2025-04-01/P1Y,36,Percentage,%,31,42,,
E07000076,Tendring,Local Authority District,Visited a museum or gallery,2025-04-01/P1Y,28,Percentage,%,23,33,,
E07000077,Uttlesford,Local Authority District,Visited a museum or gallery,2025-04-01/P1Y,42,Percentage,%,36,47,,
E07000095,Broxbourne,Local Authority District,Visited a museum or gallery,2025-04-01/P1Y,38,Percentage,%,33,43,,
E07000096,Dacorum,Local Authority District,Visited a museum or gallery,2025-04-01/P1Y,48,Percentage,%,43,54,,
E07000242,East Hertfordshire,Local Authority District,Visited a museum or gallery,2025-04-01/P1Y,49,Percentage,%,44,55,,
E07000098,Hertsmere,Local Authority District,Visited a museum or gallery,2025-04-01/P1Y,47,Percentage,%,42,53,,
E07000099,North Hertfordshire,Local Authority District,Visited a museum or gallery,2025-04-01/P1Y,44,Percentage,%,39,49,,
E07000240,St Albans,Local Authority District,Visited a museum or gallery,2025-04-01/P1Y,59,Percentage,%,54,64,,
E07000243,Stevenage,Local Authority District,Visited a museum or gallery,2025-04-01/P1Y,34,Percentage,%,29,39,,
E07000102,Three Rivers,Local Authority District,Visited a museum or gallery,2025-04-01/P1Y,45,Percentage,%,40,51,,
E07000103,Watford,Local Authority District,Visited a museum or gallery,2025-04-01/P1Y,44,Percentage,%,39,50,,
E07000241,Welwyn Hatfield,Local Authority District,Visited a museum or gallery,2025-04-01/P1Y,43,Percentage,%,37,48,,
E07000143,Breckland,Local Authority District,Visited a museum or gallery,2025-04-01/P1Y,39,Percentage,%,33,44,,
E07000144,Broadland,Local Authority District,Visited a museum or gallery,2025-04-01/P1Y,38,Percentage,%,33,44,,
E07000145,Great Yarmouth,Local Authority District,Visited a museum or gallery,2025-04-01/P1Y,31,Percentage,%,26,36,,
E07000146,King's Lynn and West Norfolk,Local Authority District,Visited a museum or gallery,2025-04-01/P1Y,32,Percentage,%,28,37,,
E07000147,North Norfolk,Local Authority District,Visited a museum or gallery,2025-04-01/P1Y,40,Percentage,%,35,45,,
E07000148,Norwich,Local Authority District,Visited a museum or gallery,2025-04-01/P1Y,51,Percentage,%,45,56,,
E07000149,South Norfolk,Local Authority District,Visited a museum or gallery,2025-04-01/P1Y,42,Percentage,%,36,47,,
E07000200,Babergh,Local Authority District,Visited a museum or gallery,2025-04-01/P1Y,35,Percentage,%,30,40,,
E07000244,East Suffolk,Local Authority District,Visited a museum or gallery,2025-04-01/P1Y,41,Percentage,%,37,46,,
E07000202,Ipswich,Local Authority District,Visited a museum or gallery,2025-04-01/P1Y,37,Percentage,%,32,42,,
E07000203,Mid Suffolk,Local Authority District,Visited a museum or gallery,2025-04-01/P1Y,46,Percentage,%,41,52,,
E07000245,West Suffolk,Local Authority District,Visited a museum or gallery,2025-04-01/P1Y,39,Percentage,%,33,44,,
E09000007,Camden,Local Authority District,Visited a museum or gallery,2025-04-01/P1Y,67,Percentage,%,62,72,,
E09000001,City of London,Local Authority District,Visited a museum or gallery,2025-04-01/P1Y,75,Percentage,%,68,81,,
E09000012,Hackney,Local Authority District,Visited a museum or gallery,2025-04-01/P1Y,62,Percentage,%,57,67,,
E09000013,Hammersmith and Fulham,Local Authority District,Visited a museum or gallery,2025-04-01/P1Y,68,Percentage,%,63,72,,
E09000014,Haringey,Local Authority District,Visited a museum or gallery,2025-04-01/P1Y,60,Percentage,%,55,65,,
E09000019,Islington,Local Authority District,Visited a museum or gallery,2025-04-01/P1Y,64,Percentage,%,58,70,,
E09000020,Kensington and Chelsea,Local Authority District,Visited a museum or gallery,2025-04-01/P1Y,71,Percentage,%,66,76,,
E09000022,Lambeth,Local Authority District,Visited a museum or gallery,2025-04-01/P1Y,65,Percentage,%,61,70,,
E09000023,Lewisham,Local Authority District,Visited a museum or gallery,2025-04-01/P1Y,65,Percentage,%,60,69,,
E09000025,Newham,Local Authority District,Visited a museum or gallery,2025-04-01/P1Y,45,Percentage,%,41,50,,
E09000028,Southwark,Local Authority District,Visited a museum or gallery,2025-04-01/P1Y,61,Percentage,%,57,66,,
E09000030,Tower Hamlets,Local Authority District,Visited a museum or gallery,2025-04-01/P1Y,56,Percentage,%,52,60,,
E09000032,Wandsworth,Local Authority District,Visited a museum or gallery,2025-04-01/P1Y,66,Percentage,%,62,69,,
E09000033,Westminster,Local Authority District,Visited a museum or gallery,2025-04-01/P1Y,68,Percentage,%,63,72,,
E09000002,Barking and Dagenham,Local Authority District,Visited a museum or gallery,2025-04-01/P1Y,32,Percentage,%,28,36,,
E09000003,Barnet,Local Authority District,Visited a museum or gallery,2025-04-01/P1Y,55,Percentage,%,51,60,,
E09000004,Bexley,Local Authority District,Visited a museum or gallery,2025-04-01/P1Y,40,Percentage,%,35,44,,
E09000005,Brent,Local Authority District,Visited a museum or gallery,2025-04-01/P1Y,43,Percentage,%,39,47,,
E09000006,Bromley,Local Authority District,Visited a museum or gallery,2025-04-01/P1Y,54,Percentage,%,50,58,,
E09000008,Croydon,Local Authority District,Visited a museum or gallery,2025-04-01/P1Y,42,Percentage,%,39,46,,
E09000009,Ealing,Local Authority District,Visited a museum or gallery,2025-04-01/P1Y,49,Percentage,%,45,54,,
E09000010,Enfield,Local Authority District,Visited a museum or gallery,2025-04-01/P1Y,46,Percentage,%,41,50,,
E09000011,Greenwich,Local Authority District,Visited a museum or gallery,2025-04-01/P1Y,56,Percentage,%,52,60,,
E09000015,Harrow,Local Authority District,Visited a museum or gallery,2025-04-01/P1Y,42,Percentage,%,37,47,,
E09000016,Havering,Local Authority District,Visited a museum or gallery,2025-04-01/P1Y,42,Percentage,%,38,47,,
E09000017,Hillingdon,Local Authority District,Visited a museum or gallery,2025-04-01/P1Y,43,Percentage,%,39,47,,
E09000018,Hounslow,Local Authority District,Visited a museum or gallery,2025-04-01/P1Y,45,Percentage,%,40,49,,
E09000021,Kingston upon Thames,Local Authority District,Visited a museum or gallery,2025-04-01/P1Y,54,Percentage,%,49,59,,
E09000024,Merton,Local Authority District,Visited a museum or gallery,2025-04-01/P1Y,52,Percentage,%,47,56,,
E09000026,Redbridge,Local Authority District,Visited a museum or gallery,2025-04-01/P1Y,41,Percentage,%,37,46,,
E09000027,Richmond upon Thames,Local Authority District,Visited a museum or gallery,2025-04-01/P1Y,68,Percentage,%,62,72,,
E09000029,Sutton,Local Authority District,Visited a museum or gallery,2025-04-01/P1Y,44,Percentage,%,39,48,,
E09000031,Waltham Forest,Local Authority District,Visited a museum or gallery,2025-04-01/P1Y,60,Percentage,%,54,64,,
E06000036,Bracknell Forest,County or Unitary Authority,Visited a museum or gallery,2025-04-01/P1Y,31,Percentage,%,26,36,,
E06000043,Brighton and Hove,County or Unitary Authority,Visited a museum or gallery,2025-04-01/P1Y,58,Percentage,%,53,62,,
E06000060,Buckinghamshire,County or Unitary Authority,Visited a museum or gallery,2025-04-01/P1Y,44,Percentage,%,41,47,,
E06000046,Isle of Wight,County or Unitary Authority,Visited a museum or gallery,2025-04-01/P1Y,35,Percentage,%,31,40,,
E06000035,Medway,County or Unitary Authority,Visited a museum or gallery,2025-04-01/P1Y,32,Percentage,%,29,36,,
E06000042,Milton Keynes,County or Unitary Authority,Visited a museum or gallery,2025-04-01/P1Y,42,Percentage,%,38,46,,
E06000044,Portsmouth,County or Unitary Authority,Visited a museum or gallery,2025-04-01/P1Y,47,Percentage,%,42,52,,
E06000038,Reading,County or Unitary Authority,Visited a museum or gallery,2025-04-01/P1Y,51,Percentage,%,46,55,,
E06000039,Slough,County or Unitary Authority,Visited a museum or gallery,2025-04-01/P1Y,31,Percentage,%,27,36,,
E06000045,Southampton,County or Unitary Authority,Visited a museum or gallery,2025-04-01/P1Y,39,Percentage,%,35,44,,
E06000037,West Berkshire,County or Unitary Authority,Visited a museum or gallery,2025-04-01/P1Y,46,Percentage,%,41,51,,
E06000040,Windsor and Maidenhead,County or Unitary Authority,Visited a museum or gallery,2025-04-01/P1Y,45,Percentage,%,40,50,,
E06000041,Wokingham,County or Unitary Authority,Visited a museum or gallery,2025-04-01/P1Y,45,Percentage,%,40,50,,
E07000061,Eastbourne,Local Authority District,Visited a museum or gallery,2025-04-01/P1Y,43,Percentage,%,38,49,,
E07000062,Hastings,Local Authority District,Visited a museum or gallery,2025-04-01/P1Y,45,Percentage,%,40,50,,
E07000063,Lewes,Local Authority District,Visited a museum or gallery,2025-04-01/P1Y,47,Percentage,%,41,52,,
E07000064,Rother,Local Authority District,Visited a museum or gallery,2025-04-01/P1Y,48,Percentage,%,42,54,,
E07000065,Wealden,Local Authority District,Visited a museum or gallery,2025-04-01/P1Y,44,Percentage,%,39,48,,
E07000084,Basingstoke and Deane,Local Authority District,Visited a museum or gallery,2025-04-01/P1Y,39,Percentage,%,35,44,,
E07000085,East Hampshire,Local Authority District,Visited a museum or gallery,2025-04-01/P1Y,45,Percentage,%,39,51,,
E07000086,Eastleigh,Local Authority District,Visited a museum or gallery,2025-04-01/P1Y,35,Percentage,%,30,40,,
E07000087,Fareham,Local Authority District,Visited a museum or gallery,2025-04-01/P1Y,36,Percentage,%,32,41,,
E07000088,Gosport,Local Authority District,Visited a museum or gallery,2025-04-01/P1Y,40,Percentage,%,35,46,,
E07000089,Hart,Local Authority District,Visited a museum or gallery,2025-04-01/P1Y,40,Percentage,%,35,45,,
E07000090,Havant,Local Authority District,Visited a museum or gallery,2025-04-01/P1Y,33,Percentage,%,28,39,,
E07000091,New Forest,Local Authority District,Visited a museum or gallery,2025-04-01/P1Y,38,Percentage,%,33,43,,
E07000092,Rushmoor,Local Authority District,Visited a museum or gallery,2025-04-01/P1Y,34,Percentage,%,29,39,,
E07000093,Test Valley,Local Authority District,Visited a museum or gallery,2025-04-01/P1Y,39,Percentage,%,34,45,,
E07000094,Winchester,Local Authority District,Visited a museum or gallery,2025-04-01/P1Y,51,Percentage,%,46,57,,
E07000105,Ashford,Local Authority District,Visited a museum or gallery,2025-04-01/P1Y,38,Percentage,%,34,44,,
E07000106,Canterbury,Local Authority District,Visited a museum or gallery,2025-04-01/P1Y,48,Percentage,%,43,53,,
E07000107,Dartford,Local Authority District,Visited a museum or gallery,2025-04-01/P1Y,33,Percentage,%,29,38,,
E07000108,Dover,Local Authority District,Visited a museum or gallery,2025-04-01/P1Y,44,Percentage,%,39,49,,
E07000112,Folkestone and Hythe,Local Authority District,Visited a museum or gallery,2025-04-01/P1Y,41,Percentage,%,35,46,,
E07000109,Gravesham,Local Authority District,Visited a museum or gallery,2025-04-01/P1Y,33,Percentage,%,28,38,,
E07000110,Maidstone,Local Authority District,Visited a museum or gallery,2025-04-01/P1Y,39,Percentage,%,34,44,,
E07000111,Sevenoaks,Local Authority District,Visited a museum or gallery,2025-04-01/P1Y,51,Percentage,%,46,57,,
E07000113,Swale,Local Authority District,Visited a museum or gallery,2025-04-01/P1Y,32,Percentage,%,28,37,,
E07000114,Thanet,Local Authority District,Visited a museum or gallery,2025-04-01/P1Y,42,Percentage,%,37,47,,
E07000115,Tonbridge and Malling,Local Authority District,Visited a museum or gallery,2025-04-01/P1Y,40,Percentage,%,35,45,,
E07000116,Tunbridge Wells,Local Authority District,Visited a museum or gallery,2025-04-01/P1Y,49,Percentage,%,43,55,,
E07000177,Cherwell,Local Authority District,Visited a museum or gallery,2025-04-01/P1Y,48,Percentage,%,43,54,,
E07000178,Oxford,Local Authority District,Visited a museum or gallery,2025-04-01/P1Y,63,Percentage,%,57,69,,
E07000179,South Oxfordshire,Local Authority District,Visited a museum or gallery,2025-04-01/P1Y,54,Percentage,%,49,59,,
E07000180,Vale of White Horse,Local Authority District,Visited a museum or gallery,2025-04-01/P1Y,57,Percentage,%,52,62,,
E07000181,West Oxfordshire,Local Authority District,Visited a museum or gallery,2025-04-01/P1Y,50,Percentage,%,45,56,,
E07000207,Elmbridge,Local Authority District,Visited a museum or gallery,2025-04-01/P1Y,50,Percentage,%,45,56,,
E07000208,Epsom and Ewell,Local Authority District,Visited a museum or gallery,2025-04-01/P1Y,53,Percentage,%,47,58,,
E07000209,Guildford,Local Authority District,Visited a museum or gallery,2025-04-01/P1Y,48,Percentage,%,43,54,,
E07000210,Mole Valley,Local Authority District,Visited a museum or gallery,2025-04-01/P1Y,52,Percentage,%,47,58,,
E07000211,Reigate and Banstead,Local Authority District,Visited a museum or gallery,2025-04-01/P1Y,38,Percentage,%,33,43,,
E07000212,Runnymede,Local Authority District,Visited a museum or gallery,2025-04-01/P1Y,45,Percentage,%,39,50,,
E07000213,Spelthorne,Local Authority District,Visited a museum or gallery,2025-04-01/P1Y,40,Percentage,%,36,46,,
E07000214,Surrey Heath,Local Authority District,Visited a museum or gallery,2025-04-01/P1Y,40,Percentage,%,35,46,,
E07000215,Tandridge,Local Authority District,Visited a museum or gallery,2025-04-01/P1Y,45,Percentage,%,39,50,,
E07000216,Waverley,Local Authority District,Visited a museum or gallery,2025-04-01/P1Y,55,Percentage,%,50,60,,
E07000217,Woking,Local Authority District,Visited a museum or gallery,2025-04-01/P1Y,43,Percentage,%,38,48,,
E07000223,Adur,Local Authority District,Visited a museum or gallery,2025-04-01/P1Y,46,Percentage,%,41,52,,
E07000224,Arun,Local Authority District,Visited a museum or gallery,2025-04-01/P1Y,38,Percentage,%,33,43,,
E07000225,Chichester,Local Authority District,Visited a museum or gallery,2025-04-01/P1Y,53,Percentage,%,47,59,,
E07000226,Crawley,Local Authority District,Visited a museum or gallery,2025-04-01/P1Y,30,Percentage,%,26,34,,
E07000227,Horsham,Local Authority District,Visited a museum or gallery,2025-04-01/P1Y,50,Percentage,%,45,55,,
E07000228,Mid Sussex,Local Authority District,Visited a museum or gallery,2025-04-01/P1Y,42,Percentage,%,37,48,,
E07000229,Worthing,Local Authority District,Visited a museum or gallery,2025-04-01/P1Y,40,Percentage,%,35,45,,
E47000009,West of England,Combined Authority or City Region,Visited a museum or gallery,2025-04-01/P1Y,50,Percentage,%,48,53,,
E47000009,West of England,Combined Authority or City Region,Visited a museum or gallery,2024-04-01/P1Y,43,Percentage,%,37,49,,
E47000015,Devon and Torbay,Combined Authority or City Region,Visited a museum or gallery,2024-04-01/P1Y,41,Percentage,%,37,46,,
E47000015,Devon and Torbay,Combined Authority or City Region,Visited a museum or gallery,2025-04-01/P1Y,44,Percentage,%,42,46,,
E06000022,Bath and North East Somerset,County or Unitary Authority,Visited a museum or gallery,2025-04-01/P1Y,49,Percentage,%,44,54,,
E06000058,"Bournemouth, Christchurch and Poole",County or Unitary Authority,Visited a museum or gallery,2025-04-01/P1Y,39,Percentage,%,35,42,,
E06000023,"Bristol, City of",County or Unitary Authority,Visited a museum or gallery,2025-04-01/P1Y,56,Percentage,%,53,60,,
E06000052,Cornwall,County or Unitary Authority,Visited a museum or gallery,2025-04-01/P1Y,38,Percentage,%,36,40,,
E06000059,Dorset,County or Unitary Authority,Visited a museum or gallery,2025-04-01/P1Y,46,Percentage,%,42,49,,
E06000053,Isles of Scilly,County or Unitary Authority,Visited a museum or gallery,2025-04-01/P1Y,,Percentage,%,,,c,
E06000024,North Somerset,County or Unitary Authority,Visited a museum or gallery,2025-04-01/P1Y,41,Percentage,%,36,46,,
E06000026,Plymouth,County or Unitary Authority,Visited a museum or gallery,2025-04-01/P1Y,38,Percentage,%,33,42,,
E06000066,Somerset,County or Unitary Authority,Visited a museum or gallery,2025-04-01/P1Y,42,Percentage,%,39,45,,
E06000025,South Gloucestershire,County or Unitary Authority,Visited a museum or gallery,2025-04-01/P1Y,41,Percentage,%,36,45,,
E06000030,Swindon,County or Unitary Authority,Visited a museum or gallery,2025-04-01/P1Y,37,Percentage,%,32,43,,
E06000027,Torbay,County or Unitary Authority,Visited a museum or gallery,2025-04-01/P1Y,32,Percentage,%,28,37,,
E06000054,Wiltshire,County or Unitary Authority,Visited a museum or gallery,2025-04-01/P1Y,42,Percentage,%,38,45,,
E07000040,East Devon,Local Authority District,Visited a museum or gallery,2025-04-01/P1Y,44,Percentage,%,39,50,,
E07000041,Exeter,Local Authority District,Visited a museum or gallery,2025-04-01/P1Y,51,Percentage,%,45,56,,
E07000042,Mid Devon,Local Authority District,Visited a museum or gallery,2025-04-01/P1Y,38,Percentage,%,32,43,,
E07000043,North Devon,Local Authority District,Visited a museum or gallery,2025-04-01/P1Y,44,Percentage,%,40,49,,
E07000044,South Hams,Local Authority District,Visited a museum or gallery,2025-04-01/P1Y,52,Percentage,%,46,58,,
E07000045,Teignbridge,Local Authority District,Visited a museum or gallery,2025-04-01/P1Y,48,Percentage,%,43,54,,
E07000046,Torridge,Local Authority District,Visited a museum or gallery,2025-04-01/P1Y,40,Percentage,%,35,46,,
E07000047,West Devon,Local Authority District,Visited a museum or gallery,2025-04-01/P1Y,45,Percentage,%,39,51,,
E07000078,Cheltenham,Local Authority District,Visited a museum or gallery,2025-04-01/P1Y,51,Percentage,%,45,56,,
E07000079,Cotswold,Local Authority District,Visited a museum or gallery,2025-04-01/P1Y,44,Percentage,%,39,49,,
E07000080,Forest of Dean,Local Authority District,Visited a museum or gallery,2025-04-01/P1Y,34,Percentage,%,29,39,,
E07000081,Gloucester,Local Authority District,Visited a museum or gallery,2025-04-01/P1Y,34,Percentage,%,30,39,,
E07000082,Stroud,Local Authority District,Visited a museum or gallery,2025-04-01/P1Y,46,Percentage,%,40,51,,
E07000083,Tewkesbury,Local Authority District,Visited a museum or gallery,2025-04-01/P1Y,36,Percentage,%,31,41,,
TLC,North East,ITL Level 1,Visited a museum or gallery,2025-04-01/P1Y,39,Percentage,%,38,40,,
TLC,North East,ITL Level 1,Visited a museum or gallery,2024-04-01/P1Y,39,Percentage,%,37,41,,
TLC3,Tees Valley,ITL Level 2,Visited a museum or gallery,2025-04-01/P1Y,37,Percentage,%,35,39,,
TLC3,Tees Valley,ITL Level 2,Visited a museum or gallery,2024-04-01/P1Y,35,Percentage,%,31,40,,
TLC4,North East,ITL Level 2,Visited a museum or gallery,2025-04-01/P1Y,40,Percentage,%,38,41,,
TLC4,North East,ITL Level 2,Visited a museum or gallery,2024-04-01/P1Y,41,Percentage,%,38,43,,
TLD,North West,ITL Level 1,Visited a museum or gallery,2025-04-01/P1Y,40,Percentage,%,39,40,,
TLD,North West,ITL Level 1,Visited a museum or gallery,2024-04-01/P1Y,40,Percentage,%,38,41,,
TLD1,Cumbria,ITL Level 2,Visited a museum or gallery,2025-04-01/P1Y,41,Percentage,%,39,43,,
TLD1,Cumbria,ITL Level 2,Visited a museum or gallery,2024-04-01/P1Y,36,Percentage,%,32,40,,
TLD3,Greater Manchester,ITL Level 2,Visited a museum or gallery,2024-04-01/P1Y,41,Percentage,%,38,45,,
TLD3,Greater Manchester,ITL Level 2,Visited a museum or gallery,2025-04-01/P1Y,39,Percentage,%,38,40,,
TLD4,Lancashire,ITL Level 2,Visited a museum or gallery,2025-04-01/P1Y,36,Percentage,%,35,38,,
TLD4,Lancashire,ITL Level 2,Visited a museum or gallery,2024-04-01/P1Y,32,Percentage,%,29,36,,
TLD6,Cheshire,ITL Level 2,Visited a museum or gallery,2025-04-01/P1Y,40,Percentage,%,38,42,,
TLD6,Cheshire,ITL Level 2,Visited a museum or gallery,2024-04-01/P1Y,41,Percentage,%,38,45,,
TLD7,Liverpool City Region,ITL Level 2,Visited a museum or gallery,2025-04-01/P1Y,44,Percentage,%,42,46,,
TLD7,Liverpool City Region,ITL Level 2,Visited a museum or gallery,2024-04-01/P1Y,44,Percentage,%,40,48,,
TLE,Yorkshire and The Humber,ITL Level 1,Visited a museum or gallery,2025-04-01/P1Y,40,Percentage,%,39,41,,
TLE,Yorkshire and The Humber,ITL Level 1,Visited a museum or gallery,2024-04-01/P1Y,38,Percentage,%,36,40,,
TLE1,East Yorkshire and Northern Lincolnshire,ITL Level 2,Visited a museum or gallery,2025-04-01/P1Y,39,Percentage,%,37,41,,
TLE1,East Yorkshire and Northern Lincolnshire,ITL Level 2,Visited a museum or gallery,2024-04-01/P1Y,37,Percentage,%,33,41,,
TLE2,York and North Yorkshire,ITL Level 2,Visited a museum or gallery,2024-04-01/P1Y,45,Percentage,%,41,50,,
TLE2,York and North Yorkshire,ITL Level 2,Visited a museum or gallery,2025-04-01/P1Y,46,Percentage,%,44,48,,
TLE3,South Yorkshire,ITL Level 2,Visited a museum or gallery,2025-04-01/P1Y,38,Percentage,%,36,40,,
TLE3,South Yorkshire,ITL Level 2,Visited a museum or gallery,2024-04-01/P1Y,40,Percentage,%,36,44,,
TLE4,West Yorkshire,ITL Level 2,Visited a museum or gallery,2025-04-01/P1Y,39,Percentage,%,37,40,,
TLE4,West Yorkshire,ITL Level 2,Visited a museum or gallery,2024-04-01/P1Y,36,Percentage,%,32,39,,
TLF,East Midlands,ITL Level 1,Visited a museum or gallery,2025-04-01/P1Y,36,Percentage,%,35,37,,
TLF,East Midlands,ITL Level 1,Visited a museum or gallery,2024-04-01/P1Y,35,Percentage,%,33,37,,
TLF1,East Midlands,ITL Level 2,Visited a museum or gallery,2025-04-01/P1Y,36,Percentage,%,34,37,,
TLF1,East Midlands,ITL Level 2,Visited a museum or gallery,2024-04-01/P1Y,36,Percentage,%,32,39,,
TLF2,"Leicestershire, Rutland and Northamptonshire",ITL Level 2,Visited a museum or gallery,2025-04-01/P1Y,37,Percentage,%,35,38,,
TLF2,"Leicestershire, Rutland and Northamptonshire",ITL Level 2,Visited a museum or gallery,2024-04-01/P1Y,36,Percentage,%,32,40,,
TLF3,Lincolnshire,ITL Level 2,Visited a museum or gallery,2025-04-01/P1Y,33,Percentage,%,32,35,,
TLF3,Lincolnshire,ITL Level 2,Visited a museum or gallery,2024-04-01/P1Y,32,Percentage,%,28,36,,
TLG,West Midlands,ITL Level 1,Visited a museum or gallery,2024-04-01/P1Y,34,Percentage,%,32,36,,
TLG,West Midlands,ITL Level 1,Visited a museum or gallery,2025-04-01/P1Y,34,Percentage,%,33,35,,
TLG1,"Herefordshire, Worcestershire and Warwickshire",ITL Level 2,Visited a museum or gallery,2025-04-01/P1Y,38,Percentage,%,36,39,,
TLG1,"Herefordshire, Worcestershire and Warwickshire",ITL Level 2,Visited a museum or gallery,2024-04-01/P1Y,37,Percentage,%,34,41,,
TLG2,Shropshire and Staffordshire,ITL Level 2,Visited a museum or gallery,2025-04-01/P1Y,35,Percentage,%,34,37,,
TLG2,Shropshire and Staffordshire,ITL Level 2,Visited a museum or gallery,2024-04-01/P1Y,35,Percentage,%,32,39,,
TLG3,West Midlands,ITL Level 2,Visited a museum or gallery,2025-04-01/P1Y,32,Percentage,%,30,33,,
TLG3,West Midlands,ITL Level 2,Visited a museum or gallery,2024-04-01/P1Y,31,Percentage,%,28,35,,
TLH,East of England,ITL Level 1,Visited a museum or gallery,2025-04-01/P1Y,41,Percentage,%,40,42,,
TLH,East of England,ITL Level 1,Visited a museum or gallery,2024-04-01/P1Y,41,Percentage,%,38,43,,
TLH4,Cambridgeshire and Peterborough,ITL Level 2,Visited a museum or gallery,2025-04-01/P1Y,47,Percentage,%,45,50,,
TLH4,Cambridgeshire and Peterborough,ITL Level 2,Visited a museum or gallery,2024-04-01/P1Y,45,Percentage,%,39,52,,
TLH5,Norfolk,ITL Level 2,Visited a museum or gallery,2024-04-01/P1Y,39,Percentage,%,33,44,,
TLH5,Norfolk,ITL Level 2,Visited a museum or gallery,2025-04-01/P1Y,39,Percentage,%,37,41,,
TLH6,Suffolk,ITL Level 2,Visited a museum or gallery,2025-04-01/P1Y,40,Percentage,%,38,42,,
TLH6,Suffolk,ITL Level 2,Visited a museum or gallery,2024-04-01/P1Y,40,Percentage,%,33,46,,
TLH2,Bedfordshire and Hertfordshire,ITL Level 2,Visited a museum or gallery,2025-04-01/P1Y,42,Percentage,%,41,44,,
TLH2,Bedfordshire and Hertfordshire,ITL Level 2,Visited a museum or gallery,2024-04-01/P1Y,42,Percentage,%,38,46,,
TLH3,Essex,ITL Level 2,Visited a museum or gallery,2025-04-01/P1Y,37,Percentage,%,36,39,,
TLH3,Essex,ITL Level 2,Visited a museum or gallery,2024-04-01/P1Y,38,Percentage,%,35,42,,
TLI,London,ITL Level 1,Visited a museum or gallery,2025-04-01/P1Y,53,Percentage,%,52,54,,
TLI,London,ITL Level 1,Visited a museum or gallery,2024-04-01/P1Y,52,Percentage,%,50,54,,
TLI3,Inner London - West,ITL Level 2,Visited a museum or gallery,2025-04-01/P1Y,68,Percentage,%,66,70,,
TLI3,Inner London - West,ITL Level 2,Visited a museum or gallery,2024-04-01/P1Y,65,Percentage,%,60,69,,
TLI4,Inner London - East,ITL Level 2,Visited a museum or gallery,2024-04-01/P1Y,60,Percentage,%,55,64,,
TLI4,Inner London - East,ITL Level 2,Visited a museum or gallery,2025-04-01/P1Y,59,Percentage,%,58,61,,
TLI5,Outer London - East and North East,ITL Level 2,Visited a museum or gallery,2024-04-01/P1Y,42,Percentage,%,38,46,,
TLI5,Outer London - East and North East,ITL Level 2,Visited a museum or gallery,2025-04-01/P1Y,46,Percentage,%,44,47,,
TLI6,Outer London - South,ITL Level 2,Visited a museum or gallery,2025-04-01/P1Y,48,Percentage,%,46,50,,
TLI6,Outer London - South,ITL Level 2,Visited a museum or gallery,2024-04-01/P1Y,49,Percentage,%,44,54,,
TLI7,Outer London - West and North West,ITL Level 2,Visited a museum or gallery,2025-04-01/P1Y,49,Percentage,%,47,50,,
TLI7,Outer London - West and North West,ITL Level 2,Visited a museum or gallery,2024-04-01/P1Y,48,Percentage,%,44,52,,
TLJ,South East (England),ITL Level 1,Visited a museum or gallery,2025-04-01/P1Y,43,Percentage,%,43,44,,
TLJ,South East (England),ITL Level 1,Visited a museum or gallery,2024-04-01/P1Y,43,Percentage,%,42,45,,
TLJ1,"Berkshire, Buckinghamshire and Oxfordshire",ITL Level 2,Visited a museum or gallery,2025-04-01/P1Y,46,Percentage,%,45,48,,
TLJ1,"Berkshire, Buckinghamshire and Oxfordshire",ITL Level 2,Visited a museum or gallery,2024-04-01/P1Y,47,Percentage,%,44,51,,
TLJ2,"Surrey, East and West Sussex",ITL Level 2,Visited a museum or gallery,2025-04-01/P1Y,46,Percentage,%,45,47,,
TLJ2,"Surrey, East and West Sussex",ITL Level 2,Visited a museum or gallery,2024-04-01/P1Y,44,Percentage,%,41,48,,
TLJ3,Hampshire and Isle of Wight,ITL Level 2,Visited a museum or gallery,2024-04-01/P1Y,42,Percentage,%,38,46,,
TLJ3,Hampshire and Isle of Wight,ITL Level 2,Visited a museum or gallery,2025-04-01/P1Y,40,Percentage,%,38,41,,
TLJ4,Kent,ITL Level 2,Visited a museum or gallery,2025-04-01/P1Y,40,Percentage,%,38,41,,
TLJ4,Kent,ITL Level 2,Visited a museum or gallery,2024-04-01/P1Y,38,Percentage,%,34,42,,
TLK,South West (England),ITL Level 1,Visited a museum or gallery,2025-04-01/P1Y,43,Percentage,%,42,44,,
TLK,South West (England),ITL Level 1,Visited a museum or gallery,2024-04-01/P1Y,43,Percentage,%,41,45,,
TLK5,West of England,ITL Level 2,Visited a museum or gallery,2025-04-01/P1Y,50,Percentage,%,48,53,,
TLK5,West of England,ITL Level 2,Visited a museum or gallery,2024-04-01/P1Y,43,Percentage,%,37,49,,
TLK7,Gloucestershire and Wiltshire,ITL Level 2,Visited a museum or gallery,2025-04-01/P1Y,41,Percentage,%,39,43,,
TLK7,Gloucestershire and Wiltshire,ITL Level 2,Visited a museum or gallery,2024-04-01/P1Y,44,Percentage,%,39,49,,
TLK6,"North Somerset, Somerset and Dorset",ITL Level 2,Visited a museum or gallery,2025-04-01/P1Y,42,Percentage,%,40,44,,
TLK6,"North Somerset, Somerset and Dorset",ITL Level 2,Visited a museum or gallery,2024-04-01/P1Y,43,Percentage,%,39,47,,
TLK3,Cornwall and Isles of Scilly,ITL Level 2,Visited a museum or gallery,2025-04-01/P1Y,38,Percentage,%,36,40,,
TLK3,Cornwall and Isles of Scilly,ITL Level 2,Visited a museum or gallery,2024-04-01/P1Y,39,Percentage,%,35,43,,
TLK4,Devon,ITL Level 2,Visited a museum or gallery,2025-04-01/P1Y,43,Percentage,%,41,44,,
TLK4,Devon,ITL Level 2,Visited a museum or gallery,2024-04-01/P1Y,43,Percentage,%,39,47,,
E92000001,England,Nation,Visited a public library,2025-04-01/P1Y,31,Percentage,%,31,31,,
E92000001,England,Nation,Visited a public library,2024-04-01/P1Y,26,Percentage,%,26,27,,
E47000006,Tees Valley,Combined Authority or City Region,Visited a public library,2025-04-01/P1Y,27,Percentage,%,25,29,,
E47000006,Tees Valley,Combined Authority or City Region,Visited a public library,2024-04-01/P1Y,18,Percentage,%,15,21,,
E47000014,North East,Combined Authority or City Region,Visited a public library,2025-04-01/P1Y,25,Percentage,%,24,26,,
E47000014,North East,Combined Authority or City Region,Visited a public library,2024-04-01/P1Y,20,Percentage,%,18,22,,
E06000047,County Durham,County or Unitary Authority,Visited a public library,2025-04-01/P1Y,23,Percentage,%,21,26,,
E06000005,Darlington,County or Unitary Authority,Visited a public library,2025-04-01/P1Y,29,Percentage,%,24,34,,
E06000001,Hartlepool,County or Unitary Authority,Visited a public library,2025-04-01/P1Y,22,Percentage,%,18,27,,
E06000002,Middlesbrough,County or Unitary Authority,Visited a public library,2025-04-01/P1Y,25,Percentage,%,21,30,,
E06000057,Northumberland,County or Unitary Authority,Visited a public library,2025-04-01/P1Y,27,Percentage,%,24,31,,
E06000003,Redcar and Cleveland,County or Unitary Authority,Visited a public library,2025-04-01/P1Y,28,Percentage,%,24,33,,
E06000004,Stockton-on-Tees,County or Unitary Authority,Visited a public library,2025-04-01/P1Y,29,Percentage,%,24,33,,
E08000037,Gateshead,Local Authority District,Visited a public library,2025-04-01/P1Y,23,Percentage,%,19,27,,
E08000021,Newcastle upon Tyne,Local Authority District,Visited a public library,2025-04-01/P1Y,27,Percentage,%,24,31,,
E08000022,North Tyneside,Local Authority District,Visited a public library,2025-04-01/P1Y,31,Percentage,%,27,36,,
E08000023,South Tyneside,Local Authority District,Visited a public library,2025-04-01/P1Y,35,Percentage,%,30,41,,
E08000024,Sunderland,Local Authority District,Visited a public library,2025-04-01/P1Y,15,Percentage,%,13,19,,
E06000008,Blackburn with Darwen,County or Unitary Authority,Visited a public library,2025-04-01/P1Y,26,Percentage,%,21,31,,
E06000009,Blackpool,County or Unitary Authority,Visited a public library,2025-04-01/P1Y,25,Percentage,%,20,30,,
E06000049,Cheshire East,County or Unitary Authority,Visited a public library,2025-04-01/P1Y,35,Percentage,%,32,39,,
E06000050,Cheshire West and Chester,County or Unitary Authority,Visited a public library,2025-04-01/P1Y,30,Percentage,%,27,33,,
E06000006,Halton,County or Unitary Authority,Visited a public library,2025-04-01/P1Y,24,Percentage,%,20,29,,
E06000007,Warrington,County or Unitary Authority,Visited a public library,2025-04-01/P1Y,26,Percentage,%,22,30,,
E06000063,Cumberland,County or Unitary Authority,Visited a public library,2025-04-01/P1Y,27,Percentage,%,25,30,,
E06000064,Westmorland and Furness,County or Unitary Authority,Visited a public library,2025-04-01/P1Y,31,Percentage,%,28,35,,
E47000001,Greater Manchester,Combined Authority or City Region,Visited a public library,2025-04-01/P1Y,33,Percentage,%,32,34,,
E47000001,Greater Manchester,Combined Authority or City Region,Visited a public library,2024-04-01/P1Y,28,Percentage,%,25,31,,
E08000001,Bolton,Local Authority District,Visited a public library,2025-04-01/P1Y,33,Percentage,%,29,38,,
E08000002,Bury,Local Authority District,Visited a public library,2025-04-01/P1Y,25,Percentage,%,21,30,,
E08000003,Manchester,Local Authority District,Visited a public library,2025-04-01/P1Y,44,Percentage,%,41,47,,
E08000004,Oldham,Local Authority District,Visited a public library,2025-04-01/P1Y,33,Percentage,%,28,38,,
E08000005,Rochdale,Local Authority District,Visited a public library,2025-04-01/P1Y,24,Percentage,%,19,29,,
E08000006,Salford,Local Authority District,Visited a public library,2025-04-01/P1Y,36,Percentage,%,31,40,,
E08000007,Stockport,Local Authority District,Visited a public library,2025-04-01/P1Y,32,Percentage,%,28,36,,
E08000008,Tameside,Local Authority District,Visited a public library,2025-04-01/P1Y,30,Percentage,%,26,35,,
E08000009,Trafford,Local Authority District,Visited a public library,2025-04-01/P1Y,43,Percentage,%,38,48,,
E08000010,Wigan,Local Authority District,Visited a public library,2025-04-01/P1Y,19,Percentage,%,16,23,,
E47000018,Lancashire,Combined Authority or City Region,Visited a public library,2024-04-01/P1Y,21,Percentage,%,18,24,,
E47000018,Lancashire,Combined Authority or City Region,Visited a public library,2025-04-01/P1Y,29,Percentage,%,27,30,,
E07000117,Burnley,Local Authority District,Visited a public library,2025-04-01/P1Y,24,Percentage,%,20,30,,
E07000118,Chorley,Local Authority District,Visited a public library,2025-04-01/P1Y,23,Percentage,%,19,28,,
E07000119,Fylde,Local Authority District,Visited a public library,2025-04-01/P1Y,32,Percentage,%,27,38,,
E07000120,Hyndburn,Local Authority District,Visited a public library,2025-04-01/P1Y,23,Percentage,%,19,28,,
E07000121,Lancaster,Local Authority District,Visited a public library,2025-04-01/P1Y,34,Percentage,%,30,40,,
E07000122,Pendle,Local Authority District,Visited a public library,2025-04-01/P1Y,37,Percentage,%,32,42,,
E07000123,Preston,Local Authority District,Visited a public library,2025-04-01/P1Y,29,Percentage,%,24,33,,
E07000124,Ribble Valley,Local Authority District,Visited a public library,2025-04-01/P1Y,36,Percentage,%,31,42,,
E07000125,Rossendale,Local Authority District,Visited a public library,2025-04-01/P1Y,33,Percentage,%,27,40,,
E07000126,South Ribble,Local Authority District,Visited a public library,2025-04-01/P1Y,26,Percentage,%,22,31,,
E07000127,West Lancashire,Local Authority District,Visited a public library,2025-04-01/P1Y,29,Percentage,%,24,34,,
E07000128,Wyre,Local Authority District,Visited a public library,2025-04-01/P1Y,30,Percentage,%,25,35,,
E47000004,Liverpool City Region,Combined Authority or City Region,Visited a public library,2025-04-01/P1Y,27,Percentage,%,25,29,,
E47000004,Liverpool City Region,Combined Authority or City Region,Visited a public library,2024-04-01/P1Y,26,Percentage,%,22,29,,
E08000011,Knowsley,Local Authority District,Visited a public library,2025-04-01/P1Y,24,Percentage,%,20,28,,
E08000012,Liverpool,Local Authority District,Visited a public library,2025-04-01/P1Y,30,Percentage,%,27,33,,
E08000014,Sefton,Local Authority District,Visited a public library,2025-04-01/P1Y,30,Percentage,%,26,34,,
E08000013,St. Helens,Local Authority District,Visited a public library,2025-04-01/P1Y,20,Percentage,%,16,24,,
E08000015,Wirral,Local Authority District,Visited a public library,2025-04-01/P1Y,26,Percentage,%,23,30,,
E47000016,Hull and East Yorkshire,Combined Authority or City Region,Visited a public library,2025-04-01/P1Y,30,Percentage,%,28,33,,
E47000016,Hull and East Yorkshire,Combined Authority or City Region,Visited a public library,2024-04-01/P1Y,26,Percentage,%,22,30,,
E06000011,East Riding of Yorkshire,County or Unitary Authority,Visited a public library,2025-04-01/P1Y,35,Percentage,%,32,39,,
E06000010,"Kingston upon Hull, City of",County or Unitary Authority,Visited a public library,2025-04-01/P1Y,24,Percentage,%,21,27,,
E47000017,Greater Lincolnshire,Combined Authority or City Region,Visited a public library,2024-04-01/P1Y,18,Percentage,%,16,21,,
E47000017,Greater Lincolnshire,Combined Authority or City Region,Visited a public library,2025-04-01/P1Y,22,Percentage,%,20,23,,
E06000012,North East Lincolnshire,County or Unitary Authority,Visited a public library,2025-04-01/P1Y,17,Percentage,%,13,20,,
E06000013,North Lincolnshire,County or Unitary Authority,Visited a public library,2025-04-01/P1Y,20,Percentage,%,16,24,,
E47000012,York and North Yorkshire,Combined Authority or City Region,Visited a public library,2025-04-01/P1Y,34,Percentage,%,32,36,,
E47000012,York and North Yorkshire,Combined Authority or City Region,Visited a public library,2024-04-01/P1Y,29,Percentage,%,26,33,,
E06000014,York,County or Unitary Authority,Visited a public library,2025-04-01/P1Y,43,Percentage,%,38,47,,
E06000065,North Yorkshire,County or Unitary Authority,Visited a public library,2025-04-01/P1Y,30,Percentage,%,28,33,,
E47000002,South Yorkshire,Combined Authority or City Region,Visited a public library,2025-04-01/P1Y,26,Percentage,%,24,28,,
E47000002,South Yorkshire,Combined Authority or City Region,Visited a public library,2024-04-01/P1Y,21,Percentage,%,18,24,,
E08000038,Barnsley,Local Authority District,Visited a public library,2025-04-01/P1Y,25,Percentage,%,21,29,,
E08000017,Doncaster,Local Authority District,Visited a public library,2025-04-01/P1Y,24,Percentage,%,20,28,,
E08000018,Rotherham,Local Authority District,Visited a public library,2025-04-01/P1Y,22,Percentage,%,19,26,,
E08000039,Sheffield,Local Authority District,Visited a public library,2025-04-01/P1Y,30,Percentage,%,27,33,,
E47000003,West Yorkshire,Combined Authority or City Region,Visited a public library,2024-04-01/P1Y,25,Percentage,%,22,28,,
E47000003,West Yorkshire,Combined Authority or City Region,Visited a public library,2025-04-01/P1Y,28,Percentage,%,26,29,,
E08000032,Bradford,Local Authority District,Visited a public library,2025-04-01/P1Y,22,Percentage,%,19,25,,
E08000033,Calderdale,Local Authority District,Visited a public library,2025-04-01/P1Y,31,Percentage,%,26,36,,
E08000034,Kirklees,Local Authority District,Visited a public library,2025-04-01/P1Y,28,Percentage,%,25,31,,
E08000035,Leeds,Local Authority District,Visited a public library,2025-04-01/P1Y,32,Percentage,%,30,35,,
E08000036,Wakefield,Local Authority District,Visited a public library,2025-04-01/P1Y,22,Percentage,%,19,26,,
E47000013,East Midlands,Combined Authority or City Region,Visited a public library,2025-04-01/P1Y,28,Percentage,%,27,29,,
E47000013,East Midlands,Combined Authority or City Region,Visited a public library,2024-04-01/P1Y,23,Percentage,%,20,26,,
E06000015,Derby,County or Unitary Authority,Visited a public library,2025-04-01/P1Y,22,Percentage,%,18,26,,
E06000016,Leicester,County or Unitary Authority,Visited a public library,2025-04-01/P1Y,31,Percentage,%,27,35,,
E06000061,North Northamptonshire,County or Unitary Authority,Visited a public library,2025-04-01/P1Y,27,Percentage,%,23,31,,
E06000018,Nottingham,County or Unitary Authority,Visited a public library,2025-04-01/P1Y,36,Percentage,%,32,40,,
E06000017,Rutland,County or Unitary Authority,Visited a public library,2025-04-01/P1Y,35,Percentage,%,29,42,,
E06000062,West Northamptonshire,County or Unitary Authority,Visited a public library,2025-04-01/P1Y,31,Percentage,%,28,34,,
E07000032,Amber Valley,Local Authority District,Visited a public library,2025-04-01/P1Y,27,Percentage,%,22,32,,
E07000033,Bolsover,Local Authority District,Visited a public library,2025-04-01/P1Y,16,Percentage,%,12,21,,
E07000034,Chesterfield,Local Authority District,Visited a public library,2025-04-01/P1Y,25,Percentage,%,21,31,,
E07000035,Derbyshire Dales,Local Authority District,Visited a public library,2025-04-01/P1Y,27,Percentage,%,22,32,,
E07000036,Erewash,Local Authority District,Visited a public library,2025-04-01/P1Y,22,Percentage,%,18,27,,
E07000037,High Peak,Local Authority District,Visited a public library,2025-04-01/P1Y,32,Percentage,%,27,37,,
E07000038,North East Derbyshire,Local Authority District,Visited a public library,2025-04-01/P1Y,21,Percentage,%,17,25,,
E07000039,South Derbyshire,Local Authority District,Visited a public library,2025-04-01/P1Y,20,Percentage,%,15,25,,
E07000129,Blaby,Local Authority District,Visited a public library,2025-04-01/P1Y,34,Percentage,%,27,40,,
E07000130,Charnwood,Local Authority District,Visited a public library,2025-04-01/P1Y,23,Percentage,%,19,28,,
E07000131,Harborough,Local Authority District,Visited a public library,2025-04-01/P1Y,27,Percentage,%,22,32,,
E07000132,Hinckley and Bosworth,Local Authority District,Visited a public library,2025-04-01/P1Y,27,Percentage,%,22,32,,
E07000133,Melton,Local Authority District,Visited a public library,2025-04-01/P1Y,24,Percentage,%,20,29,,
E07000134,North West Leicestershire,Local Authority District,Visited a public library,2025-04-01/P1Y,22,Percentage,%,18,27,,
E07000135,Oadby and Wigston,Local Authority District,Visited a public library,2025-04-01/P1Y,35,Percentage,%,29,40,,
E07000136,Boston,Local Authority District,Visited a public library,2025-04-01/P1Y,17,Percentage,%,13,22,,
E07000137,East Lindsey,Local Authority District,Visited a public library,2025-04-01/P1Y,24,Percentage,%,20,28,,
E07000138,Lincoln,Local Authority District,Visited a public library,2025-04-01/P1Y,24,Percentage,%,20,29,,
E07000139,North Kesteven,Local Authority District,Visited a public library,2025-04-01/P1Y,21,Percentage,%,17,26,,
E07000140,South Holland,Local Authority District,Visited a public library,2025-04-01/P1Y,22,Percentage,%,17,27,,
E07000141,South Kesteven,Local Authority District,Visited a public library,2025-04-01/P1Y,27,Percentage,%,23,32,,
E07000142,West Lindsey,Local Authority District,Visited a public library,2025-04-01/P1Y,23,Percentage,%,19,27,,
E07000170,Ashfield,Local Authority District,Visited a public library,2025-04-01/P1Y,21,Percentage,%,17,26,,
E07000171,Bassetlaw,Local Authority District,Visited a public library,2025-04-01/P1Y,25,Percentage,%,21,30,,
E07000172,Broxtowe,Local Authority District,Visited a public library,2025-04-01/P1Y,37,Percentage,%,32,43,,
E07000173,Gedling,Local Authority District,Visited a public library,2025-04-01/P1Y,30,Percentage,%,26,35,,
E07000174,Mansfield,Local Authority District,Visited a public library,2025-04-01/P1Y,26,Percentage,%,22,31,,
E07000175,Newark and Sherwood,Local Authority District,Visited a public library,2025-04-01/P1Y,27,Percentage,%,23,32,,
E07000176,Rushcliffe,Local Authority District,Visited a public library,2025-04-01/P1Y,47,Percentage,%,42,53,,
E06000019,"Herefordshire, County of",County or Unitary Authority,Visited a public library,2025-04-01/P1Y,26,Percentage,%,21,31,,
E06000051,Shropshire,County or Unitary Authority,Visited a public library,2025-04-01/P1Y,28,Percentage,%,24,32,,
E06000021,Stoke-on-Trent,County or Unitary Authority,Visited a public library,2025-04-01/P1Y,19,Percentage,%,16,23,,
E06000020,Telford and Wrekin,County or Unitary Authority,Visited a public library,2025-04-01/P1Y,24,Percentage,%,20,28,,
E07000192,Cannock Chase,Local Authority District,Visited a public library,2025-04-01/P1Y,27,Percentage,%,22,31,,
E07000193,East Staffordshire,Local Authority District,Visited a public library,2025-04-01/P1Y,25,Percentage,%,20,29,,
E07000194,Lichfield,Local Authority District,Visited a public library,2025-04-01/P1Y,32,Percentage,%,28,37,,
E07000195,Newcastle-under-Lyme,Local Authority District,Visited a public library,2025-04-01/P1Y,25,Percentage,%,21,30,,
E07000196,South Staffordshire,Local Authority District,Visited a public library,2025-04-01/P1Y,27,Percentage,%,22,32,,
E07000197,Stafford,Local Authority District,Visited a public library,2025-04-01/P1Y,28,Percentage,%,24,34,,
E07000198,Staffordshire Moorlands,Local Authority District,Visited a public library,2025-04-01/P1Y,24,Percentage,%,20,29,,
E07000199,Tamworth,Local Authority District,Visited a public library,2025-04-01/P1Y,22,Percentage,%,18,26,,
E07000218,North Warwickshire,Local Authority District,Visited a public library,2025-04-01/P1Y,22,Percentage,%,18,27,,
E07000219,Nuneaton and Bedworth,Local Authority District,Visited a public library,2025-04-01/P1Y,22,Percentage,%,18,27,,
E07000220,Rugby,Local Authority District,Visited a public library,2025-04-01/P1Y,34,Percentage,%,29,40,,
E07000221,Stratford-on-Avon,Local Authority District,Visited a public library,2025-04-01/P1Y,26,Percentage,%,22,30,,
E07000222,Warwick,Local Authority District,Visited a public library,2025-04-01/P1Y,39,Percentage,%,34,44,,
E47000007,West Midlands,Combined Authority or City Region,Visited a public library,2025-04-01/P1Y,29,Percentage,%,28,30,,
E47000007,West Midlands,Combined Authority or City Region,Visited a public library,2024-04-01/P1Y,26,Percentage,%,23,29,,
E08000025,Birmingham,Local Authority District,Visited a public library,2025-04-01/P1Y,31,Percentage,%,28,33,,
E08000026,Coventry,Local Authority District,Visited a public library,2025-04-01/P1Y,31,Percentage,%,27,35,,
E08000027,Dudley,Local Authority District,Visited a public library,2025-04-01/P1Y,28,Percentage,%,25,32,,
E08000028,Sandwell,Local Authority District,Visited a public library,2025-04-01/P1Y,25,Percentage,%,22,29,,
E08000029,Solihull,Local Authority District,Visited a public library,2025-04-01/P1Y,34,Percentage,%,29,39,,
E08000030,Walsall,Local Authority District,Visited a public library,2025-04-01/P1Y,27,Percentage,%,23,32,,
E08000031,Wolverhampton,Local Authority District,Visited a public library,2025-04-01/P1Y,23,Percentage,%,20,28,,
E07000234,Bromsgrove,Local Authority District,Visited a public library,2025-04-01/P1Y,31,Percentage,%,27,36,,
E07000235,Malvern Hills,Local Authority District,Visited a public library,2025-04-01/P1Y,37,Percentage,%,32,43,,
E07000236,Redditch,Local Authority District,Visited a public library,2025-04-01/P1Y,26,Percentage,%,22,31,,
E07000237,Worcester,Local Authority District,Visited a public library,2025-04-01/P1Y,39,Percentage,%,34,45,,
E07000238,Wychavon,Local Authority District,Visited a public library,2025-04-01/P1Y,30,Percentage,%,25,35,,
E07000239,Wyre Forest,Local Authority District,Visited a public library,2025-04-01/P1Y,23,Percentage,%,19,28,,
E06000055,Bedford,County or Unitary Authority,Visited a public library,2025-04-01/P1Y,25,Percentage,%,21,30,,
E06000056,Central Bedfordshire,County or Unitary Authority,Visited a public library,2025-04-01/P1Y,33,Percentage,%,28,37,,
E06000032,Luton,County or Unitary Authority,Visited a public library,2025-04-01/P1Y,30,Percentage,%,26,35,,
E06000031,Peterborough,County or Unitary Authority,Visited a public library,2025-04-01/P1Y,24,Percentage,%,19,28,,
E06000033,Southend-on-Sea,County or Unitary Authority,Visited a public library,2025-04-01/P1Y,39,Percentage,%,34,44,,
E06000034,Thurrock,County or Unitary Authority,Visited a public library,2025-04-01/P1Y,26,Percentage,%,22,30,,
E47000008,Cambridgeshire and Peterborough,Combined Authority or City Region,Visited a public library,2025-04-01/P1Y,33,Percentage,%,31,35,,
E47000008,Cambridgeshire and Peterborough,Combined Authority or City Region,Visited a public library,2024-04-01/P1Y,32,Percentage,%,27,38,,
E07000008,Cambridge,Local Authority District,Visited a public library,2025-04-01/P1Y,41,Percentage,%,36,46,,
E07000009,East Cambridgeshire,Local Authority District,Visited a public library,2025-04-01/P1Y,38,Percentage,%,31,44,,
E07000010,Fenland,Local Authority District,Visited a public library,2025-04-01/P1Y,27,Percentage,%,22,32,,
E07000011,Huntingdonshire,Local Authority District,Visited a public library,2025-04-01/P1Y,35,Percentage,%,30,40,,
E07000012,South Cambridgeshire,Local Authority District,Visited a public library,2025-04-01/P1Y,35,Percentage,%,30,40,,
E07000066,Basildon,Local Authority District,Visited a public library,2025-04-01/P1Y,36,Percentage,%,31,41,,
E07000067,Braintree,Local Authority District,Visited a public library,2025-04-01/P1Y,33,Percentage,%,28,37,,
E07000068,Brentwood,Local Authority District,Visited a public library,2025-04-01/P1Y,40,Percentage,%,34,46,,
E07000069,Castle Point,Local Authority District,Visited a public library,2025-04-01/P1Y,36,Percentage,%,30,42,,
E07000070,Chelmsford,Local Authority District,Visited a public library,2025-04-01/P1Y,30,Percentage,%,26,34,,
E07000071,Colchester,Local Authority District,Visited a public library,2025-04-01/P1Y,28,Percentage,%,24,33,,
E07000072,Epping Forest,Local Authority District,Visited a public library,2025-04-01/P1Y,30,Percentage,%,25,34,,
E07000073,Harlow,Local Authority District,Visited a public library,2025-04-01/P1Y,32,Percentage,%,27,37,,
E07000074,Maldon,Local Authority District,Visited a public library,2025-04-01/P1Y,30,Percentage,%,25,35,,
E07000075,Rochford,Local Authority District,Visited a public library,2025-04-01/P1Y,32,Percentage,%,26,38,,
E07000076,Tendring,Local Authority District,Visited a public library,2025-04-01/P1Y,26,Percentage,%,21,30,,
E07000077,Uttlesford,Local Authority District,Visited a public library,2025-04-01/P1Y,28,Percentage,%,23,33,,
E07000095,Broxbourne,Local Authority District,Visited a public library,2025-04-01/P1Y,35,Percentage,%,30,40,,
E07000096,Dacorum,Local Authority District,Visited a public library,2025-04-01/P1Y,34,Percentage,%,29,40,,
E07000242,East Hertfordshire,Local Authority District,Visited a public library,2025-04-01/P1Y,38,Percentage,%,33,43,,
E07000098,Hertsmere,Local Authority District,Visited a public library,2025-04-01/P1Y,32,Percentage,%,27,37,,
E07000099,North Hertfordshire,Local Authority District,Visited a public library,2025-04-01/P1Y,36,Percentage,%,31,41,,
E07000240,St Albans,Local Authority District,Visited a public library,2025-04-01/P1Y,37,Percentage,%,33,42,,
E07000243,Stevenage,Local Authority District,Visited a public library,2025-04-01/P1Y,25,Percentage,%,20,30,,
E07000102,Three Rivers,Local Authority District,Visited a public library,2025-04-01/P1Y,31,Percentage,%,26,37,,
E07000103,Watford,Local Authority District,Visited a public library,2025-04-01/P1Y,31,Percentage,%,27,37,,
E07000241,Welwyn Hatfield,Local Authority District,Visited a public library,2025-04-01/P1Y,36,Percentage,%,31,42,,
E07000143,Breckland,Local Authority District,Visited a public library,2025-04-01/P1Y,33,Percentage,%,27,38,,
E07000144,Broadland,Local Authority District,Visited a public library,2025-04-01/P1Y,32,Percentage,%,27,37,,
E07000145,Great Yarmouth,Local Authority District,Visited a public library,2025-04-01/P1Y,28,Percentage,%,23,34,,
E07000146,King's Lynn and West Norfolk,Local Authority District,Visited a public library,2025-04-01/P1Y,27,Percentage,%,23,32,,
E07000147,North Norfolk,Local Authority District,Visited a public library,2025-04-01/P1Y,31,Percentage,%,26,36,,
E07000148,Norwich,Local Authority District,Visited a public library,2025-04-01/P1Y,43,Percentage,%,38,48,,
E07000149,South Norfolk,Local Authority District,Visited a public library,2025-04-01/P1Y,37,Percentage,%,32,42,,
E07000200,Babergh,Local Authority District,Visited a public library,2025-04-01/P1Y,32,Percentage,%,27,38,,
E07000244,East Suffolk,Local Authority District,Visited a public library,2025-04-01/P1Y,36,Percentage,%,31,41,,
E07000202,Ipswich,Local Authority District,Visited a public library,2025-04-01/P1Y,28,Percentage,%,23,33,,
E07000203,Mid Suffolk,Local Authority District,Visited a public library,2025-04-01/P1Y,34,Percentage,%,29,39,,
E07000245,West Suffolk,Local Authority District,Visited a public library,2025-04-01/P1Y,29,Percentage,%,24,35,,
E09000007,Camden,Local Authority District,Visited a public library,2025-04-01/P1Y,41,Percentage,%,36,45,,
E09000001,City of London,Local Authority District,Visited a public library,2025-04-01/P1Y,14,Percentage,%,10,20,,
E09000012,Hackney,Local Authority District,Visited a public library,2025-04-01/P1Y,35,Percentage,%,31,39,,
E09000013,Hammersmith and Fulham,Local Authority District,Visited a public library,2025-04-01/P1Y,39,Percentage,%,35,44,,
E09000014,Haringey,Local Authority District,Visited a public library,2025-04-01/P1Y,37,Percentage,%,33,42,,
E09000019,Islington,Local Authority District,Visited a public library,2025-04-01/P1Y,41,Percentage,%,36,47,,
E09000020,Kensington and Chelsea,Local Authority District,Visited a public library,2025-04-01/P1Y,41,Percentage,%,36,47,,
E09000022,Lambeth,Local Authority District,Visited a public library,2025-04-01/P1Y,37,Percentage,%,33,41,,
E09000023,Lewisham,Local Authority District,Visited a public library,2025-04-01/P1Y,40,Percentage,%,36,45,,
E09000025,Newham,Local Authority District,Visited a public library,2025-04-01/P1Y,35,Percentage,%,31,39,,
E09000028,Southwark,Local Authority District,Visited a public library,2025-04-01/P1Y,42,Percentage,%,38,46,,
E09000030,Tower Hamlets,Local Authority District,Visited a public library,2025-04-01/P1Y,35,Percentage,%,32,39,,
E09000032,Wandsworth,Local Authority District,Visited a public library,2025-04-01/P1Y,39,Percentage,%,36,43,,
E09000033,Westminster,Local Authority District,Visited a public library,2025-04-01/P1Y,37,Percentage,%,33,42,,
E09000002,Barking and Dagenham,Local Authority District,Visited a public library,2025-04-01/P1Y,33,Percentage,%,29,38,,
E09000003,Barnet,Local Authority District,Visited a public library,2025-04-01/P1Y,35,Percentage,%,31,39,,
E09000004,Bexley,Local Authority District,Visited a public library,2025-04-01/P1Y,33,Percentage,%,29,38,,
E09000005,Brent,Local Authority District,Visited a public library,2025-04-01/P1Y,34,Percentage,%,30,39,,
E09000006,Bromley,Local Authority District,Visited a public library,2025-04-01/P1Y,40,Percentage,%,36,44,,
E09000008,Croydon,Local Authority District,Visited a public library,2025-04-01/P1Y,32,Percentage,%,29,36,,
E09000009,Ealing,Local Authority District,Visited a public library,2025-04-01/P1Y,30,Percentage,%,26,34,,
E09000010,Enfield,Local Authority District,Visited a public library,2025-04-01/P1Y,37,Percentage,%,33,41,,
E09000011,Greenwich,Local Authority District,Visited a public library,2025-04-01/P1Y,43,Percentage,%,39,48,,
E09000015,Harrow,Local Authority District,Visited a public library,2025-04-01/P1Y,33,Percentage,%,28,37,,
E09000016,Havering,Local Authority District,Visited a public library,2025-04-01/P1Y,33,Percentage,%,28,38,,
E09000017,Hillingdon,Local Authority District,Visited a public library,2025-04-01/P1Y,42,Percentage,%,38,46,,
E09000018,Hounslow,Local Authority District,Visited a public library,2025-04-01/P1Y,32,Percentage,%,28,36,,
E09000021,Kingston upon Thames,Local Authority District,Visited a public library,2025-04-01/P1Y,33,Percentage,%,29,38,,
E09000024,Merton,Local Authority District,Visited a public library,2025-04-01/P1Y,40,Percentage,%,35,45,,
E09000026,Redbridge,Local Authority District,Visited a public library,2025-04-01/P1Y,39,Percentage,%,34,44,,
E09000027,Richmond upon Thames,Local Authority District,Visited a public library,2025-04-01/P1Y,48,Percentage,%,42,53,,
E09000029,Sutton,Local Authority District,Visited a public library,2025-04-01/P1Y,36,Percentage,%,32,41,,
E09000031,Waltham Forest,Local Authority District,Visited a public library,2025-04-01/P1Y,41,Percentage,%,36,46,,
E06000036,Bracknell Forest,County or Unitary Authority,Visited a public library,2025-04-01/P1Y,27,Percentage,%,22,32,,
E06000043,Brighton and Hove,County or Unitary Authority,Visited a public library,2025-04-01/P1Y,42,Percentage,%,38,47,,
E06000060,Buckinghamshire,County or Unitary Authority,Visited a public library,2025-04-01/P1Y,30,Percentage,%,27,33,,
E06000046,Isle of Wight,County or Unitary Authority,Visited a public library,2025-04-01/P1Y,29,Percentage,%,25,34,,
E06000035,Medway,County or Unitary Authority,Visited a public library,2025-04-01/P1Y,27,Percentage,%,23,30,,
E06000042,Milton Keynes,County or Unitary Authority,Visited a public library,2025-04-01/P1Y,32,Percentage,%,28,37,,
E06000044,Portsmouth,County or Unitary Authority,Visited a public library,2025-04-01/P1Y,41,Percentage,%,36,47,,
E06000038,Reading,County or Unitary Authority,Visited a public library,2025-04-01/P1Y,35,Percentage,%,31,40,,
E06000039,Slough,County or Unitary Authority,Visited a public library,2025-04-01/P1Y,31,Percentage,%,27,36,,
E06000045,Southampton,County or Unitary Authority,Visited a public library,2025-04-01/P1Y,34,Percentage,%,30,39,,
E06000037,West Berkshire,County or Unitary Authority,Visited a public library,2025-04-01/P1Y,30,Percentage,%,25,35,,
E06000040,Windsor and Maidenhead,County or Unitary Authority,Visited a public library,2025-04-01/P1Y,36,Percentage,%,31,41,,
E06000041,Wokingham,County or Unitary Authority,Visited a public library,2025-04-01/P1Y,40,Percentage,%,35,45,,
E07000061,Eastbourne,Local Authority District,Visited a public library,2025-04-01/P1Y,29,Percentage,%,24,34,,
E07000062,Hastings,Local Authority District,Visited a public library,2025-04-01/P1Y,31,Percentage,%,26,37,,
E07000063,Lewes,Local Authority District,Visited a public library,2025-04-01/P1Y,35,Percentage,%,30,41,,
E07000064,Rother,Local Authority District,Visited a public library,2025-04-01/P1Y,27,Percentage,%,22,33,,
E07000065,Wealden,Local Authority District,Visited a public library,2025-04-01/P1Y,31,Percentage,%,26,36,,
E07000084,Basingstoke and Deane,Local Authority District,Visited a public library,2025-04-01/P1Y,24,Percentage,%,20,28,,
E07000085,East Hampshire,Local Authority District,Visited a public library,2025-04-01/P1Y,27,Percentage,%,22,32,,
E07000086,Eastleigh,Local Authority District,Visited a public library,2025-04-01/P1Y,31,Percentage,%,27,37,,
E07000087,Fareham,Local Authority District,Visited a public library,2025-04-01/P1Y,30,Percentage,%,25,36,,
E07000088,Gosport,Local Authority District,Visited a public library,2025-04-01/P1Y,31,Percentage,%,26,36,,
E07000089,Hart,Local Authority District,Visited a public library,2025-04-01/P1Y,25,Percentage,%,21,30,,
E07000090,Havant,Local Authority District,Visited a public library,2025-04-01/P1Y,30,Percentage,%,25,36,,
E07000091,New Forest,Local Authority District,Visited a public library,2025-04-01/P1Y,31,Percentage,%,26,36,,
E07000092,Rushmoor,Local Authority District,Visited a public library,2025-04-01/P1Y,30,Percentage,%,25,35,,
E07000093,Test Valley,Local Authority District,Visited a public library,2025-04-01/P1Y,30,Percentage,%,26,36,,
E07000094,Winchester,Local Authority District,Visited a public library,2025-04-01/P1Y,41,Percentage,%,35,46,,
E07000105,Ashford,Local Authority District,Visited a public library,2025-04-01/P1Y,26,Percentage,%,22,31,,
E07000106,Canterbury,Local Authority District,Visited a public library,2025-04-01/P1Y,36,Percentage,%,31,42,,
E07000107,Dartford,Local Authority District,Visited a public library,2025-04-01/P1Y,26,Percentage,%,22,30,,
E07000108,Dover,Local Authority District,Visited a public library,2025-04-01/P1Y,25,Percentage,%,20,30,,
E07000112,Folkestone and Hythe,Local Authority District,Visited a public library,2025-04-01/P1Y,27,Percentage,%,22,33,,
E07000109,Gravesham,Local Authority District,Visited a public library,2025-04-01/P1Y,31,Percentage,%,26,36,,
E07000110,Maidstone,Local Authority District,Visited a public library,2025-04-01/P1Y,26,Percentage,%,21,31,,
E07000111,Sevenoaks,Local Authority District,Visited a public library,2025-04-01/P1Y,39,Percentage,%,34,45,,
E07000113,Swale,Local Authority District,Visited a public library,2025-04-01/P1Y,26,Percentage,%,22,30,,
E07000114,Thanet,Local Authority District,Visited a public library,2025-04-01/P1Y,29,Percentage,%,24,33,,
E07000115,Tonbridge and Malling,Local Authority District,Visited a public library,2025-04-01/P1Y,28,Percentage,%,23,32,,
E07000116,Tunbridge Wells,Local Authority District,Visited a public library,2025-04-01/P1Y,33,Percentage,%,27,38,,
E07000177,Cherwell,Local Authority District,Visited a public library,2025-04-01/P1Y,24,Percentage,%,20,29,,
E07000178,Oxford,Local Authority District,Visited a public library,2025-04-01/P1Y,45,Percentage,%,40,50,,
E07000179,South Oxfordshire,Local Authority District,Visited a public library,2025-04-01/P1Y,38,Percentage,%,33,43,,
E07000180,Vale of White Horse,Local Authority District,Visited a public library,2025-04-01/P1Y,38,Percentage,%,33,44,,
E07000181,West Oxfordshire,Local Authority District,Visited a public library,2025-04-01/P1Y,32,Percentage,%,27,37,,
E07000207,Elmbridge,Local Authority District,Visited a public library,2025-04-01/P1Y,34,Percentage,%,30,39,,
E07000208,Epsom and Ewell,Local Authority District,Visited a public library,2025-04-01/P1Y,44,Percentage,%,38,49,,
E07000209,Guildford,Local Authority District,Visited a public library,2025-04-01/P1Y,30,Percentage,%,25,36,,
E07000210,Mole Valley,Local Authority District,Visited a public library,2025-04-01/P1Y,38,Percentage,%,33,44,,
E07000211,Reigate and Banstead,Local Authority District,Visited a public library,2025-04-01/P1Y,37,Percentage,%,32,42,,
E07000212,Runnymede,Local Authority District,Visited a public library,2025-04-01/P1Y,37,Percentage,%,32,42,,
E07000213,Spelthorne,Local Authority District,Visited a public library,2025-04-01/P1Y,30,Percentage,%,25,34,,
E07000214,Surrey Heath,Local Authority District,Visited a public library,2025-04-01/P1Y,25,Percentage,%,20,30,,
E07000215,Tandridge,Local Authority District,Visited a public library,2025-04-01/P1Y,29,Percentage,%,24,35,,
E07000216,Waverley,Local Authority District,Visited a public library,2025-04-01/P1Y,33,Percentage,%,28,38,,
E07000217,Woking,Local Authority District,Visited a public library,2025-04-01/P1Y,36,Percentage,%,31,41,,
E07000223,Adur,Local Authority District,Visited a public library,2025-04-01/P1Y,40,Percentage,%,34,46,,
E07000224,Arun,Local Authority District,Visited a public library,2025-04-01/P1Y,31,Percentage,%,26,36,,
E07000225,Chichester,Local Authority District,Visited a public library,2025-04-01/P1Y,33,Percentage,%,28,39,,
E07000226,Crawley,Local Authority District,Visited a public library,2025-04-01/P1Y,30,Percentage,%,26,35,,
E07000227,Horsham,Local Authority District,Visited a public library,2025-04-01/P1Y,35,Percentage,%,30,40,,
E07000228,Mid Sussex,Local Authority District,Visited a public library,2025-04-01/P1Y,34,Percentage,%,29,40,,
E07000229,Worthing,Local Authority District,Visited a public library,2025-04-01/P1Y,35,Percentage,%,30,40,,
E47000009,West of England,Combined Authority or City Region,Visited a public library,2025-04-01/P1Y,32,Percentage,%,30,34,,
E47000009,West of England,Combined Authority or City Region,Visited a public library,2024-04-01/P1Y,26,Percentage,%,21,32,,
E47000015,Devon and Torbay,Combined Authority or City Region,Visited a public library,2024-04-01/P1Y,25,Percentage,%,22,29,,
E47000015,Devon and Torbay,Combined Authority or City Region,Visited a public library,2025-04-01/P1Y,32,Percentage,%,30,34,,
E06000022,Bath and North East Somerset,County or Unitary Authority,Visited a public library,2025-04-01/P1Y,36,Percentage,%,31,41,,
E06000058,"Bournemouth, Christchurch and Poole",County or Unitary Authority,Visited a public library,2025-04-01/P1Y,29,Percentage,%,26,33,,
E06000023,"Bristol, City of",County or Unitary Authority,Visited a public library,2025-04-01/P1Y,32,Percentage,%,29,35,,
E06000052,Cornwall,County or Unitary Authority,Visited a public library,2025-04-01/P1Y,27,Percentage,%,25,29,,
E06000059,Dorset,County or Unitary Authority,Visited a public library,2025-04-01/P1Y,31,Percentage,%,27,34,,
E06000053,Isles of Scilly,County or Unitary Authority,Visited a public library,2025-04-01/P1Y,,Percentage,%,,,c,
E06000024,North Somerset,County or Unitary Authority,Visited a public library,2025-04-01/P1Y,26,Percentage,%,22,30,,
E06000026,Plymouth,County or Unitary Authority,Visited a public library,2025-04-01/P1Y,24,Percentage,%,21,29,,
E06000066,Somerset,County or Unitary Authority,Visited a public library,2025-04-01/P1Y,29,Percentage,%,26,32,,
E06000025,South Gloucestershire,County or Unitary Authority,Visited a public library,2025-04-01/P1Y,30,Percentage,%,25,34,,
E06000030,Swindon,County or Unitary Authority,Visited a public library,2025-04-01/P1Y,21,Percentage,%,17,26,,
E06000027,Torbay,County or Unitary Authority,Visited a public library,2025-04-01/P1Y,29,Percentage,%,25,34,,
E06000054,Wiltshire,County or Unitary Authority,Visited a public library,2025-04-01/P1Y,33,Percentage,%,30,36,,
E07000040,East Devon,Local Authority District,Visited a public library,2025-04-01/P1Y,29,Percentage,%,25,34,,
E07000041,Exeter,Local Authority District,Visited a public library,2025-04-01/P1Y,37,Percentage,%,32,43,,
E07000042,Mid Devon,Local Authority District,Visited a public library,2025-04-01/P1Y,33,Percentage,%,28,39,,
E07000043,North Devon,Local Authority District,Visited a public library,2025-04-01/P1Y,31,Percentage,%,27,36,,
E07000044,South Hams,Local Authority District,Visited a public library,2025-04-01/P1Y,33,Percentage,%,28,38,,
E07000045,Teignbridge,Local Authority District,Visited a public library,2025-04-01/P1Y,35,Percentage,%,30,41,,
E07000046,Torridge,Local Authority District,Visited a public library,2025-04-01/P1Y,29,Percentage,%,24,34,,
E07000047,West Devon,Local Authority District,Visited a public library,2025-04-01/P1Y,25,Percentage,%,20,31,,
E07000078,Cheltenham,Local Authority District,Visited a public library,2025-04-01/P1Y,29,Percentage,%,25,34,,
E07000079,Cotswold,Local Authority District,Visited a public library,2025-04-01/P1Y,25,Percentage,%,20,30,,
E07000080,Forest of Dean,Local Authority District,Visited a public library,2025-04-01/P1Y,28,Percentage,%,23,33,,
E07000081,Gloucester,Local Authority District,Visited a public library,2025-04-01/P1Y,26,Percentage,%,21,31,,
E07000082,Stroud,Local Authority District,Visited a public library,2025-04-01/P1Y,35,Percentage,%,29,41,,
E07000083,Tewkesbury,Local Authority District,Visited a public library,2025-04-01/P1Y,26,Percentage,%,22,31,,
TLC,North East,ITL Level 1,Visited a public library,2025-04-01/P1Y,26,Percentage,%,24,27,,
TLC,North East,ITL Level 1,Visited a public library,2024-04-01/P1Y,19,Percentage,%,18,21,,
TLC3,Tees Valley,ITL Level 2,Visited a public library,2025-04-01/P1Y,27,Percentage,%,25,29,,
TLC3,Tees Valley,ITL Level 2,Visited a public library,2024-04-01/P1Y,18,Percentage,%,15,21,,
TLC4,North East,ITL Level 2,Visited a public library,2025-04-01/P1Y,25,Percentage,%,24,26,,
TLC4,North East,ITL Level 2,Visited a public library,2024-04-01/P1Y,20,Percentage,%,18,22,,
TLD,North West,ITL Level 1,Visited a public library,2025-04-01/P1Y,30,Percentage,%,30,31,,
TLD,North West,ITL Level 1,Visited a public library,2024-04-01/P1Y,26,Percentage,%,24,27,,
TLD1,Cumbria,ITL Level 2,Visited a public library,2025-04-01/P1Y,29,Percentage,%,27,31,,
TLD1,Cumbria,ITL Level 2,Visited a public library,2024-04-01/P1Y,22,Percentage,%,19,25,,
TLD3,Greater Manchester,ITL Level 2,Visited a public library,2024-04-01/P1Y,28,Percentage,%,25,31,,
TLD3,Greater Manchester,ITL Level 2,Visited a public library,2025-04-01/P1Y,33,Percentage,%,32,34,,
TLD4,Lancashire,ITL Level 2,Visited a public library,2025-04-01/P1Y,29,Percentage,%,27,30,,
TLD4,Lancashire,ITL Level 2,Visited a public library,2024-04-01/P1Y,21,Percentage,%,18,24,,
TLD6,Cheshire,ITL Level 2,Visited a public library,2025-04-01/P1Y,31,Percentage,%,29,33,,
TLD6,Cheshire,ITL Level 2,Visited a public library,2024-04-01/P1Y,31,Percentage,%,27,34,,
TLD7,Liverpool City Region,ITL Level 2,Visited a public library,2025-04-01/P1Y,27,Percentage,%,25,29,,
TLD7,Liverpool City Region,ITL Level 2,Visited a public library,2024-04-01/P1Y,26,Percentage,%,22,29,,
TLE,Yorkshire and The Humber,ITL Level 1,Visited a public library,2025-04-01/P1Y,28,Percentage,%,27,29,,
TLE,Yorkshire and The Humber,ITL Level 1,Visited a public library,2024-04-01/P1Y,24,Percentage,%,23,26,,
TLE1,East Yorkshire and Northern Lincolnshire,ITL Level 2,Visited a public library,2025-04-01/P1Y,26,Percentage,%,24,28,,
TLE1,East Yorkshire and Northern Lincolnshire,ITL Level 2,Visited a public library,2024-04-01/P1Y,23,Percentage,%,20,27,,
TLE2,York and North Yorkshire,ITL Level 2,Visited a public library,2024-04-01/P1Y,29,Percentage,%,26,33,,
TLE2,York and North Yorkshire,ITL Level 2,Visited a public library,2025-04-01/P1Y,34,Percentage,%,32,36,,
TLE3,South Yorkshire,ITL Level 2,Visited a public library,2025-04-01/P1Y,26,Percentage,%,24,28,,
TLE3,South Yorkshire,ITL Level 2,Visited a public library,2024-04-01/P1Y,21,Percentage,%,18,24,,
TLE4,West Yorkshire,ITL Level 2,Visited a public library,2025-04-01/P1Y,28,Percentage,%,26,29,,
TLE4,West Yorkshire,ITL Level 2,Visited a public library,2024-04-01/P1Y,25,Percentage,%,22,28,,
TLF,East Midlands,ITL Level 1,Visited a public library,2025-04-01/P1Y,27,Percentage,%,27,28,,
TLF,East Midlands,ITL Level 1,Visited a public library,2024-04-01/P1Y,22,Percentage,%,20,24,,
TLF1,East Midlands,ITL Level 2,Visited a public library,2025-04-01/P1Y,28,Percentage,%,27,29,,
TLF1,East Midlands,ITL Level 2,Visited a public library,2024-04-01/P1Y,23,Percentage,%,20,26,,
TLF2,"Leicestershire, Rutland and Northamptonshire",ITL Level 2,Visited a public library,2025-04-01/P1Y,29,Percentage,%,27,30,,
TLF2,"Leicestershire, Rutland and Northamptonshire",ITL Level 2,Visited a public library,2024-04-01/P1Y,23,Percentage,%,20,27,,
TLF3,Lincolnshire,ITL Level 2,Visited a public library,2025-04-01/P1Y,23,Percentage,%,21,25,,
TLF3,Lincolnshire,ITL Level 2,Visited a public library,2024-04-01/P1Y,18,Percentage,%,15,22,,
TLG,West Midlands,ITL Level 1,Visited a public library,2024-04-01/P1Y,24,Percentage,%,22,26,,
TLG,West Midlands,ITL Level 1,Visited a public library,2025-04-01/P1Y,28,Percentage,%,27,29,,
TLG1,"Herefordshire, Worcestershire and Warwickshire",ITL Level 2,Visited a public library,2025-04-01/P1Y,30,Percentage,%,28,31,,
TLG1,"Herefordshire, Worcestershire and Warwickshire",ITL Level 2,Visited a public library,2024-04-01/P1Y,24,Percentage,%,21,28,,
TLG2,Shropshire and Staffordshire,ITL Level 2,Visited a public library,2025-04-01/P1Y,25,Percentage,%,24,27,,
TLG2,Shropshire and Staffordshire,ITL Level 2,Visited a public library,2024-04-01/P1Y,21,Percentage,%,19,25,,
TLG3,West Midlands,ITL Level 2,Visited a public library,2025-04-01/P1Y,29,Percentage,%,28,30,,
TLG3,West Midlands,ITL Level 2,Visited a public library,2024-04-01/P1Y,26,Percentage,%,23,29,,
TLH,East of England,ITL Level 1,Visited a public library,2025-04-01/P1Y,32,Percentage,%,32,33,,
TLH,East of England,ITL Level 1,Visited a public library,2024-04-01/P1Y,29,Percentage,%,27,31,,
TLH4,Cambridgeshire and Peterborough,ITL Level 2,Visited a public library,2025-04-01/P1Y,33,Percentage,%,31,35,,
TLH4,Cambridgeshire and Peterborough,ITL Level 2,Visited a public library,2024-04-01/P1Y,32,Percentage,%,27,38,,
TLH5,Norfolk,ITL Level 2,Visited a public library,2024-04-01/P1Y,28,Percentage,%,24,34,,
TLH5,Norfolk,ITL Level 2,Visited a public library,2025-04-01/P1Y,33,Percentage,%,31,35,,
TLH6,Suffolk,ITL Level 2,Visited a public library,2025-04-01/P1Y,32,Percentage,%,30,34,,
TLH6,Suffolk,ITL Level 2,Visited a public library,2024-04-01/P1Y,24,Percentage,%,20,30,,
TLH2,Bedfordshire and Hertfordshire,ITL Level 2,Visited a public library,2025-04-01/P1Y,33,Percentage,%,31,34,,
TLH2,Bedfordshire and Hertfordshire,ITL Level 2,Visited a public library,2024-04-01/P1Y,31,Percentage,%,28,35,,
TLH3,Essex,ITL Level 2,Visited a public library,2025-04-01/P1Y,31,Percentage,%,30,33,,
TLH3,Essex,ITL Level 2,Visited a public library,2024-04-01/P1Y,26,Percentage,%,23,30,,
TLI,London,ITL Level 1,Visited a public library,2025-04-01/P1Y,37,Percentage,%,36,38,,
TLI,London,ITL Level 1,Visited a public library,2024-04-01/P1Y,31,Percentage,%,29,32,,
TLI3,Inner London - West,ITL Level 2,Visited a public library,2025-04-01/P1Y,39,Percentage,%,37,41,,
TLI3,Inner London - West,ITL Level 2,Visited a public library,2024-04-01/P1Y,32,Percentage,%,29,36,,
TLI4,Inner London - East,ITL Level 2,Visited a public library,2024-04-01/P1Y,32,Percentage,%,28,35,,
TLI4,Inner London - East,ITL Level 2,Visited a public library,2025-04-01/P1Y,38,Percentage,%,36,39,,
TLI5,Outer London - East and North East,ITL Level 2,Visited a public library,2024-04-01/P1Y,28,Percentage,%,25,31,,
TLI5,Outer London - East and North East,ITL Level 2,Visited a public library,2025-04-01/P1Y,37,Percentage,%,36,39,,
TLI6,Outer London - South,ITL Level 2,Visited a public library,2025-04-01/P1Y,36,Percentage,%,34,38,,
TLI6,Outer London - South,ITL Level 2,Visited a public library,2024-04-01/P1Y,33,Percentage,%,29,38,,
TLI7,Outer London - West and North West,ITL Level 2,Visited a public library,2025-04-01/P1Y,35,Percentage,%,34,37,,
TLI7,Outer London - West and North West,ITL Level 2,Visited a public library,2024-04-01/P1Y,30,Percentage,%,26,33,,
TLJ,South East (England),ITL Level 1,Visited a public library,2025-04-01/P1Y,32,Percentage,%,32,33,,
TLJ,South East (England),ITL Level 1,Visited a public library,2024-04-01/P1Y,27,Percentage,%,26,29,,
TLJ1,"Berkshire, Buckinghamshire and Oxfordshire",ITL Level 2,Visited a public library,2025-04-01/P1Y,33,Percentage,%,32,35,,
TLJ1,"Berkshire, Buckinghamshire and Oxfordshire",ITL Level 2,Visited a public library,2024-04-01/P1Y,29,Percentage,%,26,32,,
TLJ2,"Surrey, East and West Sussex",ITL Level 2,Visited a public library,2025-04-01/P1Y,34,Percentage,%,33,35,,
TLJ2,"Surrey, East and West Sussex",ITL Level 2,Visited a public library,2024-04-01/P1Y,27,Percentage,%,24,30,,
TLJ3,Hampshire and Isle of Wight,ITL Level 2,Visited a public library,2024-04-01/P1Y,28,Percentage,%,24,31,,
TLJ3,Hampshire and Isle of Wight,ITL Level 2,Visited a public library,2025-04-01/P1Y,31,Percentage,%,30,33,,
TLJ4,Kent,ITL Level 2,Visited a public library,2025-04-01/P1Y,29,Percentage,%,27,30,,
TLJ4,Kent,ITL Level 2,Visited a public library,2024-04-01/P1Y,25,Percentage,%,22,29,,
TLK,South West (England),ITL Level 1,Visited a public library,2025-04-01/P1Y,30,Percentage,%,29,30,,
TLK,South West (England),ITL Level 1,Visited a public library,2024-04-01/P1Y,25,Percentage,%,24,27,,
TLK5,West of England,ITL Level 2,Visited a public library,2025-04-01/P1Y,32,Percentage,%,30,34,,
TLK5,West of England,ITL Level 2,Visited a public library,2024-04-01/P1Y,26,Percentage,%,21,32,,
TLK7,Gloucestershire and Wiltshire,ITL Level 2,Visited a public library,2025-04-01/P1Y,29,Percentage,%,27,31,,
TLK7,Gloucestershire and Wiltshire,ITL Level 2,Visited a public library,2024-04-01/P1Y,26,Percentage,%,22,30,,
TLK6,"North Somerset, Somerset and Dorset",ITL Level 2,Visited a public library,2025-04-01/P1Y,29,Percentage,%,27,31,,
TLK6,"North Somerset, Somerset and Dorset",ITL Level 2,Visited a public library,2024-04-01/P1Y,26,Percentage,%,23,29,,
TLK3,Cornwall and Isles of Scilly,ITL Level 2,Visited a public library,2025-04-01/P1Y,27,Percentage,%,25,29,,
TLK3,Cornwall and Isles of Scilly,ITL Level 2,Visited a public library,2024-04-01/P1Y,22,Percentage,%,19,25,,
TLK4,Devon,ITL Level 2,Visited a public library,2025-04-01/P1Y,30,Percentage,%,29,32,,
TLK4,Devon,ITL Level 2,Visited a public library,2024-04-01/P1Y,26,Percentage,%,23,29,,
