areacd,areanm,geography,indicator,period,observation,measure,unit,lci_95,uci_95,status,notes
K02000001,United Kingdom,Country,Food outlets,15/03/2010,1.8,Rate per 1000 people,Rate per 1000 people,,,,
K02000001,United Kingdom,Country,Food outlets,15/03/2026,2.3,Rate per 1000 people,Rate per 1000 people,,,,
K02000001,United Kingdom,Country,Food outlets,15/03/2025,2.2,Rate per 1000 people,Rate per 1000 people,,,,
K02000001,United Kingdom,Country,Food outlets,15/03/2024,2.2,Rate per 1000 people,Rate per 1000 people,,,,
K02000001,United Kingdom,Country,Food outlets,15/03/2023,2.3,Rate per 1000 people,Rate per 1000 people,,,,
K02000001,United Kingdom,Country,Food outlets,15/03/2021,2.2,Rate per 1000 people,Rate per 1000 people,,,,
K02000001,United Kingdom,Country,Food outlets,15/03/2020,2.1,Rate per 1000 people,Rate per 1000 people,,,,
K02000001,United Kingdom,Country,Food outlets,15/03/2019,2.1,Rate per 1000 people,Rate per 1000 people,,,,
K02000001,United Kingdom,Country,Food outlets,15/03/2022,2.3,Rate per 1000 people,Rate per 1000 people,,,,
K02000001,United Kingdom,Country,Food outlets,15/03/2017,2,Rate per 1000 people,Rate per 1000 people,,,,
K02000001,United Kingdom,Country,Food outlets,15/03/2016,2,Rate per 1000 people,Rate per 1000 people,,,,
K02000001,United Kingdom,Country,Food outlets,15/03/2015,2,Rate per 1000 people,Rate per 1000 people,,,,
K02000001,United Kingdom,Country,Food outlets,15/03/2014,1.8,Rate per 1000 people,Rate per 1000 people,,,,
K02000001,United Kingdom,Country,Food outlets,15/03/2013,1.8,Rate per 1000 people,Rate per 1000 people,,,,
K02000001,United Kingdom,Country,Food outlets,15/03/2012,1.8,Rate per 1000 people,Rate per 1000 people,,,,
K02000001,United Kingdom,Country,Food outlets,15/03/2011,1.8,Rate per 1000 people,Rate per 1000 people,,,,
K02000001,United Kingdom,Country,Food outlets,15/03/2018,2,Rate per 1000 people,Rate per 1000 people,,,,
K03000001,Great Britain,Country,Food outlets,15/03/2019,2.1,Rate per 1000 people,Rate per 1000 people,,,,
K03000001,Great Britain,Country,Food outlets,15/03/2026,2.3,Rate per 1000 people,Rate per 1000 people,,,,
K03000001,Great Britain,Country,Food outlets,15/03/2025,2.2,Rate per 1000 people,Rate per 1000 people,,,,
K03000001,Great Britain,Country,Food outlets,15/03/2024,2.2,Rate per 1000 people,Rate per 1000 people,,,,
K03000001,Great Britain,Country,Food outlets,15/03/2023,2.3,Rate per 1000 people,Rate per 1000 people,,,,
K03000001,Great Britain,Country,Food outlets,15/03/2021,2.2,Rate per 1000 people,Rate per 1000 people,,,,
K03000001,Great Britain,Country,Food outlets,15/03/2020,2.1,Rate per 1000 people,Rate per 1000 people,,,,
K03000001,Great Britain,Country,Food outlets,15/03/2018,2,Rate per 1000 people,Rate per 1000 people,,,,
K03000001,Great Britain,Country,Food outlets,15/03/2022,2.3,Rate per 1000 people,Rate per 1000 people,,,,
K03000001,Great Britain,Country,Food outlets,15/03/2016,2,Rate per 1000 people,Rate per 1000 people,,,,
K03000001,Great Britain,Country,Food outlets,15/03/2015,2,Rate per 1000 people,Rate per 1000 people,,,,
K03000001,Great Britain,Country,Food outlets,15/03/2014,1.8,Rate per 1000 people,Rate per 1000 people,,,,
K03000001,Great Britain,Country,Food outlets,15/03/2013,1.8,Rate per 1000 people,Rate per 1000 people,,,,
K03000001,Great Britain,Country,Food outlets,15/03/2012,1.8,Rate per 1000 people,Rate per 1000 people,,,,
K03000001,Great Britain,Country,Food outlets,15/03/2011,1.8,Rate per 1000 people,Rate per 1000 people,,,,
K03000001,Great Britain,Country,Food outlets,15/03/2010,1.8,Rate per 1000 people,Rate per 1000 people,,,,
K03000001,Great Britain,Country,Food outlets,15/03/2017,2,Rate per 1000 people,Rate per 1000 people,,,,
K04000001,England and Wales,Country,Food outlets,15/03/2026,2.3,Rate per 1000 people,Rate per 1000 people,,,,
K04000001,England and Wales,Country,Food outlets,15/03/2025,2.2,Rate per 1000 people,Rate per 1000 people,,,,
K04000001,England and Wales,Country,Food outlets,15/03/2024,2.2,Rate per 1000 people,Rate per 1000 people,,,,
K04000001,England and Wales,Country,Food outlets,15/03/2023,2.3,Rate per 1000 people,Rate per 1000 people,,,,
K04000001,England and Wales,Country,Food outlets,15/03/2022,2.3,Rate per 1000 people,Rate per 1000 people,,,,
K04000001,England and Wales,Country,Food outlets,15/03/2021,2.2,Rate per 1000 people,Rate per 1000 people,,,,
K04000001,England and Wales,Country,Food outlets,15/03/2020,2.1,Rate per 1000 people,Rate per 1000 people,,,,
K04000001,England and Wales,Country,Food outlets,15/03/2019,2.1,Rate per 1000 people,Rate per 1000 people,,,,
K04000001,England and Wales,Country,Food outlets,15/03/2018,2,Rate per 1000 people,Rate per 1000 people,,,,
K04000001,England and Wales,Country,Food outlets,15/03/2016,2,Rate per 1000 people,Rate per 1000 people,,,,
K04000001,England and Wales,Country,Food outlets,15/03/2015,2,Rate per 1000 people,Rate per 1000 people,,,,
K04000001,England and Wales,Country,Food outlets,15/03/2014,1.8,Rate per 1000 people,Rate per 1000 people,,,,
K04000001,England and Wales,Country,Food outlets,15/03/2013,1.8,Rate per 1000 people,Rate per 1000 people,,,,
K04000001,England and Wales,Country,Food outlets,15/03/2012,1.8,Rate per 1000 people,Rate per 1000 people,,,,
K04000001,England and Wales,Country,Food outlets,15/03/2011,1.8,Rate per 1000 people,Rate per 1000 people,,,,
K04000001,England and Wales,Country,Food outlets,15/03/2010,1.8,Rate per 1000 people,Rate per 1000 people,,,,
K04000001,England and Wales,Country,Food outlets,15/03/2017,2,Rate per 1000 people,Rate per 1000 people,,,,
E92000001,England,Nation,Food outlets,15/03/2020,2.1,Rate per 1000 people,Rate per 1000 people,,,,
E92000001,England,Nation,Food outlets,15/03/2026,2.3,Rate per 1000 people,Rate per 1000 people,,,,
E92000001,England,Nation,Food outlets,15/03/2025,2.2,Rate per 1000 people,Rate per 1000 people,,,,
E92000001,England,Nation,Food outlets,15/03/2024,2.2,Rate per 1000 people,Rate per 1000 people,,,,
E92000001,England,Nation,Food outlets,15/03/2023,2.2,Rate per 1000 people,Rate per 1000 people,,,,
E92000001,England,Nation,Food outlets,15/03/2022,2.3,Rate per 1000 people,Rate per 1000 people,,,,
E92000001,England,Nation,Food outlets,15/03/2021,2.2,Rate per 1000 people,Rate per 1000 people,,,,
E92000001,England,Nation,Food outlets,15/03/2019,2.1,Rate per 1000 people,Rate per 1000 people,,,,
E92000001,England,Nation,Food outlets,15/03/2013,1.8,Rate per 1000 people,Rate per 1000 people,,,,
E92000001,England,Nation,Food outlets,15/03/2017,2,Rate per 1000 people,Rate per 1000 people,,,,
E92000001,England,Nation,Food outlets,15/03/2016,2,Rate per 1000 people,Rate per 1000 people,,,,
E92000001,England,Nation,Food outlets,15/03/2015,2,Rate per 1000 people,Rate per 1000 people,,,,
E92000001,England,Nation,Food outlets,15/03/2014,1.8,Rate per 1000 people,Rate per 1000 people,,,,
E92000001,England,Nation,Food outlets,15/03/2018,2,Rate per 1000 people,Rate per 1000 people,,,,
E92000001,England,Nation,Food outlets,15/03/2012,1.8,Rate per 1000 people,Rate per 1000 people,,,,
E92000001,England,Nation,Food outlets,15/03/2011,1.8,Rate per 1000 people,Rate per 1000 people,,,,
E92000001,England,Nation,Food outlets,15/03/2010,1.8,Rate per 1000 people,Rate per 1000 people,,,,
E12000001,North East,Region,Food outlets,15/03/2025,2.2,Rate per 1000 people,Rate per 1000 people,,,,
E12000001,North East,Region,Food outlets,15/03/2024,2.2,Rate per 1000 people,Rate per 1000 people,,,,
E12000001,North East,Region,Food outlets,15/03/2023,2.3,Rate per 1000 people,Rate per 1000 people,,,,
E12000001,North East,Region,Food outlets,15/03/2022,2.4,Rate per 1000 people,Rate per 1000 people,,,,
E12000001,North East,Region,Food outlets,15/03/2021,2.3,Rate per 1000 people,Rate per 1000 people,,,,
E12000001,North East,Region,Food outlets,15/03/2020,2.3,Rate per 1000 people,Rate per 1000 people,,,,
E12000001,North East,Region,Food outlets,15/03/2019,2.2,Rate per 1000 people,Rate per 1000 people,,,,
E12000001,North East,Region,Food outlets,15/03/2018,2.1,Rate per 1000 people,Rate per 1000 people,,,,
E12000001,North East,Region,Food outlets,15/03/2026,2.3,Rate per 1000 people,Rate per 1000 people,,,,
E12000001,North East,Region,Food outlets,15/03/2016,2,Rate per 1000 people,Rate per 1000 people,,,,
E12000001,North East,Region,Food outlets,15/03/2015,2,Rate per 1000 people,Rate per 1000 people,,,,
E12000001,North East,Region,Food outlets,15/03/2014,1.7,Rate per 1000 people,Rate per 1000 people,,,,
E12000001,North East,Region,Food outlets,15/03/2013,1.6,Rate per 1000 people,Rate per 1000 people,,,,
E12000001,North East,Region,Food outlets,15/03/2012,1.7,Rate per 1000 people,Rate per 1000 people,,,,
E12000001,North East,Region,Food outlets,15/03/2011,1.6,Rate per 1000 people,Rate per 1000 people,,,,
E12000001,North East,Region,Food outlets,15/03/2010,1.7,Rate per 1000 people,Rate per 1000 people,,,,
E12000001,North East,Region,Food outlets,15/03/2017,2.1,Rate per 1000 people,Rate per 1000 people,,,,
E47000006,Tees Valley,Combined Authority or City Region,Food outlets,15/03/2026,2.1,Rate per 1000 people,Rate per 1000 people,,,,
E47000006,Tees Valley,Combined Authority or City Region,Food outlets,15/03/2025,2,Rate per 1000 people,Rate per 1000 people,,,,
E47000006,Tees Valley,Combined Authority or City Region,Food outlets,15/03/2024,2,Rate per 1000 people,Rate per 1000 people,,,,
E47000006,Tees Valley,Combined Authority or City Region,Food outlets,15/03/2023,2.1,Rate per 1000 people,Rate per 1000 people,,,,
E47000006,Tees Valley,Combined Authority or City Region,Food outlets,15/03/2022,2.2,Rate per 1000 people,Rate per 1000 people,,,,
E47000006,Tees Valley,Combined Authority or City Region,Food outlets,15/03/2021,2,Rate per 1000 people,Rate per 1000 people,,,,
E47000006,Tees Valley,Combined Authority or City Region,Food outlets,15/03/2020,2,Rate per 1000 people,Rate per 1000 people,,,,
E47000006,Tees Valley,Combined Authority or City Region,Food outlets,15/03/2019,1.9,Rate per 1000 people,Rate per 1000 people,,,,
E47000006,Tees Valley,Combined Authority or City Region,Food outlets,15/03/2018,1.8,Rate per 1000 people,Rate per 1000 people,,,,
E47000006,Tees Valley,Combined Authority or City Region,Food outlets,15/03/2016,1.6,Rate per 1000 people,Rate per 1000 people,,,,
E47000006,Tees Valley,Combined Authority or City Region,Food outlets,15/03/2015,1.6,Rate per 1000 people,Rate per 1000 people,,,,
E47000006,Tees Valley,Combined Authority or City Region,Food outlets,15/03/2014,1.4,Rate per 1000 people,Rate per 1000 people,,,,
E47000006,Tees Valley,Combined Authority or City Region,Food outlets,15/03/2013,1.3,Rate per 1000 people,Rate per 1000 people,,,,
E47000006,Tees Valley,Combined Authority or City Region,Food outlets,15/03/2012,1.4,Rate per 1000 people,Rate per 1000 people,,,,
E47000006,Tees Valley,Combined Authority or City Region,Food outlets,15/03/2011,1.3,Rate per 1000 people,Rate per 1000 people,,,,
E47000006,Tees Valley,Combined Authority or City Region,Food outlets,15/03/2010,1.4,Rate per 1000 people,Rate per 1000 people,,,,
E47000006,Tees Valley,Combined Authority or City Region,Food outlets,15/03/2017,1.8,Rate per 1000 people,Rate per 1000 people,,,,
E47000014,North East,Combined Authority or City Region,Food outlets,15/03/2020,2.3,Rate per 1000 people,Rate per 1000 people,,,,
E47000014,North East,Combined Authority or City Region,Food outlets,15/03/2026,2.4,Rate per 1000 people,Rate per 1000 people,,,,
E47000014,North East,Combined Authority or City Region,Food outlets,15/03/2025,2.3,Rate per 1000 people,Rate per 1000 people,,,,
E47000014,North East,Combined Authority or City Region,Food outlets,15/03/2024,2.3,Rate per 1000 people,Rate per 1000 people,,,,
E47000014,North East,Combined Authority or City Region,Food outlets,15/03/2023,2.4,Rate per 1000 people,Rate per 1000 people,,,,
E47000014,North East,Combined Authority or City Region,Food outlets,15/03/2022,2.4,Rate per 1000 people,Rate per 1000 people,,,,
E47000014,North East,Combined Authority or City Region,Food outlets,15/03/2021,2.4,Rate per 1000 people,Rate per 1000 people,,,,
E47000014,North East,Combined Authority or City Region,Food outlets,15/03/2019,2.3,Rate per 1000 people,Rate per 1000 people,,,,
E47000014,North East,Combined Authority or City Region,Food outlets,15/03/2017,2.2,Rate per 1000 people,Rate per 1000 people,,,,
E47000014,North East,Combined Authority or City Region,Food outlets,15/03/2016,2.1,Rate per 1000 people,Rate per 1000 people,,,,
E47000014,North East,Combined Authority or City Region,Food outlets,15/03/2015,2.1,Rate per 1000 people,Rate per 1000 people,,,,
E47000014,North East,Combined Authority or City Region,Food outlets,15/03/2014,1.8,Rate per 1000 people,Rate per 1000 people,,,,
E47000014,North East,Combined Authority or City Region,Food outlets,15/03/2013,1.7,Rate per 1000 people,Rate per 1000 people,,,,
E47000014,North East,Combined Authority or City Region,Food outlets,15/03/2012,1.8,Rate per 1000 people,Rate per 1000 people,,,,
E47000014,North East,Combined Authority or City Region,Food outlets,15/03/2011,1.7,Rate per 1000 people,Rate per 1000 people,,,,
E47000014,North East,Combined Authority or City Region,Food outlets,15/03/2010,1.8,Rate per 1000 people,Rate per 1000 people,,,,
E47000014,North East,Combined Authority or City Region,Food outlets,15/03/2018,2.2,Rate per 1000 people,Rate per 1000 people,,,,
E06000047,County Durham,County or Unitary Authority,Food outlets,15/03/2021,2.3,Rate per 1000 people,Rate per 1000 people,,,,
E06000047,County Durham,County or Unitary Authority,Food outlets,15/03/2022,2.3,Rate per 1000 people,Rate per 1000 people,,,,
E06000047,County Durham,County or Unitary Authority,Food outlets,15/03/2020,2.2,Rate per 1000 people,Rate per 1000 people,,,,
E06000047,County Durham,County or Unitary Authority,Food outlets,15/03/2019,2.1,Rate per 1000 people,Rate per 1000 people,,,,
E06000047,County Durham,County or Unitary Authority,Food outlets,15/03/2023,2.1,Rate per 1000 people,Rate per 1000 people,,,,
E06000047,County Durham,County or Unitary Authority,Food outlets,15/03/2026,2.1,Rate per 1000 people,Rate per 1000 people,,,,
E06000047,County Durham,County or Unitary Authority,Food outlets,15/03/2025,2.1,Rate per 1000 people,Rate per 1000 people,,,,
E06000047,County Durham,County or Unitary Authority,Food outlets,15/03/2024,2.1,Rate per 1000 people,Rate per 1000 people,,,,
E06000047,County Durham,County or Unitary Authority,Food outlets,15/03/2018,2.1,Rate per 1000 people,Rate per 1000 people,,,,
E06000047,County Durham,County or Unitary Authority,Food outlets,15/03/2013,1.7,Rate per 1000 people,Rate per 1000 people,,,,
E06000047,County Durham,County or Unitary Authority,Food outlets,15/03/2012,1.7,Rate per 1000 people,Rate per 1000 people,,,,
E06000047,County Durham,County or Unitary Authority,Food outlets,15/03/2011,1.7,Rate per 1000 people,Rate per 1000 people,,,,
E06000047,County Durham,County or Unitary Authority,Food outlets,15/03/2010,1.8,Rate per 1000 people,Rate per 1000 people,,,,
E06000047,County Durham,County or Unitary Authority,Food outlets,15/03/2014,1.7,Rate per 1000 people,Rate per 1000 people,,,,
E06000047,County Durham,County or Unitary Authority,Food outlets,15/03/2017,2,Rate per 1000 people,Rate per 1000 people,,,,
E06000047,County Durham,County or Unitary Authority,Food outlets,15/03/2016,2,Rate per 1000 people,Rate per 1000 people,,,,
E06000047,County Durham,County or Unitary Authority,Food outlets,15/03/2015,1.9,Rate per 1000 people,Rate per 1000 people,,,,
E06000005,Darlington,County or Unitary Authority,Food outlets,15/03/2022,2.4,Rate per 1000 people,Rate per 1000 people,,,,
E06000005,Darlington,County or Unitary Authority,Food outlets,15/03/2021,2.2,Rate per 1000 people,Rate per 1000 people,,,,
E06000005,Darlington,County or Unitary Authority,Food outlets,15/03/2020,2.2,Rate per 1000 people,Rate per 1000 people,,,,
E06000005,Darlington,County or Unitary Authority,Food outlets,15/03/2019,2.2,Rate per 1000 people,Rate per 1000 people,,,,
E06000005,Darlington,County or Unitary Authority,Food outlets,15/03/2018,2,Rate per 1000 people,Rate per 1000 people,,,,
E06000005,Darlington,County or Unitary Authority,Food outlets,15/03/2023,2.3,Rate per 1000 people,Rate per 1000 people,,,,
E06000005,Darlington,County or Unitary Authority,Food outlets,15/03/2026,2.3,Rate per 1000 people,Rate per 1000 people,,,,
E06000005,Darlington,County or Unitary Authority,Food outlets,15/03/2025,2.2,Rate per 1000 people,Rate per 1000 people,,,,
E06000005,Darlington,County or Unitary Authority,Food outlets,15/03/2024,2.1,Rate per 1000 people,Rate per 1000 people,,,,
E06000005,Darlington,County or Unitary Authority,Food outlets,15/03/2013,1.6,Rate per 1000 people,Rate per 1000 people,,,,
E06000005,Darlington,County or Unitary Authority,Food outlets,15/03/2012,1.7,Rate per 1000 people,Rate per 1000 people,,,,
E06000005,Darlington,County or Unitary Authority,Food outlets,15/03/2011,1.5,Rate per 1000 people,Rate per 1000 people,,,,
E06000005,Darlington,County or Unitary Authority,Food outlets,15/03/2010,1.6,Rate per 1000 people,Rate per 1000 people,,,,
E06000005,Darlington,County or Unitary Authority,Food outlets,15/03/2014,1.7,Rate per 1000 people,Rate per 1000 people,,,,
E06000005,Darlington,County or Unitary Authority,Food outlets,15/03/2017,2.2,Rate per 1000 people,Rate per 1000 people,,,,
E06000005,Darlington,County or Unitary Authority,Food outlets,15/03/2016,1.8,Rate per 1000 people,Rate per 1000 people,,,,
E06000005,Darlington,County or Unitary Authority,Food outlets,15/03/2015,1.9,Rate per 1000 people,Rate per 1000 people,,,,
E06000001,Hartlepool,County or Unitary Authority,Food outlets,15/03/2022,2.2,Rate per 1000 people,Rate per 1000 people,,,,
E06000001,Hartlepool,County or Unitary Authority,Food outlets,15/03/2021,2.2,Rate per 1000 people,Rate per 1000 people,,,,
E06000001,Hartlepool,County or Unitary Authority,Food outlets,15/03/2020,2.2,Rate per 1000 people,Rate per 1000 people,,,,
E06000001,Hartlepool,County or Unitary Authority,Food outlets,15/03/2019,2.1,Rate per 1000 people,Rate per 1000 people,,,,
E06000001,Hartlepool,County or Unitary Authority,Food outlets,15/03/2024,2.1,Rate per 1000 people,Rate per 1000 people,,,,
E06000001,Hartlepool,County or Unitary Authority,Food outlets,15/03/2023,2.1,Rate per 1000 people,Rate per 1000 people,,,,
E06000001,Hartlepool,County or Unitary Authority,Food outlets,15/03/2026,2.2,Rate per 1000 people,Rate per 1000 people,,,,
E06000001,Hartlepool,County or Unitary Authority,Food outlets,15/03/2025,2.1,Rate per 1000 people,Rate per 1000 people,,,,
E06000001,Hartlepool,County or Unitary Authority,Food outlets,15/03/2018,2,Rate per 1000 people,Rate per 1000 people,,,,
E06000001,Hartlepool,County or Unitary Authority,Food outlets,15/03/2013,1.5,Rate per 1000 people,Rate per 1000 people,,,,
E06000001,Hartlepool,County or Unitary Authority,Food outlets,15/03/2012,1.6,Rate per 1000 people,Rate per 1000 people,,,,
E06000001,Hartlepool,County or Unitary Authority,Food outlets,15/03/2011,1.5,Rate per 1000 people,Rate per 1000 people,,,,
E06000001,Hartlepool,County or Unitary Authority,Food outlets,15/03/2010,1.6,Rate per 1000 people,Rate per 1000 people,,,,
E06000001,Hartlepool,County or Unitary Authority,Food outlets,15/03/2014,1.5,Rate per 1000 people,Rate per 1000 people,,,,
E06000001,Hartlepool,County or Unitary Authority,Food outlets,15/03/2017,1.9,Rate per 1000 people,Rate per 1000 people,,,,
E06000001,Hartlepool,County or Unitary Authority,Food outlets,15/03/2016,1.7,Rate per 1000 people,Rate per 1000 people,,,,
E06000001,Hartlepool,County or Unitary Authority,Food outlets,15/03/2015,1.7,Rate per 1000 people,Rate per 1000 people,,,,
E06000002,Middlesbrough,County or Unitary Authority,Food outlets,15/03/2022,2.1,Rate per 1000 people,Rate per 1000 people,,,,
E06000002,Middlesbrough,County or Unitary Authority,Food outlets,15/03/2021,2.2,Rate per 1000 people,Rate per 1000 people,,,,
E06000002,Middlesbrough,County or Unitary Authority,Food outlets,15/03/2020,2,Rate per 1000 people,Rate per 1000 people,,,,
E06000002,Middlesbrough,County or Unitary Authority,Food outlets,15/03/2018,1.8,Rate per 1000 people,Rate per 1000 people,,,,
E06000002,Middlesbrough,County or Unitary Authority,Food outlets,15/03/2019,2,Rate per 1000 people,Rate per 1000 people,,,,
E06000002,Middlesbrough,County or Unitary Authority,Food outlets,15/03/2024,1.9,Rate per 1000 people,Rate per 1000 people,,,,
E06000002,Middlesbrough,County or Unitary Authority,Food outlets,15/03/2023,2,Rate per 1000 people,Rate per 1000 people,,,,
E06000002,Middlesbrough,County or Unitary Authority,Food outlets,15/03/2026,2,Rate per 1000 people,Rate per 1000 people,,,,
E06000002,Middlesbrough,County or Unitary Authority,Food outlets,15/03/2025,1.9,Rate per 1000 people,Rate per 1000 people,,,,
E06000002,Middlesbrough,County or Unitary Authority,Food outlets,15/03/2017,1.7,Rate per 1000 people,Rate per 1000 people,,,,
E06000002,Middlesbrough,County or Unitary Authority,Food outlets,15/03/2010,1.4,Rate per 1000 people,Rate per 1000 people,,,,
E06000002,Middlesbrough,County or Unitary Authority,Food outlets,15/03/2011,1.3,Rate per 1000 people,Rate per 1000 people,,,,
E06000002,Middlesbrough,County or Unitary Authority,Food outlets,15/03/2012,1.3,Rate per 1000 people,Rate per 1000 people,,,,
E06000002,Middlesbrough,County or Unitary Authority,Food outlets,15/03/2013,1.3,Rate per 1000 people,Rate per 1000 people,,,,
E06000002,Middlesbrough,County or Unitary Authority,Food outlets,15/03/2014,1.3,Rate per 1000 people,Rate per 1000 people,,,,
E06000002,Middlesbrough,County or Unitary Authority,Food outlets,15/03/2016,1.6,Rate per 1000 people,Rate per 1000 people,,,,
E06000002,Middlesbrough,County or Unitary Authority,Food outlets,15/03/2015,1.5,Rate per 1000 people,Rate per 1000 people,,,,
E06000057,Northumberland,County or Unitary Authority,Food outlets,15/03/2022,2.7,Rate per 1000 people,Rate per 1000 people,,,,
E06000057,Northumberland,County or Unitary Authority,Food outlets,15/03/2021,2.6,Rate per 1000 people,Rate per 1000 people,,,,
E06000057,Northumberland,County or Unitary Authority,Food outlets,15/03/2020,2.6,Rate per 1000 people,Rate per 1000 people,,,,
E06000057,Northumberland,County or Unitary Authority,Food outlets,15/03/2018,2.6,Rate per 1000 people,Rate per 1000 people,,,,
E06000057,Northumberland,County or Unitary Authority,Food outlets,15/03/2019,2.7,Rate per 1000 people,Rate per 1000 people,,,,
E06000057,Northumberland,County or Unitary Authority,Food outlets,15/03/2024,2.6,Rate per 1000 people,Rate per 1000 people,,,,
E06000057,Northumberland,County or Unitary Authority,Food outlets,15/03/2023,2.6,Rate per 1000 people,Rate per 1000 people,,,,
E06000057,Northumberland,County or Unitary Authority,Food outlets,15/03/2026,2.7,Rate per 1000 people,Rate per 1000 people,,,,
E06000057,Northumberland,County or Unitary Authority,Food outlets,15/03/2025,2.6,Rate per 1000 people,Rate per 1000 people,,,,
E06000057,Northumberland,County or Unitary Authority,Food outlets,15/03/2017,2.6,Rate per 1000 people,Rate per 1000 people,,,,
E06000057,Northumberland,County or Unitary Authority,Food outlets,15/03/2010,2.2,Rate per 1000 people,Rate per 1000 people,,,,
E06000057,Northumberland,County or Unitary Authority,Food outlets,15/03/2011,2.1,Rate per 1000 people,Rate per 1000 people,,,,
E06000057,Northumberland,County or Unitary Authority,Food outlets,15/03/2012,2.2,Rate per 1000 people,Rate per 1000 people,,,,
E06000057,Northumberland,County or Unitary Authority,Food outlets,15/03/2013,2.1,Rate per 1000 people,Rate per 1000 people,,,,
E06000057,Northumberland,County or Unitary Authority,Food outlets,15/03/2014,2.2,Rate per 1000 people,Rate per 1000 people,,,,
E06000057,Northumberland,County or Unitary Authority,Food outlets,15/03/2016,2.5,Rate per 1000 people,Rate per 1000 people,,,,
E06000057,Northumberland,County or Unitary Authority,Food outlets,15/03/2015,2.5,Rate per 1000 people,Rate per 1000 people,,,,
E06000003,Redcar and Cleveland,County or Unitary Authority,Food outlets,15/03/2022,2.1,Rate per 1000 people,Rate per 1000 people,,,,
E06000003,Redcar and Cleveland,County or Unitary Authority,Food outlets,15/03/2021,2,Rate per 1000 people,Rate per 1000 people,,,,
E06000003,Redcar and Cleveland,County or Unitary Authority,Food outlets,15/03/2020,2,Rate per 1000 people,Rate per 1000 people,,,,
E06000003,Redcar and Cleveland,County or Unitary Authority,Food outlets,15/03/2019,1.9,Rate per 1000 people,Rate per 1000 people,,,,
E06000003,Redcar and Cleveland,County or Unitary Authority,Food outlets,15/03/2018,1.8,Rate per 1000 people,Rate per 1000 people,,,,
E06000003,Redcar and Cleveland,County or Unitary Authority,Food outlets,15/03/2023,2.1,Rate per 1000 people,Rate per 1000 people,,,,
E06000003,Redcar and Cleveland,County or Unitary Authority,Food outlets,15/03/2026,2.1,Rate per 1000 people,Rate per 1000 people,,,,
E06000003,Redcar and Cleveland,County or Unitary Authority,Food outlets,15/03/2025,2,Rate per 1000 people,Rate per 1000 people,,,,
E06000003,Redcar and Cleveland,County or Unitary Authority,Food outlets,15/03/2024,2,Rate per 1000 people,Rate per 1000 people,,,,
E06000003,Redcar and Cleveland,County or Unitary Authority,Food outlets,15/03/2013,1.3,Rate per 1000 people,Rate per 1000 people,,,,
E06000003,Redcar and Cleveland,County or Unitary Authority,Food outlets,15/03/2012,1.3,Rate per 1000 people,Rate per 1000 people,,,,
E06000003,Redcar and Cleveland,County or Unitary Authority,Food outlets,15/03/2011,1.3,Rate per 1000 people,Rate per 1000 people,,,,
E06000003,Redcar and Cleveland,County or Unitary Authority,Food outlets,15/03/2010,1.4,Rate per 1000 people,Rate per 1000 people,,,,
E06000003,Redcar and Cleveland,County or Unitary Authority,Food outlets,15/03/2014,1.4,Rate per 1000 people,Rate per 1000 people,,,,
E06000003,Redcar and Cleveland,County or Unitary Authority,Food outlets,15/03/2017,1.7,Rate per 1000 people,Rate per 1000 people,,,,
E06000003,Redcar and Cleveland,County or Unitary Authority,Food outlets,15/03/2016,1.7,Rate per 1000 people,Rate per 1000 people,,,,
E06000003,Redcar and Cleveland,County or Unitary Authority,Food outlets,15/03/2015,1.6,Rate per 1000 people,Rate per 1000 people,,,,
E06000004,Stockton-on-Tees,County or Unitary Authority,Food outlets,15/03/2022,2.1,Rate per 1000 people,Rate per 1000 people,,,,
E06000004,Stockton-on-Tees,County or Unitary Authority,Food outlets,15/03/2021,1.9,Rate per 1000 people,Rate per 1000 people,,,,
E06000004,Stockton-on-Tees,County or Unitary Authority,Food outlets,15/03/2019,1.7,Rate per 1000 people,Rate per 1000 people,,,,
E06000004,Stockton-on-Tees,County or Unitary Authority,Food outlets,15/03/2020,1.8,Rate per 1000 people,Rate per 1000 people,,,,
E06000004,Stockton-on-Tees,County or Unitary Authority,Food outlets,15/03/2024,2,Rate per 1000 people,Rate per 1000 people,,,,
E06000004,Stockton-on-Tees,County or Unitary Authority,Food outlets,15/03/2023,2,Rate per 1000 people,Rate per 1000 people,,,,
E06000004,Stockton-on-Tees,County or Unitary Authority,Food outlets,15/03/2018,1.6,Rate per 1000 people,Rate per 1000 people,,,,
E06000004,Stockton-on-Tees,County or Unitary Authority,Food outlets,15/03/2026,2,Rate per 1000 people,Rate per 1000 people,,,,
E06000004,Stockton-on-Tees,County or Unitary Authority,Food outlets,15/03/2025,1.9,Rate per 1000 people,Rate per 1000 people,,,,
E06000004,Stockton-on-Tees,County or Unitary Authority,Food outlets,15/03/2010,1.3,Rate per 1000 people,Rate per 1000 people,,,,
E06000004,Stockton-on-Tees,County or Unitary Authority,Food outlets,15/03/2011,1.2,Rate per 1000 people,Rate per 1000 people,,,,
E06000004,Stockton-on-Tees,County or Unitary Authority,Food outlets,15/03/2012,1.2,Rate per 1000 people,Rate per 1000 people,,,,
E06000004,Stockton-on-Tees,County or Unitary Authority,Food outlets,15/03/2013,1.2,Rate per 1000 people,Rate per 1000 people,,,,
E06000004,Stockton-on-Tees,County or Unitary Authority,Food outlets,15/03/2014,1.2,Rate per 1000 people,Rate per 1000 people,,,,
E06000004,Stockton-on-Tees,County or Unitary Authority,Food outlets,15/03/2017,1.5,Rate per 1000 people,Rate per 1000 people,,,,
E06000004,Stockton-on-Tees,County or Unitary Authority,Food outlets,15/03/2016,1.5,Rate per 1000 people,Rate per 1000 people,,,,
E06000004,Stockton-on-Tees,County or Unitary Authority,Food outlets,15/03/2015,1.5,Rate per 1000 people,Rate per 1000 people,,,,
E08000037,Gateshead,Local Authority District,Food outlets,15/03/2022,2.2,Rate per 1000 people,Rate per 1000 people,,,,
E08000037,Gateshead,Local Authority District,Food outlets,15/03/2021,2.1,Rate per 1000 people,Rate per 1000 people,,,,
E08000037,Gateshead,Local Authority District,Food outlets,15/03/2020,2.1,Rate per 1000 people,Rate per 1000 people,,,,
E08000037,Gateshead,Local Authority District,Food outlets,15/03/2019,2.1,Rate per 1000 people,Rate per 1000 people,,,,
E08000037,Gateshead,Local Authority District,Food outlets,15/03/2026,2.1,Rate per 1000 people,Rate per 1000 people,,,,
E08000037,Gateshead,Local Authority District,Food outlets,15/03/2023,2.2,Rate per 1000 people,Rate per 1000 people,,,,
E08000037,Gateshead,Local Authority District,Food outlets,15/03/2018,2,Rate per 1000 people,Rate per 1000 people,,,,
E08000037,Gateshead,Local Authority District,Food outlets,15/03/2025,2.1,Rate per 1000 people,Rate per 1000 people,,,,
E08000037,Gateshead,Local Authority District,Food outlets,15/03/2024,2.1,Rate per 1000 people,Rate per 1000 people,,,,
E08000037,Gateshead,Local Authority District,Food outlets,15/03/2010,1.7,Rate per 1000 people,Rate per 1000 people,,,,
E08000037,Gateshead,Local Authority District,Food outlets,15/03/2011,1.5,Rate per 1000 people,Rate per 1000 people,,,,
E08000037,Gateshead,Local Authority District,Food outlets,15/03/2012,1.5,Rate per 1000 people,Rate per 1000 people,,,,
E08000037,Gateshead,Local Authority District,Food outlets,15/03/2013,1.5,Rate per 1000 people,Rate per 1000 people,,,,
E08000037,Gateshead,Local Authority District,Food outlets,15/03/2014,1.6,Rate per 1000 people,Rate per 1000 people,,,,
E08000037,Gateshead,Local Authority District,Food outlets,15/03/2017,1.9,Rate per 1000 people,Rate per 1000 people,,,,
E08000037,Gateshead,Local Authority District,Food outlets,15/03/2016,2,Rate per 1000 people,Rate per 1000 people,,,,
E08000037,Gateshead,Local Authority District,Food outlets,15/03/2015,1.9,Rate per 1000 people,Rate per 1000 people,,,,
E08000021,Newcastle upon Tyne,Local Authority District,Food outlets,15/03/2022,2.9,Rate per 1000 people,Rate per 1000 people,,,,
E08000021,Newcastle upon Tyne,Local Authority District,Food outlets,15/03/2021,2.7,Rate per 1000 people,Rate per 1000 people,,,,
E08000021,Newcastle upon Tyne,Local Authority District,Food outlets,15/03/2020,2.6,Rate per 1000 people,Rate per 1000 people,,,,
E08000021,Newcastle upon Tyne,Local Authority District,Food outlets,15/03/2019,2.6,Rate per 1000 people,Rate per 1000 people,,,,
E08000021,Newcastle upon Tyne,Local Authority District,Food outlets,15/03/2026,2.9,Rate per 1000 people,Rate per 1000 people,,,,
E08000021,Newcastle upon Tyne,Local Authority District,Food outlets,15/03/2023,2.8,Rate per 1000 people,Rate per 1000 people,,,,
E08000021,Newcastle upon Tyne,Local Authority District,Food outlets,15/03/2018,2.4,Rate per 1000 people,Rate per 1000 people,,,,
E08000021,Newcastle upon Tyne,Local Authority District,Food outlets,15/03/2025,2.8,Rate per 1000 people,Rate per 1000 people,,,,
E08000021,Newcastle upon Tyne,Local Authority District,Food outlets,15/03/2024,2.6,Rate per 1000 people,Rate per 1000 people,,,,
E08000021,Newcastle upon Tyne,Local Authority District,Food outlets,15/03/2010,2,Rate per 1000 people,Rate per 1000 people,,,,
E08000021,Newcastle upon Tyne,Local Authority District,Food outlets,15/03/2011,1.9,Rate per 1000 people,Rate per 1000 people,,,,
E08000021,Newcastle upon Tyne,Local Authority District,Food outlets,15/03/2012,2,Rate per 1000 people,Rate per 1000 people,,,,
E08000021,Newcastle upon Tyne,Local Authority District,Food outlets,15/03/2013,1.9,Rate per 1000 people,Rate per 1000 people,,,,
E08000021,Newcastle upon Tyne,Local Authority District,Food outlets,15/03/2014,2.1,Rate per 1000 people,Rate per 1000 people,,,,
E08000021,Newcastle upon Tyne,Local Authority District,Food outlets,15/03/2017,2.4,Rate per 1000 people,Rate per 1000 people,,,,
E08000021,Newcastle upon Tyne,Local Authority District,Food outlets,15/03/2016,2.3,Rate per 1000 people,Rate per 1000 people,,,,
E08000021,Newcastle upon Tyne,Local Authority District,Food outlets,15/03/2015,2.4,Rate per 1000 people,Rate per 1000 people,,,,
E08000022,North Tyneside,Local Authority District,Food outlets,15/03/2021,2.2,Rate per 1000 people,Rate per 1000 people,,,,
E08000022,North Tyneside,Local Authority District,Food outlets,15/03/2022,2.3,Rate per 1000 people,Rate per 1000 people,,,,
E08000022,North Tyneside,Local Authority District,Food outlets,15/03/2020,2.2,Rate per 1000 people,Rate per 1000 people,,,,
E08000022,North Tyneside,Local Authority District,Food outlets,15/03/2019,2.1,Rate per 1000 people,Rate per 1000 people,,,,
E08000022,North Tyneside,Local Authority District,Food outlets,15/03/2026,2.4,Rate per 1000 people,Rate per 1000 people,,,,
E08000022,North Tyneside,Local Authority District,Food outlets,15/03/2024,2.3,Rate per 1000 people,Rate per 1000 people,,,,
E08000022,North Tyneside,Local Authority District,Food outlets,15/03/2023,2.3,Rate per 1000 people,Rate per 1000 people,,,,
E08000022,North Tyneside,Local Authority District,Food outlets,15/03/2018,2,Rate per 1000 people,Rate per 1000 people,,,,
E08000022,North Tyneside,Local Authority District,Food outlets,15/03/2025,2.3,Rate per 1000 people,Rate per 1000 people,,,,
E08000022,North Tyneside,Local Authority District,Food outlets,15/03/2013,1.5,Rate per 1000 people,Rate per 1000 people,,,,
E08000022,North Tyneside,Local Authority District,Food outlets,15/03/2012,1.6,Rate per 1000 people,Rate per 1000 people,,,,
E08000022,North Tyneside,Local Authority District,Food outlets,15/03/2011,1.6,Rate per 1000 people,Rate per 1000 people,,,,
E08000022,North Tyneside,Local Authority District,Food outlets,15/03/2010,1.5,Rate per 1000 people,Rate per 1000 people,,,,
E08000022,North Tyneside,Local Authority District,Food outlets,15/03/2014,1.6,Rate per 1000 people,Rate per 1000 people,,,,
E08000022,North Tyneside,Local Authority District,Food outlets,15/03/2017,2,Rate per 1000 people,Rate per 1000 people,,,,
E08000022,North Tyneside,Local Authority District,Food outlets,15/03/2016,1.9,Rate per 1000 people,Rate per 1000 people,,,,
E08000022,North Tyneside,Local Authority District,Food outlets,15/03/2015,1.9,Rate per 1000 people,Rate per 1000 people,,,,
E08000023,South Tyneside,Local Authority District,Food outlets,15/03/2022,2.3,Rate per 1000 people,Rate per 1000 people,,,,
E08000023,South Tyneside,Local Authority District,Food outlets,15/03/2021,2.2,Rate per 1000 people,Rate per 1000 people,,,,
E08000023,South Tyneside,Local Authority District,Food outlets,15/03/2019,2.2,Rate per 1000 people,Rate per 1000 people,,,,
E08000023,South Tyneside,Local Authority District,Food outlets,15/03/2020,2.5,Rate per 1000 people,Rate per 1000 people,,,,
E08000023,South Tyneside,Local Authority District,Food outlets,15/03/2024,2.1,Rate per 1000 people,Rate per 1000 people,,,,
E08000023,South Tyneside,Local Authority District,Food outlets,15/03/2023,2.2,Rate per 1000 people,Rate per 1000 people,,,,
E08000023,South Tyneside,Local Authority District,Food outlets,15/03/2018,2.3,Rate per 1000 people,Rate per 1000 people,,,,
E08000023,South Tyneside,Local Authority District,Food outlets,15/03/2026,2.3,Rate per 1000 people,Rate per 1000 people,,,,
E08000023,South Tyneside,Local Authority District,Food outlets,15/03/2025,2.1,Rate per 1000 people,Rate per 1000 people,,,,
E08000023,South Tyneside,Local Authority District,Food outlets,15/03/2010,1.6,Rate per 1000 people,Rate per 1000 people,,,,
E08000023,South Tyneside,Local Authority District,Food outlets,15/03/2011,1.6,Rate per 1000 people,Rate per 1000 people,,,,
E08000023,South Tyneside,Local Authority District,Food outlets,15/03/2012,1.6,Rate per 1000 people,Rate per 1000 people,,,,
E08000023,South Tyneside,Local Authority District,Food outlets,15/03/2013,1.6,Rate per 1000 people,Rate per 1000 people,,,,
E08000023,South Tyneside,Local Authority District,Food outlets,15/03/2014,1.7,Rate per 1000 people,Rate per 1000 people,,,,
E08000023,South Tyneside,Local Authority District,Food outlets,15/03/2017,2.2,Rate per 1000 people,Rate per 1000 people,,,,
E08000023,South Tyneside,Local Authority District,Food outlets,15/03/2016,2,Rate per 1000 people,Rate per 1000 people,,,,
E08000023,South Tyneside,Local Authority District,Food outlets,15/03/2015,2,Rate per 1000 people,Rate per 1000 people,,,,
E08000024,Sunderland,Local Authority District,Food outlets,15/03/2021,2.4,Rate per 1000 people,Rate per 1000 people,,,,
E08000024,Sunderland,Local Authority District,Food outlets,15/03/2022,2.3,Rate per 1000 people,Rate per 1000 people,,,,
E08000024,Sunderland,Local Authority District,Food outlets,15/03/2020,2.3,Rate per 1000 people,Rate per 1000 people,,,,
E08000024,Sunderland,Local Authority District,Food outlets,15/03/2019,2.2,Rate per 1000 people,Rate per 1000 people,,,,
E08000024,Sunderland,Local Authority District,Food outlets,15/03/2026,2.2,Rate per 1000 people,Rate per 1000 people,,,,
E08000024,Sunderland,Local Authority District,Food outlets,15/03/2024,2.1,Rate per 1000 people,Rate per 1000 people,,,,
E08000024,Sunderland,Local Authority District,Food outlets,15/03/2023,2.2,Rate per 1000 people,Rate per 1000 people,,,,
E08000024,Sunderland,Local Authority District,Food outlets,15/03/2018,2.1,Rate per 1000 people,Rate per 1000 people,,,,
E08000024,Sunderland,Local Authority District,Food outlets,15/03/2025,2.2,Rate per 1000 people,Rate per 1000 people,,,,
E08000024,Sunderland,Local Authority District,Food outlets,15/03/2013,1.5,Rate per 1000 people,Rate per 1000 people,,,,
E08000024,Sunderland,Local Authority District,Food outlets,15/03/2012,1.5,Rate per 1000 people,Rate per 1000 people,,,,
E08000024,Sunderland,Local Authority District,Food outlets,15/03/2011,1.5,Rate per 1000 people,Rate per 1000 people,,,,
E08000024,Sunderland,Local Authority District,Food outlets,15/03/2010,1.6,Rate per 1000 people,Rate per 1000 people,,,,
E08000024,Sunderland,Local Authority District,Food outlets,15/03/2014,1.7,Rate per 1000 people,Rate per 1000 people,,,,
E08000024,Sunderland,Local Authority District,Food outlets,15/03/2017,2,Rate per 1000 people,Rate per 1000 people,,,,
E08000024,Sunderland,Local Authority District,Food outlets,15/03/2016,2,Rate per 1000 people,Rate per 1000 people,,,,
E08000024,Sunderland,Local Authority District,Food outlets,15/03/2015,1.9,Rate per 1000 people,Rate per 1000 people,,,,
E12000002,North West,Region,Food outlets,15/03/2020,2.1,Rate per 1000 people,Rate per 1000 people,,,,
E12000002,North West,Region,Food outlets,15/03/2026,2.3,Rate per 1000 people,Rate per 1000 people,,,,
E12000002,North West,Region,Food outlets,15/03/2025,2.2,Rate per 1000 people,Rate per 1000 people,,,,
E12000002,North West,Region,Food outlets,15/03/2024,2.2,Rate per 1000 people,Rate per 1000 people,,,,
E12000002,North West,Region,Food outlets,15/03/2023,2.3,Rate per 1000 people,Rate per 1000 people,,,,
E12000002,North West,Region,Food outlets,15/03/2022,2.3,Rate per 1000 people,Rate per 1000 people,,,,
E12000002,North West,Region,Food outlets,15/03/2021,2.2,Rate per 1000 people,Rate per 1000 people,,,,
E12000002,North West,Region,Food outlets,15/03/2019,2.1,Rate per 1000 people,Rate per 1000 people,,,,
E12000002,North West,Region,Food outlets,15/03/2018,2,Rate per 1000 people,Rate per 1000 people,,,,
E12000002,North West,Region,Food outlets,15/03/2017,2,Rate per 1000 people,Rate per 1000 people,,,,
E12000002,North West,Region,Food outlets,15/03/2016,1.9,Rate per 1000 people,Rate per 1000 people,,,,
E12000002,North West,Region,Food outlets,15/03/2015,1.9,Rate per 1000 people,Rate per 1000 people,,,,
E12000002,North West,Region,Food outlets,15/03/2014,1.7,Rate per 1000 people,Rate per 1000 people,,,,
E12000002,North West,Region,Food outlets,15/03/2013,1.6,Rate per 1000 people,Rate per 1000 people,,,,
E12000002,North West,Region,Food outlets,15/03/2012,1.7,Rate per 1000 people,Rate per 1000 people,,,,
E12000002,North West,Region,Food outlets,15/03/2011,1.6,Rate per 1000 people,Rate per 1000 people,,,,
E12000002,North West,Region,Food outlets,15/03/2010,1.7,Rate per 1000 people,Rate per 1000 people,,,,
E06000008,Blackburn with Darwen,County or Unitary Authority,Food outlets,15/03/2022,2.5,Rate per 1000 people,Rate per 1000 people,,,,
E06000008,Blackburn with Darwen,County or Unitary Authority,Food outlets,15/03/2021,2.3,Rate per 1000 people,Rate per 1000 people,,,,
E06000008,Blackburn with Darwen,County or Unitary Authority,Food outlets,15/03/2020,2.1,Rate per 1000 people,Rate per 1000 people,,,,
E06000008,Blackburn with Darwen,County or Unitary Authority,Food outlets,15/03/2026,2.5,Rate per 1000 people,Rate per 1000 people,,,,
E06000008,Blackburn with Darwen,County or Unitary Authority,Food outlets,15/03/2019,2.1,Rate per 1000 people,Rate per 1000 people,,,,
E06000008,Blackburn with Darwen,County or Unitary Authority,Food outlets,15/03/2023,2.5,Rate per 1000 people,Rate per 1000 people,,,,
E06000008,Blackburn with Darwen,County or Unitary Authority,Food outlets,15/03/2025,2.4,Rate per 1000 people,Rate per 1000 people,,,,
E06000008,Blackburn with Darwen,County or Unitary Authority,Food outlets,15/03/2024,2.4,Rate per 1000 people,Rate per 1000 people,,,,
E06000008,Blackburn with Darwen,County or Unitary Authority,Food outlets,15/03/2018,2,Rate per 1000 people,Rate per 1000 people,,,,
E06000008,Blackburn with Darwen,County or Unitary Authority,Food outlets,15/03/2016,1.9,Rate per 1000 people,Rate per 1000 people,,,,
E06000008,Blackburn with Darwen,County or Unitary Authority,Food outlets,15/03/2010,1.6,Rate per 1000 people,Rate per 1000 people,,,,
E06000008,Blackburn with Darwen,County or Unitary Authority,Food outlets,15/03/2011,1.5,Rate per 1000 people,Rate per 1000 people,,,,
E06000008,Blackburn with Darwen,County or Unitary Authority,Food outlets,15/03/2012,1.6,Rate per 1000 people,Rate per 1000 people,,,,
E06000008,Blackburn with Darwen,County or Unitary Authority,Food outlets,15/03/2013,1.5,Rate per 1000 people,Rate per 1000 people,,,,
E06000008,Blackburn with Darwen,County or Unitary Authority,Food outlets,15/03/2014,1.6,Rate per 1000 people,Rate per 1000 people,,,,
E06000008,Blackburn with Darwen,County or Unitary Authority,Food outlets,15/03/2017,2,Rate per 1000 people,Rate per 1000 people,,,,
E06000008,Blackburn with Darwen,County or Unitary Authority,Food outlets,15/03/2015,2,Rate per 1000 people,Rate per 1000 people,,,,
E06000009,Blackpool,County or Unitary Authority,Food outlets,15/03/2022,3,Rate per 1000 people,Rate per 1000 people,,,,
E06000009,Blackpool,County or Unitary Authority,Food outlets,15/03/2021,2.7,Rate per 1000 people,Rate per 1000 people,,,,
E06000009,Blackpool,County or Unitary Authority,Food outlets,15/03/2020,2.5,Rate per 1000 people,Rate per 1000 people,,,,
E06000009,Blackpool,County or Unitary Authority,Food outlets,15/03/2019,2.5,Rate per 1000 people,Rate per 1000 people,,,,
E06000009,Blackpool,County or Unitary Authority,Food outlets,15/03/2018,2.4,Rate per 1000 people,Rate per 1000 people,,,,
E06000009,Blackpool,County or Unitary Authority,Food outlets,15/03/2023,3.2,Rate per 1000 people,Rate per 1000 people,,,,
E06000009,Blackpool,County or Unitary Authority,Food outlets,15/03/2026,3,Rate per 1000 people,Rate per 1000 people,,,,
E06000009,Blackpool,County or Unitary Authority,Food outlets,15/03/2025,2.9,Rate per 1000 people,Rate per 1000 people,,,,
E06000009,Blackpool,County or Unitary Authority,Food outlets,15/03/2024,2.9,Rate per 1000 people,Rate per 1000 people,,,,
E06000009,Blackpool,County or Unitary Authority,Food outlets,15/03/2013,1.8,Rate per 1000 people,Rate per 1000 people,,,,
E06000009,Blackpool,County or Unitary Authority,Food outlets,15/03/2012,2,Rate per 1000 people,Rate per 1000 people,,,,
E06000009,Blackpool,County or Unitary Authority,Food outlets,15/03/2011,1.9,Rate per 1000 people,Rate per 1000 people,,,,
E06000009,Blackpool,County or Unitary Authority,Food outlets,15/03/2010,1.9,Rate per 1000 people,Rate per 1000 people,,,,
E06000009,Blackpool,County or Unitary Authority,Food outlets,15/03/2014,1.9,Rate per 1000 people,Rate per 1000 people,,,,
E06000009,Blackpool,County or Unitary Authority,Food outlets,15/03/2017,2.4,Rate per 1000 people,Rate per 1000 people,,,,
E06000009,Blackpool,County or Unitary Authority,Food outlets,15/03/2016,2.3,Rate per 1000 people,Rate per 1000 people,,,,
E06000009,Blackpool,County or Unitary Authority,Food outlets,15/03/2015,2.2,Rate per 1000 people,Rate per 1000 people,,,,
E06000049,Cheshire East,County or Unitary Authority,Food outlets,15/03/2022,2.2,Rate per 1000 people,Rate per 1000 people,,,,
E06000049,Cheshire East,County or Unitary Authority,Food outlets,15/03/2021,2.2,Rate per 1000 people,Rate per 1000 people,,,,
E06000049,Cheshire East,County or Unitary Authority,Food outlets,15/03/2019,2.3,Rate per 1000 people,Rate per 1000 people,,,,
E06000049,Cheshire East,County or Unitary Authority,Food outlets,15/03/2020,2.2,Rate per 1000 people,Rate per 1000 people,,,,
E06000049,Cheshire East,County or Unitary Authority,Food outlets,15/03/2024,2.1,Rate per 1000 people,Rate per 1000 people,,,,
E06000049,Cheshire East,County or Unitary Authority,Food outlets,15/03/2023,2.2,Rate per 1000 people,Rate per 1000 people,,,,
E06000049,Cheshire East,County or Unitary Authority,Food outlets,15/03/2018,2.2,Rate per 1000 people,Rate per 1000 people,,,,
E06000049,Cheshire East,County or Unitary Authority,Food outlets,15/03/2026,2.1,Rate per 1000 people,Rate per 1000 people,,,,
E06000049,Cheshire East,County or Unitary Authority,Food outlets,15/03/2025,2.1,Rate per 1000 people,Rate per 1000 people,,,,
E06000049,Cheshire East,County or Unitary Authority,Food outlets,15/03/2010,1.9,Rate per 1000 people,Rate per 1000 people,,,,
E06000049,Cheshire East,County or Unitary Authority,Food outlets,15/03/2011,1.9,Rate per 1000 people,Rate per 1000 people,,,,
E06000049,Cheshire East,County or Unitary Authority,Food outlets,15/03/2012,1.9,Rate per 1000 people,Rate per 1000 people,,,,
E06000049,Cheshire East,County or Unitary Authority,Food outlets,15/03/2013,2,Rate per 1000 people,Rate per 1000 people,,,,
E06000049,Cheshire East,County or Unitary Authority,Food outlets,15/03/2014,2,Rate per 1000 people,Rate per 1000 people,,,,
E06000049,Cheshire East,County or Unitary Authority,Food outlets,15/03/2017,2.1,Rate per 1000 people,Rate per 1000 people,,,,
E06000049,Cheshire East,County or Unitary Authority,Food outlets,15/03/2016,2.1,Rate per 1000 people,Rate per 1000 people,,,,
E06000049,Cheshire East,County or Unitary Authority,Food outlets,15/03/2015,2.1,Rate per 1000 people,Rate per 1000 people,,,,
E06000050,Cheshire West and Chester,County or Unitary Authority,Food outlets,15/03/2022,2,Rate per 1000 people,Rate per 1000 people,,,,
E06000050,Cheshire West and Chester,County or Unitary Authority,Food outlets,15/03/2021,1.9,Rate per 1000 people,Rate per 1000 people,,,,
E06000050,Cheshire West and Chester,County or Unitary Authority,Food outlets,15/03/2020,1.9,Rate per 1000 people,Rate per 1000 people,,,,
E06000050,Cheshire West and Chester,County or Unitary Authority,Food outlets,15/03/2019,1.9,Rate per 1000 people,Rate per 1000 people,,,,
E06000050,Cheshire West and Chester,County or Unitary Authority,Food outlets,15/03/2026,2,Rate per 1000 people,Rate per 1000 people,,,,
E06000050,Cheshire West and Chester,County or Unitary Authority,Food outlets,15/03/2023,2,Rate per 1000 people,Rate per 1000 people,,,,
E06000050,Cheshire West and Chester,County or Unitary Authority,Food outlets,15/03/2018,1.8,Rate per 1000 people,Rate per 1000 people,,,,
E06000050,Cheshire West and Chester,County or Unitary Authority,Food outlets,15/03/2025,1.9,Rate per 1000 people,Rate per 1000 people,,,,
E06000050,Cheshire West and Chester,County or Unitary Authority,Food outlets,15/03/2024,1.9,Rate per 1000 people,Rate per 1000 people,,,,
E06000050,Cheshire West and Chester,County or Unitary Authority,Food outlets,15/03/2010,1.8,Rate per 1000 people,Rate per 1000 people,,,,
E06000050,Cheshire West and Chester,County or Unitary Authority,Food outlets,15/03/2011,1.8,Rate per 1000 people,Rate per 1000 people,,,,
E06000050,Cheshire West and Chester,County or Unitary Authority,Food outlets,15/03/2012,1.8,Rate per 1000 people,Rate per 1000 people,,,,
E06000050,Cheshire West and Chester,County or Unitary Authority,Food outlets,15/03/2013,1.7,Rate per 1000 people,Rate per 1000 people,,,,
E06000050,Cheshire West and Chester,County or Unitary Authority,Food outlets,15/03/2014,1.7,Rate per 1000 people,Rate per 1000 people,,,,
E06000050,Cheshire West and Chester,County or Unitary Authority,Food outlets,15/03/2017,1.8,Rate per 1000 people,Rate per 1000 people,,,,
E06000050,Cheshire West and Chester,County or Unitary Authority,Food outlets,15/03/2016,1.8,Rate per 1000 people,Rate per 1000 people,,,,
E06000050,Cheshire West and Chester,County or Unitary Authority,Food outlets,15/03/2015,1.8,Rate per 1000 people,Rate per 1000 people,,,,
E06000006,Halton,County or Unitary Authority,Food outlets,15/03/2022,1.6,Rate per 1000 people,Rate per 1000 people,,,,
E06000006,Halton,County or Unitary Authority,Food outlets,15/03/2021,1.5,Rate per 1000 people,Rate per 1000 people,,,,
E06000006,Halton,County or Unitary Authority,Food outlets,15/03/2020,1.4,Rate per 1000 people,Rate per 1000 people,,,,
E06000006,Halton,County or Unitary Authority,Food outlets,15/03/2019,1.4,Rate per 1000 people,Rate per 1000 people,,,,
E06000006,Halton,County or Unitary Authority,Food outlets,15/03/2026,1.6,Rate per 1000 people,Rate per 1000 people,,,,
E06000006,Halton,County or Unitary Authority,Food outlets,15/03/2023,1.5,Rate per 1000 people,Rate per 1000 people,,,,
E06000006,Halton,County or Unitary Authority,Food outlets,15/03/2018,1.4,Rate per 1000 people,Rate per 1000 people,,,,
E06000006,Halton,County or Unitary Authority,Food outlets,15/03/2025,1.5,Rate per 1000 people,Rate per 1000 people,,,,
E06000006,Halton,County or Unitary Authority,Food outlets,15/03/2024,1.5,Rate per 1000 people,Rate per 1000 people,,,,
E06000006,Halton,County or Unitary Authority,Food outlets,15/03/2010,1.2,Rate per 1000 people,Rate per 1000 people,,,,
E06000006,Halton,County or Unitary Authority,Food outlets,15/03/2011,1.1,Rate per 1000 people,Rate per 1000 people,,,,
E06000006,Halton,County or Unitary Authority,Food outlets,15/03/2012,1.2,Rate per 1000 people,Rate per 1000 people,,,,
E06000006,Halton,County or Unitary Authority,Food outlets,15/03/2013,1.1,Rate per 1000 people,Rate per 1000 people,,,,
E06000006,Halton,County or Unitary Authority,Food outlets,15/03/2014,1.2,Rate per 1000 people,Rate per 1000 people,,,,
E06000006,Halton,County or Unitary Authority,Food outlets,15/03/2017,1.4,Rate per 1000 people,Rate per 1000 people,,,,
E06000006,Halton,County or Unitary Authority,Food outlets,15/03/2016,1.4,Rate per 1000 people,Rate per 1000 people,,,,
E06000006,Halton,County or Unitary Authority,Food outlets,15/03/2015,1.4,Rate per 1000 people,Rate per 1000 people,,,,
E06000007,Warrington,County or Unitary Authority,Food outlets,15/03/2021,1.6,Rate per 1000 people,Rate per 1000 people,,,,
E06000007,Warrington,County or Unitary Authority,Food outlets,15/03/2022,1.8,Rate per 1000 people,Rate per 1000 people,,,,
E06000007,Warrington,County or Unitary Authority,Food outlets,15/03/2019,1.6,Rate per 1000 people,Rate per 1000 people,,,,
E06000007,Warrington,County or Unitary Authority,Food outlets,15/03/2020,1.7,Rate per 1000 people,Rate per 1000 people,,,,
E06000007,Warrington,County or Unitary Authority,Food outlets,15/03/2024,2,Rate per 1000 people,Rate per 1000 people,,,,
E06000007,Warrington,County or Unitary Authority,Food outlets,15/03/2023,2,Rate per 1000 people,Rate per 1000 people,,,,
E06000007,Warrington,County or Unitary Authority,Food outlets,15/03/2018,1.6,Rate per 1000 people,Rate per 1000 people,,,,
E06000007,Warrington,County or Unitary Authority,Food outlets,15/03/2026,2,Rate per 1000 people,Rate per 1000 people,,,,
E06000007,Warrington,County or Unitary Authority,Food outlets,15/03/2025,1.9,Rate per 1000 people,Rate per 1000 people,,,,
E06000007,Warrington,County or Unitary Authority,Food outlets,15/03/2013,1.4,Rate per 1000 people,Rate per 1000 people,,,,
E06000007,Warrington,County or Unitary Authority,Food outlets,15/03/2012,1.5,Rate per 1000 people,Rate per 1000 people,,,,
E06000007,Warrington,County or Unitary Authority,Food outlets,15/03/2011,1.5,Rate per 1000 people,Rate per 1000 people,,,,
E06000007,Warrington,County or Unitary Authority,Food outlets,15/03/2010,1.5,Rate per 1000 people,Rate per 1000 people,,,,
E06000007,Warrington,County or Unitary Authority,Food outlets,15/03/2014,1.4,Rate per 1000 people,Rate per 1000 people,,,,
E06000007,Warrington,County or Unitary Authority,Food outlets,15/03/2017,1.5,Rate per 1000 people,Rate per 1000 people,,,,
E06000007,Warrington,County or Unitary Authority,Food outlets,15/03/2016,1.5,Rate per 1000 people,Rate per 1000 people,,,,
E06000007,Warrington,County or Unitary Authority,Food outlets,15/03/2015,1.6,Rate per 1000 people,Rate per 1000 people,,,,
E06000063,Cumberland,County or Unitary Authority,Food outlets,15/03/2022,2.7,Rate per 1000 people,Rate per 1000 people,,,,
E06000063,Cumberland,County or Unitary Authority,Food outlets,15/03/2021,2.6,Rate per 1000 people,Rate per 1000 people,,,,
E06000063,Cumberland,County or Unitary Authority,Food outlets,15/03/2019,2.7,Rate per 1000 people,Rate per 1000 people,,,,
E06000063,Cumberland,County or Unitary Authority,Food outlets,15/03/2020,2.7,Rate per 1000 people,Rate per 1000 people,,,,
E06000063,Cumberland,County or Unitary Authority,Food outlets,15/03/2024,2.6,Rate per 1000 people,Rate per 1000 people,,,,
E06000063,Cumberland,County or Unitary Authority,Food outlets,15/03/2023,2.7,Rate per 1000 people,Rate per 1000 people,,,,
E06000063,Cumberland,County or Unitary Authority,Food outlets,15/03/2018,2.7,Rate per 1000 people,Rate per 1000 people,,,,
E06000063,Cumberland,County or Unitary Authority,Food outlets,15/03/2026,2.6,Rate per 1000 people,Rate per 1000 people,,,,
E06000063,Cumberland,County or Unitary Authority,Food outlets,15/03/2025,2.7,Rate per 1000 people,Rate per 1000 people,,,,
E06000063,Cumberland,County or Unitary Authority,Food outlets,15/03/2010,2.4,Rate per 1000 people,Rate per 1000 people,,,,
E06000063,Cumberland,County or Unitary Authority,Food outlets,15/03/2011,2.3,Rate per 1000 people,Rate per 1000 people,,,,
E06000063,Cumberland,County or Unitary Authority,Food outlets,15/03/2012,2.4,Rate per 1000 people,Rate per 1000 people,,,,
E06000063,Cumberland,County or Unitary Authority,Food outlets,15/03/2013,2.4,Rate per 1000 people,Rate per 1000 people,,,,
E06000063,Cumberland,County or Unitary Authority,Food outlets,15/03/2014,2.4,Rate per 1000 people,Rate per 1000 people,,,,
E06000063,Cumberland,County or Unitary Authority,Food outlets,15/03/2017,2.7,Rate per 1000 people,Rate per 1000 people,,,,
E06000063,Cumberland,County or Unitary Authority,Food outlets,15/03/2016,2.7,Rate per 1000 people,Rate per 1000 people,,,,
E06000063,Cumberland,County or Unitary Authority,Food outlets,15/03/2015,2.7,Rate per 1000 people,Rate per 1000 people,,,,
E06000064,Westmorland and Furness,County or Unitary Authority,Food outlets,15/03/2021,3.2,Rate per 1000 people,Rate per 1000 people,,,,
E06000064,Westmorland and Furness,County or Unitary Authority,Food outlets,15/03/2022,3.3,Rate per 1000 people,Rate per 1000 people,,,,
E06000064,Westmorland and Furness,County or Unitary Authority,Food outlets,15/03/2020,3.3,Rate per 1000 people,Rate per 1000 people,,,,
E06000064,Westmorland and Furness,County or Unitary Authority,Food outlets,15/03/2019,3.2,Rate per 1000 people,Rate per 1000 people,,,,
E06000064,Westmorland and Furness,County or Unitary Authority,Food outlets,15/03/2026,3.1,Rate per 1000 people,Rate per 1000 people,,,,
E06000064,Westmorland and Furness,County or Unitary Authority,Food outlets,15/03/2024,3.1,Rate per 1000 people,Rate per 1000 people,,,,
E06000064,Westmorland and Furness,County or Unitary Authority,Food outlets,15/03/2023,3.2,Rate per 1000 people,Rate per 1000 people,,,,
E06000064,Westmorland and Furness,County or Unitary Authority,Food outlets,15/03/2018,3.2,Rate per 1000 people,Rate per 1000 people,,,,
E06000064,Westmorland and Furness,County or Unitary Authority,Food outlets,15/03/2025,3,Rate per 1000 people,Rate per 1000 people,,,,
E06000064,Westmorland and Furness,County or Unitary Authority,Food outlets,15/03/2013,2.9,Rate per 1000 people,Rate per 1000 people,,,,
E06000064,Westmorland and Furness,County or Unitary Authority,Food outlets,15/03/2012,3.1,Rate per 1000 people,Rate per 1000 people,,,,
E06000064,Westmorland and Furness,County or Unitary Authority,Food outlets,15/03/2011,3.1,Rate per 1000 people,Rate per 1000 people,,,,
E06000064,Westmorland and Furness,County or Unitary Authority,Food outlets,15/03/2010,3.1,Rate per 1000 people,Rate per 1000 people,,,,
E06000064,Westmorland and Furness,County or Unitary Authority,Food outlets,15/03/2014,2.9,Rate per 1000 people,Rate per 1000 people,,,,
E06000064,Westmorland and Furness,County or Unitary Authority,Food outlets,15/03/2017,3.3,Rate per 1000 people,Rate per 1000 people,,,,
E06000064,Westmorland and Furness,County or Unitary Authority,Food outlets,15/03/2016,3.2,Rate per 1000 people,Rate per 1000 people,,,,
E06000064,Westmorland and Furness,County or Unitary Authority,Food outlets,15/03/2015,3.2,Rate per 1000 people,Rate per 1000 people,,,,
E47000001,Greater Manchester,Combined Authority or City Region,Food outlets,15/03/2020,2.1,Rate per 1000 people,Rate per 1000 people,,,,
E47000001,Greater Manchester,Combined Authority or City Region,Food outlets,15/03/2026,2.3,Rate per 1000 people,Rate per 1000 people,,,,
E47000001,Greater Manchester,Combined Authority or City Region,Food outlets,15/03/2025,2.3,Rate per 1000 people,Rate per 1000 people,,,,
E47000001,Greater Manchester,Combined Authority or City Region,Food outlets,15/03/2024,2.2,Rate per 1000 people,Rate per 1000 people,,,,
E47000001,Greater Manchester,Combined Authority or City Region,Food outlets,15/03/2023,2.3,Rate per 1000 people,Rate per 1000 people,,,,
E47000001,Greater Manchester,Combined Authority or City Region,Food outlets,15/03/2022,2.4,Rate per 1000 people,Rate per 1000 people,,,,
E47000001,Greater Manchester,Combined Authority or City Region,Food outlets,15/03/2021,2.3,Rate per 1000 people,Rate per 1000 people,,,,
E47000001,Greater Manchester,Combined Authority or City Region,Food outlets,15/03/2019,2,Rate per 1000 people,Rate per 1000 people,,,,
E47000001,Greater Manchester,Combined Authority or City Region,Food outlets,15/03/2018,2,Rate per 1000 people,Rate per 1000 people,,,,
E47000001,Greater Manchester,Combined Authority or City Region,Food outlets,15/03/2017,1.9,Rate per 1000 people,Rate per 1000 people,,,,
E47000001,Greater Manchester,Combined Authority or City Region,Food outlets,15/03/2016,1.9,Rate per 1000 people,Rate per 1000 people,,,,
E47000001,Greater Manchester,Combined Authority or City Region,Food outlets,15/03/2015,1.8,Rate per 1000 people,Rate per 1000 people,,,,
E47000001,Greater Manchester,Combined Authority or City Region,Food outlets,15/03/2014,1.5,Rate per 1000 people,Rate per 1000 people,,,,
E47000001,Greater Manchester,Combined Authority or City Region,Food outlets,15/03/2013,1.5,Rate per 1000 people,Rate per 1000 people,,,,
E47000001,Greater Manchester,Combined Authority or City Region,Food outlets,15/03/2012,1.5,Rate per 1000 people,Rate per 1000 people,,,,
E47000001,Greater Manchester,Combined Authority or City Region,Food outlets,15/03/2011,1.5,Rate per 1000 people,Rate per 1000 people,,,,
E47000001,Greater Manchester,Combined Authority or City Region,Food outlets,15/03/2010,1.6,Rate per 1000 people,Rate per 1000 people,,,,
E08000001,Bolton,Local Authority District,Food outlets,15/03/2022,2.5,Rate per 1000 people,Rate per 1000 people,,,,
E08000001,Bolton,Local Authority District,Food outlets,15/03/2021,2.2,Rate per 1000 people,Rate per 1000 people,,,,
E08000001,Bolton,Local Authority District,Food outlets,15/03/2020,2.1,Rate per 1000 people,Rate per 1000 people,,,,
E08000001,Bolton,Local Authority District,Food outlets,15/03/2019,2,Rate per 1000 people,Rate per 1000 people,,,,
E08000001,Bolton,Local Authority District,Food outlets,15/03/2026,2.1,Rate per 1000 people,Rate per 1000 people,,,,
E08000001,Bolton,Local Authority District,Food outlets,15/03/2023,2.1,Rate per 1000 people,Rate per 1000 people,,,,
E08000001,Bolton,Local Authority District,Food outlets,15/03/2025,2.1,Rate per 1000 people,Rate per 1000 people,,,,
E08000001,Bolton,Local Authority District,Food outlets,15/03/2024,2,Rate per 1000 people,Rate per 1000 people,,,,
E08000001,Bolton,Local Authority District,Food outlets,15/03/2018,1.8,Rate per 1000 people,Rate per 1000 people,,,,
E08000001,Bolton,Local Authority District,Food outlets,15/03/2016,1.7,Rate per 1000 people,Rate per 1000 people,,,,
E08000001,Bolton,Local Authority District,Food outlets,15/03/2010,1.5,Rate per 1000 people,Rate per 1000 people,,,,
E08000001,Bolton,Local Authority District,Food outlets,15/03/2011,1.4,Rate per 1000 people,Rate per 1000 people,,,,
E08000001,Bolton,Local Authority District,Food outlets,15/03/2012,1.4,Rate per 1000 people,Rate per 1000 people,,,,
E08000001,Bolton,Local Authority District,Food outlets,15/03/2013,1.4,Rate per 1000 people,Rate per 1000 people,,,,
E08000001,Bolton,Local Authority District,Food outlets,15/03/2014,1.4,Rate per 1000 people,Rate per 1000 people,,,,
E08000001,Bolton,Local Authority District,Food outlets,15/03/2017,1.8,Rate per 1000 people,Rate per 1000 people,,,,
E08000001,Bolton,Local Authority District,Food outlets,15/03/2015,1.7,Rate per 1000 people,Rate per 1000 people,,,,
E08000002,Bury,Local Authority District,Food outlets,15/03/2022,2.8,Rate per 1000 people,Rate per 1000 people,,,,
E08000002,Bury,Local Authority District,Food outlets,15/03/2020,2.2,Rate per 1000 people,Rate per 1000 people,,,,
E08000002,Bury,Local Authority District,Food outlets,15/03/2021,2.5,Rate per 1000 people,Rate per 1000 people,,,,
E08000002,Bury,Local Authority District,Food outlets,15/03/2019,2.3,Rate per 1000 people,Rate per 1000 people,,,,
E08000002,Bury,Local Authority District,Food outlets,15/03/2026,2.3,Rate per 1000 people,Rate per 1000 people,,,,
E08000002,Bury,Local Authority District,Food outlets,15/03/2023,2.5,Rate per 1000 people,Rate per 1000 people,,,,
E08000002,Bury,Local Authority District,Food outlets,15/03/2018,2.1,Rate per 1000 people,Rate per 1000 people,,,,
E08000002,Bury,Local Authority District,Food outlets,15/03/2025,2.4,Rate per 1000 people,Rate per 1000 people,,,,
E08000002,Bury,Local Authority District,Food outlets,15/03/2024,2.3,Rate per 1000 people,Rate per 1000 people,,,,
E08000002,Bury,Local Authority District,Food outlets,15/03/2016,1.9,Rate per 1000 people,Rate per 1000 people,,,,
E08000002,Bury,Local Authority District,Food outlets,15/03/2010,1.5,Rate per 1000 people,Rate per 1000 people,,,,
E08000002,Bury,Local Authority District,Food outlets,15/03/2011,1.5,Rate per 1000 people,Rate per 1000 people,,,,
E08000002,Bury,Local Authority District,Food outlets,15/03/2012,1.6,Rate per 1000 people,Rate per 1000 people,,,,
E08000002,Bury,Local Authority District,Food outlets,15/03/2013,1.7,Rate per 1000 people,Rate per 1000 people,,,,
E08000002,Bury,Local Authority District,Food outlets,15/03/2014,1.7,Rate per 1000 people,Rate per 1000 people,,,,
E08000002,Bury,Local Authority District,Food outlets,15/03/2017,2,Rate per 1000 people,Rate per 1000 people,,,,
E08000002,Bury,Local Authority District,Food outlets,15/03/2015,1.9,Rate per 1000 people,Rate per 1000 people,,,,
E08000003,Manchester,Local Authority District,Food outlets,15/03/2022,2.9,Rate per 1000 people,Rate per 1000 people,,,,
E08000003,Manchester,Local Authority District,Food outlets,15/03/2021,2.8,Rate per 1000 people,Rate per 1000 people,,,,
E08000003,Manchester,Local Authority District,Food outlets,15/03/2019,2.6,Rate per 1000 people,Rate per 1000 people,,,,
E08000003,Manchester,Local Authority District,Food outlets,15/03/2020,2.7,Rate per 1000 people,Rate per 1000 people,,,,
E08000003,Manchester,Local Authority District,Food outlets,15/03/2024,2.9,Rate per 1000 people,Rate per 1000 people,,,,
E08000003,Manchester,Local Authority District,Food outlets,15/03/2023,2.9,Rate per 1000 people,Rate per 1000 people,,,,
E08000003,Manchester,Local Authority District,Food outlets,15/03/2026,3.3,Rate per 1000 people,Rate per 1000 people,,,,
E08000003,Manchester,Local Authority District,Food outlets,15/03/2025,3.1,Rate per 1000 people,Rate per 1000 people,,,,
E08000003,Manchester,Local Authority District,Food outlets,15/03/2018,2.6,Rate per 1000 people,Rate per 1000 people,,,,
E08000003,Manchester,Local Authority District,Food outlets,15/03/2013,1.8,Rate per 1000 people,Rate per 1000 people,,,,
E08000003,Manchester,Local Authority District,Food outlets,15/03/2012,1.8,Rate per 1000 people,Rate per 1000 people,,,,
E08000003,Manchester,Local Authority District,Food outlets,15/03/2011,1.7,Rate per 1000 people,Rate per 1000 people,,,,
E08000003,Manchester,Local Authority District,Food outlets,15/03/2010,1.8,Rate per 1000 people,Rate per 1000 people,,,,
E08000003,Manchester,Local Authority District,Food outlets,15/03/2014,1.9,Rate per 1000 people,Rate per 1000 people,,,,
E08000003,Manchester,Local Authority District,Food outlets,15/03/2017,2.4,Rate per 1000 people,Rate per 1000 people,,,,
E08000003,Manchester,Local Authority District,Food outlets,15/03/2016,2.3,Rate per 1000 people,Rate per 1000 people,,,,
E08000003,Manchester,Local Authority District,Food outlets,15/03/2015,2.3,Rate per 1000 people,Rate per 1000 people,,,,
E08000004,Oldham,Local Authority District,Food outlets,15/03/2022,2.2,Rate per 1000 people,Rate per 1000 people,,,,
E08000004,Oldham,Local Authority District,Food outlets,15/03/2021,2.5,Rate per 1000 people,Rate per 1000 people,,,,
E08000004,Oldham,Local Authority District,Food outlets,15/03/2020,2.1,Rate per 1000 people,Rate per 1000 people,,,,
E08000004,Oldham,Local Authority District,Food outlets,15/03/2019,1.9,Rate per 1000 people,Rate per 1000 people,,,,
E08000004,Oldham,Local Authority District,Food outlets,15/03/2026,2.2,Rate per 1000 people,Rate per 1000 people,,,,
E08000004,Oldham,Local Authority District,Food outlets,15/03/2024,2.1,Rate per 1000 people,Rate per 1000 people,,,,
E08000004,Oldham,Local Authority District,Food outlets,15/03/2023,2.2,Rate per 1000 people,Rate per 1000 people,,,,
E08000004,Oldham,Local Authority District,Food outlets,15/03/2018,1.9,Rate per 1000 people,Rate per 1000 people,,,,
E08000004,Oldham,Local Authority District,Food outlets,15/03/2025,2.2,Rate per 1000 people,Rate per 1000 people,,,,
E08000004,Oldham,Local Authority District,Food outlets,15/03/2013,1.6,Rate per 1000 people,Rate per 1000 people,,,,
E08000004,Oldham,Local Authority District,Food outlets,15/03/2012,1.6,Rate per 1000 people,Rate per 1000 people,,,,
E08000004,Oldham,Local Authority District,Food outlets,15/03/2011,1.6,Rate per 1000 people,Rate per 1000 people,,,,
E08000004,Oldham,Local Authority District,Food outlets,15/03/2010,1.7,Rate per 1000 people,Rate per 1000 people,,,,
E08000004,Oldham,Local Authority District,Food outlets,15/03/2014,1.5,Rate per 1000 people,Rate per 1000 people,,,,
E08000004,Oldham,Local Authority District,Food outlets,15/03/2017,1.9,Rate per 1000 people,Rate per 1000 people,,,,
E08000004,Oldham,Local Authority District,Food outlets,15/03/2016,1.9,Rate per 1000 people,Rate per 1000 people,,,,
E08000004,Oldham,Local Authority District,Food outlets,15/03/2015,1.8,Rate per 1000 people,Rate per 1000 people,,,,
E08000005,Rochdale,Local Authority District,Food outlets,15/03/2021,2,Rate per 1000 people,Rate per 1000 people,,,,
E08000005,Rochdale,Local Authority District,Food outlets,15/03/2022,2.1,Rate per 1000 people,Rate per 1000 people,,,,
E08000005,Rochdale,Local Authority District,Food outlets,15/03/2019,1.8,Rate per 1000 people,Rate per 1000 people,,,,
E08000005,Rochdale,Local Authority District,Food outlets,15/03/2020,1.9,Rate per 1000 people,Rate per 1000 people,,,,
E08000005,Rochdale,Local Authority District,Food outlets,15/03/2024,2,Rate per 1000 people,Rate per 1000 people,,,,
E08000005,Rochdale,Local Authority District,Food outlets,15/03/2023,2,Rate per 1000 people,Rate per 1000 people,,,,
E08000005,Rochdale,Local Authority District,Food outlets,15/03/2026,2,Rate per 1000 people,Rate per 1000 people,,,,
E08000005,Rochdale,Local Authority District,Food outlets,15/03/2025,2,Rate per 1000 people,Rate per 1000 people,,,,
E08000005,Rochdale,Local Authority District,Food outlets,15/03/2018,1.8,Rate per 1000 people,Rate per 1000 people,,,,
E08000005,Rochdale,Local Authority District,Food outlets,15/03/2013,1.4,Rate per 1000 people,Rate per 1000 people,,,,
E08000005,Rochdale,Local Authority District,Food outlets,15/03/2012,1.5,Rate per 1000 people,Rate per 1000 people,,,,
E08000005,Rochdale,Local Authority District,Food outlets,15/03/2011,1.4,Rate per 1000 people,Rate per 1000 people,,,,
E08000005,Rochdale,Local Authority District,Food outlets,15/03/2010,1.5,Rate per 1000 people,Rate per 1000 people,,,,
E08000005,Rochdale,Local Authority District,Food outlets,15/03/2014,1.5,Rate per 1000 people,Rate per 1000 people,,,,
E08000005,Rochdale,Local Authority District,Food outlets,15/03/2017,1.8,Rate per 1000 people,Rate per 1000 people,,,,
E08000005,Rochdale,Local Authority District,Food outlets,15/03/2016,1.7,Rate per 1000 people,Rate per 1000 people,,,,
E08000005,Rochdale,Local Authority District,Food outlets,15/03/2015,1.8,Rate per 1000 people,Rate per 1000 people,,,,
E08000006,Salford,Local Authority District,Food outlets,15/03/2021,1.8,Rate per 1000 people,Rate per 1000 people,,,,
E08000006,Salford,Local Authority District,Food outlets,15/03/2022,1.9,Rate per 1000 people,Rate per 1000 people,,,,
E08000006,Salford,Local Authority District,Food outlets,15/03/2020,1.7,Rate per 1000 people,Rate per 1000 people,,,,
E08000006,Salford,Local Authority District,Food outlets,15/03/2019,1.6,Rate per 1000 people,Rate per 1000 people,,,,
E08000006,Salford,Local Authority District,Food outlets,15/03/2024,1.7,Rate per 1000 people,Rate per 1000 people,,,,
E08000006,Salford,Local Authority District,Food outlets,15/03/2023,2,Rate per 1000 people,Rate per 1000 people,,,,
E08000006,Salford,Local Authority District,Food outlets,15/03/2018,1.6,Rate per 1000 people,Rate per 1000 people,,,,
E08000006,Salford,Local Authority District,Food outlets,15/03/2026,1.8,Rate per 1000 people,Rate per 1000 people,,,,
E08000006,Salford,Local Authority District,Food outlets,15/03/2025,1.7,Rate per 1000 people,Rate per 1000 people,,,,
E08000006,Salford,Local Authority District,Food outlets,15/03/2013,1.1,Rate per 1000 people,Rate per 1000 people,,,,
E08000006,Salford,Local Authority District,Food outlets,15/03/2012,1.2,Rate per 1000 people,Rate per 1000 people,,,,
E08000006,Salford,Local Authority District,Food outlets,15/03/2011,1.1,Rate per 1000 people,Rate per 1000 people,,,,
E08000006,Salford,Local Authority District,Food outlets,15/03/2010,1.1,Rate per 1000 people,Rate per 1000 people,,,,
E08000006,Salford,Local Authority District,Food outlets,15/03/2014,1.2,Rate per 1000 people,Rate per 1000 people,,,,
E08000006,Salford,Local Authority District,Food outlets,15/03/2017,1.5,Rate per 1000 people,Rate per 1000 people,,,,
E08000006,Salford,Local Authority District,Food outlets,15/03/2016,1.5,Rate per 1000 people,Rate per 1000 people,,,,
E08000006,Salford,Local Authority District,Food outlets,15/03/2015,1.5,Rate per 1000 people,Rate per 1000 people,,,,
E08000007,Stockport,Local Authority District,Food outlets,15/03/2021,2.3,Rate per 1000 people,Rate per 1000 people,,,,
E08000007,Stockport,Local Authority District,Food outlets,15/03/2022,2.4,Rate per 1000 people,Rate per 1000 people,,,,
E08000007,Stockport,Local Authority District,Food outlets,15/03/2019,2,Rate per 1000 people,Rate per 1000 people,,,,
E08000007,Stockport,Local Authority District,Food outlets,15/03/2020,2.2,Rate per 1000 people,Rate per 1000 people,,,,
E08000007,Stockport,Local Authority District,Food outlets,15/03/2024,2.2,Rate per 1000 people,Rate per 1000 people,,,,
E08000007,Stockport,Local Authority District,Food outlets,15/03/2023,2.5,Rate per 1000 people,Rate per 1000 people,,,,
E08000007,Stockport,Local Authority District,Food outlets,15/03/2026,2.4,Rate per 1000 people,Rate per 1000 people,,,,
E08000007,Stockport,Local Authority District,Food outlets,15/03/2025,2.3,Rate per 1000 people,Rate per 1000 people,,,,
E08000007,Stockport,Local Authority District,Food outlets,15/03/2018,2,Rate per 1000 people,Rate per 1000 people,,,,
E08000007,Stockport,Local Authority District,Food outlets,15/03/2013,1.5,Rate per 1000 people,Rate per 1000 people,,,,
E08000007,Stockport,Local Authority District,Food outlets,15/03/2012,1.6,Rate per 1000 people,Rate per 1000 people,,,,
E08000007,Stockport,Local Authority District,Food outlets,15/03/2011,1.6,Rate per 1000 people,Rate per 1000 people,,,,
E08000007,Stockport,Local Authority District,Food outlets,15/03/2010,1.7,Rate per 1000 people,Rate per 1000 people,,,,
E08000007,Stockport,Local Authority District,Food outlets,15/03/2014,1.6,Rate per 1000 people,Rate per 1000 people,,,,
E08000007,Stockport,Local Authority District,Food outlets,15/03/2017,1.9,Rate per 1000 people,Rate per 1000 people,,,,
E08000007,Stockport,Local Authority District,Food outlets,15/03/2016,1.9,Rate per 1000 people,Rate per 1000 people,,,,
E08000007,Stockport,Local Authority District,Food outlets,15/03/2015,1.9,Rate per 1000 people,Rate per 1000 people,,,,
E08000008,Tameside,Local Authority District,Food outlets,15/03/2022,2.2,Rate per 1000 people,Rate per 1000 people,,,,
E08000008,Tameside,Local Authority District,Food outlets,15/03/2021,2,Rate per 1000 people,Rate per 1000 people,,,,
E08000008,Tameside,Local Authority District,Food outlets,15/03/2020,2,Rate per 1000 people,Rate per 1000 people,,,,
E08000008,Tameside,Local Authority District,Food outlets,15/03/2018,1.9,Rate per 1000 people,Rate per 1000 people,,,,
E08000008,Tameside,Local Authority District,Food outlets,15/03/2019,1.9,Rate per 1000 people,Rate per 1000 people,,,,
E08000008,Tameside,Local Authority District,Food outlets,15/03/2024,1.9,Rate per 1000 people,Rate per 1000 people,,,,
E08000008,Tameside,Local Authority District,Food outlets,15/03/2023,2.1,Rate per 1000 people,Rate per 1000 people,,,,
E08000008,Tameside,Local Authority District,Food outlets,15/03/2026,2.1,Rate per 1000 people,Rate per 1000 people,,,,
E08000008,Tameside,Local Authority District,Food outlets,15/03/2025,2,Rate per 1000 people,Rate per 1000 people,,,,
E08000008,Tameside,Local Authority District,Food outlets,15/03/2017,1.8,Rate per 1000 people,Rate per 1000 people,,,,
E08000008,Tameside,Local Authority District,Food outlets,15/03/2010,1.6,Rate per 1000 people,Rate per 1000 people,,,,
E08000008,Tameside,Local Authority District,Food outlets,15/03/2011,1.5,Rate per 1000 people,Rate per 1000 people,,,,
E08000008,Tameside,Local Authority District,Food outlets,15/03/2012,1.6,Rate per 1000 people,Rate per 1000 people,,,,
E08000008,Tameside,Local Authority District,Food outlets,15/03/2013,1.5,Rate per 1000 people,Rate per 1000 people,,,,
E08000008,Tameside,Local Authority District,Food outlets,15/03/2014,1.6,Rate per 1000 people,Rate per 1000 people,,,,
E08000008,Tameside,Local Authority District,Food outlets,15/03/2016,1.8,Rate per 1000 people,Rate per 1000 people,,,,
E08000008,Tameside,Local Authority District,Food outlets,15/03/2015,1.8,Rate per 1000 people,Rate per 1000 people,,,,
E08000009,Trafford,Local Authority District,Food outlets,15/03/2021,2.1,Rate per 1000 people,Rate per 1000 people,,,,
E08000009,Trafford,Local Authority District,Food outlets,15/03/2022,2.2,Rate per 1000 people,Rate per 1000 people,,,,
E08000009,Trafford,Local Authority District,Food outlets,15/03/2020,2,Rate per 1000 people,Rate per 1000 people,,,,
E08000009,Trafford,Local Authority District,Food outlets,15/03/2019,1.8,Rate per 1000 people,Rate per 1000 people,,,,
E08000009,Trafford,Local Authority District,Food outlets,15/03/2024,2.2,Rate per 1000 people,Rate per 1000 people,,,,
E08000009,Trafford,Local Authority District,Food outlets,15/03/2023,2.2,Rate per 1000 people,Rate per 1000 people,,,,
E08000009,Trafford,Local Authority District,Food outlets,15/03/2018,1.8,Rate per 1000 people,Rate per 1000 people,,,,
E08000009,Trafford,Local Authority District,Food outlets,15/03/2026,2.3,Rate per 1000 people,Rate per 1000 people,,,,
E08000009,Trafford,Local Authority District,Food outlets,15/03/2025,2.3,Rate per 1000 people,Rate per 1000 people,,,,
E08000009,Trafford,Local Authority District,Food outlets,15/03/2013,1.4,Rate per 1000 people,Rate per 1000 people,,,,
E08000009,Trafford,Local Authority District,Food outlets,15/03/2012,1.5,Rate per 1000 people,Rate per 1000 people,,,,
E08000009,Trafford,Local Authority District,Food outlets,15/03/2011,1.5,Rate per 1000 people,Rate per 1000 people,,,,
E08000009,Trafford,Local Authority District,Food outlets,15/03/2010,1.5,Rate per 1000 people,Rate per 1000 people,,,,
E08000009,Trafford,Local Authority District,Food outlets,15/03/2014,1.4,Rate per 1000 people,Rate per 1000 people,,,,
E08000009,Trafford,Local Authority District,Food outlets,15/03/2017,1.8,Rate per 1000 people,Rate per 1000 people,,,,
E08000009,Trafford,Local Authority District,Food outlets,15/03/2016,1.7,Rate per 1000 people,Rate per 1000 people,,,,
E08000009,Trafford,Local Authority District,Food outlets,15/03/2015,1.7,Rate per 1000 people,Rate per 1000 people,,,,
E08000010,Wigan,Local Authority District,Food outlets,15/03/2022,2,Rate per 1000 people,Rate per 1000 people,,,,
E08000010,Wigan,Local Authority District,Food outlets,15/03/2021,1.9,Rate per 1000 people,Rate per 1000 people,,,,
E08000010,Wigan,Local Authority District,Food outlets,15/03/2020,1.9,Rate per 1000 people,Rate per 1000 people,,,,
E08000010,Wigan,Local Authority District,Food outlets,15/03/2019,1.7,Rate per 1000 people,Rate per 1000 people,,,,
E08000010,Wigan,Local Authority District,Food outlets,15/03/2018,1.8,Rate per 1000 people,Rate per 1000 people,,,,
E08000010,Wigan,Local Authority District,Food outlets,15/03/2023,2,Rate per 1000 people,Rate per 1000 people,,,,
E08000010,Wigan,Local Authority District,Food outlets,15/03/2026,1.9,Rate per 1000 people,Rate per 1000 people,,,,
E08000010,Wigan,Local Authority District,Food outlets,15/03/2025,1.9,Rate per 1000 people,Rate per 1000 people,,,,
E08000010,Wigan,Local Authority District,Food outlets,15/03/2024,1.9,Rate per 1000 people,Rate per 1000 people,,,,
E08000010,Wigan,Local Authority District,Food outlets,15/03/2010,1.5,Rate per 1000 people,Rate per 1000 people,,,,
E08000010,Wigan,Local Authority District,Food outlets,15/03/2011,1.4,Rate per 1000 people,Rate per 1000 people,,,,
E08000010,Wigan,Local Authority District,Food outlets,15/03/2012,1.4,Rate per 1000 people,Rate per 1000 people,,,,
E08000010,Wigan,Local Authority District,Food outlets,15/03/2013,1.3,Rate per 1000 people,Rate per 1000 people,,,,
E08000010,Wigan,Local Authority District,Food outlets,15/03/2014,1.3,Rate per 1000 people,Rate per 1000 people,,,,
E08000010,Wigan,Local Authority District,Food outlets,15/03/2017,1.7,Rate per 1000 people,Rate per 1000 people,,,,
E08000010,Wigan,Local Authority District,Food outlets,15/03/2016,1.7,Rate per 1000 people,Rate per 1000 people,,,,
E08000010,Wigan,Local Authority District,Food outlets,15/03/2015,1.6,Rate per 1000 people,Rate per 1000 people,,,,
E47000018,Lancashire,Combined Authority or City Region,Food outlets,15/03/2021,2.3,Rate per 1000 people,Rate per 1000 people,,,,
E47000018,Lancashire,Combined Authority or City Region,Food outlets,15/03/2022,2.4,Rate per 1000 people,Rate per 1000 people,,,,
E47000018,Lancashire,Combined Authority or City Region,Food outlets,15/03/2026,2.3,Rate per 1000 people,Rate per 1000 people,,,,
E47000018,Lancashire,Combined Authority or City Region,Food outlets,15/03/2024,2.3,Rate per 1000 people,Rate per 1000 people,,,,
E47000018,Lancashire,Combined Authority or City Region,Food outlets,15/03/2025,2.2,Rate per 1000 people,Rate per 1000 people,,,,
E47000018,Lancashire,Combined Authority or City Region,Food outlets,15/03/2020,2.2,Rate per 1000 people,Rate per 1000 people,,,,
E47000018,Lancashire,Combined Authority or City Region,Food outlets,15/03/2023,2.4,Rate per 1000 people,Rate per 1000 people,,,,
E47000018,Lancashire,Combined Authority or City Region,Food outlets,15/03/2019,2.1,Rate per 1000 people,Rate per 1000 people,,,,
E47000018,Lancashire,Combined Authority or City Region,Food outlets,15/03/2014,1.7,Rate per 1000 people,Rate per 1000 people,,,,
E47000018,Lancashire,Combined Authority or City Region,Food outlets,15/03/2017,2,Rate per 1000 people,Rate per 1000 people,,,,
E47000018,Lancashire,Combined Authority or City Region,Food outlets,15/03/2016,2,Rate per 1000 people,Rate per 1000 people,,,,
E47000018,Lancashire,Combined Authority or City Region,Food outlets,15/03/2015,2,Rate per 1000 people,Rate per 1000 people,,,,
E47000018,Lancashire,Combined Authority or City Region,Food outlets,15/03/2013,1.7,Rate per 1000 people,Rate per 1000 people,,,,
E47000018,Lancashire,Combined Authority or City Region,Food outlets,15/03/2012,1.8,Rate per 1000 people,Rate per 1000 people,,,,
E47000018,Lancashire,Combined Authority or City Region,Food outlets,15/03/2011,1.8,Rate per 1000 people,Rate per 1000 people,,,,
E47000018,Lancashire,Combined Authority or City Region,Food outlets,15/03/2010,1.8,Rate per 1000 people,Rate per 1000 people,,,,
E47000018,Lancashire,Combined Authority or City Region,Food outlets,15/03/2018,2,Rate per 1000 people,Rate per 1000 people,,,,
E10000017,Lancashire,County or Unitary Authority,Food outlets,15/03/2019,2.1,Rate per 1000 people,Rate per 1000 people,,,,
E10000017,Lancashire,County or Unitary Authority,Food outlets,15/03/2026,2.2,Rate per 1000 people,Rate per 1000 people,,,,
E10000017,Lancashire,County or Unitary Authority,Food outlets,15/03/2025,2.2,Rate per 1000 people,Rate per 1000 people,,,,
E10000017,Lancashire,County or Unitary Authority,Food outlets,15/03/2024,2.2,Rate per 1000 people,Rate per 1000 people,,,,
E10000017,Lancashire,County or Unitary Authority,Food outlets,15/03/2023,2.2,Rate per 1000 people,Rate per 1000 people,,,,
E10000017,Lancashire,County or Unitary Authority,Food outlets,15/03/2021,2.2,Rate per 1000 people,Rate per 1000 people,,,,
E10000017,Lancashire,County or Unitary Authority,Food outlets,15/03/2020,2.2,Rate per 1000 people,Rate per 1000 people,,,,
E10000017,Lancashire,County or Unitary Authority,Food outlets,15/03/2018,2,Rate per 1000 people,Rate per 1000 people,,,,
E10000017,Lancashire,County or Unitary Authority,Food outlets,15/03/2022,2.3,Rate per 1000 people,Rate per 1000 people,,,,
E10000017,Lancashire,County or Unitary Authority,Food outlets,15/03/2016,2,Rate per 1000 people,Rate per 1000 people,,,,
E10000017,Lancashire,County or Unitary Authority,Food outlets,15/03/2010,1.9,Rate per 1000 people,Rate per 1000 people,,,,
E10000017,Lancashire,County or Unitary Authority,Food outlets,15/03/2011,1.8,Rate per 1000 people,Rate per 1000 people,,,,
E10000017,Lancashire,County or Unitary Authority,Food outlets,15/03/2012,1.8,Rate per 1000 people,Rate per 1000 people,,,,
E10000017,Lancashire,County or Unitary Authority,Food outlets,15/03/2017,2,Rate per 1000 people,Rate per 1000 people,,,,
E10000017,Lancashire,County or Unitary Authority,Food outlets,15/03/2014,1.7,Rate per 1000 people,Rate per 1000 people,,,,
E10000017,Lancashire,County or Unitary Authority,Food outlets,15/03/2015,2,Rate per 1000 people,Rate per 1000 people,,,,
E10000017,Lancashire,County or Unitary Authority,Food outlets,15/03/2013,1.7,Rate per 1000 people,Rate per 1000 people,,,,
E07000117,Burnley,Local Authority District,Food outlets,15/03/2020,2.2,Rate per 1000 people,Rate per 1000 people,,,,
E07000117,Burnley,Local Authority District,Food outlets,15/03/2026,2.2,Rate per 1000 people,Rate per 1000 people,,,,
E07000117,Burnley,Local Authority District,Food outlets,15/03/2025,2,Rate per 1000 people,Rate per 1000 people,,,,
E07000117,Burnley,Local Authority District,Food outlets,15/03/2024,2,Rate per 1000 people,Rate per 1000 people,,,,
E07000117,Burnley,Local Authority District,Food outlets,15/03/2023,2,Rate per 1000 people,Rate per 1000 people,,,,
E07000117,Burnley,Local Authority District,Food outlets,15/03/2022,1.9,Rate per 1000 people,Rate per 1000 people,,,,
E07000117,Burnley,Local Authority District,Food outlets,15/03/2021,2.1,Rate per 1000 people,Rate per 1000 people,,,,
E07000117,Burnley,Local Authority District,Food outlets,15/03/2019,2.3,Rate per 1000 people,Rate per 1000 people,,,,
E07000117,Burnley,Local Authority District,Food outlets,15/03/2018,1.8,Rate per 1000 people,Rate per 1000 people,,,,
E07000117,Burnley,Local Authority District,Food outlets,15/03/2017,2,Rate per 1000 people,Rate per 1000 people,,,,
E07000117,Burnley,Local Authority District,Food outlets,15/03/2016,2.1,Rate per 1000 people,Rate per 1000 people,,,,
E07000117,Burnley,Local Authority District,Food outlets,15/03/2015,2.1,Rate per 1000 people,Rate per 1000 people,,,,
E07000117,Burnley,Local Authority District,Food outlets,15/03/2014,1.6,Rate per 1000 people,Rate per 1000 people,,,,
E07000117,Burnley,Local Authority District,Food outlets,15/03/2013,1.6,Rate per 1000 people,Rate per 1000 people,,,,
E07000117,Burnley,Local Authority District,Food outlets,15/03/2012,1.7,Rate per 1000 people,Rate per 1000 people,,,,
E07000117,Burnley,Local Authority District,Food outlets,15/03/2011,1.6,Rate per 1000 people,Rate per 1000 people,,,,
E07000117,Burnley,Local Authority District,Food outlets,15/03/2010,1.8,Rate per 1000 people,Rate per 1000 people,,,,
E07000118,Chorley,Local Authority District,Food outlets,15/03/2025,2.2,Rate per 1000 people,Rate per 1000 people,,,,
E07000118,Chorley,Local Authority District,Food outlets,15/03/2024,2.2,Rate per 1000 people,Rate per 1000 people,,,,
E07000118,Chorley,Local Authority District,Food outlets,15/03/2023,2.3,Rate per 1000 people,Rate per 1000 people,,,,
E07000118,Chorley,Local Authority District,Food outlets,15/03/2022,2.5,Rate per 1000 people,Rate per 1000 people,,,,
E07000118,Chorley,Local Authority District,Food outlets,15/03/2021,2.3,Rate per 1000 people,Rate per 1000 people,,,,
E07000118,Chorley,Local Authority District,Food outlets,15/03/2020,2,Rate per 1000 people,Rate per 1000 people,,,,
E07000118,Chorley,Local Authority District,Food outlets,15/03/2019,1.9,Rate per 1000 people,Rate per 1000 people,,,,
E07000118,Chorley,Local Authority District,Food outlets,15/03/2026,2.2,Rate per 1000 people,Rate per 1000 people,,,,
E07000118,Chorley,Local Authority District,Food outlets,15/03/2018,1.9,Rate per 1000 people,Rate per 1000 people,,,,
E07000118,Chorley,Local Authority District,Food outlets,15/03/2016,2,Rate per 1000 people,Rate per 1000 people,,,,
E07000118,Chorley,Local Authority District,Food outlets,15/03/2015,2,Rate per 1000 people,Rate per 1000 people,,,,
E07000118,Chorley,Local Authority District,Food outlets,15/03/2014,1.7,Rate per 1000 people,Rate per 1000 people,,,,
E07000118,Chorley,Local Authority District,Food outlets,15/03/2013,1.7,Rate per 1000 people,Rate per 1000 people,,,,
E07000118,Chorley,Local Authority District,Food outlets,15/03/2012,1.8,Rate per 1000 people,Rate per 1000 people,,,,
E07000118,Chorley,Local Authority District,Food outlets,15/03/2011,1.8,Rate per 1000 people,Rate per 1000 people,,,,
E07000118,Chorley,Local Authority District,Food outlets,15/03/2010,1.8,Rate per 1000 people,Rate per 1000 people,,,,
E07000118,Chorley,Local Authority District,Food outlets,15/03/2017,2,Rate per 1000 people,Rate per 1000 people,,,,
E07000119,Fylde,Local Authority District,Food outlets,15/03/2026,2.5,Rate per 1000 people,Rate per 1000 people,,,,
E07000119,Fylde,Local Authority District,Food outlets,15/03/2025,2.5,Rate per 1000 people,Rate per 1000 people,,,,
E07000119,Fylde,Local Authority District,Food outlets,15/03/2024,2.4,Rate per 1000 people,Rate per 1000 people,,,,
E07000119,Fylde,Local Authority District,Food outlets,15/03/2023,2.4,Rate per 1000 people,Rate per 1000 people,,,,
E07000119,Fylde,Local Authority District,Food outlets,15/03/2022,2.4,Rate per 1000 people,Rate per 1000 people,,,,
E07000119,Fylde,Local Authority District,Food outlets,15/03/2021,2.4,Rate per 1000 people,Rate per 1000 people,,,,
E07000119,Fylde,Local Authority District,Food outlets,15/03/2020,2.4,Rate per 1000 people,Rate per 1000 people,,,,
E07000119,Fylde,Local Authority District,Food outlets,15/03/2019,2.3,Rate per 1000 people,Rate per 1000 people,,,,
E07000119,Fylde,Local Authority District,Food outlets,15/03/2018,2.2,Rate per 1000 people,Rate per 1000 people,,,,
E07000119,Fylde,Local Authority District,Food outlets,15/03/2016,2.2,Rate per 1000 people,Rate per 1000 people,,,,
E07000119,Fylde,Local Authority District,Food outlets,15/03/2015,2.1,Rate per 1000 people,Rate per 1000 people,,,,
E07000119,Fylde,Local Authority District,Food outlets,15/03/2014,1.9,Rate per 1000 people,Rate per 1000 people,,,,
E07000119,Fylde,Local Authority District,Food outlets,15/03/2013,1.9,Rate per 1000 people,Rate per 1000 people,,,,
E07000119,Fylde,Local Authority District,Food outlets,15/03/2012,2,Rate per 1000 people,Rate per 1000 people,,,,
E07000119,Fylde,Local Authority District,Food outlets,15/03/2011,2,Rate per 1000 people,Rate per 1000 people,,,,
E07000119,Fylde,Local Authority District,Food outlets,15/03/2010,2.2,Rate per 1000 people,Rate per 1000 people,,,,
E07000119,Fylde,Local Authority District,Food outlets,15/03/2017,2.2,Rate per 1000 people,Rate per 1000 people,,,,
E07000120,Hyndburn,Local Authority District,Food outlets,15/03/2019,2.3,Rate per 1000 people,Rate per 1000 people,,,,
E07000120,Hyndburn,Local Authority District,Food outlets,15/03/2026,2.2,Rate per 1000 people,Rate per 1000 people,,,,
E07000120,Hyndburn,Local Authority District,Food outlets,15/03/2025,2.4,Rate per 1000 people,Rate per 1000 people,,,,
E07000120,Hyndburn,Local Authority District,Food outlets,15/03/2024,2.4,Rate per 1000 people,Rate per 1000 people,,,,
E07000120,Hyndburn,Local Authority District,Food outlets,15/03/2023,2.4,Rate per 1000 people,Rate per 1000 people,,,,
E07000120,Hyndburn,Local Authority District,Food outlets,15/03/2021,2.3,Rate per 1000 people,Rate per 1000 people,,,,
E07000120,Hyndburn,Local Authority District,Food outlets,15/03/2020,2.4,Rate per 1000 people,Rate per 1000 people,,,,
E07000120,Hyndburn,Local Authority District,Food outlets,15/03/2018,2.1,Rate per 1000 people,Rate per 1000 people,,,,
E07000120,Hyndburn,Local Authority District,Food outlets,15/03/2022,2.5,Rate per 1000 people,Rate per 1000 people,,,,
E07000120,Hyndburn,Local Authority District,Food outlets,15/03/2016,2.1,Rate per 1000 people,Rate per 1000 people,,,,
E07000120,Hyndburn,Local Authority District,Food outlets,15/03/2010,2.1,Rate per 1000 people,Rate per 1000 people,,,,
E07000120,Hyndburn,Local Authority District,Food outlets,15/03/2011,2,Rate per 1000 people,Rate per 1000 people,,,,
E07000120,Hyndburn,Local Authority District,Food outlets,15/03/2012,2.1,Rate per 1000 people,Rate per 1000 people,,,,
E07000120,Hyndburn,Local Authority District,Food outlets,15/03/2017,2,Rate per 1000 people,Rate per 1000 people,,,,
E07000120,Hyndburn,Local Authority District,Food outlets,15/03/2014,1.9,Rate per 1000 people,Rate per 1000 people,,,,
E07000120,Hyndburn,Local Authority District,Food outlets,15/03/2015,2.1,Rate per 1000 people,Rate per 1000 people,,,,
E07000120,Hyndburn,Local Authority District,Food outlets,15/03/2013,1.9,Rate per 1000 people,Rate per 1000 people,,,,
E07000121,Lancaster,Local Authority District,Food outlets,15/03/2020,2.3,Rate per 1000 people,Rate per 1000 people,,,,
E07000121,Lancaster,Local Authority District,Food outlets,15/03/2026,2.4,Rate per 1000 people,Rate per 1000 people,,,,
E07000121,Lancaster,Local Authority District,Food outlets,15/03/2025,2.4,Rate per 1000 people,Rate per 1000 people,,,,
E07000121,Lancaster,Local Authority District,Food outlets,15/03/2024,2.3,Rate per 1000 people,Rate per 1000 people,,,,
E07000121,Lancaster,Local Authority District,Food outlets,15/03/2023,2.4,Rate per 1000 people,Rate per 1000 people,,,,
E07000121,Lancaster,Local Authority District,Food outlets,15/03/2022,2.3,Rate per 1000 people,Rate per 1000 people,,,,
E07000121,Lancaster,Local Authority District,Food outlets,15/03/2021,2.3,Rate per 1000 people,Rate per 1000 people,,,,
E07000121,Lancaster,Local Authority District,Food outlets,15/03/2019,2.1,Rate per 1000 people,Rate per 1000 people,,,,
E07000121,Lancaster,Local Authority District,Food outlets,15/03/2018,2.1,Rate per 1000 people,Rate per 1000 people,,,,
E07000121,Lancaster,Local Authority District,Food outlets,15/03/2017,2.1,Rate per 1000 people,Rate per 1000 people,,,,
E07000121,Lancaster,Local Authority District,Food outlets,15/03/2016,2.1,Rate per 1000 people,Rate per 1000 people,,,,
E07000121,Lancaster,Local Authority District,Food outlets,15/03/2015,2.1,Rate per 1000 people,Rate per 1000 people,,,,
E07000121,Lancaster,Local Authority District,Food outlets,15/03/2014,1.8,Rate per 1000 people,Rate per 1000 people,,,,
E07000121,Lancaster,Local Authority District,Food outlets,15/03/2013,1.8,Rate per 1000 people,Rate per 1000 people,,,,
E07000121,Lancaster,Local Authority District,Food outlets,15/03/2012,1.8,Rate per 1000 people,Rate per 1000 people,,,,
E07000121,Lancaster,Local Authority District,Food outlets,15/03/2011,1.9,Rate per 1000 people,Rate per 1000 people,,,,
E07000121,Lancaster,Local Authority District,Food outlets,15/03/2010,2,Rate per 1000 people,Rate per 1000 people,,,,
E07000122,Pendle,Local Authority District,Food outlets,15/03/2021,1.9,Rate per 1000 people,Rate per 1000 people,,,,
E07000122,Pendle,Local Authority District,Food outlets,15/03/2022,2.1,Rate per 1000 people,Rate per 1000 people,,,,
E07000122,Pendle,Local Authority District,Food outlets,15/03/2023,2.3,Rate per 1000 people,Rate per 1000 people,,,,
E07000122,Pendle,Local Authority District,Food outlets,15/03/2020,1.9,Rate per 1000 people,Rate per 1000 people,,,,
E07000122,Pendle,Local Authority District,Food outlets,15/03/2025,1.9,Rate per 1000 people,Rate per 1000 people,,,,
E07000122,Pendle,Local Authority District,Food outlets,15/03/2026,2,Rate per 1000 people,Rate per 1000 people,,,,
E07000122,Pendle,Local Authority District,Food outlets,15/03/2024,2.1,Rate per 1000 people,Rate per 1000 people,,,,
E07000122,Pendle,Local Authority District,Food outlets,15/03/2019,1.9,Rate per 1000 people,Rate per 1000 people,,,,
E07000122,Pendle,Local Authority District,Food outlets,15/03/2018,1.8,Rate per 1000 people,Rate per 1000 people,,,,
E07000122,Pendle,Local Authority District,Food outlets,15/03/2017,1.7,Rate per 1000 people,Rate per 1000 people,,,,
E07000122,Pendle,Local Authority District,Food outlets,15/03/2016,1.7,Rate per 1000 people,Rate per 1000 people,,,,
E07000122,Pendle,Local Authority District,Food outlets,15/03/2015,1.7,Rate per 1000 people,Rate per 1000 people,,,,
E07000122,Pendle,Local Authority District,Food outlets,15/03/2014,1.4,Rate per 1000 people,Rate per 1000 people,,,,
E07000122,Pendle,Local Authority District,Food outlets,15/03/2013,1.3,Rate per 1000 people,Rate per 1000 people,,,,
E07000122,Pendle,Local Authority District,Food outlets,15/03/2012,1.4,Rate per 1000 people,Rate per 1000 people,,,,
E07000122,Pendle,Local Authority District,Food outlets,15/03/2011,1.5,Rate per 1000 people,Rate per 1000 people,,,,
E07000122,Pendle,Local Authority District,Food outlets,15/03/2010,1.6,Rate per 1000 people,Rate per 1000 people,,,,
E07000123,Preston,Local Authority District,Food outlets,15/03/2026,2.2,Rate per 1000 people,Rate per 1000 people,,,,
E07000123,Preston,Local Authority District,Food outlets,15/03/2025,2.1,Rate per 1000 people,Rate per 1000 people,,,,
E07000123,Preston,Local Authority District,Food outlets,15/03/2024,2.1,Rate per 1000 people,Rate per 1000 people,,,,
E07000123,Preston,Local Authority District,Food outlets,15/03/2023,2.1,Rate per 1000 people,Rate per 1000 people,,,,
E07000123,Preston,Local Authority District,Food outlets,15/03/2022,2.2,Rate per 1000 people,Rate per 1000 people,,,,
E07000123,Preston,Local Authority District,Food outlets,15/03/2021,2.1,Rate per 1000 people,Rate per 1000 people,,,,
E07000123,Preston,Local Authority District,Food outlets,15/03/2020,2,Rate per 1000 people,Rate per 1000 people,,,,
E07000123,Preston,Local Authority District,Food outlets,15/03/2019,2,Rate per 1000 people,Rate per 1000 people,,,,
E07000123,Preston,Local Authority District,Food outlets,15/03/2018,1.9,Rate per 1000 people,Rate per 1000 people,,,,
E07000123,Preston,Local Authority District,Food outlets,15/03/2017,1.9,Rate per 1000 people,Rate per 1000 people,,,,
E07000123,Preston,Local Authority District,Food outlets,15/03/2016,1.9,Rate per 1000 people,Rate per 1000 people,,,,
E07000123,Preston,Local Authority District,Food outlets,15/03/2015,2,Rate per 1000 people,Rate per 1000 people,,,,
E07000123,Preston,Local Authority District,Food outlets,15/03/2014,1.7,Rate per 1000 people,Rate per 1000 people,,,,
E07000123,Preston,Local Authority District,Food outlets,15/03/2013,1.6,Rate per 1000 people,Rate per 1000 people,,,,
E07000123,Preston,Local Authority District,Food outlets,15/03/2012,1.6,Rate per 1000 people,Rate per 1000 people,,,,
E07000123,Preston,Local Authority District,Food outlets,15/03/2011,1.6,Rate per 1000 people,Rate per 1000 people,,,,
E07000123,Preston,Local Authority District,Food outlets,15/03/2010,1.7,Rate per 1000 people,Rate per 1000 people,,,,
E07000124,Ribble Valley,Local Authority District,Food outlets,15/03/2025,2.8,Rate per 1000 people,Rate per 1000 people,,,,
E07000124,Ribble Valley,Local Authority District,Food outlets,15/03/2024,3,Rate per 1000 people,Rate per 1000 people,,,,
E07000124,Ribble Valley,Local Authority District,Food outlets,15/03/2023,3.1,Rate per 1000 people,Rate per 1000 people,,,,
E07000124,Ribble Valley,Local Authority District,Food outlets,15/03/2022,3.2,Rate per 1000 people,Rate per 1000 people,,,,
E07000124,Ribble Valley,Local Authority District,Food outlets,15/03/2021,2.9,Rate per 1000 people,Rate per 1000 people,,,,
E07000124,Ribble Valley,Local Authority District,Food outlets,15/03/2020,3,Rate per 1000 people,Rate per 1000 people,,,,
E07000124,Ribble Valley,Local Authority District,Food outlets,15/03/2019,3,Rate per 1000 people,Rate per 1000 people,,,,
E07000124,Ribble Valley,Local Authority District,Food outlets,15/03/2026,2.9,Rate per 1000 people,Rate per 1000 people,,,,
E07000124,Ribble Valley,Local Authority District,Food outlets,15/03/2018,3.1,Rate per 1000 people,Rate per 1000 people,,,,
E07000124,Ribble Valley,Local Authority District,Food outlets,15/03/2016,3,Rate per 1000 people,Rate per 1000 people,,,,
E07000124,Ribble Valley,Local Authority District,Food outlets,15/03/2010,2.9,Rate per 1000 people,Rate per 1000 people,,,,
E07000124,Ribble Valley,Local Authority District,Food outlets,15/03/2011,2.8,Rate per 1000 people,Rate per 1000 people,,,,
E07000124,Ribble Valley,Local Authority District,Food outlets,15/03/2012,3,Rate per 1000 people,Rate per 1000 people,,,,
E07000124,Ribble Valley,Local Authority District,Food outlets,15/03/2017,3,Rate per 1000 people,Rate per 1000 people,,,,
E07000124,Ribble Valley,Local Authority District,Food outlets,15/03/2014,2.9,Rate per 1000 people,Rate per 1000 people,,,,
E07000124,Ribble Valley,Local Authority District,Food outlets,15/03/2015,2.9,Rate per 1000 people,Rate per 1000 people,,,,
E07000124,Ribble Valley,Local Authority District,Food outlets,15/03/2013,2.8,Rate per 1000 people,Rate per 1000 people,,,,
E07000125,Rossendale,Local Authority District,Food outlets,15/03/2026,2.4,Rate per 1000 people,Rate per 1000 people,,,,
E07000125,Rossendale,Local Authority District,Food outlets,15/03/2025,2.2,Rate per 1000 people,Rate per 1000 people,,,,
E07000125,Rossendale,Local Authority District,Food outlets,15/03/2024,2.3,Rate per 1000 people,Rate per 1000 people,,,,
E07000125,Rossendale,Local Authority District,Food outlets,15/03/2023,2.4,Rate per 1000 people,Rate per 1000 people,,,,
E07000125,Rossendale,Local Authority District,Food outlets,15/03/2022,2.7,Rate per 1000 people,Rate per 1000 people,,,,
E07000125,Rossendale,Local Authority District,Food outlets,15/03/2021,2.7,Rate per 1000 people,Rate per 1000 people,,,,
E07000125,Rossendale,Local Authority District,Food outlets,15/03/2019,2.1,Rate per 1000 people,Rate per 1000 people,,,,
E07000125,Rossendale,Local Authority District,Food outlets,15/03/2020,2.1,Rate per 1000 people,Rate per 1000 people,,,,
E07000125,Rossendale,Local Authority District,Food outlets,15/03/2018,2.1,Rate per 1000 people,Rate per 1000 people,,,,
E07000125,Rossendale,Local Authority District,Food outlets,15/03/2016,2.1,Rate per 1000 people,Rate per 1000 people,,,,
E07000125,Rossendale,Local Authority District,Food outlets,15/03/2015,2,Rate per 1000 people,Rate per 1000 people,,,,
E07000125,Rossendale,Local Authority District,Food outlets,15/03/2014,1.7,Rate per 1000 people,Rate per 1000 people,,,,
E07000125,Rossendale,Local Authority District,Food outlets,15/03/2013,1.7,Rate per 1000 people,Rate per 1000 people,,,,
E07000125,Rossendale,Local Authority District,Food outlets,15/03/2012,1.8,Rate per 1000 people,Rate per 1000 people,,,,
E07000125,Rossendale,Local Authority District,Food outlets,15/03/2011,1.8,Rate per 1000 people,Rate per 1000 people,,,,
E07000125,Rossendale,Local Authority District,Food outlets,15/03/2010,1.8,Rate per 1000 people,Rate per 1000 people,,,,
E07000125,Rossendale,Local Authority District,Food outlets,15/03/2017,2.1,Rate per 1000 people,Rate per 1000 people,,,,
E07000126,South Ribble,Local Authority District,Food outlets,15/03/2020,1.9,Rate per 1000 people,Rate per 1000 people,,,,
E07000126,South Ribble,Local Authority District,Food outlets,15/03/2021,1.8,Rate per 1000 people,Rate per 1000 people,,,,
E07000126,South Ribble,Local Authority District,Food outlets,15/03/2022,1.9,Rate per 1000 people,Rate per 1000 people,,,,
E07000126,South Ribble,Local Authority District,Food outlets,15/03/2019,1.7,Rate per 1000 people,Rate per 1000 people,,,,
E07000126,South Ribble,Local Authority District,Food outlets,15/03/2024,1.9,Rate per 1000 people,Rate per 1000 people,,,,
E07000126,South Ribble,Local Authority District,Food outlets,15/03/2025,1.9,Rate per 1000 people,Rate per 1000 people,,,,
E07000126,South Ribble,Local Authority District,Food outlets,15/03/2023,1.9,Rate per 1000 people,Rate per 1000 people,,,,
E07000126,South Ribble,Local Authority District,Food outlets,15/03/2026,1.9,Rate per 1000 people,Rate per 1000 people,,,,
E07000126,South Ribble,Local Authority District,Food outlets,15/03/2018,1.7,Rate per 1000 people,Rate per 1000 people,,,,
E07000126,South Ribble,Local Authority District,Food outlets,15/03/2016,1.6,Rate per 1000 people,Rate per 1000 people,,,,
E07000126,South Ribble,Local Authority District,Food outlets,15/03/2015,1.5,Rate per 1000 people,Rate per 1000 people,,,,
E07000126,South Ribble,Local Authority District,Food outlets,15/03/2014,1.5,Rate per 1000 people,Rate per 1000 people,,,,
E07000126,South Ribble,Local Authority District,Food outlets,15/03/2013,1.3,Rate per 1000 people,Rate per 1000 people,,,,
E07000126,South Ribble,Local Authority District,Food outlets,15/03/2012,1.3,Rate per 1000 people,Rate per 1000 people,,,,
E07000126,South Ribble,Local Authority District,Food outlets,15/03/2011,1.4,Rate per 1000 people,Rate per 1000 people,,,,
E07000126,South Ribble,Local Authority District,Food outlets,15/03/2010,1.4,Rate per 1000 people,Rate per 1000 people,,,,
E07000126,South Ribble,Local Authority District,Food outlets,15/03/2017,1.6,Rate per 1000 people,Rate per 1000 people,,,,
E07000127,West Lancashire,Local Authority District,Food outlets,15/03/2026,1.7,Rate per 1000 people,Rate per 1000 people,,,,
E07000127,West Lancashire,Local Authority District,Food outlets,15/03/2025,1.8,Rate per 1000 people,Rate per 1000 people,,,,
E07000127,West Lancashire,Local Authority District,Food outlets,15/03/2024,1.9,Rate per 1000 people,Rate per 1000 people,,,,
E07000127,West Lancashire,Local Authority District,Food outlets,15/03/2023,2.1,Rate per 1000 people,Rate per 1000 people,,,,
E07000127,West Lancashire,Local Authority District,Food outlets,15/03/2022,2,Rate per 1000 people,Rate per 1000 people,,,,
E07000127,West Lancashire,Local Authority District,Food outlets,15/03/2021,1.9,Rate per 1000 people,Rate per 1000 people,,,,
E07000127,West Lancashire,Local Authority District,Food outlets,15/03/2020,2.1,Rate per 1000 people,Rate per 1000 people,,,,
E07000127,West Lancashire,Local Authority District,Food outlets,15/03/2019,2,Rate per 1000 people,Rate per 1000 people,,,,
E07000127,West Lancashire,Local Authority District,Food outlets,15/03/2018,1.8,Rate per 1000 people,Rate per 1000 people,,,,
E07000127,West Lancashire,Local Authority District,Food outlets,15/03/2016,1.8,Rate per 1000 people,Rate per 1000 people,,,,
E07000127,West Lancashire,Local Authority District,Food outlets,15/03/2015,1.8,Rate per 1000 people,Rate per 1000 people,,,,
E07000127,West Lancashire,Local Authority District,Food outlets,15/03/2014,1.6,Rate per 1000 people,Rate per 1000 people,,,,
E07000127,West Lancashire,Local Authority District,Food outlets,15/03/2013,1.7,Rate per 1000 people,Rate per 1000 people,,,,
E07000127,West Lancashire,Local Authority District,Food outlets,15/03/2012,1.8,Rate per 1000 people,Rate per 1000 people,,,,
E07000127,West Lancashire,Local Authority District,Food outlets,15/03/2011,1.8,Rate per 1000 people,Rate per 1000 people,,,,
E07000127,West Lancashire,Local Authority District,Food outlets,15/03/2010,1.8,Rate per 1000 people,Rate per 1000 people,,,,
E07000127,West Lancashire,Local Authority District,Food outlets,15/03/2017,1.9,Rate per 1000 people,Rate per 1000 people,,,,
E07000128,Wyre,Local Authority District,Food outlets,15/03/2020,2.1,Rate per 1000 people,Rate per 1000 people,,,,
E07000128,Wyre,Local Authority District,Food outlets,15/03/2026,2.1,Rate per 1000 people,Rate per 1000 people,,,,
E07000128,Wyre,Local Authority District,Food outlets,15/03/2025,2,Rate per 1000 people,Rate per 1000 people,,,,
E07000128,Wyre,Local Authority District,Food outlets,15/03/2024,2.1,Rate per 1000 people,Rate per 1000 people,,,,
E07000128,Wyre,Local Authority District,Food outlets,15/03/2023,2.1,Rate per 1000 people,Rate per 1000 people,,,,
E07000128,Wyre,Local Authority District,Food outlets,15/03/2022,2.1,Rate per 1000 people,Rate per 1000 people,,,,
E07000128,Wyre,Local Authority District,Food outlets,15/03/2021,2.2,Rate per 1000 people,Rate per 1000 people,,,,
E07000128,Wyre,Local Authority District,Food outlets,15/03/2019,2.1,Rate per 1000 people,Rate per 1000 people,,,,
E07000128,Wyre,Local Authority District,Food outlets,15/03/2018,2,Rate per 1000 people,Rate per 1000 people,,,,
E07000128,Wyre,Local Authority District,Food outlets,15/03/2017,2,Rate per 1000 people,Rate per 1000 people,,,,
E07000128,Wyre,Local Authority District,Food outlets,15/03/2016,1.9,Rate per 1000 people,Rate per 1000 people,,,,
E07000128,Wyre,Local Authority District,Food outlets,15/03/2015,1.9,Rate per 1000 people,Rate per 1000 people,,,,
E07000128,Wyre,Local Authority District,Food outlets,15/03/2014,1.8,Rate per 1000 people,Rate per 1000 people,,,,
E07000128,Wyre,Local Authority District,Food outlets,15/03/2013,1.7,Rate per 1000 people,Rate per 1000 people,,,,
E07000128,Wyre,Local Authority District,Food outlets,15/03/2012,1.8,Rate per 1000 people,Rate per 1000 people,,,,
E07000128,Wyre,Local Authority District,Food outlets,15/03/2011,1.8,Rate per 1000 people,Rate per 1000 people,,,,
E07000128,Wyre,Local Authority District,Food outlets,15/03/2010,1.8,Rate per 1000 people,Rate per 1000 people,,,,
E47000004,Liverpool City Region,Combined Authority or City Region,Food outlets,15/03/2026,2.1,Rate per 1000 people,Rate per 1000 people,,,,
E47000004,Liverpool City Region,Combined Authority or City Region,Food outlets,15/03/2025,2,Rate per 1000 people,Rate per 1000 people,,,,
E47000004,Liverpool City Region,Combined Authority or City Region,Food outlets,15/03/2024,2,Rate per 1000 people,Rate per 1000 people,,,,
E47000004,Liverpool City Region,Combined Authority or City Region,Food outlets,15/03/2023,2.1,Rate per 1000 people,Rate per 1000 people,,,,
E47000004,Liverpool City Region,Combined Authority or City Region,Food outlets,15/03/2022,2.1,Rate per 1000 people,Rate per 1000 people,,,,
E47000004,Liverpool City Region,Combined Authority or City Region,Food outlets,15/03/2020,2,Rate per 1000 people,Rate per 1000 people,,,,
E47000004,Liverpool City Region,Combined Authority or City Region,Food outlets,15/03/2019,1.9,Rate per 1000 people,Rate per 1000 people,,,,
E47000004,Liverpool City Region,Combined Authority or City Region,Food outlets,15/03/2018,1.7,Rate per 1000 people,Rate per 1000 people,,,,
E47000004,Liverpool City Region,Combined Authority or City Region,Food outlets,15/03/2021,2,Rate per 1000 people,Rate per 1000 people,,,,
E47000004,Liverpool City Region,Combined Authority or City Region,Food outlets,15/03/2016,1.7,Rate per 1000 people,Rate per 1000 people,,,,
E47000004,Liverpool City Region,Combined Authority or City Region,Food outlets,15/03/2015,1.7,Rate per 1000 people,Rate per 1000 people,,,,
E47000004,Liverpool City Region,Combined Authority or City Region,Food outlets,15/03/2014,1.4,Rate per 1000 people,Rate per 1000 people,,,,
E47000004,Liverpool City Region,Combined Authority or City Region,Food outlets,15/03/2013,1.4,Rate per 1000 people,Rate per 1000 people,,,,
E47000004,Liverpool City Region,Combined Authority or City Region,Food outlets,15/03/2012,1.4,Rate per 1000 people,Rate per 1000 people,,,,
E47000004,Liverpool City Region,Combined Authority or City Region,Food outlets,15/03/2011,1.4,Rate per 1000 people,Rate per 1000 people,,,,
E47000004,Liverpool City Region,Combined Authority or City Region,Food outlets,15/03/2010,1.4,Rate per 1000 people,Rate per 1000 people,,,,
E47000004,Liverpool City Region,Combined Authority or City Region,Food outlets,15/03/2017,1.7,Rate per 1000 people,Rate per 1000 people,,,,
E08000011,Knowsley,Local Authority District,Food outlets,15/03/2022,1.2,Rate per 1000 people,Rate per 1000 people,,,,
E08000011,Knowsley,Local Authority District,Food outlets,15/03/2021,1.2,Rate per 1000 people,Rate per 1000 people,,,,
E08000011,Knowsley,Local Authority District,Food outlets,15/03/2020,1.3,Rate per 1000 people,Rate per 1000 people,,,,
E08000011,Knowsley,Local Authority District,Food outlets,15/03/2019,1.1,Rate per 1000 people,Rate per 1000 people,,,,
E08000011,Knowsley,Local Authority District,Food outlets,15/03/2026,1.2,Rate per 1000 people,Rate per 1000 people,,,,
E08000011,Knowsley,Local Authority District,Food outlets,15/03/2023,1.1,Rate per 1000 people,Rate per 1000 people,,,,
E08000011,Knowsley,Local Authority District,Food outlets,15/03/2018,1,Rate per 1000 people,Rate per 1000 people,,,,
E08000011,Knowsley,Local Authority District,Food outlets,15/03/2025,1.1,Rate per 1000 people,Rate per 1000 people,,,,
E08000011,Knowsley,Local Authority District,Food outlets,15/03/2024,1.1,Rate per 1000 people,Rate per 1000 people,,,,
E08000011,Knowsley,Local Authority District,Food outlets,15/03/2013,0.8,Rate per 1000 people,Rate per 1000 people,,,,
E08000011,Knowsley,Local Authority District,Food outlets,15/03/2012,0.9,Rate per 1000 people,Rate per 1000 people,,,,
E08000011,Knowsley,Local Authority District,Food outlets,15/03/2011,0.8,Rate per 1000 people,Rate per 1000 people,,,,
E08000011,Knowsley,Local Authority District,Food outlets,15/03/2010,0.8,Rate per 1000 people,Rate per 1000 people,,,,
E08000011,Knowsley,Local Authority District,Food outlets,15/03/2014,0.8,Rate per 1000 people,Rate per 1000 people,,,,
E08000011,Knowsley,Local Authority District,Food outlets,15/03/2017,0.9,Rate per 1000 people,Rate per 1000 people,,,,
E08000011,Knowsley,Local Authority District,Food outlets,15/03/2016,0.9,Rate per 1000 people,Rate per 1000 people,,,,
E08000011,Knowsley,Local Authority District,Food outlets,15/03/2015,1,Rate per 1000 people,Rate per 1000 people,,,,
E08000012,Liverpool,Local Authority District,Food outlets,15/03/2022,2.6,Rate per 1000 people,Rate per 1000 people,,,,
E08000012,Liverpool,Local Authority District,Food outlets,15/03/2021,2.5,Rate per 1000 people,Rate per 1000 people,,,,
E08000012,Liverpool,Local Authority District,Food outlets,15/03/2020,2.4,Rate per 1000 people,Rate per 1000 people,,,,
E08000012,Liverpool,Local Authority District,Food outlets,15/03/2019,2.3,Rate per 1000 people,Rate per 1000 people,,,,
E08000012,Liverpool,Local Authority District,Food outlets,15/03/2024,2.6,Rate per 1000 people,Rate per 1000 people,,,,
E08000012,Liverpool,Local Authority District,Food outlets,15/03/2023,2.6,Rate per 1000 people,Rate per 1000 people,,,,
E08000012,Liverpool,Local Authority District,Food outlets,15/03/2018,2.2,Rate per 1000 people,Rate per 1000 people,,,,
E08000012,Liverpool,Local Authority District,Food outlets,15/03/2026,2.8,Rate per 1000 people,Rate per 1000 people,,,,
E08000012,Liverpool,Local Authority District,Food outlets,15/03/2025,2.7,Rate per 1000 people,Rate per 1000 people,,,,
E08000012,Liverpool,Local Authority District,Food outlets,15/03/2013,1.6,Rate per 1000 people,Rate per 1000 people,,,,
E08000012,Liverpool,Local Authority District,Food outlets,15/03/2012,1.6,Rate per 1000 people,Rate per 1000 people,,,,
E08000012,Liverpool,Local Authority District,Food outlets,15/03/2011,1.6,Rate per 1000 people,Rate per 1000 people,,,,
E08000012,Liverpool,Local Authority District,Food outlets,15/03/2010,1.7,Rate per 1000 people,Rate per 1000 people,,,,
E08000012,Liverpool,Local Authority District,Food outlets,15/03/2014,1.8,Rate per 1000 people,Rate per 1000 people,,,,
E08000012,Liverpool,Local Authority District,Food outlets,15/03/2017,2.1,Rate per 1000 people,Rate per 1000 people,,,,
E08000012,Liverpool,Local Authority District,Food outlets,15/03/2016,2,Rate per 1000 people,Rate per 1000 people,,,,
E08000012,Liverpool,Local Authority District,Food outlets,15/03/2015,2.1,Rate per 1000 people,Rate per 1000 people,,,,
E08000014,Sefton,Local Authority District,Food outlets,15/03/2022,2,Rate per 1000 people,Rate per 1000 people,,,,
E08000014,Sefton,Local Authority District,Food outlets,15/03/2021,2,Rate per 1000 people,Rate per 1000 people,,,,
E08000014,Sefton,Local Authority District,Food outlets,15/03/2020,1.9,Rate per 1000 people,Rate per 1000 people,,,,
E08000014,Sefton,Local Authority District,Food outlets,15/03/2019,1.8,Rate per 1000 people,Rate per 1000 people,,,,
E08000014,Sefton,Local Authority District,Food outlets,15/03/2018,1.7,Rate per 1000 people,Rate per 1000 people,,,,
E08000014,Sefton,Local Authority District,Food outlets,15/03/2023,2.1,Rate per 1000 people,Rate per 1000 people,,,,
E08000014,Sefton,Local Authority District,Food outlets,15/03/2026,2,Rate per 1000 people,Rate per 1000 people,,,,
E08000014,Sefton,Local Authority District,Food outlets,15/03/2025,2.1,Rate per 1000 people,Rate per 1000 people,,,,
E08000014,Sefton,Local Authority District,Food outlets,15/03/2024,2.1,Rate per 1000 people,Rate per 1000 people,,,,
E08000014,Sefton,Local Authority District,Food outlets,15/03/2017,1.6,Rate per 1000 people,Rate per 1000 people,,,,
E08000014,Sefton,Local Authority District,Food outlets,15/03/2010,1.5,Rate per 1000 people,Rate per 1000 people,,,,
E08000014,Sefton,Local Authority District,Food outlets,15/03/2011,1.4,Rate per 1000 people,Rate per 1000 people,,,,
E08000014,Sefton,Local Authority District,Food outlets,15/03/2012,1.4,Rate per 1000 people,Rate per 1000 people,,,,
E08000014,Sefton,Local Authority District,Food outlets,15/03/2013,1.4,Rate per 1000 people,Rate per 1000 people,,,,
E08000014,Sefton,Local Authority District,Food outlets,15/03/2014,1.4,Rate per 1000 people,Rate per 1000 people,,,,
E08000014,Sefton,Local Authority District,Food outlets,15/03/2016,1.6,Rate per 1000 people,Rate per 1000 people,,,,
E08000014,Sefton,Local Authority District,Food outlets,15/03/2015,1.7,Rate per 1000 people,Rate per 1000 people,,,,
E08000013,St. Helens,Local Authority District,Food outlets,15/03/2022,1.9,Rate per 1000 people,Rate per 1000 people,,,,
E08000013,St. Helens,Local Authority District,Food outlets,15/03/2021,2,Rate per 1000 people,Rate per 1000 people,,,,
E08000013,St. Helens,Local Authority District,Food outlets,15/03/2019,1.7,Rate per 1000 people,Rate per 1000 people,,,,
E08000013,St. Helens,Local Authority District,Food outlets,15/03/2020,2,Rate per 1000 people,Rate per 1000 people,,,,
E08000013,St. Helens,Local Authority District,Food outlets,15/03/2018,1.6,Rate per 1000 people,Rate per 1000 people,,,,
E08000013,St. Helens,Local Authority District,Food outlets,15/03/2023,1.8,Rate per 1000 people,Rate per 1000 people,,,,
E08000013,St. Helens,Local Authority District,Food outlets,15/03/2026,1.6,Rate per 1000 people,Rate per 1000 people,,,,
E08000013,St. Helens,Local Authority District,Food outlets,15/03/2025,1.5,Rate per 1000 people,Rate per 1000 people,,,,
E08000013,St. Helens,Local Authority District,Food outlets,15/03/2024,1.7,Rate per 1000 people,Rate per 1000 people,,,,
E08000013,St. Helens,Local Authority District,Food outlets,15/03/2013,1.4,Rate per 1000 people,Rate per 1000 people,,,,
E08000013,St. Helens,Local Authority District,Food outlets,15/03/2012,1.4,Rate per 1000 people,Rate per 1000 people,,,,
E08000013,St. Helens,Local Authority District,Food outlets,15/03/2011,1.4,Rate per 1000 people,Rate per 1000 people,,,,
E08000013,St. Helens,Local Authority District,Food outlets,15/03/2010,1.3,Rate per 1000 people,Rate per 1000 people,,,,
E08000013,St. Helens,Local Authority District,Food outlets,15/03/2014,1.4,Rate per 1000 people,Rate per 1000 people,,,,
E08000013,St. Helens,Local Authority District,Food outlets,15/03/2017,1.7,Rate per 1000 people,Rate per 1000 people,,,,
E08000013,St. Helens,Local Authority District,Food outlets,15/03/2016,1.6,Rate per 1000 people,Rate per 1000 people,,,,
E08000013,St. Helens,Local Authority District,Food outlets,15/03/2015,1.6,Rate per 1000 people,Rate per 1000 people,,,,
E08000015,Wirral,Local Authority District,Food outlets,15/03/2022,2,Rate per 1000 people,Rate per 1000 people,,,,
E08000015,Wirral,Local Authority District,Food outlets,15/03/2021,2,Rate per 1000 people,Rate per 1000 people,,,,
E08000015,Wirral,Local Authority District,Food outlets,15/03/2019,1.8,Rate per 1000 people,Rate per 1000 people,,,,
E08000015,Wirral,Local Authority District,Food outlets,15/03/2020,1.9,Rate per 1000 people,Rate per 1000 people,,,,
E08000015,Wirral,Local Authority District,Food outlets,15/03/2024,1.9,Rate per 1000 people,Rate per 1000 people,,,,
E08000015,Wirral,Local Authority District,Food outlets,15/03/2023,2,Rate per 1000 people,Rate per 1000 people,,,,
E08000015,Wirral,Local Authority District,Food outlets,15/03/2018,1.7,Rate per 1000 people,Rate per 1000 people,,,,
E08000015,Wirral,Local Authority District,Food outlets,15/03/2026,2.1,Rate per 1000 people,Rate per 1000 people,,,,
E08000015,Wirral,Local Authority District,Food outlets,15/03/2025,2,Rate per 1000 people,Rate per 1000 people,,,,
E08000015,Wirral,Local Authority District,Food outlets,15/03/2015,1.7,Rate per 1000 people,Rate per 1000 people,,,,
E08000015,Wirral,Local Authority District,Food outlets,15/03/2013,1.5,Rate per 1000 people,Rate per 1000 people,,,,
E08000015,Wirral,Local Authority District,Food outlets,15/03/2012,1.5,Rate per 1000 people,Rate per 1000 people,,,,
E08000015,Wirral,Local Authority District,Food outlets,15/03/2011,1.5,Rate per 1000 people,Rate per 1000 people,,,,
E08000015,Wirral,Local Authority District,Food outlets,15/03/2010,1.5,Rate per 1000 people,Rate per 1000 people,,,,
E08000015,Wirral,Local Authority District,Food outlets,15/03/2014,1.4,Rate per 1000 people,Rate per 1000 people,,,,
E08000015,Wirral,Local Authority District,Food outlets,15/03/2017,1.7,Rate per 1000 people,Rate per 1000 people,,,,
E08000015,Wirral,Local Authority District,Food outlets,15/03/2016,1.8,Rate per 1000 people,Rate per 1000 people,,,,
E12000003,Yorkshire and The Humber,Region,Food outlets,15/03/2019,2.2,Rate per 1000 people,Rate per 1000 people,,,,
E12000003,Yorkshire and The Humber,Region,Food outlets,15/03/2025,2.3,Rate per 1000 people,Rate per 1000 people,,,,
E12000003,Yorkshire and The Humber,Region,Food outlets,15/03/2024,2.3,Rate per 1000 people,Rate per 1000 people,,,,
E12000003,Yorkshire and The Humber,Region,Food outlets,15/03/2023,2.4,Rate per 1000 people,Rate per 1000 people,,,,
E12000003,Yorkshire and The Humber,Region,Food outlets,15/03/2022,2.5,Rate per 1000 people,Rate per 1000 people,,,,
E12000003,Yorkshire and The Humber,Region,Food outlets,15/03/2021,2.4,Rate per 1000 people,Rate per 1000 people,,,,
E12000003,Yorkshire and The Humber,Region,Food outlets,15/03/2020,2.3,Rate per 1000 people,Rate per 1000 people,,,,
E12000003,Yorkshire and The Humber,Region,Food outlets,15/03/2018,2.2,Rate per 1000 people,Rate per 1000 people,,,,
E12000003,Yorkshire and The Humber,Region,Food outlets,15/03/2026,2.4,Rate per 1000 people,Rate per 1000 people,,,,
E12000003,Yorkshire and The Humber,Region,Food outlets,15/03/2016,2.1,Rate per 1000 people,Rate per 1000 people,,,,
E12000003,Yorkshire and The Humber,Region,Food outlets,15/03/2015,2.1,Rate per 1000 people,Rate per 1000 people,,,,
E12000003,Yorkshire and The Humber,Region,Food outlets,15/03/2014,1.8,Rate per 1000 people,Rate per 1000 people,,,,
E12000003,Yorkshire and The Humber,Region,Food outlets,15/03/2013,1.7,Rate per 1000 people,Rate per 1000 people,,,,
E12000003,Yorkshire and The Humber,Region,Food outlets,15/03/2012,1.8,Rate per 1000 people,Rate per 1000 people,,,,
E12000003,Yorkshire and The Humber,Region,Food outlets,15/03/2011,1.7,Rate per 1000 people,Rate per 1000 people,,,,
E12000003,Yorkshire and The Humber,Region,Food outlets,15/03/2010,1.8,Rate per 1000 people,Rate per 1000 people,,,,
E12000003,Yorkshire and The Humber,Region,Food outlets,15/03/2017,2.1,Rate per 1000 people,Rate per 1000 people,,,,
E47000016,Hull and East Yorkshire,Combined Authority or City Region,Food outlets,15/03/2026,2.3,Rate per 1000 people,Rate per 1000 people,,,,
E47000016,Hull and East Yorkshire,Combined Authority or City Region,Food outlets,15/03/2025,2.3,Rate per 1000 people,Rate per 1000 people,,,,
E47000016,Hull and East Yorkshire,Combined Authority or City Region,Food outlets,15/03/2024,2.3,Rate per 1000 people,Rate per 1000 people,,,,
E47000016,Hull and East Yorkshire,Combined Authority or City Region,Food outlets,15/03/2023,2.4,Rate per 1000 people,Rate per 1000 people,,,,
E47000016,Hull and East Yorkshire,Combined Authority or City Region,Food outlets,15/03/2022,2.4,Rate per 1000 people,Rate per 1000 people,,,,
E47000016,Hull and East Yorkshire,Combined Authority or City Region,Food outlets,15/03/2020,2.3,Rate per 1000 people,Rate per 1000 people,,,,
E47000016,Hull and East Yorkshire,Combined Authority or City Region,Food outlets,15/03/2019,2.2,Rate per 1000 people,Rate per 1000 people,,,,
E47000016,Hull and East Yorkshire,Combined Authority or City Region,Food outlets,15/03/2018,2.2,Rate per 1000 people,Rate per 1000 people,,,,
E47000016,Hull and East Yorkshire,Combined Authority or City Region,Food outlets,15/03/2021,2.3,Rate per 1000 people,Rate per 1000 people,,,,
E47000016,Hull and East Yorkshire,Combined Authority or City Region,Food outlets,15/03/2016,2.1,Rate per 1000 people,Rate per 1000 people,,,,
E47000016,Hull and East Yorkshire,Combined Authority or City Region,Food outlets,15/03/2015,2.1,Rate per 1000 people,Rate per 1000 people,,,,
E47000016,Hull and East Yorkshire,Combined Authority or City Region,Food outlets,15/03/2014,1.9,Rate per 1000 people,Rate per 1000 people,,,,
E47000016,Hull and East Yorkshire,Combined Authority or City Region,Food outlets,15/03/2013,1.8,Rate per 1000 people,Rate per 1000 people,,,,
E47000016,Hull and East Yorkshire,Combined Authority or City Region,Food outlets,15/03/2012,1.8,Rate per 1000 people,Rate per 1000 people,,,,
E47000016,Hull and East Yorkshire,Combined Authority or City Region,Food outlets,15/03/2011,1.8,Rate per 1000 people,Rate per 1000 people,,,,
E47000016,Hull and East Yorkshire,Combined Authority or City Region,Food outlets,15/03/2010,1.8,Rate per 1000 people,Rate per 1000 people,,,,
E47000016,Hull and East Yorkshire,Combined Authority or City Region,Food outlets,15/03/2017,2.2,Rate per 1000 people,Rate per 1000 people,,,,
E06000011,East Riding of Yorkshire,County or Unitary Authority,Food outlets,15/03/2022,2.5,Rate per 1000 people,Rate per 1000 people,,,,
E06000011,East Riding of Yorkshire,County or Unitary Authority,Food outlets,15/03/2021,2.4,Rate per 1000 people,Rate per 1000 people,,,,
E06000011,East Riding of Yorkshire,County or Unitary Authority,Food outlets,15/03/2020,2.3,Rate per 1000 people,Rate per 1000 people,,,,
E06000011,East Riding of Yorkshire,County or Unitary Authority,Food outlets,15/03/2019,2.3,Rate per 1000 people,Rate per 1000 people,,,,
E06000011,East Riding of Yorkshire,County or Unitary Authority,Food outlets,15/03/2025,2.3,Rate per 1000 people,Rate per 1000 people,,,,
E06000011,East Riding of Yorkshire,County or Unitary Authority,Food outlets,15/03/2023,2.4,Rate per 1000 people,Rate per 1000 people,,,,
E06000011,East Riding of Yorkshire,County or Unitary Authority,Food outlets,15/03/2026,2.4,Rate per 1000 people,Rate per 1000 people,,,,
E06000011,East Riding of Yorkshire,County or Unitary Authority,Food outlets,15/03/2018,2.4,Rate per 1000 people,Rate per 1000 people,,,,
E06000011,East Riding of Yorkshire,County or Unitary Authority,Food outlets,15/03/2024,2.3,Rate per 1000 people,Rate per 1000 people,,,,
E06000011,East Riding of Yorkshire,County or Unitary Authority,Food outlets,15/03/2013,2,Rate per 1000 people,Rate per 1000 people,,,,
E06000011,East Riding of Yorkshire,County or Unitary Authority,Food outlets,15/03/2012,2,Rate per 1000 people,Rate per 1000 people,,,,
E06000011,East Riding of Yorkshire,County or Unitary Authority,Food outlets,15/03/2011,2,Rate per 1000 people,Rate per 1000 people,,,,
E06000011,East Riding of Yorkshire,County or Unitary Authority,Food outlets,15/03/2010,2,Rate per 1000 people,Rate per 1000 people,,,,
E06000011,East Riding of Yorkshire,County or Unitary Authority,Food outlets,15/03/2014,2,Rate per 1000 people,Rate per 1000 people,,,,
E06000011,East Riding of Yorkshire,County or Unitary Authority,Food outlets,15/03/2017,2.3,Rate per 1000 people,Rate per 1000 people,,,,
E06000011,East Riding of Yorkshire,County or Unitary Authority,Food outlets,15/03/2016,2.3,Rate per 1000 people,Rate per 1000 people,,,,
E06000011,East Riding of Yorkshire,County or Unitary Authority,Food outlets,15/03/2015,2.2,Rate per 1000 people,Rate per 1000 people,,,,
E06000010,"Kingston upon Hull, City of",County or Unitary Authority,Food outlets,15/03/2022,2.4,Rate per 1000 people,Rate per 1000 people,,,,
E06000010,"Kingston upon Hull, City of",County or Unitary Authority,Food outlets,15/03/2021,2.3,Rate per 1000 people,Rate per 1000 people,,,,
E06000010,"Kingston upon Hull, City of",County or Unitary Authority,Food outlets,15/03/2020,2.2,Rate per 1000 people,Rate per 1000 people,,,,
E06000010,"Kingston upon Hull, City of",County or Unitary Authority,Food outlets,15/03/2019,2.1,Rate per 1000 people,Rate per 1000 people,,,,
E06000010,"Kingston upon Hull, City of",County or Unitary Authority,Food outlets,15/03/2018,2,Rate per 1000 people,Rate per 1000 people,,,,
E06000010,"Kingston upon Hull, City of",County or Unitary Authority,Food outlets,15/03/2023,2.2,Rate per 1000 people,Rate per 1000 people,,,,
E06000010,"Kingston upon Hull, City of",County or Unitary Authority,Food outlets,15/03/2026,2.3,Rate per 1000 people,Rate per 1000 people,,,,
E06000010,"Kingston upon Hull, City of",County or Unitary Authority,Food outlets,15/03/2025,2.2,Rate per 1000 people,Rate per 1000 people,,,,
E06000010,"Kingston upon Hull, City of",County or Unitary Authority,Food outlets,15/03/2024,2.2,Rate per 1000 people,Rate per 1000 people,,,,
E06000010,"Kingston upon Hull, City of",County or Unitary Authority,Food outlets,15/03/2013,1.5,Rate per 1000 people,Rate per 1000 people,,,,
E06000010,"Kingston upon Hull, City of",County or Unitary Authority,Food outlets,15/03/2012,1.5,Rate per 1000 people,Rate per 1000 people,,,,
E06000010,"Kingston upon Hull, City of",County or Unitary Authority,Food outlets,15/03/2011,1.6,Rate per 1000 people,Rate per 1000 people,,,,
E06000010,"Kingston upon Hull, City of",County or Unitary Authority,Food outlets,15/03/2010,1.6,Rate per 1000 people,Rate per 1000 people,,,,
E06000010,"Kingston upon Hull, City of",County or Unitary Authority,Food outlets,15/03/2014,1.6,Rate per 1000 people,Rate per 1000 people,,,,
E06000010,"Kingston upon Hull, City of",County or Unitary Authority,Food outlets,15/03/2017,2,Rate per 1000 people,Rate per 1000 people,,,,
E06000010,"Kingston upon Hull, City of",County or Unitary Authority,Food outlets,15/03/2016,1.9,Rate per 1000 people,Rate per 1000 people,,,,
E06000010,"Kingston upon Hull, City of",County or Unitary Authority,Food outlets,15/03/2015,1.9,Rate per 1000 people,Rate per 1000 people,,,,
E47000017,Greater Lincolnshire,Combined Authority or City Region,Food outlets,15/03/2025,2.1,Rate per 1000 people,Rate per 1000 people,,,,
E47000017,Greater Lincolnshire,Combined Authority or City Region,Food outlets,15/03/2024,2.1,Rate per 1000 people,Rate per 1000 people,,,,
E47000017,Greater Lincolnshire,Combined Authority or City Region,Food outlets,15/03/2023,2.2,Rate per 1000 people,Rate per 1000 people,,,,
E47000017,Greater Lincolnshire,Combined Authority or City Region,Food outlets,15/03/2022,2.3,Rate per 1000 people,Rate per 1000 people,,,,
E47000017,Greater Lincolnshire,Combined Authority or City Region,Food outlets,15/03/2021,2.2,Rate per 1000 people,Rate per 1000 people,,,,
E47000017,Greater Lincolnshire,Combined Authority or City Region,Food outlets,15/03/2020,2.1,Rate per 1000 people,Rate per 1000 people,,,,
E47000017,Greater Lincolnshire,Combined Authority or City Region,Food outlets,15/03/2019,2.1,Rate per 1000 people,Rate per 1000 people,,,,
E47000017,Greater Lincolnshire,Combined Authority or City Region,Food outlets,15/03/2018,2,Rate per 1000 people,Rate per 1000 people,,,,
E47000017,Greater Lincolnshire,Combined Authority or City Region,Food outlets,15/03/2026,2.1,Rate per 1000 people,Rate per 1000 people,,,,
E47000017,Greater Lincolnshire,Combined Authority or City Region,Food outlets,15/03/2016,2,Rate per 1000 people,Rate per 1000 people,,,,
E47000017,Greater Lincolnshire,Combined Authority or City Region,Food outlets,15/03/2015,2,Rate per 1000 people,Rate per 1000 people,,,,
E47000017,Greater Lincolnshire,Combined Authority or City Region,Food outlets,15/03/2014,1.9,Rate per 1000 people,Rate per 1000 people,,,,
E47000017,Greater Lincolnshire,Combined Authority or City Region,Food outlets,15/03/2013,1.8,Rate per 1000 people,Rate per 1000 people,,,,
E47000017,Greater Lincolnshire,Combined Authority or City Region,Food outlets,15/03/2012,1.9,Rate per 1000 people,Rate per 1000 people,,,,
E47000017,Greater Lincolnshire,Combined Authority or City Region,Food outlets,15/03/2011,1.8,Rate per 1000 people,Rate per 1000 people,,,,
E47000017,Greater Lincolnshire,Combined Authority or City Region,Food outlets,15/03/2010,1.9,Rate per 1000 people,Rate per 1000 people,,,,
E47000017,Greater Lincolnshire,Combined Authority or City Region,Food outlets,15/03/2017,2,Rate per 1000 people,Rate per 1000 people,,,,
E06000012,North East Lincolnshire,County or Unitary Authority,Food outlets,15/03/2022,2.4,Rate per 1000 people,Rate per 1000 people,,,,
E06000012,North East Lincolnshire,County or Unitary Authority,Food outlets,15/03/2021,2.4,Rate per 1000 people,Rate per 1000 people,,,,
E06000012,North East Lincolnshire,County or Unitary Authority,Food outlets,15/03/2020,2,Rate per 1000 people,Rate per 1000 people,,,,
E06000012,North East Lincolnshire,County or Unitary Authority,Food outlets,15/03/2019,2,Rate per 1000 people,Rate per 1000 people,,,,
E06000012,North East Lincolnshire,County or Unitary Authority,Food outlets,15/03/2023,2.3,Rate per 1000 people,Rate per 1000 people,,,,
E06000012,North East Lincolnshire,County or Unitary Authority,Food outlets,15/03/2018,1.9,Rate per 1000 people,Rate per 1000 people,,,,
E06000012,North East Lincolnshire,County or Unitary Authority,Food outlets,15/03/2026,2.2,Rate per 1000 people,Rate per 1000 people,,,,
E06000012,North East Lincolnshire,County or Unitary Authority,Food outlets,15/03/2025,2.2,Rate per 1000 people,Rate per 1000 people,,,,
E06000012,North East Lincolnshire,County or Unitary Authority,Food outlets,15/03/2024,2.2,Rate per 1000 people,Rate per 1000 people,,,,
E06000012,North East Lincolnshire,County or Unitary Authority,Food outlets,15/03/2013,1.6,Rate per 1000 people,Rate per 1000 people,,,,
E06000012,North East Lincolnshire,County or Unitary Authority,Food outlets,15/03/2012,1.6,Rate per 1000 people,Rate per 1000 people,,,,
E06000012,North East Lincolnshire,County or Unitary Authority,Food outlets,15/03/2011,1.5,Rate per 1000 people,Rate per 1000 people,,,,
E06000012,North East Lincolnshire,County or Unitary Authority,Food outlets,15/03/2010,1.6,Rate per 1000 people,Rate per 1000 people,,,,
E06000012,North East Lincolnshire,County or Unitary Authority,Food outlets,15/03/2016,1.8,Rate per 1000 people,Rate per 1000 people,,,,
E06000012,North East Lincolnshire,County or Unitary Authority,Food outlets,15/03/2014,1.6,Rate per 1000 people,Rate per 1000 people,,,,
E06000012,North East Lincolnshire,County or Unitary Authority,Food outlets,15/03/2017,1.9,Rate per 1000 people,Rate per 1000 people,,,,
E06000012,North East Lincolnshire,County or Unitary Authority,Food outlets,15/03/2015,1.9,Rate per 1000 people,Rate per 1000 people,,,,
E06000013,North Lincolnshire,County or Unitary Authority,Food outlets,15/03/2018,1.9,Rate per 1000 people,Rate per 1000 people,,,,
E06000013,North Lincolnshire,County or Unitary Authority,Food outlets,15/03/2022,2.1,Rate per 1000 people,Rate per 1000 people,,,,
E06000013,North Lincolnshire,County or Unitary Authority,Food outlets,15/03/2021,2.1,Rate per 1000 people,Rate per 1000 people,,,,
E06000013,North Lincolnshire,County or Unitary Authority,Food outlets,15/03/2020,2,Rate per 1000 people,Rate per 1000 people,,,,
E06000013,North Lincolnshire,County or Unitary Authority,Food outlets,15/03/2019,2,Rate per 1000 people,Rate per 1000 people,,,,
E06000013,North Lincolnshire,County or Unitary Authority,Food outlets,15/03/2024,2,Rate per 1000 people,Rate per 1000 people,,,,
E06000013,North Lincolnshire,County or Unitary Authority,Food outlets,15/03/2023,2.1,Rate per 1000 people,Rate per 1000 people,,,,
E06000013,North Lincolnshire,County or Unitary Authority,Food outlets,15/03/2026,2.1,Rate per 1000 people,Rate per 1000 people,,,,
E06000013,North Lincolnshire,County or Unitary Authority,Food outlets,15/03/2025,2,Rate per 1000 people,Rate per 1000 people,,,,
E06000013,North Lincolnshire,County or Unitary Authority,Food outlets,15/03/2017,1.9,Rate per 1000 people,Rate per 1000 people,,,,
E06000013,North Lincolnshire,County or Unitary Authority,Food outlets,15/03/2010,1.6,Rate per 1000 people,Rate per 1000 people,,,,
E06000013,North Lincolnshire,County or Unitary Authority,Food outlets,15/03/2011,1.6,Rate per 1000 people,Rate per 1000 people,,,,
E06000013,North Lincolnshire,County or Unitary Authority,Food outlets,15/03/2012,1.8,Rate per 1000 people,Rate per 1000 people,,,,
E06000013,North Lincolnshire,County or Unitary Authority,Food outlets,15/03/2013,1.8,Rate per 1000 people,Rate per 1000 people,,,,
E06000013,North Lincolnshire,County or Unitary Authority,Food outlets,15/03/2014,1.7,Rate per 1000 people,Rate per 1000 people,,,,
E06000013,North Lincolnshire,County or Unitary Authority,Food outlets,15/03/2016,1.9,Rate per 1000 people,Rate per 1000 people,,,,
E06000013,North Lincolnshire,County or Unitary Authority,Food outlets,15/03/2015,1.9,Rate per 1000 people,Rate per 1000 people,,,,
E47000012,York and North Yorkshire,Combined Authority or City Region,Food outlets,15/03/2020,3,Rate per 1000 people,Rate per 1000 people,,,,
E47000012,York and North Yorkshire,Combined Authority or City Region,Food outlets,15/03/2026,2.9,Rate per 1000 people,Rate per 1000 people,,,,
E47000012,York and North Yorkshire,Combined Authority or City Region,Food outlets,15/03/2025,2.9,Rate per 1000 people,Rate per 1000 people,,,,
E47000012,York and North Yorkshire,Combined Authority or City Region,Food outlets,15/03/2024,3,Rate per 1000 people,Rate per 1000 people,,,,
E47000012,York and North Yorkshire,Combined Authority or City Region,Food outlets,15/03/2023,3.1,Rate per 1000 people,Rate per 1000 people,,,,
E47000012,York and North Yorkshire,Combined Authority or City Region,Food outlets,15/03/2022,3.1,Rate per 1000 people,Rate per 1000 people,,,,
E47000012,York and North Yorkshire,Combined Authority or City Region,Food outlets,15/03/2021,3,Rate per 1000 people,Rate per 1000 people,,,,
E47000012,York and North Yorkshire,Combined Authority or City Region,Food outlets,15/03/2019,3,Rate per 1000 people,Rate per 1000 people,,,,
E47000012,York and North Yorkshire,Combined Authority or City Region,Food outlets,15/03/2018,2.9,Rate per 1000 people,Rate per 1000 people,,,,
E47000012,York and North Yorkshire,Combined Authority or City Region,Food outlets,15/03/2017,2.9,Rate per 1000 people,Rate per 1000 people,,,,
E47000012,York and North Yorkshire,Combined Authority or City Region,Food outlets,15/03/2016,2.8,Rate per 1000 people,Rate per 1000 people,,,,
E47000012,York and North Yorkshire,Combined Authority or City Region,Food outlets,15/03/2015,2.9,Rate per 1000 people,Rate per 1000 people,,,,
E47000012,York and North Yorkshire,Combined Authority or City Region,Food outlets,15/03/2014,2.6,Rate per 1000 people,Rate per 1000 people,,,,
E47000012,York and North Yorkshire,Combined Authority or City Region,Food outlets,15/03/2013,2.5,Rate per 1000 people,Rate per 1000 people,,,,
E47000012,York and North Yorkshire,Combined Authority or City Region,Food outlets,15/03/2012,2.6,Rate per 1000 people,Rate per 1000 people,,,,
E47000012,York and North Yorkshire,Combined Authority or City Region,Food outlets,15/03/2011,2.6,Rate per 1000 people,Rate per 1000 people,,,,
E47000012,York and North Yorkshire,Combined Authority or City Region,Food outlets,15/03/2010,2.6,Rate per 1000 people,Rate per 1000 people,,,,
E06000014,York,County or Unitary Authority,Food outlets,15/03/2022,2.9,Rate per 1000 people,Rate per 1000 people,,,,
E06000014,York,County or Unitary Authority,Food outlets,15/03/2021,2.9,Rate per 1000 people,Rate per 1000 people,,,,
E06000014,York,County or Unitary Authority,Food outlets,15/03/2020,2.8,Rate per 1000 people,Rate per 1000 people,,,,
E06000014,York,County or Unitary Authority,Food outlets,15/03/2019,2.6,Rate per 1000 people,Rate per 1000 people,,,,
E06000014,York,County or Unitary Authority,Food outlets,15/03/2026,2.7,Rate per 1000 people,Rate per 1000 people,,,,
E06000014,York,County or Unitary Authority,Food outlets,15/03/2023,2.9,Rate per 1000 people,Rate per 1000 people,,,,
E06000014,York,County or Unitary Authority,Food outlets,15/03/2025,2.7,Rate per 1000 people,Rate per 1000 people,,,,
E06000014,York,County or Unitary Authority,Food outlets,15/03/2024,2.8,Rate per 1000 people,Rate per 1000 people,,,,
E06000014,York,County or Unitary Authority,Food outlets,15/03/2018,2.6,Rate per 1000 people,Rate per 1000 people,,,,
E06000014,York,County or Unitary Authority,Food outlets,15/03/2016,2.5,Rate per 1000 people,Rate per 1000 people,,,,
E06000014,York,County or Unitary Authority,Food outlets,15/03/2010,2.1,Rate per 1000 people,Rate per 1000 people,,,,
E06000014,York,County or Unitary Authority,Food outlets,15/03/2011,2,Rate per 1000 people,Rate per 1000 people,,,,
E06000014,York,County or Unitary Authority,Food outlets,15/03/2012,2.1,Rate per 1000 people,Rate per 1000 people,,,,
E06000014,York,County or Unitary Authority,Food outlets,15/03/2013,2,Rate per 1000 people,Rate per 1000 people,,,,
E06000014,York,County or Unitary Authority,Food outlets,15/03/2014,2.1,Rate per 1000 people,Rate per 1000 people,,,,
E06000014,York,County or Unitary Authority,Food outlets,15/03/2017,2.6,Rate per 1000 people,Rate per 1000 people,,,,
E06000014,York,County or Unitary Authority,Food outlets,15/03/2015,2.4,Rate per 1000 people,Rate per 1000 people,,,,
E06000065,North Yorkshire,County or Unitary Authority,Food outlets,15/03/2022,3.1,Rate per 1000 people,Rate per 1000 people,,,,
E06000065,North Yorkshire,County or Unitary Authority,Food outlets,15/03/2021,3.1,Rate per 1000 people,Rate per 1000 people,,,,
E06000065,North Yorkshire,County or Unitary Authority,Food outlets,15/03/2019,3.1,Rate per 1000 people,Rate per 1000 people,,,,
E06000065,North Yorkshire,County or Unitary Authority,Food outlets,15/03/2020,3.1,Rate per 1000 people,Rate per 1000 people,,,,
E06000065,North Yorkshire,County or Unitary Authority,Food outlets,15/03/2018,3,Rate per 1000 people,Rate per 1000 people,,,,
E06000065,North Yorkshire,County or Unitary Authority,Food outlets,15/03/2023,3.1,Rate per 1000 people,Rate per 1000 people,,,,
E06000065,North Yorkshire,County or Unitary Authority,Food outlets,15/03/2026,3,Rate per 1000 people,Rate per 1000 people,,,,
E06000065,North Yorkshire,County or Unitary Authority,Food outlets,15/03/2025,3,Rate per 1000 people,Rate per 1000 people,,,,
E06000065,North Yorkshire,County or Unitary Authority,Food outlets,15/03/2024,3.1,Rate per 1000 people,Rate per 1000 people,,,,
E06000065,North Yorkshire,County or Unitary Authority,Food outlets,15/03/2013,2.7,Rate per 1000 people,Rate per 1000 people,,,,
E06000065,North Yorkshire,County or Unitary Authority,Food outlets,15/03/2012,2.7,Rate per 1000 people,Rate per 1000 people,,,,
E06000065,North Yorkshire,County or Unitary Authority,Food outlets,15/03/2011,2.7,Rate per 1000 people,Rate per 1000 people,,,,
E06000065,North Yorkshire,County or Unitary Authority,Food outlets,15/03/2010,2.8,Rate per 1000 people,Rate per 1000 people,,,,
E06000065,North Yorkshire,County or Unitary Authority,Food outlets,15/03/2014,2.8,Rate per 1000 people,Rate per 1000 people,,,,
E06000065,North Yorkshire,County or Unitary Authority,Food outlets,15/03/2017,3,Rate per 1000 people,Rate per 1000 people,,,,
E06000065,North Yorkshire,County or Unitary Authority,Food outlets,15/03/2016,3,Rate per 1000 people,Rate per 1000 people,,,,
E06000065,North Yorkshire,County or Unitary Authority,Food outlets,15/03/2015,3,Rate per 1000 people,Rate per 1000 people,,,,
E47000002,South Yorkshire,Combined Authority or City Region,Food outlets,15/03/2020,2,Rate per 1000 people,Rate per 1000 people,,,,
E47000002,South Yorkshire,Combined Authority or City Region,Food outlets,15/03/2026,2.1,Rate per 1000 people,Rate per 1000 people,,,,
E47000002,South Yorkshire,Combined Authority or City Region,Food outlets,15/03/2025,2.1,Rate per 1000 people,Rate per 1000 people,,,,
E47000002,South Yorkshire,Combined Authority or City Region,Food outlets,15/03/2024,2,Rate per 1000 people,Rate per 1000 people,,,,
E47000002,South Yorkshire,Combined Authority or City Region,Food outlets,15/03/2023,2.2,Rate per 1000 people,Rate per 1000 people,,,,
E47000002,South Yorkshire,Combined Authority or City Region,Food outlets,15/03/2022,2.2,Rate per 1000 people,Rate per 1000 people,,,,
E47000002,South Yorkshire,Combined Authority or City Region,Food outlets,15/03/2021,2.1,Rate per 1000 people,Rate per 1000 people,,,,
E47000002,South Yorkshire,Combined Authority or City Region,Food outlets,15/03/2019,1.9,Rate per 1000 people,Rate per 1000 people,,,,
E47000002,South Yorkshire,Combined Authority or City Region,Food outlets,15/03/2017,1.8,Rate per 1000 people,Rate per 1000 people,,,,
E47000002,South Yorkshire,Combined Authority or City Region,Food outlets,15/03/2016,1.8,Rate per 1000 people,Rate per 1000 people,,,,
E47000002,South Yorkshire,Combined Authority or City Region,Food outlets,15/03/2015,1.7,Rate per 1000 people,Rate per 1000 people,,,,
E47000002,South Yorkshire,Combined Authority or City Region,Food outlets,15/03/2014,1.5,Rate per 1000 people,Rate per 1000 people,,,,
E47000002,South Yorkshire,Combined Authority or City Region,Food outlets,15/03/2013,1.4,Rate per 1000 people,Rate per 1000 people,,,,
E47000002,South Yorkshire,Combined Authority or City Region,Food outlets,15/03/2012,1.4,Rate per 1000 people,Rate per 1000 people,,,,
E47000002,South Yorkshire,Combined Authority or City Region,Food outlets,15/03/2011,1.4,Rate per 1000 people,Rate per 1000 people,,,,
E47000002,South Yorkshire,Combined Authority or City Region,Food outlets,15/03/2010,1.5,Rate per 1000 people,Rate per 1000 people,,,,
E47000002,South Yorkshire,Combined Authority or City Region,Food outlets,15/03/2018,1.8,Rate per 1000 people,Rate per 1000 people,,,,
E08000016,Barnsley,Local Authority District,Food outlets,15/03/2018,1.9,Rate per 1000 people,Rate per 1000 people,,,,Obsolete code since 2025 (replaced by E08000038 Barnsley)
E08000016,Barnsley,Local Authority District,Food outlets,15/03/2022,2.2,Rate per 1000 people,Rate per 1000 people,,,,Obsolete code since 2025 (replaced by E08000038 Barnsley)
E08000016,Barnsley,Local Authority District,Food outlets,15/03/2021,2.3,Rate per 1000 people,Rate per 1000 people,,,,Obsolete code since 2025 (replaced by E08000038 Barnsley)
E08000016,Barnsley,Local Authority District,Food outlets,15/03/2020,2.1,Rate per 1000 people,Rate per 1000 people,,,,Obsolete code since 2025 (replaced by E08000038 Barnsley)
E08000016,Barnsley,Local Authority District,Food outlets,15/03/2019,2,Rate per 1000 people,Rate per 1000 people,,,,Obsolete code since 2025 (replaced by E08000038 Barnsley)
E08000016,Barnsley,Local Authority District,Food outlets,15/03/2023,2.2,Rate per 1000 people,Rate per 1000 people,,,,Obsolete code since 2025 (replaced by E08000038 Barnsley)
E08000016,Barnsley,Local Authority District,Food outlets,15/03/2024,2,Rate per 1000 people,Rate per 1000 people,,,,Obsolete code since 2025 (replaced by E08000038 Barnsley)
E08000016,Barnsley,Local Authority District,Food outlets,15/03/2025,2,Rate per 1000 people,Rate per 1000 people,,,,Obsolete code since 2025 (replaced by E08000038 Barnsley)
E08000016,Barnsley,Local Authority District,Food outlets,15/03/2026,2,Rate per 1000 people,Rate per 1000 people,,,,Obsolete code since 2025 (replaced by E08000038 Barnsley)
E08000016,Barnsley,Local Authority District,Food outlets,15/03/2010,1.6,Rate per 1000 people,Rate per 1000 people,,,,Obsolete code since 2025 (replaced by E08000038 Barnsley)
E08000016,Barnsley,Local Authority District,Food outlets,15/03/2011,1.6,Rate per 1000 people,Rate per 1000 people,,,,Obsolete code since 2025 (replaced by E08000038 Barnsley)
E08000016,Barnsley,Local Authority District,Food outlets,15/03/2012,1.6,Rate per 1000 people,Rate per 1000 people,,,,Obsolete code since 2025 (replaced by E08000038 Barnsley)
E08000016,Barnsley,Local Authority District,Food outlets,15/03/2013,1.5,Rate per 1000 people,Rate per 1000 people,,,,Obsolete code since 2025 (replaced by E08000038 Barnsley)
E08000016,Barnsley,Local Authority District,Food outlets,15/03/2014,1.6,Rate per 1000 people,Rate per 1000 people,,,,Obsolete code since 2025 (replaced by E08000038 Barnsley)
E08000016,Barnsley,Local Authority District,Food outlets,15/03/2017,1.9,Rate per 1000 people,Rate per 1000 people,,,,Obsolete code since 2025 (replaced by E08000038 Barnsley)
E08000016,Barnsley,Local Authority District,Food outlets,15/03/2016,1.9,Rate per 1000 people,Rate per 1000 people,,,,Obsolete code since 2025 (replaced by E08000038 Barnsley)
E08000016,Barnsley,Local Authority District,Food outlets,15/03/2015,1.9,Rate per 1000 people,Rate per 1000 people,,,,Obsolete code since 2025 (replaced by E08000038 Barnsley)
E08000017,Doncaster,Local Authority District,Food outlets,15/03/2026,2.1,Rate per 1000 people,Rate per 1000 people,,,,
E08000017,Doncaster,Local Authority District,Food outlets,15/03/2021,2,Rate per 1000 people,Rate per 1000 people,,,,
E08000017,Doncaster,Local Authority District,Food outlets,15/03/2020,2,Rate per 1000 people,Rate per 1000 people,,,,
E08000017,Doncaster,Local Authority District,Food outlets,15/03/2022,2.1,Rate per 1000 people,Rate per 1000 people,,,,
E08000017,Doncaster,Local Authority District,Food outlets,15/03/2019,1.9,Rate per 1000 people,Rate per 1000 people,,,,
E08000017,Doncaster,Local Authority District,Food outlets,15/03/2018,1.8,Rate per 1000 people,Rate per 1000 people,,,,
E08000017,Doncaster,Local Authority District,Food outlets,15/03/2023,2.2,Rate per 1000 people,Rate per 1000 people,,,,
E08000017,Doncaster,Local Authority District,Food outlets,15/03/2025,2,Rate per 1000 people,Rate per 1000 people,,,,
E08000017,Doncaster,Local Authority District,Food outlets,15/03/2024,2,Rate per 1000 people,Rate per 1000 people,,,,
E08000017,Doncaster,Local Authority District,Food outlets,15/03/2017,1.8,Rate per 1000 people,Rate per 1000 people,,,,
E08000017,Doncaster,Local Authority District,Food outlets,15/03/2010,1.5,Rate per 1000 people,Rate per 1000 people,,,,
E08000017,Doncaster,Local Authority District,Food outlets,15/03/2011,1.5,Rate per 1000 people,Rate per 1000 people,,,,
E08000017,Doncaster,Local Authority District,Food outlets,15/03/2012,1.4,Rate per 1000 people,Rate per 1000 people,,,,
E08000017,Doncaster,Local Authority District,Food outlets,15/03/2013,1.4,Rate per 1000 people,Rate per 1000 people,,,,
E08000017,Doncaster,Local Authority District,Food outlets,15/03/2014,1.4,Rate per 1000 people,Rate per 1000 people,,,,
E08000017,Doncaster,Local Authority District,Food outlets,15/03/2016,1.8,Rate per 1000 people,Rate per 1000 people,,,,
E08000017,Doncaster,Local Authority District,Food outlets,15/03/2015,1.7,Rate per 1000 people,Rate per 1000 people,,,,
E08000018,Rotherham,Local Authority District,Food outlets,15/03/2022,1.9,Rate per 1000 people,Rate per 1000 people,,,,
E08000018,Rotherham,Local Authority District,Food outlets,15/03/2021,2,Rate per 1000 people,Rate per 1000 people,,,,
E08000018,Rotherham,Local Authority District,Food outlets,15/03/2020,1.8,Rate per 1000 people,Rate per 1000 people,,,,
E08000018,Rotherham,Local Authority District,Food outlets,15/03/2019,1.5,Rate per 1000 people,Rate per 1000 people,,,,
E08000018,Rotherham,Local Authority District,Food outlets,15/03/2018,1.6,Rate per 1000 people,Rate per 1000 people,,,,
E08000018,Rotherham,Local Authority District,Food outlets,15/03/2023,1.8,Rate per 1000 people,Rate per 1000 people,,,,
E08000018,Rotherham,Local Authority District,Food outlets,15/03/2026,1.8,Rate per 1000 people,Rate per 1000 people,,,,
E08000018,Rotherham,Local Authority District,Food outlets,15/03/2025,1.7,Rate per 1000 people,Rate per 1000 people,,,,
E08000018,Rotherham,Local Authority District,Food outlets,15/03/2024,1.7,Rate per 1000 people,Rate per 1000 people,,,,
E08000018,Rotherham,Local Authority District,Food outlets,15/03/2013,1.2,Rate per 1000 people,Rate per 1000 people,,,,
E08000018,Rotherham,Local Authority District,Food outlets,15/03/2012,1.2,Rate per 1000 people,Rate per 1000 people,,,,
E08000018,Rotherham,Local Authority District,Food outlets,15/03/2011,1.2,Rate per 1000 people,Rate per 1000 people,,,,
E08000018,Rotherham,Local Authority District,Food outlets,15/03/2010,1.3,Rate per 1000 people,Rate per 1000 people,,,,
E08000018,Rotherham,Local Authority District,Food outlets,15/03/2014,1.3,Rate per 1000 people,Rate per 1000 people,,,,
E08000018,Rotherham,Local Authority District,Food outlets,15/03/2017,1.6,Rate per 1000 people,Rate per 1000 people,,,,
E08000018,Rotherham,Local Authority District,Food outlets,15/03/2016,1.5,Rate per 1000 people,Rate per 1000 people,,,,
E08000018,Rotherham,Local Authority District,Food outlets,15/03/2015,1.5,Rate per 1000 people,Rate per 1000 people,,,,
E08000019,Sheffield,Local Authority District,Food outlets,15/03/2021,2.2,Rate per 1000 people,Rate per 1000 people,,,,Obsolete code since 2025 (replaced by E08000039 Sheffield)
E08000019,Sheffield,Local Authority District,Food outlets,15/03/2022,2.4,Rate per 1000 people,Rate per 1000 people,,,,Obsolete code since 2025 (replaced by E08000039 Sheffield)
E08000019,Sheffield,Local Authority District,Food outlets,15/03/2019,2,Rate per 1000 people,Rate per 1000 people,,,,Obsolete code since 2025 (replaced by E08000039 Sheffield)
E08000019,Sheffield,Local Authority District,Food outlets,15/03/2020,2.1,Rate per 1000 people,Rate per 1000 people,,,,Obsolete code since 2025 (replaced by E08000039 Sheffield)
E08000019,Sheffield,Local Authority District,Food outlets,15/03/2024,2.3,Rate per 1000 people,Rate per 1000 people,,,,Obsolete code since 2025 (replaced by E08000039 Sheffield)
E08000019,Sheffield,Local Authority District,Food outlets,15/03/2023,2.3,Rate per 1000 people,Rate per 1000 people,,,,Obsolete code since 2025 (replaced by E08000039 Sheffield)
E08000019,Sheffield,Local Authority District,Food outlets,15/03/2018,1.9,Rate per 1000 people,Rate per 1000 people,,,,Obsolete code since 2025 (replaced by E08000039 Sheffield)
E08000019,Sheffield,Local Authority District,Food outlets,15/03/2026,2.4,Rate per 1000 people,Rate per 1000 people,,,,Obsolete code since 2025 (replaced by E08000039 Sheffield)
E08000019,Sheffield,Local Authority District,Food outlets,15/03/2025,2.3,Rate per 1000 people,Rate per 1000 people,,,,Obsolete code since 2025 (replaced by E08000039 Sheffield)
E08000019,Sheffield,Local Authority District,Food outlets,15/03/2013,1.4,Rate per 1000 people,Rate per 1000 people,,,,Obsolete code since 2025 (replaced by E08000039 Sheffield)
E08000019,Sheffield,Local Authority District,Food outlets,15/03/2012,1.4,Rate per 1000 people,Rate per 1000 people,,,,Obsolete code since 2025 (replaced by E08000039 Sheffield)
E08000019,Sheffield,Local Authority District,Food outlets,15/03/2011,1.4,Rate per 1000 people,Rate per 1000 people,,,,Obsolete code since 2025 (replaced by E08000039 Sheffield)
E08000019,Sheffield,Local Authority District,Food outlets,15/03/2010,1.5,Rate per 1000 people,Rate per 1000 people,,,,Obsolete code since 2025 (replaced by E08000039 Sheffield)
E08000019,Sheffield,Local Authority District,Food outlets,15/03/2014,1.5,Rate per 1000 people,Rate per 1000 people,,,,Obsolete code since 2025 (replaced by E08000039 Sheffield)
E08000019,Sheffield,Local Authority District,Food outlets,15/03/2017,1.8,Rate per 1000 people,Rate per 1000 people,,,,Obsolete code since 2025 (replaced by E08000039 Sheffield)
E08000019,Sheffield,Local Authority District,Food outlets,15/03/2016,1.8,Rate per 1000 people,Rate per 1000 people,,,,Obsolete code since 2025 (replaced by E08000039 Sheffield)
E08000019,Sheffield,Local Authority District,Food outlets,15/03/2015,1.8,Rate per 1000 people,Rate per 1000 people,,,,Obsolete code since 2025 (replaced by E08000039 Sheffield)
E47000003,West Yorkshire,Combined Authority or City Region,Food outlets,15/03/2019,2.2,Rate per 1000 people,Rate per 1000 people,,,,
E47000003,West Yorkshire,Combined Authority or City Region,Food outlets,15/03/2025,2.3,Rate per 1000 people,Rate per 1000 people,,,,
E47000003,West Yorkshire,Combined Authority or City Region,Food outlets,15/03/2024,2.3,Rate per 1000 people,Rate per 1000 people,,,,
E47000003,West Yorkshire,Combined Authority or City Region,Food outlets,15/03/2023,2.4,Rate per 1000 people,Rate per 1000 people,,,,
E47000003,West Yorkshire,Combined Authority or City Region,Food outlets,15/03/2022,2.4,Rate per 1000 people,Rate per 1000 people,,,,
E47000003,West Yorkshire,Combined Authority or City Region,Food outlets,15/03/2021,2.4,Rate per 1000 people,Rate per 1000 people,,,,
E47000003,West Yorkshire,Combined Authority or City Region,Food outlets,15/03/2020,2.3,Rate per 1000 people,Rate per 1000 people,,,,
E47000003,West Yorkshire,Combined Authority or City Region,Food outlets,15/03/2026,2.4,Rate per 1000 people,Rate per 1000 people,,,,
E47000003,West Yorkshire,Combined Authority or City Region,Food outlets,15/03/2018,2.1,Rate per 1000 people,Rate per 1000 people,,,,
E47000003,West Yorkshire,Combined Authority or City Region,Food outlets,15/03/2016,2,Rate per 1000 people,Rate per 1000 people,,,,
E47000003,West Yorkshire,Combined Authority or City Region,Food outlets,15/03/2015,2,Rate per 1000 people,Rate per 1000 people,,,,
E47000003,West Yorkshire,Combined Authority or City Region,Food outlets,15/03/2014,1.7,Rate per 1000 people,Rate per 1000 people,,,,
E47000003,West Yorkshire,Combined Authority or City Region,Food outlets,15/03/2013,1.6,Rate per 1000 people,Rate per 1000 people,,,,
E47000003,West Yorkshire,Combined Authority or City Region,Food outlets,15/03/2012,1.7,Rate per 1000 people,Rate per 1000 people,,,,
E47000003,West Yorkshire,Combined Authority or City Region,Food outlets,15/03/2011,1.6,Rate per 1000 people,Rate per 1000 people,,,,
E47000003,West Yorkshire,Combined Authority or City Region,Food outlets,15/03/2010,1.7,Rate per 1000 people,Rate per 1000 people,,,,
E47000003,West Yorkshire,Combined Authority or City Region,Food outlets,15/03/2017,2.1,Rate per 1000 people,Rate per 1000 people,,,,
E08000032,Bradford,Local Authority District,Food outlets,15/03/2022,2.2,Rate per 1000 people,Rate per 1000 people,,,,
E08000032,Bradford,Local Authority District,Food outlets,15/03/2021,2.1,Rate per 1000 people,Rate per 1000 people,,,,
E08000032,Bradford,Local Authority District,Food outlets,15/03/2020,2.1,Rate per 1000 people,Rate per 1000 people,,,,
E08000032,Bradford,Local Authority District,Food outlets,15/03/2019,2,Rate per 1000 people,Rate per 1000 people,,,,
E08000032,Bradford,Local Authority District,Food outlets,15/03/2026,2.3,Rate per 1000 people,Rate per 1000 people,,,,
E08000032,Bradford,Local Authority District,Food outlets,15/03/2023,2.2,Rate per 1000 people,Rate per 1000 people,,,,
E08000032,Bradford,Local Authority District,Food outlets,15/03/2018,1.9,Rate per 1000 people,Rate per 1000 people,,,,
E08000032,Bradford,Local Authority District,Food outlets,15/03/2025,2.3,Rate per 1000 people,Rate per 1000 people,,,,
E08000032,Bradford,Local Authority District,Food outlets,15/03/2024,2.2,Rate per 1000 people,Rate per 1000 people,,,,
E08000032,Bradford,Local Authority District,Food outlets,15/03/2016,1.9,Rate per 1000 people,Rate per 1000 people,,,,
E08000032,Bradford,Local Authority District,Food outlets,15/03/2010,1.4,Rate per 1000 people,Rate per 1000 people,,,,
E08000032,Bradford,Local Authority District,Food outlets,15/03/2011,1.4,Rate per 1000 people,Rate per 1000 people,,,,
E08000032,Bradford,Local Authority District,Food outlets,15/03/2012,1.5,Rate per 1000 people,Rate per 1000 people,,,,
E08000032,Bradford,Local Authority District,Food outlets,15/03/2013,1.4,Rate per 1000 people,Rate per 1000 people,,,,
E08000032,Bradford,Local Authority District,Food outlets,15/03/2014,1.5,Rate per 1000 people,Rate per 1000 people,,,,
E08000032,Bradford,Local Authority District,Food outlets,15/03/2017,2,Rate per 1000 people,Rate per 1000 people,,,,
E08000032,Bradford,Local Authority District,Food outlets,15/03/2015,1.9,Rate per 1000 people,Rate per 1000 people,,,,
E08000033,Calderdale,Local Authority District,Food outlets,15/03/2022,3.5,Rate per 1000 people,Rate per 1000 people,,,,
E08000033,Calderdale,Local Authority District,Food outlets,15/03/2021,3,Rate per 1000 people,Rate per 1000 people,,,,
E08000033,Calderdale,Local Authority District,Food outlets,15/03/2020,3,Rate per 1000 people,Rate per 1000 people,,,,
E08000033,Calderdale,Local Authority District,Food outlets,15/03/2018,2.7,Rate per 1000 people,Rate per 1000 people,,,,
E08000033,Calderdale,Local Authority District,Food outlets,15/03/2019,2.9,Rate per 1000 people,Rate per 1000 people,,,,
E08000033,Calderdale,Local Authority District,Food outlets,15/03/2024,2.9,Rate per 1000 people,Rate per 1000 people,,,,
E08000033,Calderdale,Local Authority District,Food outlets,15/03/2023,3.2,Rate per 1000 people,Rate per 1000 people,,,,
E08000033,Calderdale,Local Authority District,Food outlets,15/03/2026,2.9,Rate per 1000 people,Rate per 1000 people,,,,
E08000033,Calderdale,Local Authority District,Food outlets,15/03/2025,2.9,Rate per 1000 people,Rate per 1000 people,,,,
E08000033,Calderdale,Local Authority District,Food outlets,15/03/2017,2.6,Rate per 1000 people,Rate per 1000 people,,,,
E08000033,Calderdale,Local Authority District,Food outlets,15/03/2010,2.2,Rate per 1000 people,Rate per 1000 people,,,,
E08000033,Calderdale,Local Authority District,Food outlets,15/03/2011,2.2,Rate per 1000 people,Rate per 1000 people,,,,
E08000033,Calderdale,Local Authority District,Food outlets,15/03/2012,2.3,Rate per 1000 people,Rate per 1000 people,,,,
E08000033,Calderdale,Local Authority District,Food outlets,15/03/2013,2.2,Rate per 1000 people,Rate per 1000 people,,,,
E08000033,Calderdale,Local Authority District,Food outlets,15/03/2014,2.2,Rate per 1000 people,Rate per 1000 people,,,,
E08000033,Calderdale,Local Authority District,Food outlets,15/03/2016,2.5,Rate per 1000 people,Rate per 1000 people,,,,
E08000033,Calderdale,Local Authority District,Food outlets,15/03/2015,2.6,Rate per 1000 people,Rate per 1000 people,,,,
E08000034,Kirklees,Local Authority District,Food outlets,15/03/2022,2.4,Rate per 1000 people,Rate per 1000 people,,,,
E08000034,Kirklees,Local Authority District,Food outlets,15/03/2021,2.7,Rate per 1000 people,Rate per 1000 people,,,,
E08000034,Kirklees,Local Authority District,Food outlets,15/03/2020,2.4,Rate per 1000 people,Rate per 1000 people,,,,
E08000034,Kirklees,Local Authority District,Food outlets,15/03/2019,2.3,Rate per 1000 people,Rate per 1000 people,,,,
E08000034,Kirklees,Local Authority District,Food outlets,15/03/2018,2.2,Rate per 1000 people,Rate per 1000 people,,,,
E08000034,Kirklees,Local Authority District,Food outlets,15/03/2023,2.5,Rate per 1000 people,Rate per 1000 people,,,,
E08000034,Kirklees,Local Authority District,Food outlets,15/03/2026,2.5,Rate per 1000 people,Rate per 1000 people,,,,
E08000034,Kirklees,Local Authority District,Food outlets,15/03/2025,2.4,Rate per 1000 people,Rate per 1000 people,,,,
E08000034,Kirklees,Local Authority District,Food outlets,15/03/2024,2.4,Rate per 1000 people,Rate per 1000 people,,,,
E08000034,Kirklees,Local Authority District,Food outlets,15/03/2013,1.7,Rate per 1000 people,Rate per 1000 people,,,,
E08000034,Kirklees,Local Authority District,Food outlets,15/03/2012,1.7,Rate per 1000 people,Rate per 1000 people,,,,
E08000034,Kirklees,Local Authority District,Food outlets,15/03/2011,1.7,Rate per 1000 people,Rate per 1000 people,,,,
E08000034,Kirklees,Local Authority District,Food outlets,15/03/2010,1.7,Rate per 1000 people,Rate per 1000 people,,,,
E08000034,Kirklees,Local Authority District,Food outlets,15/03/2014,1.7,Rate per 1000 people,Rate per 1000 people,,,,
E08000034,Kirklees,Local Authority District,Food outlets,15/03/2017,2.2,Rate per 1000 people,Rate per 1000 people,,,,
E08000034,Kirklees,Local Authority District,Food outlets,15/03/2016,2.2,Rate per 1000 people,Rate per 1000 people,,,,
E08000034,Kirklees,Local Authority District,Food outlets,15/03/2015,2.1,Rate per 1000 people,Rate per 1000 people,,,,
E08000035,Leeds,Local Authority District,Food outlets,15/03/2022,2.3,Rate per 1000 people,Rate per 1000 people,,,,
E08000035,Leeds,Local Authority District,Food outlets,15/03/2021,2.3,Rate per 1000 people,Rate per 1000 people,,,,
E08000035,Leeds,Local Authority District,Food outlets,15/03/2019,2,Rate per 1000 people,Rate per 1000 people,,,,
E08000035,Leeds,Local Authority District,Food outlets,15/03/2020,2.2,Rate per 1000 people,Rate per 1000 people,,,,
E08000035,Leeds,Local Authority District,Food outlets,15/03/2024,2.2,Rate per 1000 people,Rate per 1000 people,,,,
E08000035,Leeds,Local Authority District,Food outlets,15/03/2023,2.3,Rate per 1000 people,Rate per 1000 people,,,,
E08000035,Leeds,Local Authority District,Food outlets,15/03/2018,2.1,Rate per 1000 people,Rate per 1000 people,,,,
E08000035,Leeds,Local Authority District,Food outlets,15/03/2026,2.3,Rate per 1000 people,Rate per 1000 people,,,,
E08000035,Leeds,Local Authority District,Food outlets,15/03/2025,2.2,Rate per 1000 people,Rate per 1000 people,,,,
E08000035,Leeds,Local Authority District,Food outlets,15/03/2010,1.5,Rate per 1000 people,Rate per 1000 people,,,,
E08000035,Leeds,Local Authority District,Food outlets,15/03/2011,1.5,Rate per 1000 people,Rate per 1000 people,,,,
E08000035,Leeds,Local Authority District,Food outlets,15/03/2012,1.6,Rate per 1000 people,Rate per 1000 people,,,,
E08000035,Leeds,Local Authority District,Food outlets,15/03/2013,1.6,Rate per 1000 people,Rate per 1000 people,,,,
E08000035,Leeds,Local Authority District,Food outlets,15/03/2014,1.6,Rate per 1000 people,Rate per 1000 people,,,,
E08000035,Leeds,Local Authority District,Food outlets,15/03/2017,2,Rate per 1000 people,Rate per 1000 people,,,,
E08000035,Leeds,Local Authority District,Food outlets,15/03/2016,2,Rate per 1000 people,Rate per 1000 people,,,,
E08000035,Leeds,Local Authority District,Food outlets,15/03/2015,1.9,Rate per 1000 people,Rate per 1000 people,,,,
E08000036,Wakefield,Local Authority District,Food outlets,15/03/2021,2.2,Rate per 1000 people,Rate per 1000 people,,,,
E08000036,Wakefield,Local Authority District,Food outlets,15/03/2022,2.2,Rate per 1000 people,Rate per 1000 people,,,,
E08000036,Wakefield,Local Authority District,Food outlets,15/03/2020,2.2,Rate per 1000 people,Rate per 1000 people,,,,
E08000036,Wakefield,Local Authority District,Food outlets,15/03/2019,2.1,Rate per 1000 people,Rate per 1000 people,,,,
E08000036,Wakefield,Local Authority District,Food outlets,15/03/2024,2.1,Rate per 1000 people,Rate per 1000 people,,,,
E08000036,Wakefield,Local Authority District,Food outlets,15/03/2023,2.3,Rate per 1000 people,Rate per 1000 people,,,,
E08000036,Wakefield,Local Authority District,Food outlets,15/03/2018,2.1,Rate per 1000 people,Rate per 1000 people,,,,
E08000036,Wakefield,Local Authority District,Food outlets,15/03/2026,2.1,Rate per 1000 people,Rate per 1000 people,,,,
E08000036,Wakefield,Local Authority District,Food outlets,15/03/2025,2.1,Rate per 1000 people,Rate per 1000 people,,,,
E08000036,Wakefield,Local Authority District,Food outlets,15/03/2013,1.7,Rate per 1000 people,Rate per 1000 people,,,,
E08000036,Wakefield,Local Authority District,Food outlets,15/03/2012,1.7,Rate per 1000 people,Rate per 1000 people,,,,
E08000036,Wakefield,Local Authority District,Food outlets,15/03/2011,1.7,Rate per 1000 people,Rate per 1000 people,,,,
E08000036,Wakefield,Local Authority District,Food outlets,15/03/2010,1.8,Rate per 1000 people,Rate per 1000 people,,,,
E08000036,Wakefield,Local Authority District,Food outlets,15/03/2014,1.7,Rate per 1000 people,Rate per 1000 people,,,,
E08000036,Wakefield,Local Authority District,Food outlets,15/03/2017,2,Rate per 1000 people,Rate per 1000 people,,,,
E08000036,Wakefield,Local Authority District,Food outlets,15/03/2016,2,Rate per 1000 people,Rate per 1000 people,,,,
E08000036,Wakefield,Local Authority District,Food outlets,15/03/2015,2,Rate per 1000 people,Rate per 1000 people,,,,
E12000004,East Midlands,Region,Food outlets,15/03/2019,2,Rate per 1000 people,Rate per 1000 people,,,,
E12000004,East Midlands,Region,Food outlets,15/03/2025,2,Rate per 1000 people,Rate per 1000 people,,,,
E12000004,East Midlands,Region,Food outlets,15/03/2024,2,Rate per 1000 people,Rate per 1000 people,,,,
E12000004,East Midlands,Region,Food outlets,15/03/2023,2.1,Rate per 1000 people,Rate per 1000 people,,,,
E12000004,East Midlands,Region,Food outlets,15/03/2022,2.1,Rate per 1000 people,Rate per 1000 people,,,,
E12000004,East Midlands,Region,Food outlets,15/03/2021,2.2,Rate per 1000 people,Rate per 1000 people,,,,
E12000004,East Midlands,Region,Food outlets,15/03/2020,2.1,Rate per 1000 people,Rate per 1000 people,,,,
E12000004,East Midlands,Region,Food outlets,15/03/2018,1.9,Rate per 1000 people,Rate per 1000 people,,,,
E12000004,East Midlands,Region,Food outlets,15/03/2026,2.1,Rate per 1000 people,Rate per 1000 people,,,,
E12000004,East Midlands,Region,Food outlets,15/03/2016,1.9,Rate per 1000 people,Rate per 1000 people,,,,
E12000004,East Midlands,Region,Food outlets,15/03/2015,1.9,Rate per 1000 people,Rate per 1000 people,,,,
E12000004,East Midlands,Region,Food outlets,15/03/2014,1.7,Rate per 1000 people,Rate per 1000 people,,,,
E12000004,East Midlands,Region,Food outlets,15/03/2013,1.7,Rate per 1000 people,Rate per 1000 people,,,,
E12000004,East Midlands,Region,Food outlets,15/03/2012,1.7,Rate per 1000 people,Rate per 1000 people,,,,
E12000004,East Midlands,Region,Food outlets,15/03/2011,1.7,Rate per 1000 people,Rate per 1000 people,,,,
E12000004,East Midlands,Region,Food outlets,15/03/2010,1.8,Rate per 1000 people,Rate per 1000 people,,,,
E12000004,East Midlands,Region,Food outlets,15/03/2017,1.9,Rate per 1000 people,Rate per 1000 people,,,,
E47000013,East Midlands,Combined Authority or City Region,Food outlets,15/03/2026,2.1,Rate per 1000 people,Rate per 1000 people,,,,
E47000013,East Midlands,Combined Authority or City Region,Food outlets,15/03/2025,2.1,Rate per 1000 people,Rate per 1000 people,,,,
E47000013,East Midlands,Combined Authority or City Region,Food outlets,15/03/2024,2.1,Rate per 1000 people,Rate per 1000 people,,,,
E47000013,East Midlands,Combined Authority or City Region,Food outlets,15/03/2023,2.2,Rate per 1000 people,Rate per 1000 people,,,,
E47000013,East Midlands,Combined Authority or City Region,Food outlets,15/03/2021,2.1,Rate per 1000 people,Rate per 1000 people,,,,
E47000013,East Midlands,Combined Authority or City Region,Food outlets,15/03/2020,2,Rate per 1000 people,Rate per 1000 people,,,,
E47000013,East Midlands,Combined Authority or City Region,Food outlets,15/03/2019,1.9,Rate per 1000 people,Rate per 1000 people,,,,
E47000013,East Midlands,Combined Authority or City Region,Food outlets,15/03/2018,1.9,Rate per 1000 people,Rate per 1000 people,,,,
E47000013,East Midlands,Combined Authority or City Region,Food outlets,15/03/2022,2.2,Rate per 1000 people,Rate per 1000 people,,,,
E47000013,East Midlands,Combined Authority or City Region,Food outlets,15/03/2016,1.9,Rate per 1000 people,Rate per 1000 people,,,,
E47000013,East Midlands,Combined Authority or City Region,Food outlets,15/03/2015,1.9,Rate per 1000 people,Rate per 1000 people,,,,
E47000013,East Midlands,Combined Authority or City Region,Food outlets,15/03/2014,1.7,Rate per 1000 people,Rate per 1000 people,,,,
E47000013,East Midlands,Combined Authority or City Region,Food outlets,15/03/2013,1.6,Rate per 1000 people,Rate per 1000 people,,,,
E47000013,East Midlands,Combined Authority or City Region,Food outlets,15/03/2012,1.7,Rate per 1000 people,Rate per 1000 people,,,,
E47000013,East Midlands,Combined Authority or City Region,Food outlets,15/03/2011,1.7,Rate per 1000 people,Rate per 1000 people,,,,
E47000013,East Midlands,Combined Authority or City Region,Food outlets,15/03/2010,1.7,Rate per 1000 people,Rate per 1000 people,,,,
E47000013,East Midlands,Combined Authority or City Region,Food outlets,15/03/2017,1.9,Rate per 1000 people,Rate per 1000 people,,,,
E06000015,Derby,County or Unitary Authority,Food outlets,15/03/2022,2,Rate per 1000 people,Rate per 1000 people,,,,
E06000015,Derby,County or Unitary Authority,Food outlets,15/03/2021,1.9,Rate per 1000 people,Rate per 1000 people,,,,
E06000015,Derby,County or Unitary Authority,Food outlets,15/03/2020,1.8,Rate per 1000 people,Rate per 1000 people,,,,
E06000015,Derby,County or Unitary Authority,Food outlets,15/03/2019,1.7,Rate per 1000 people,Rate per 1000 people,,,,
E06000015,Derby,County or Unitary Authority,Food outlets,15/03/2026,1.9,Rate per 1000 people,Rate per 1000 people,,,,
E06000015,Derby,County or Unitary Authority,Food outlets,15/03/2025,1.7,Rate per 1000 people,Rate per 1000 people,,,,
E06000015,Derby,County or Unitary Authority,Food outlets,15/03/2023,1.9,Rate per 1000 people,Rate per 1000 people,,,,
E06000015,Derby,County or Unitary Authority,Food outlets,15/03/2018,1.7,Rate per 1000 people,Rate per 1000 people,,,,
E06000015,Derby,County or Unitary Authority,Food outlets,15/03/2024,1.8,Rate per 1000 people,Rate per 1000 people,,,,
E06000015,Derby,County or Unitary Authority,Food outlets,15/03/2014,1.4,Rate per 1000 people,Rate per 1000 people,,,,
E06000015,Derby,County or Unitary Authority,Food outlets,15/03/2010,1.5,Rate per 1000 people,Rate per 1000 people,,,,
E06000015,Derby,County or Unitary Authority,Food outlets,15/03/2011,1.4,Rate per 1000 people,Rate per 1000 people,,,,
E06000015,Derby,County or Unitary Authority,Food outlets,15/03/2012,1.4,Rate per 1000 people,Rate per 1000 people,,,,
E06000015,Derby,County or Unitary Authority,Food outlets,15/03/2013,1.3,Rate per 1000 people,Rate per 1000 people,,,,
E06000015,Derby,County or Unitary Authority,Food outlets,15/03/2017,1.7,Rate per 1000 people,Rate per 1000 people,,,,
E06000015,Derby,County or Unitary Authority,Food outlets,15/03/2016,1.7,Rate per 1000 people,Rate per 1000 people,,,,
E06000015,Derby,County or Unitary Authority,Food outlets,15/03/2015,1.7,Rate per 1000 people,Rate per 1000 people,,,,
E06000016,Leicester,County or Unitary Authority,Food outlets,15/03/2022,2.4,Rate per 1000 people,Rate per 1000 people,,,,
E06000016,Leicester,County or Unitary Authority,Food outlets,15/03/2021,2.3,Rate per 1000 people,Rate per 1000 people,,,,
E06000016,Leicester,County or Unitary Authority,Food outlets,15/03/2020,2.1,Rate per 1000 people,Rate per 1000 people,,,,
E06000016,Leicester,County or Unitary Authority,Food outlets,15/03/2019,2,Rate per 1000 people,Rate per 1000 people,,,,
E06000016,Leicester,County or Unitary Authority,Food outlets,15/03/2026,2.6,Rate per 1000 people,Rate per 1000 people,,,,
E06000016,Leicester,County or Unitary Authority,Food outlets,15/03/2023,2.4,Rate per 1000 people,Rate per 1000 people,,,,
E06000016,Leicester,County or Unitary Authority,Food outlets,15/03/2018,2,Rate per 1000 people,Rate per 1000 people,,,,
E06000016,Leicester,County or Unitary Authority,Food outlets,15/03/2025,2.5,Rate per 1000 people,Rate per 1000 people,,,,
E06000016,Leicester,County or Unitary Authority,Food outlets,15/03/2024,2.4,Rate per 1000 people,Rate per 1000 people,,,,
E06000016,Leicester,County or Unitary Authority,Food outlets,15/03/2014,1.6,Rate per 1000 people,Rate per 1000 people,,,,
E06000016,Leicester,County or Unitary Authority,Food outlets,15/03/2010,1.5,Rate per 1000 people,Rate per 1000 people,,,,
E06000016,Leicester,County or Unitary Authority,Food outlets,15/03/2011,1.5,Rate per 1000 people,Rate per 1000 people,,,,
E06000016,Leicester,County or Unitary Authority,Food outlets,15/03/2012,1.6,Rate per 1000 people,Rate per 1000 people,,,,
E06000016,Leicester,County or Unitary Authority,Food outlets,15/03/2013,1.5,Rate per 1000 people,Rate per 1000 people,,,,
E06000016,Leicester,County or Unitary Authority,Food outlets,15/03/2017,1.9,Rate per 1000 people,Rate per 1000 people,,,,
E06000016,Leicester,County or Unitary Authority,Food outlets,15/03/2016,1.9,Rate per 1000 people,Rate per 1000 people,,,,
E06000016,Leicester,County or Unitary Authority,Food outlets,15/03/2015,1.9,Rate per 1000 people,Rate per 1000 people,,,,
E06000061,North Northamptonshire,County or Unitary Authority,Food outlets,15/03/2021,2.2,Rate per 1000 people,Rate per 1000 people,,,,
E06000061,North Northamptonshire,County or Unitary Authority,Food outlets,15/03/2022,1.8,Rate per 1000 people,Rate per 1000 people,,,,
E06000061,North Northamptonshire,County or Unitary Authority,Food outlets,15/03/2019,1.8,Rate per 1000 people,Rate per 1000 people,,,,
E06000061,North Northamptonshire,County or Unitary Authority,Food outlets,15/03/2020,2.1,Rate per 1000 people,Rate per 1000 people,,,,
E06000061,North Northamptonshire,County or Unitary Authority,Food outlets,15/03/2024,1.7,Rate per 1000 people,Rate per 1000 people,,,,
E06000061,North Northamptonshire,County or Unitary Authority,Food outlets,15/03/2023,1.8,Rate per 1000 people,Rate per 1000 people,,,,
E06000061,North Northamptonshire,County or Unitary Authority,Food outlets,15/03/2026,1.6,Rate per 1000 people,Rate per 1000 people,,,,
E06000061,North Northamptonshire,County or Unitary Authority,Food outlets,15/03/2025,1.6,Rate per 1000 people,Rate per 1000 people,,,,
E06000061,North Northamptonshire,County or Unitary Authority,Food outlets,15/03/2018,1.7,Rate per 1000 people,Rate per 1000 people,,,,
E06000061,North Northamptonshire,County or Unitary Authority,Food outlets,15/03/2013,1.7,Rate per 1000 people,Rate per 1000 people,,,,
E06000061,North Northamptonshire,County or Unitary Authority,Food outlets,15/03/2012,1.7,Rate per 1000 people,Rate per 1000 people,,,,
E06000061,North Northamptonshire,County or Unitary Authority,Food outlets,15/03/2011,1.7,Rate per 1000 people,Rate per 1000 people,,,,
E06000061,North Northamptonshire,County or Unitary Authority,Food outlets,15/03/2010,1.8,Rate per 1000 people,Rate per 1000 people,,,,
E06000061,North Northamptonshire,County or Unitary Authority,Food outlets,15/03/2014,1.7,Rate per 1000 people,Rate per 1000 people,,,,
E06000061,North Northamptonshire,County or Unitary Authority,Food outlets,15/03/2017,1.7,Rate per 1000 people,Rate per 1000 people,,,,
E06000061,North Northamptonshire,County or Unitary Authority,Food outlets,15/03/2016,1.8,Rate per 1000 people,Rate per 1000 people,,,,
E06000061,North Northamptonshire,County or Unitary Authority,Food outlets,15/03/2015,1.8,Rate per 1000 people,Rate per 1000 people,,,,
E06000018,Nottingham,County or Unitary Authority,Food outlets,15/03/2021,2.1,Rate per 1000 people,Rate per 1000 people,,,,
E06000018,Nottingham,County or Unitary Authority,Food outlets,15/03/2022,2.2,Rate per 1000 people,Rate per 1000 people,,,,
E06000018,Nottingham,County or Unitary Authority,Food outlets,15/03/2020,1.9,Rate per 1000 people,Rate per 1000 people,,,,
E06000018,Nottingham,County or Unitary Authority,Food outlets,15/03/2019,1.9,Rate per 1000 people,Rate per 1000 people,,,,
E06000018,Nottingham,County or Unitary Authority,Food outlets,15/03/2024,2.1,Rate per 1000 people,Rate per 1000 people,,,,
E06000018,Nottingham,County or Unitary Authority,Food outlets,15/03/2023,2.2,Rate per 1000 people,Rate per 1000 people,,,,
E06000018,Nottingham,County or Unitary Authority,Food outlets,15/03/2018,1.8,Rate per 1000 people,Rate per 1000 people,,,,
E06000018,Nottingham,County or Unitary Authority,Food outlets,15/03/2026,2.3,Rate per 1000 people,Rate per 1000 people,,,,
E06000018,Nottingham,County or Unitary Authority,Food outlets,15/03/2025,2.2,Rate per 1000 people,Rate per 1000 people,,,,
E06000018,Nottingham,County or Unitary Authority,Food outlets,15/03/2013,1.4,Rate per 1000 people,Rate per 1000 people,,,,
E06000018,Nottingham,County or Unitary Authority,Food outlets,15/03/2012,1.4,Rate per 1000 people,Rate per 1000 people,,,,
E06000018,Nottingham,County or Unitary Authority,Food outlets,15/03/2011,1.4,Rate per 1000 people,Rate per 1000 people,,,,
E06000018,Nottingham,County or Unitary Authority,Food outlets,15/03/2010,1.5,Rate per 1000 people,Rate per 1000 people,,,,
E06000018,Nottingham,County or Unitary Authority,Food outlets,15/03/2014,1.4,Rate per 1000 people,Rate per 1000 people,,,,
E06000018,Nottingham,County or Unitary Authority,Food outlets,15/03/2017,1.7,Rate per 1000 people,Rate per 1000 people,,,,
E06000018,Nottingham,County or Unitary Authority,Food outlets,15/03/2016,1.7,Rate per 1000 people,Rate per 1000 people,,,,
E06000018,Nottingham,County or Unitary Authority,Food outlets,15/03/2015,1.6,Rate per 1000 people,Rate per 1000 people,,,,
E06000017,Rutland,County or Unitary Authority,Food outlets,15/03/2022,2.3,Rate per 1000 people,Rate per 1000 people,,,,
E06000017,Rutland,County or Unitary Authority,Food outlets,15/03/2021,3,Rate per 1000 people,Rate per 1000 people,,,,
E06000017,Rutland,County or Unitary Authority,Food outlets,15/03/2020,2.6,Rate per 1000 people,Rate per 1000 people,,,,
E06000017,Rutland,County or Unitary Authority,Food outlets,15/03/2018,2.2,Rate per 1000 people,Rate per 1000 people,,,,
E06000017,Rutland,County or Unitary Authority,Food outlets,15/03/2019,2.4,Rate per 1000 people,Rate per 1000 people,,,,
E06000017,Rutland,County or Unitary Authority,Food outlets,15/03/2024,2.4,Rate per 1000 people,Rate per 1000 people,,,,
E06000017,Rutland,County or Unitary Authority,Food outlets,15/03/2023,2.3,Rate per 1000 people,Rate per 1000 people,,,,
E06000017,Rutland,County or Unitary Authority,Food outlets,15/03/2026,2.5,Rate per 1000 people,Rate per 1000 people,,,,
E06000017,Rutland,County or Unitary Authority,Food outlets,15/03/2025,2.4,Rate per 1000 people,Rate per 1000 people,,,,
E06000017,Rutland,County or Unitary Authority,Food outlets,15/03/2017,2.4,Rate per 1000 people,Rate per 1000 people,,,,
E06000017,Rutland,County or Unitary Authority,Food outlets,15/03/2010,2.5,Rate per 1000 people,Rate per 1000 people,,,,
E06000017,Rutland,County or Unitary Authority,Food outlets,15/03/2011,2.5,Rate per 1000 people,Rate per 1000 people,,,,
E06000017,Rutland,County or Unitary Authority,Food outlets,15/03/2012,2.4,Rate per 1000 people,Rate per 1000 people,,,,
E06000017,Rutland,County or Unitary Authority,Food outlets,15/03/2013,2.2,Rate per 1000 people,Rate per 1000 people,,,,
E06000017,Rutland,County or Unitary Authority,Food outlets,15/03/2014,2.2,Rate per 1000 people,Rate per 1000 people,,,,
E06000017,Rutland,County or Unitary Authority,Food outlets,15/03/2016,2.3,Rate per 1000 people,Rate per 1000 people,,,,
E06000017,Rutland,County or Unitary Authority,Food outlets,15/03/2015,2.6,Rate per 1000 people,Rate per 1000 people,,,,
E06000062,West Northamptonshire,County or Unitary Authority,Food outlets,15/03/2022,2,Rate per 1000 people,Rate per 1000 people,,,,
E06000062,West Northamptonshire,County or Unitary Authority,Food outlets,15/03/2021,2.6,Rate per 1000 people,Rate per 1000 people,,,,
E06000062,West Northamptonshire,County or Unitary Authority,Food outlets,15/03/2020,2,Rate per 1000 people,Rate per 1000 people,,,,
E06000062,West Northamptonshire,County or Unitary Authority,Food outlets,15/03/2019,1.8,Rate per 1000 people,Rate per 1000 people,,,,
E06000062,West Northamptonshire,County or Unitary Authority,Food outlets,15/03/2026,1.9,Rate per 1000 people,Rate per 1000 people,,,,
E06000062,West Northamptonshire,County or Unitary Authority,Food outlets,15/03/2023,1.9,Rate per 1000 people,Rate per 1000 people,,,,
E06000062,West Northamptonshire,County or Unitary Authority,Food outlets,15/03/2018,1.8,Rate per 1000 people,Rate per 1000 people,,,,
E06000062,West Northamptonshire,County or Unitary Authority,Food outlets,15/03/2025,1.9,Rate per 1000 people,Rate per 1000 people,,,,
E06000062,West Northamptonshire,County or Unitary Authority,Food outlets,15/03/2024,1.8,Rate per 1000 people,Rate per 1000 people,,,,
E06000062,West Northamptonshire,County or Unitary Authority,Food outlets,15/03/2014,1.6,Rate per 1000 people,Rate per 1000 people,,,,
E06000062,West Northamptonshire,County or Unitary Authority,Food outlets,15/03/2013,1.6,Rate per 1000 people,Rate per 1000 people,,,,
E06000062,West Northamptonshire,County or Unitary Authority,Food outlets,15/03/2012,1.6,Rate per 1000 people,Rate per 1000 people,,,,
E06000062,West Northamptonshire,County or Unitary Authority,Food outlets,15/03/2011,1.6,Rate per 1000 people,Rate per 1000 people,,,,
E06000062,West Northamptonshire,County or Unitary Authority,Food outlets,15/03/2010,1.7,Rate per 1000 people,Rate per 1000 people,,,,
E06000062,West Northamptonshire,County or Unitary Authority,Food outlets,15/03/2017,1.7,Rate per 1000 people,Rate per 1000 people,,,,
E06000062,West Northamptonshire,County or Unitary Authority,Food outlets,15/03/2016,1.7,Rate per 1000 people,Rate per 1000 people,,,,
E06000062,West Northamptonshire,County or Unitary Authority,Food outlets,15/03/2015,1.7,Rate per 1000 people,Rate per 1000 people,,,,
E10000007,Derbyshire,County or Unitary Authority,Food outlets,15/03/2019,2.3,Rate per 1000 people,Rate per 1000 people,,,,
E10000007,Derbyshire,County or Unitary Authority,Food outlets,15/03/2026,2.4,Rate per 1000 people,Rate per 1000 people,,,,
E10000007,Derbyshire,County or Unitary Authority,Food outlets,15/03/2025,2.4,Rate per 1000 people,Rate per 1000 people,,,,
E10000007,Derbyshire,County or Unitary Authority,Food outlets,15/03/2024,2.4,Rate per 1000 people,Rate per 1000 people,,,,
E10000007,Derbyshire,County or Unitary Authority,Food outlets,15/03/2022,2.5,Rate per 1000 people,Rate per 1000 people,,,,
E10000007,Derbyshire,County or Unitary Authority,Food outlets,15/03/2021,2.4,Rate per 1000 people,Rate per 1000 people,,,,
E10000007,Derbyshire,County or Unitary Authority,Food outlets,15/03/2020,2.4,Rate per 1000 people,Rate per 1000 people,,,,
E10000007,Derbyshire,County or Unitary Authority,Food outlets,15/03/2018,2.3,Rate per 1000 people,Rate per 1000 people,,,,
E10000007,Derbyshire,County or Unitary Authority,Food outlets,15/03/2023,2.5,Rate per 1000 people,Rate per 1000 people,,,,
E10000007,Derbyshire,County or Unitary Authority,Food outlets,15/03/2016,2.3,Rate per 1000 people,Rate per 1000 people,,,,
E10000007,Derbyshire,County or Unitary Authority,Food outlets,15/03/2015,2.3,Rate per 1000 people,Rate per 1000 people,,,,
E10000007,Derbyshire,County or Unitary Authority,Food outlets,15/03/2014,2.1,Rate per 1000 people,Rate per 1000 people,,,,
E10000007,Derbyshire,County or Unitary Authority,Food outlets,15/03/2013,2,Rate per 1000 people,Rate per 1000 people,,,,
E10000007,Derbyshire,County or Unitary Authority,Food outlets,15/03/2012,2,Rate per 1000 people,Rate per 1000 people,,,,
E10000007,Derbyshire,County or Unitary Authority,Food outlets,15/03/2011,2,Rate per 1000 people,Rate per 1000 people,,,,
E10000007,Derbyshire,County or Unitary Authority,Food outlets,15/03/2010,2.1,Rate per 1000 people,Rate per 1000 people,,,,
E10000007,Derbyshire,County or Unitary Authority,Food outlets,15/03/2017,2.3,Rate per 1000 people,Rate per 1000 people,,,,
E07000032,Amber Valley,Local Authority District,Food outlets,15/03/2026,2.2,Rate per 1000 people,Rate per 1000 people,,,,
E07000032,Amber Valley,Local Authority District,Food outlets,15/03/2025,2.2,Rate per 1000 people,Rate per 1000 people,,,,
E07000032,Amber Valley,Local Authority District,Food outlets,15/03/2024,2.5,Rate per 1000 people,Rate per 1000 people,,,,
E07000032,Amber Valley,Local Authority District,Food outlets,15/03/2023,2.5,Rate per 1000 people,Rate per 1000 people,,,,
E07000032,Amber Valley,Local Authority District,Food outlets,15/03/2022,2.2,Rate per 1000 people,Rate per 1000 people,,,,
E07000032,Amber Valley,Local Authority District,Food outlets,15/03/2021,2.2,Rate per 1000 people,Rate per 1000 people,,,,
E07000032,Amber Valley,Local Authority District,Food outlets,15/03/2020,2.2,Rate per 1000 people,Rate per 1000 people,,,,
E07000032,Amber Valley,Local Authority District,Food outlets,15/03/2019,2.2,Rate per 1000 people,Rate per 1000 people,,,,
E07000032,Amber Valley,Local Authority District,Food outlets,15/03/2018,2.2,Rate per 1000 people,Rate per 1000 people,,,,
E07000032,Amber Valley,Local Authority District,Food outlets,15/03/2016,2.2,Rate per 1000 people,Rate per 1000 people,,,,
E07000032,Amber Valley,Local Authority District,Food outlets,15/03/2015,2.1,Rate per 1000 people,Rate per 1000 people,,,,
E07000032,Amber Valley,Local Authority District,Food outlets,15/03/2014,1.9,Rate per 1000 people,Rate per 1000 people,,,,
E07000032,Amber Valley,Local Authority District,Food outlets,15/03/2013,2,Rate per 1000 people,Rate per 1000 people,,,,
E07000032,Amber Valley,Local Authority District,Food outlets,15/03/2012,2.1,Rate per 1000 people,Rate per 1000 people,,,,
E07000032,Amber Valley,Local Authority District,Food outlets,15/03/2011,2,Rate per 1000 people,Rate per 1000 people,,,,
E07000032,Amber Valley,Local Authority District,Food outlets,15/03/2010,2,Rate per 1000 people,Rate per 1000 people,,,,
E07000032,Amber Valley,Local Authority District,Food outlets,15/03/2017,2.1,Rate per 1000 people,Rate per 1000 people,,,,
E07000033,Bolsover,Local Authority District,Food outlets,15/03/2019,1.7,Rate per 1000 people,Rate per 1000 people,,,,
E07000033,Bolsover,Local Authority District,Food outlets,15/03/2026,1.8,Rate per 1000 people,Rate per 1000 people,,,,
E07000033,Bolsover,Local Authority District,Food outlets,15/03/2025,1.7,Rate per 1000 people,Rate per 1000 people,,,,
E07000033,Bolsover,Local Authority District,Food outlets,15/03/2024,1.8,Rate per 1000 people,Rate per 1000 people,,,,
E07000033,Bolsover,Local Authority District,Food outlets,15/03/2022,1.8,Rate per 1000 people,Rate per 1000 people,,,,
E07000033,Bolsover,Local Authority District,Food outlets,15/03/2021,1.9,Rate per 1000 people,Rate per 1000 people,,,,
E07000033,Bolsover,Local Authority District,Food outlets,15/03/2020,1.8,Rate per 1000 people,Rate per 1000 people,,,,
E07000033,Bolsover,Local Authority District,Food outlets,15/03/2018,1.7,Rate per 1000 people,Rate per 1000 people,,,,
E07000033,Bolsover,Local Authority District,Food outlets,15/03/2023,1.8,Rate per 1000 people,Rate per 1000 people,,,,
E07000033,Bolsover,Local Authority District,Food outlets,15/03/2016,1.9,Rate per 1000 people,Rate per 1000 people,,,,
E07000033,Bolsover,Local Authority District,Food outlets,15/03/2010,1.5,Rate per 1000 people,Rate per 1000 people,,,,
E07000033,Bolsover,Local Authority District,Food outlets,15/03/2011,1.4,Rate per 1000 people,Rate per 1000 people,,,,
E07000033,Bolsover,Local Authority District,Food outlets,15/03/2012,1.4,Rate per 1000 people,Rate per 1000 people,,,,
E07000033,Bolsover,Local Authority District,Food outlets,15/03/2017,1.7,Rate per 1000 people,Rate per 1000 people,,,,
E07000033,Bolsover,Local Authority District,Food outlets,15/03/2013,1.5,Rate per 1000 people,Rate per 1000 people,,,,
E07000033,Bolsover,Local Authority District,Food outlets,15/03/2014,1.5,Rate per 1000 people,Rate per 1000 people,,,,
E07000033,Bolsover,Local Authority District,Food outlets,15/03/2015,1.6,Rate per 1000 people,Rate per 1000 people,,,,
E07000034,Chesterfield,Local Authority District,Food outlets,15/03/2026,2.6,Rate per 1000 people,Rate per 1000 people,,,,
E07000034,Chesterfield,Local Authority District,Food outlets,15/03/2025,2.5,Rate per 1000 people,Rate per 1000 people,,,,
E07000034,Chesterfield,Local Authority District,Food outlets,15/03/2024,2.4,Rate per 1000 people,Rate per 1000 people,,,,
E07000034,Chesterfield,Local Authority District,Food outlets,15/03/2023,2.4,Rate per 1000 people,Rate per 1000 people,,,,
E07000034,Chesterfield,Local Authority District,Food outlets,15/03/2022,2.5,Rate per 1000 people,Rate per 1000 people,,,,
E07000034,Chesterfield,Local Authority District,Food outlets,15/03/2021,2.8,Rate per 1000 people,Rate per 1000 people,,,,
E07000034,Chesterfield,Local Authority District,Food outlets,15/03/2019,2.4,Rate per 1000 people,Rate per 1000 people,,,,
E07000034,Chesterfield,Local Authority District,Food outlets,15/03/2020,2.7,Rate per 1000 people,Rate per 1000 people,,,,
E07000034,Chesterfield,Local Authority District,Food outlets,15/03/2010,2.1,Rate per 1000 people,Rate per 1000 people,,,,
E07000034,Chesterfield,Local Authority District,Food outlets,15/03/2017,2.4,Rate per 1000 people,Rate per 1000 people,,,,
E07000034,Chesterfield,Local Authority District,Food outlets,15/03/2011,2,Rate per 1000 people,Rate per 1000 people,,,,
E07000034,Chesterfield,Local Authority District,Food outlets,15/03/2012,2,Rate per 1000 people,Rate per 1000 people,,,,
E07000034,Chesterfield,Local Authority District,Food outlets,15/03/2013,2,Rate per 1000 people,Rate per 1000 people,,,,
E07000034,Chesterfield,Local Authority District,Food outlets,15/03/2018,2.4,Rate per 1000 people,Rate per 1000 people,,,,
E07000034,Chesterfield,Local Authority District,Food outlets,15/03/2015,2.4,Rate per 1000 people,Rate per 1000 people,,,,
E07000034,Chesterfield,Local Authority District,Food outlets,15/03/2016,2.3,Rate per 1000 people,Rate per 1000 people,,,,
E07000034,Chesterfield,Local Authority District,Food outlets,15/03/2014,2.1,Rate per 1000 people,Rate per 1000 people,,,,
E07000035,Derbyshire Dales,Local Authority District,Food outlets,15/03/2026,4.4,Rate per 1000 people,Rate per 1000 people,,,,
E07000035,Derbyshire Dales,Local Authority District,Food outlets,15/03/2025,4.5,Rate per 1000 people,Rate per 1000 people,,,,
E07000035,Derbyshire Dales,Local Authority District,Food outlets,15/03/2024,4.5,Rate per 1000 people,Rate per 1000 people,,,,
E07000035,Derbyshire Dales,Local Authority District,Food outlets,15/03/2023,4.4,Rate per 1000 people,Rate per 1000 people,,,,
E07000035,Derbyshire Dales,Local Authority District,Food outlets,15/03/2022,4.6,Rate per 1000 people,Rate per 1000 people,,,,
E07000035,Derbyshire Dales,Local Authority District,Food outlets,15/03/2021,4.5,Rate per 1000 people,Rate per 1000 people,,,,
E07000035,Derbyshire Dales,Local Authority District,Food outlets,15/03/2020,4.6,Rate per 1000 people,Rate per 1000 people,,,,
E07000035,Derbyshire Dales,Local Authority District,Food outlets,15/03/2019,4.4,Rate per 1000 people,Rate per 1000 people,,,,
E07000035,Derbyshire Dales,Local Authority District,Food outlets,15/03/2018,4.3,Rate per 1000 people,Rate per 1000 people,,,,
E07000035,Derbyshire Dales,Local Authority District,Food outlets,15/03/2016,4.2,Rate per 1000 people,Rate per 1000 people,,,,
E07000035,Derbyshire Dales,Local Authority District,Food outlets,15/03/2015,4.2,Rate per 1000 people,Rate per 1000 people,,,,
E07000035,Derbyshire Dales,Local Authority District,Food outlets,15/03/2014,4,Rate per 1000 people,Rate per 1000 people,,,,
E07000035,Derbyshire Dales,Local Authority District,Food outlets,15/03/2013,3.8,Rate per 1000 people,Rate per 1000 people,,,,
E07000035,Derbyshire Dales,Local Authority District,Food outlets,15/03/2012,3.7,Rate per 1000 people,Rate per 1000 people,,,,
E07000035,Derbyshire Dales,Local Authority District,Food outlets,15/03/2011,3.9,Rate per 1000 people,Rate per 1000 people,,,,
E07000035,Derbyshire Dales,Local Authority District,Food outlets,15/03/2010,3.7,Rate per 1000 people,Rate per 1000 people,,,,
E07000035,Derbyshire Dales,Local Authority District,Food outlets,15/03/2017,4.4,Rate per 1000 people,Rate per 1000 people,,,,
E07000036,Erewash,Local Authority District,Food outlets,15/03/2026,2.2,Rate per 1000 people,Rate per 1000 people,,,,
E07000036,Erewash,Local Authority District,Food outlets,15/03/2025,2.2,Rate per 1000 people,Rate per 1000 people,,,,
E07000036,Erewash,Local Authority District,Food outlets,15/03/2024,2.2,Rate per 1000 people,Rate per 1000 people,,,,
E07000036,Erewash,Local Authority District,Food outlets,15/03/2023,2.6,Rate per 1000 people,Rate per 1000 people,,,,
E07000036,Erewash,Local Authority District,Food outlets,15/03/2022,2.3,Rate per 1000 people,Rate per 1000 people,,,,
E07000036,Erewash,Local Authority District,Food outlets,15/03/2021,2.1,Rate per 1000 people,Rate per 1000 people,,,,
E07000036,Erewash,Local Authority District,Food outlets,15/03/2020,2.1,Rate per 1000 people,Rate per 1000 people,,,,
E07000036,Erewash,Local Authority District,Food outlets,15/03/2019,1.9,Rate per 1000 people,Rate per 1000 people,,,,
E07000036,Erewash,Local Authority District,Food outlets,15/03/2018,1.9,Rate per 1000 people,Rate per 1000 people,,,,
E07000036,Erewash,Local Authority District,Food outlets,15/03/2016,1.9,Rate per 1000 people,Rate per 1000 people,,,,
E07000036,Erewash,Local Authority District,Food outlets,15/03/2015,1.8,Rate per 1000 people,Rate per 1000 people,,,,
E07000036,Erewash,Local Authority District,Food outlets,15/03/2014,1.5,Rate per 1000 people,Rate per 1000 people,,,,
E07000036,Erewash,Local Authority District,Food outlets,15/03/2013,1.6,Rate per 1000 people,Rate per 1000 people,,,,
E07000036,Erewash,Local Authority District,Food outlets,15/03/2012,1.6,Rate per 1000 people,Rate per 1000 people,,,,
E07000036,Erewash,Local Authority District,Food outlets,15/03/2011,1.6,Rate per 1000 people,Rate per 1000 people,,,,
E07000036,Erewash,Local Authority District,Food outlets,15/03/2010,1.7,Rate per 1000 people,Rate per 1000 people,,,,
E07000036,Erewash,Local Authority District,Food outlets,15/03/2017,1.9,Rate per 1000 people,Rate per 1000 people,,,,
E07000037,High Peak,Local Authority District,Food outlets,15/03/2019,3,Rate per 1000 people,Rate per 1000 people,,,,
E07000037,High Peak,Local Authority District,Food outlets,15/03/2026,3.2,Rate per 1000 people,Rate per 1000 people,,,,
E07000037,High Peak,Local Authority District,Food outlets,15/03/2025,3.2,Rate per 1000 people,Rate per 1000 people,,,,
E07000037,High Peak,Local Authority District,Food outlets,15/03/2024,3.2,Rate per 1000 people,Rate per 1000 people,,,,
E07000037,High Peak,Local Authority District,Food outlets,15/03/2022,3,Rate per 1000 people,Rate per 1000 people,,,,
E07000037,High Peak,Local Authority District,Food outlets,15/03/2021,2.9,Rate per 1000 people,Rate per 1000 people,,,,
E07000037,High Peak,Local Authority District,Food outlets,15/03/2020,3,Rate per 1000 people,Rate per 1000 people,,,,
E07000037,High Peak,Local Authority District,Food outlets,15/03/2018,2.8,Rate per 1000 people,Rate per 1000 people,,,,
E07000037,High Peak,Local Authority District,Food outlets,15/03/2023,3.2,Rate per 1000 people,Rate per 1000 people,,,,
E07000037,High Peak,Local Authority District,Food outlets,15/03/2016,2.8,Rate per 1000 people,Rate per 1000 people,,,,
E07000037,High Peak,Local Authority District,Food outlets,15/03/2010,2.5,Rate per 1000 people,Rate per 1000 people,,,,
E07000037,High Peak,Local Authority District,Food outlets,15/03/2011,2.4,Rate per 1000 people,Rate per 1000 people,,,,
E07000037,High Peak,Local Authority District,Food outlets,15/03/2012,2.5,Rate per 1000 people,Rate per 1000 people,,,,
E07000037,High Peak,Local Authority District,Food outlets,15/03/2017,2.8,Rate per 1000 people,Rate per 1000 people,,,,
E07000037,High Peak,Local Authority District,Food outlets,15/03/2013,2.3,Rate per 1000 people,Rate per 1000 people,,,,
E07000037,High Peak,Local Authority District,Food outlets,15/03/2014,2.5,Rate per 1000 people,Rate per 1000 people,,,,
E07000037,High Peak,Local Authority District,Food outlets,15/03/2015,2.8,Rate per 1000 people,Rate per 1000 people,,,,
E07000038,North East Derbyshire,Local Authority District,Food outlets,15/03/2026,1.7,Rate per 1000 people,Rate per 1000 people,,,,
E07000038,North East Derbyshire,Local Authority District,Food outlets,15/03/2025,1.6,Rate per 1000 people,Rate per 1000 people,,,,
E07000038,North East Derbyshire,Local Authority District,Food outlets,15/03/2024,1.6,Rate per 1000 people,Rate per 1000 people,,,,
E07000038,North East Derbyshire,Local Authority District,Food outlets,15/03/2023,1.8,Rate per 1000 people,Rate per 1000 people,,,,
E07000038,North East Derbyshire,Local Authority District,Food outlets,15/03/2022,1.8,Rate per 1000 people,Rate per 1000 people,,,,
E07000038,North East Derbyshire,Local Authority District,Food outlets,15/03/2021,2.1,Rate per 1000 people,Rate per 1000 people,,,,
E07000038,North East Derbyshire,Local Authority District,Food outlets,15/03/2019,1.7,Rate per 1000 people,Rate per 1000 people,,,,
E07000038,North East Derbyshire,Local Authority District,Food outlets,15/03/2018,1.7,Rate per 1000 people,Rate per 1000 people,,,,
E07000038,North East Derbyshire,Local Authority District,Food outlets,15/03/2020,1.9,Rate per 1000 people,Rate per 1000 people,,,,
E07000038,North East Derbyshire,Local Authority District,Food outlets,15/03/2016,1.9,Rate per 1000 people,Rate per 1000 people,,,,
E07000038,North East Derbyshire,Local Authority District,Food outlets,15/03/2015,2,Rate per 1000 people,Rate per 1000 people,,,,
E07000038,North East Derbyshire,Local Authority District,Food outlets,15/03/2014,1.8,Rate per 1000 people,Rate per 1000 people,,,,
E07000038,North East Derbyshire,Local Authority District,Food outlets,15/03/2013,1.7,Rate per 1000 people,Rate per 1000 people,,,,
E07000038,North East Derbyshire,Local Authority District,Food outlets,15/03/2012,1.7,Rate per 1000 people,Rate per 1000 people,,,,
E07000038,North East Derbyshire,Local Authority District,Food outlets,15/03/2011,1.6,Rate per 1000 people,Rate per 1000 people,,,,
E07000038,North East Derbyshire,Local Authority District,Food outlets,15/03/2010,1.6,Rate per 1000 people,Rate per 1000 people,,,,
E07000038,North East Derbyshire,Local Authority District,Food outlets,15/03/2017,1.8,Rate per 1000 people,Rate per 1000 people,,,,
E07000039,South Derbyshire,Local Authority District,Food outlets,15/03/2021,1.8,Rate per 1000 people,Rate per 1000 people,,,,
E07000039,South Derbyshire,Local Authority District,Food outlets,15/03/2026,1.8,Rate per 1000 people,Rate per 1000 people,,,,
E07000039,South Derbyshire,Local Authority District,Food outlets,15/03/2025,1.8,Rate per 1000 people,Rate per 1000 people,,,,
E07000039,South Derbyshire,Local Authority District,Food outlets,15/03/2024,1.7,Rate per 1000 people,Rate per 1000 people,,,,
E07000039,South Derbyshire,Local Authority District,Food outlets,15/03/2023,1.7,Rate per 1000 people,Rate per 1000 people,,,,
E07000039,South Derbyshire,Local Authority District,Food outlets,15/03/2022,2,Rate per 1000 people,Rate per 1000 people,,,,
E07000039,South Derbyshire,Local Authority District,Food outlets,15/03/2019,1.7,Rate per 1000 people,Rate per 1000 people,,,,
E07000039,South Derbyshire,Local Authority District,Food outlets,15/03/2020,1.8,Rate per 1000 people,Rate per 1000 people,,,,
E07000039,South Derbyshire,Local Authority District,Food outlets,15/03/2018,1.8,Rate per 1000 people,Rate per 1000 people,,,,
E07000039,South Derbyshire,Local Authority District,Food outlets,15/03/2011,1.8,Rate per 1000 people,Rate per 1000 people,,,,
E07000039,South Derbyshire,Local Authority District,Food outlets,15/03/2012,1.8,Rate per 1000 people,Rate per 1000 people,,,,
E07000039,South Derbyshire,Local Authority District,Food outlets,15/03/2013,1.7,Rate per 1000 people,Rate per 1000 people,,,,
E07000039,South Derbyshire,Local Authority District,Food outlets,15/03/2010,2,Rate per 1000 people,Rate per 1000 people,,,,
E07000039,South Derbyshire,Local Authority District,Food outlets,15/03/2015,1.9,Rate per 1000 people,Rate per 1000 people,,,,
E07000039,South Derbyshire,Local Authority District,Food outlets,15/03/2016,1.9,Rate per 1000 people,Rate per 1000 people,,,,
E07000039,South Derbyshire,Local Authority District,Food outlets,15/03/2014,1.7,Rate per 1000 people,Rate per 1000 people,,,,
E07000039,South Derbyshire,Local Authority District,Food outlets,15/03/2017,1.8,Rate per 1000 people,Rate per 1000 people,,,,
E10000018,Leicestershire,County or Unitary Authority,Food outlets,15/03/2026,1.9,Rate per 1000 people,Rate per 1000 people,,,,
E10000018,Leicestershire,County or Unitary Authority,Food outlets,15/03/2019,2,Rate per 1000 people,Rate per 1000 people,,,,
E10000018,Leicestershire,County or Unitary Authority,Food outlets,15/03/2025,1.9,Rate per 1000 people,Rate per 1000 people,,,,
E10000018,Leicestershire,County or Unitary Authority,Food outlets,15/03/2024,1.9,Rate per 1000 people,Rate per 1000 people,,,,
E10000018,Leicestershire,County or Unitary Authority,Food outlets,15/03/2023,2,Rate per 1000 people,Rate per 1000 people,,,,
E10000018,Leicestershire,County or Unitary Authority,Food outlets,15/03/2022,2,Rate per 1000 people,Rate per 1000 people,,,,
E10000018,Leicestershire,County or Unitary Authority,Food outlets,15/03/2021,2,Rate per 1000 people,Rate per 1000 people,,,,
E10000018,Leicestershire,County or Unitary Authority,Food outlets,15/03/2020,2,Rate per 1000 people,Rate per 1000 people,,,,
E10000018,Leicestershire,County or Unitary Authority,Food outlets,15/03/2017,1.9,Rate per 1000 people,Rate per 1000 people,,,,
E10000018,Leicestershire,County or Unitary Authority,Food outlets,15/03/2016,1.9,Rate per 1000 people,Rate per 1000 people,,,,
E10000018,Leicestershire,County or Unitary Authority,Food outlets,15/03/2015,1.9,Rate per 1000 people,Rate per 1000 people,,,,
E10000018,Leicestershire,County or Unitary Authority,Food outlets,15/03/2014,1.7,Rate per 1000 people,Rate per 1000 people,,,,
E10000018,Leicestershire,County or Unitary Authority,Food outlets,15/03/2013,1.7,Rate per 1000 people,Rate per 1000 people,,,,
E10000018,Leicestershire,County or Unitary Authority,Food outlets,15/03/2012,1.7,Rate per 1000 people,Rate per 1000 people,,,,
E10000018,Leicestershire,County or Unitary Authority,Food outlets,15/03/2011,1.7,Rate per 1000 people,Rate per 1000 people,,,,
E10000018,Leicestershire,County or Unitary Authority,Food outlets,15/03/2010,1.7,Rate per 1000 people,Rate per 1000 people,,,,
E10000018,Leicestershire,County or Unitary Authority,Food outlets,15/03/2018,1.9,Rate per 1000 people,Rate per 1000 people,,,,
E07000129,Blaby,Local Authority District,Food outlets,15/03/2026,1.4,Rate per 1000 people,Rate per 1000 people,,,,
E07000129,Blaby,Local Authority District,Food outlets,15/03/2025,1.3,Rate per 1000 people,Rate per 1000 people,,,,
E07000129,Blaby,Local Authority District,Food outlets,15/03/2024,1.3,Rate per 1000 people,Rate per 1000 people,,,,
E07000129,Blaby,Local Authority District,Food outlets,15/03/2023,1.4,Rate per 1000 people,Rate per 1000 people,,,,
E07000129,Blaby,Local Authority District,Food outlets,15/03/2022,1.4,Rate per 1000 people,Rate per 1000 people,,,,
E07000129,Blaby,Local Authority District,Food outlets,15/03/2021,1.4,Rate per 1000 people,Rate per 1000 people,,,,
E07000129,Blaby,Local Authority District,Food outlets,15/03/2020,1.4,Rate per 1000 people,Rate per 1000 people,,,,
E07000129,Blaby,Local Authority District,Food outlets,15/03/2019,1.3,Rate per 1000 people,Rate per 1000 people,,,,
E07000129,Blaby,Local Authority District,Food outlets,15/03/2018,1.3,Rate per 1000 people,Rate per 1000 people,,,,
E07000129,Blaby,Local Authority District,Food outlets,15/03/2016,1.3,Rate per 1000 people,Rate per 1000 people,,,,
E07000129,Blaby,Local Authority District,Food outlets,15/03/2010,1.2,Rate per 1000 people,Rate per 1000 people,,,,
E07000129,Blaby,Local Authority District,Food outlets,15/03/2011,1.2,Rate per 1000 people,Rate per 1000 people,,,,
E07000129,Blaby,Local Authority District,Food outlets,15/03/2012,1.2,Rate per 1000 people,Rate per 1000 people,,,,
E07000129,Blaby,Local Authority District,Food outlets,15/03/2017,1.3,Rate per 1000 people,Rate per 1000 people,,,,
E07000129,Blaby,Local Authority District,Food outlets,15/03/2014,1.2,Rate per 1000 people,Rate per 1000 people,,,,
E07000129,Blaby,Local Authority District,Food outlets,15/03/2015,1.4,Rate per 1000 people,Rate per 1000 people,,,,
E07000129,Blaby,Local Authority District,Food outlets,15/03/2013,1.2,Rate per 1000 people,Rate per 1000 people,,,,
E07000130,Charnwood,Local Authority District,Food outlets,15/03/2026,2.1,Rate per 1000 people,Rate per 1000 people,,,,
E07000130,Charnwood,Local Authority District,Food outlets,15/03/2025,2.1,Rate per 1000 people,Rate per 1000 people,,,,
E07000130,Charnwood,Local Authority District,Food outlets,15/03/2024,2.1,Rate per 1000 people,Rate per 1000 people,,,,
E07000130,Charnwood,Local Authority District,Food outlets,15/03/2023,2.4,Rate per 1000 people,Rate per 1000 people,,,,
E07000130,Charnwood,Local Authority District,Food outlets,15/03/2022,2.2,Rate per 1000 people,Rate per 1000 people,,,,
E07000130,Charnwood,Local Authority District,Food outlets,15/03/2021,2.1,Rate per 1000 people,Rate per 1000 people,,,,
E07000130,Charnwood,Local Authority District,Food outlets,15/03/2019,2.1,Rate per 1000 people,Rate per 1000 people,,,,
E07000130,Charnwood,Local Authority District,Food outlets,15/03/2020,2.1,Rate per 1000 people,Rate per 1000 people,,,,
E07000130,Charnwood,Local Authority District,Food outlets,15/03/2018,2,Rate per 1000 people,Rate per 1000 people,,,,
E07000130,Charnwood,Local Authority District,Food outlets,15/03/2016,1.9,Rate per 1000 people,Rate per 1000 people,,,,
E07000130,Charnwood,Local Authority District,Food outlets,15/03/2015,1.9,Rate per 1000 people,Rate per 1000 people,,,,
E07000130,Charnwood,Local Authority District,Food outlets,15/03/2014,1.7,Rate per 1000 people,Rate per 1000 people,,,,
E07000130,Charnwood,Local Authority District,Food outlets,15/03/2013,1.7,Rate per 1000 people,Rate per 1000 people,,,,
E07000130,Charnwood,Local Authority District,Food outlets,15/03/2012,1.7,Rate per 1000 people,Rate per 1000 people,,,,
E07000130,Charnwood,Local Authority District,Food outlets,15/03/2011,1.7,Rate per 1000 people,Rate per 1000 people,,,,
E07000130,Charnwood,Local Authority District,Food outlets,15/03/2010,1.7,Rate per 1000 people,Rate per 1000 people,,,,
E07000130,Charnwood,Local Authority District,Food outlets,15/03/2017,2,Rate per 1000 people,Rate per 1000 people,,,,
E07000131,Harborough,Local Authority District,Food outlets,15/03/2020,2.4,Rate per 1000 people,Rate per 1000 people,,,,
E07000131,Harborough,Local Authority District,Food outlets,15/03/2021,2.3,Rate per 1000 people,Rate per 1000 people,,,,
E07000131,Harborough,Local Authority District,Food outlets,15/03/2022,2.3,Rate per 1000 people,Rate per 1000 people,,,,
E07000131,Harborough,Local Authority District,Food outlets,15/03/2019,2.4,Rate per 1000 people,Rate per 1000 people,,,,
E07000131,Harborough,Local Authority District,Food outlets,15/03/2024,2.2,Rate per 1000 people,Rate per 1000 people,,,,
E07000131,Harborough,Local Authority District,Food outlets,15/03/2025,2.3,Rate per 1000 people,Rate per 1000 people,,,,
E07000131,Harborough,Local Authority District,Food outlets,15/03/2023,2.3,Rate per 1000 people,Rate per 1000 people,,,,
E07000131,Harborough,Local Authority District,Food outlets,15/03/2026,2.2,Rate per 1000 people,Rate per 1000 people,,,,
E07000131,Harborough,Local Authority District,Food outlets,15/03/2018,2.3,Rate per 1000 people,Rate per 1000 people,,,,
E07000131,Harborough,Local Authority District,Food outlets,15/03/2016,2.4,Rate per 1000 people,Rate per 1000 people,,,,
E07000131,Harborough,Local Authority District,Food outlets,15/03/2015,2.3,Rate per 1000 people,Rate per 1000 people,,,,
E07000131,Harborough,Local Authority District,Food outlets,15/03/2014,2.2,Rate per 1000 people,Rate per 1000 people,,,,
E07000131,Harborough,Local Authority District,Food outlets,15/03/2013,2.2,Rate per 1000 people,Rate per 1000 people,,,,
E07000131,Harborough,Local Authority District,Food outlets,15/03/2012,2.2,Rate per 1000 people,Rate per 1000 people,,,,
E07000131,Harborough,Local Authority District,Food outlets,15/03/2011,2.1,Rate per 1000 people,Rate per 1000 people,,,,
E07000131,Harborough,Local Authority District,Food outlets,15/03/2010,2.2,Rate per 1000 people,Rate per 1000 people,,,,
E07000131,Harborough,Local Authority District,Food outlets,15/03/2017,2.3,Rate per 1000 people,Rate per 1000 people,,,,
E07000132,Hinckley and Bosworth,Local Authority District,Food outlets,15/03/2026,2,Rate per 1000 people,Rate per 1000 people,,,,
E07000132,Hinckley and Bosworth,Local Authority District,Food outlets,15/03/2025,1.9,Rate per 1000 people,Rate per 1000 people,,,,
E07000132,Hinckley and Bosworth,Local Authority District,Food outlets,15/03/2024,1.9,Rate per 1000 people,Rate per 1000 people,,,,
E07000132,Hinckley and Bosworth,Local Authority District,Food outlets,15/03/2023,2,Rate per 1000 people,Rate per 1000 people,,,,
E07000132,Hinckley and Bosworth,Local Authority District,Food outlets,15/03/2022,2.1,Rate per 1000 people,Rate per 1000 people,,,,
E07000132,Hinckley and Bosworth,Local Authority District,Food outlets,15/03/2021,2.3,Rate per 1000 people,Rate per 1000 people,,,,
E07000132,Hinckley and Bosworth,Local Authority District,Food outlets,15/03/2020,2.4,Rate per 1000 people,Rate per 1000 people,,,,
E07000132,Hinckley and Bosworth,Local Authority District,Food outlets,15/03/2019,2.1,Rate per 1000 people,Rate per 1000 people,,,,
E07000132,Hinckley and Bosworth,Local Authority District,Food outlets,15/03/2018,2,Rate per 1000 people,Rate per 1000 people,,,,
E07000132,Hinckley and Bosworth,Local Authority District,Food outlets,15/03/2016,2,Rate per 1000 people,Rate per 1000 people,,,,
E07000132,Hinckley and Bosworth,Local Authority District,Food outlets,15/03/2015,2.1,Rate per 1000 people,Rate per 1000 people,,,,
E07000132,Hinckley and Bosworth,Local Authority District,Food outlets,15/03/2014,1.9,Rate per 1000 people,Rate per 1000 people,,,,
E07000132,Hinckley and Bosworth,Local Authority District,Food outlets,15/03/2013,1.9,Rate per 1000 people,Rate per 1000 people,,,,
E07000132,Hinckley and Bosworth,Local Authority District,Food outlets,15/03/2012,1.9,Rate per 1000 people,Rate per 1000 people,,,,
E07000132,Hinckley and Bosworth,Local Authority District,Food outlets,15/03/2011,1.9,Rate per 1000 people,Rate per 1000 people,,,,
E07000132,Hinckley and Bosworth,Local Authority District,Food outlets,15/03/2010,1.9,Rate per 1000 people,Rate per 1000 people,,,,
E07000132,Hinckley and Bosworth,Local Authority District,Food outlets,15/03/2017,2,Rate per 1000 people,Rate per 1000 people,,,,
E07000133,Melton,Local Authority District,Food outlets,15/03/2019,2.1,Rate per 1000 people,Rate per 1000 people,,,,
E07000133,Melton,Local Authority District,Food outlets,15/03/2026,2.1,Rate per 1000 people,Rate per 1000 people,,,,
E07000133,Melton,Local Authority District,Food outlets,15/03/2025,2.1,Rate per 1000 people,Rate per 1000 people,,,,
E07000133,Melton,Local Authority District,Food outlets,15/03/2024,2.3,Rate per 1000 people,Rate per 1000 people,,,,
E07000133,Melton,Local Authority District,Food outlets,15/03/2022,2.2,Rate per 1000 people,Rate per 1000 people,,,,
E07000133,Melton,Local Authority District,Food outlets,15/03/2021,2,Rate per 1000 people,Rate per 1000 people,,,,
E07000133,Melton,Local Authority District,Food outlets,15/03/2020,2.1,Rate per 1000 people,Rate per 1000 people,,,,
E07000133,Melton,Local Authority District,Food outlets,15/03/2018,2.2,Rate per 1000 people,Rate per 1000 people,,,,
E07000133,Melton,Local Authority District,Food outlets,15/03/2023,2.3,Rate per 1000 people,Rate per 1000 people,,,,
E07000133,Melton,Local Authority District,Food outlets,15/03/2016,2.2,Rate per 1000 people,Rate per 1000 people,,,,
E07000133,Melton,Local Authority District,Food outlets,15/03/2010,2,Rate per 1000 people,Rate per 1000 people,,,,
E07000133,Melton,Local Authority District,Food outlets,15/03/2011,2.1,Rate per 1000 people,Rate per 1000 people,,,,
E07000133,Melton,Local Authority District,Food outlets,15/03/2012,2.1,Rate per 1000 people,Rate per 1000 people,,,,
E07000133,Melton,Local Authority District,Food outlets,15/03/2017,2.2,Rate per 1000 people,Rate per 1000 people,,,,
E07000133,Melton,Local Authority District,Food outlets,15/03/2013,2.2,Rate per 1000 people,Rate per 1000 people,,,,
E07000133,Melton,Local Authority District,Food outlets,15/03/2014,2.1,Rate per 1000 people,Rate per 1000 people,,,,
E07000133,Melton,Local Authority District,Food outlets,15/03/2015,2.2,Rate per 1000 people,Rate per 1000 people,,,,
E07000134,North West Leicestershire,Local Authority District,Food outlets,15/03/2026,1.9,Rate per 1000 people,Rate per 1000 people,,,,
E07000134,North West Leicestershire,Local Authority District,Food outlets,15/03/2025,1.8,Rate per 1000 people,Rate per 1000 people,,,,
E07000134,North West Leicestershire,Local Authority District,Food outlets,15/03/2024,1.8,Rate per 1000 people,Rate per 1000 people,,,,
E07000134,North West Leicestershire,Local Authority District,Food outlets,15/03/2023,2,Rate per 1000 people,Rate per 1000 people,,,,
E07000134,North West Leicestershire,Local Authority District,Food outlets,15/03/2022,2,Rate per 1000 people,Rate per 1000 people,,,,
E07000134,North West Leicestershire,Local Authority District,Food outlets,15/03/2021,2,Rate per 1000 people,Rate per 1000 people,,,,
E07000134,North West Leicestershire,Local Authority District,Food outlets,15/03/2019,2,Rate per 1000 people,Rate per 1000 people,,,,
E07000134,North West Leicestershire,Local Authority District,Food outlets,15/03/2018,1.9,Rate per 1000 people,Rate per 1000 people,,,,
E07000134,North West Leicestershire,Local Authority District,Food outlets,15/03/2020,1.9,Rate per 1000 people,Rate per 1000 people,,,,
E07000134,North West Leicestershire,Local Authority District,Food outlets,15/03/2016,1.8,Rate per 1000 people,Rate per 1000 people,,,,
E07000134,North West Leicestershire,Local Authority District,Food outlets,15/03/2015,1.9,Rate per 1000 people,Rate per 1000 people,,,,
E07000134,North West Leicestershire,Local Authority District,Food outlets,15/03/2014,1.8,Rate per 1000 people,Rate per 1000 people,,,,
E07000134,North West Leicestershire,Local Authority District,Food outlets,15/03/2013,1.7,Rate per 1000 people,Rate per 1000 people,,,,
E07000134,North West Leicestershire,Local Authority District,Food outlets,15/03/2012,1.8,Rate per 1000 people,Rate per 1000 people,,,,
E07000134,North West Leicestershire,Local Authority District,Food outlets,15/03/2011,1.9,Rate per 1000 people,Rate per 1000 people,,,,
E07000134,North West Leicestershire,Local Authority District,Food outlets,15/03/2010,2,Rate per 1000 people,Rate per 1000 people,,,,
E07000134,North West Leicestershire,Local Authority District,Food outlets,15/03/2017,1.8,Rate per 1000 people,Rate per 1000 people,,,,
E07000135,Oadby and Wigston,Local Authority District,Food outlets,15/03/2019,1.6,Rate per 1000 people,Rate per 1000 people,,,,
E07000135,Oadby and Wigston,Local Authority District,Food outlets,15/03/2026,1.5,Rate per 1000 people,Rate per 1000 people,,,,
E07000135,Oadby and Wigston,Local Authority District,Food outlets,15/03/2025,1.4,Rate per 1000 people,Rate per 1000 people,,,,
E07000135,Oadby and Wigston,Local Authority District,Food outlets,15/03/2024,1.5,Rate per 1000 people,Rate per 1000 people,,,,
E07000135,Oadby and Wigston,Local Authority District,Food outlets,15/03/2023,1.7,Rate per 1000 people,Rate per 1000 people,,,,
E07000135,Oadby and Wigston,Local Authority District,Food outlets,15/03/2022,1.7,Rate per 1000 people,Rate per 1000 people,,,,
E07000135,Oadby and Wigston,Local Authority District,Food outlets,15/03/2021,1.7,Rate per 1000 people,Rate per 1000 people,,,,
E07000135,Oadby and Wigston,Local Authority District,Food outlets,15/03/2018,1.4,Rate per 1000 people,Rate per 1000 people,,,,
E07000135,Oadby and Wigston,Local Authority District,Food outlets,15/03/2020,1.6,Rate per 1000 people,Rate per 1000 people,,,,
E07000135,Oadby and Wigston,Local Authority District,Food outlets,15/03/2016,1.5,Rate per 1000 people,Rate per 1000 people,,,,
E07000135,Oadby and Wigston,Local Authority District,Food outlets,15/03/2015,1.4,Rate per 1000 people,Rate per 1000 people,,,,
E07000135,Oadby and Wigston,Local Authority District,Food outlets,15/03/2014,1.1,Rate per 1000 people,Rate per 1000 people,,,,
E07000135,Oadby and Wigston,Local Authority District,Food outlets,15/03/2013,1.2,Rate per 1000 people,Rate per 1000 people,,,,
E07000135,Oadby and Wigston,Local Authority District,Food outlets,15/03/2012,1.3,Rate per 1000 people,Rate per 1000 people,,,,
E07000135,Oadby and Wigston,Local Authority District,Food outlets,15/03/2011,1.2,Rate per 1000 people,Rate per 1000 people,,,,
E07000135,Oadby and Wigston,Local Authority District,Food outlets,15/03/2010,1.1,Rate per 1000 people,Rate per 1000 people,,,,
E07000135,Oadby and Wigston,Local Authority District,Food outlets,15/03/2017,1.6,Rate per 1000 people,Rate per 1000 people,,,,
E10000019,Lincolnshire,County or Unitary Authority,Food outlets,15/03/2026,2.1,Rate per 1000 people,Rate per 1000 people,,,,
E10000019,Lincolnshire,County or Unitary Authority,Food outlets,15/03/2025,2.1,Rate per 1000 people,Rate per 1000 people,,,,
E10000019,Lincolnshire,County or Unitary Authority,Food outlets,15/03/2024,2.1,Rate per 1000 people,Rate per 1000 people,,,,
E10000019,Lincolnshire,County or Unitary Authority,Food outlets,15/03/2023,2.1,Rate per 1000 people,Rate per 1000 people,,,,
E10000019,Lincolnshire,County or Unitary Authority,Food outlets,15/03/2022,2.3,Rate per 1000 people,Rate per 1000 people,,,,
E10000019,Lincolnshire,County or Unitary Authority,Food outlets,15/03/2021,2.2,Rate per 1000 people,Rate per 1000 people,,,,
E10000019,Lincolnshire,County or Unitary Authority,Food outlets,15/03/2020,2.1,Rate per 1000 people,Rate per 1000 people,,,,
E10000019,Lincolnshire,County or Unitary Authority,Food outlets,15/03/2019,2.1,Rate per 1000 people,Rate per 1000 people,,,,
E10000019,Lincolnshire,County or Unitary Authority,Food outlets,15/03/2017,2,Rate per 1000 people,Rate per 1000 people,,,,
E10000019,Lincolnshire,County or Unitary Authority,Food outlets,15/03/2016,2,Rate per 1000 people,Rate per 1000 people,,,,
E10000019,Lincolnshire,County or Unitary Authority,Food outlets,15/03/2015,2.1,Rate per 1000 people,Rate per 1000 people,,,,
E10000019,Lincolnshire,County or Unitary Authority,Food outlets,15/03/2014,1.9,Rate per 1000 people,Rate per 1000 people,,,,
E10000019,Lincolnshire,County or Unitary Authority,Food outlets,15/03/2013,1.9,Rate per 1000 people,Rate per 1000 people,,,,
E10000019,Lincolnshire,County or Unitary Authority,Food outlets,15/03/2012,2,Rate per 1000 people,Rate per 1000 people,,,,
E10000019,Lincolnshire,County or Unitary Authority,Food outlets,15/03/2011,2,Rate per 1000 people,Rate per 1000 people,,,,
E10000019,Lincolnshire,County or Unitary Authority,Food outlets,15/03/2010,2,Rate per 1000 people,Rate per 1000 people,,,,
E10000019,Lincolnshire,County or Unitary Authority,Food outlets,15/03/2018,2.1,Rate per 1000 people,Rate per 1000 people,,,,
E07000136,Boston,Local Authority District,Food outlets,15/03/2021,1.7,Rate per 1000 people,Rate per 1000 people,,,,
E07000136,Boston,Local Authority District,Food outlets,15/03/2026,1.9,Rate per 1000 people,Rate per 1000 people,,,,
E07000136,Boston,Local Authority District,Food outlets,15/03/2025,1.8,Rate per 1000 people,Rate per 1000 people,,,,
E07000136,Boston,Local Authority District,Food outlets,15/03/2024,1.9,Rate per 1000 people,Rate per 1000 people,,,,
E07000136,Boston,Local Authority District,Food outlets,15/03/2023,1.9,Rate per 1000 people,Rate per 1000 people,,,,
E07000136,Boston,Local Authority District,Food outlets,15/03/2022,1.8,Rate per 1000 people,Rate per 1000 people,,,,
E07000136,Boston,Local Authority District,Food outlets,15/03/2019,1.7,Rate per 1000 people,Rate per 1000 people,,,,
E07000136,Boston,Local Authority District,Food outlets,15/03/2020,1.8,Rate per 1000 people,Rate per 1000 people,,,,
E07000136,Boston,Local Authority District,Food outlets,15/03/2018,1.7,Rate per 1000 people,Rate per 1000 people,,,,
E07000136,Boston,Local Authority District,Food outlets,15/03/2010,1.9,Rate per 1000 people,Rate per 1000 people,,,,
E07000136,Boston,Local Authority District,Food outlets,15/03/2011,1.8,Rate per 1000 people,Rate per 1000 people,,,,
E07000136,Boston,Local Authority District,Food outlets,15/03/2012,1.8,Rate per 1000 people,Rate per 1000 people,,,,
E07000136,Boston,Local Authority District,Food outlets,15/03/2013,1.7,Rate per 1000 people,Rate per 1000 people,,,,
E07000136,Boston,Local Authority District,Food outlets,15/03/2017,1.7,Rate per 1000 people,Rate per 1000 people,,,,
E07000136,Boston,Local Authority District,Food outlets,15/03/2015,1.7,Rate per 1000 people,Rate per 1000 people,,,,
E07000136,Boston,Local Authority District,Food outlets,15/03/2016,1.6,Rate per 1000 people,Rate per 1000 people,,,,
E07000136,Boston,Local Authority District,Food outlets,15/03/2014,1.6,Rate per 1000 people,Rate per 1000 people,,,,
E07000137,East Lindsey,Local Authority District,Food outlets,15/03/2026,3.2,Rate per 1000 people,Rate per 1000 people,,,,
E07000137,East Lindsey,Local Authority District,Food outlets,15/03/2025,3.2,Rate per 1000 people,Rate per 1000 people,,,,
E07000137,East Lindsey,Local Authority District,Food outlets,15/03/2024,3.2,Rate per 1000 people,Rate per 1000 people,,,,
E07000137,East Lindsey,Local Authority District,Food outlets,15/03/2023,3.2,Rate per 1000 people,Rate per 1000 people,,,,
E07000137,East Lindsey,Local Authority District,Food outlets,15/03/2022,3.3,Rate per 1000 people,Rate per 1000 people,,,,
E07000137,East Lindsey,Local Authority District,Food outlets,15/03/2021,3.4,Rate per 1000 people,Rate per 1000 people,,,,
E07000137,East Lindsey,Local Authority District,Food outlets,15/03/2019,3.2,Rate per 1000 people,Rate per 1000 people,,,,
E07000137,East Lindsey,Local Authority District,Food outlets,15/03/2018,3.2,Rate per 1000 people,Rate per 1000 people,,,,
E07000137,East Lindsey,Local Authority District,Food outlets,15/03/2020,3.2,Rate per 1000 people,Rate per 1000 people,,,,
E07000137,East Lindsey,Local Authority District,Food outlets,15/03/2016,3.2,Rate per 1000 people,Rate per 1000 people,,,,
E07000137,East Lindsey,Local Authority District,Food outlets,15/03/2015,3.3,Rate per 1000 people,Rate per 1000 people,,,,
E07000137,East Lindsey,Local Authority District,Food outlets,15/03/2014,3,Rate per 1000 people,Rate per 1000 people,,,,
E07000137,East Lindsey,Local Authority District,Food outlets,15/03/2013,2.9,Rate per 1000 people,Rate per 1000 people,,,,
E07000137,East Lindsey,Local Authority District,Food outlets,15/03/2012,3,Rate per 1000 people,Rate per 1000 people,,,,
E07000137,East Lindsey,Local Authority District,Food outlets,15/03/2011,2.9,Rate per 1000 people,Rate per 1000 people,,,,
E07000137,East Lindsey,Local Authority District,Food outlets,15/03/2010,2.9,Rate per 1000 people,Rate per 1000 people,,,,
E07000137,East Lindsey,Local Authority District,Food outlets,15/03/2017,3.1,Rate per 1000 people,Rate per 1000 people,,,,
E07000138,Lincoln,Local Authority District,Food outlets,15/03/2026,2.2,Rate per 1000 people,Rate per 1000 people,,,,
E07000138,Lincoln,Local Authority District,Food outlets,15/03/2025,2.2,Rate per 1000 people,Rate per 1000 people,,,,
E07000138,Lincoln,Local Authority District,Food outlets,15/03/2024,2,Rate per 1000 people,Rate per 1000 people,,,,
E07000138,Lincoln,Local Authority District,Food outlets,15/03/2023,2.2,Rate per 1000 people,Rate per 1000 people,,,,
E07000138,Lincoln,Local Authority District,Food outlets,15/03/2022,2.3,Rate per 1000 people,Rate per 1000 people,,,,
E07000138,Lincoln,Local Authority District,Food outlets,15/03/2021,2.3,Rate per 1000 people,Rate per 1000 people,,,,
E07000138,Lincoln,Local Authority District,Food outlets,15/03/2020,2.1,Rate per 1000 people,Rate per 1000 people,,,,
E07000138,Lincoln,Local Authority District,Food outlets,15/03/2019,2.1,Rate per 1000 people,Rate per 1000 people,,,,
E07000138,Lincoln,Local Authority District,Food outlets,15/03/2017,1.9,Rate per 1000 people,Rate per 1000 people,,,,
E07000138,Lincoln,Local Authority District,Food outlets,15/03/2016,2,Rate per 1000 people,Rate per 1000 people,,,,
E07000138,Lincoln,Local Authority District,Food outlets,15/03/2015,1.9,Rate per 1000 people,Rate per 1000 people,,,,
E07000138,Lincoln,Local Authority District,Food outlets,15/03/2014,1.8,Rate per 1000 people,Rate per 1000 people,,,,
E07000138,Lincoln,Local Authority District,Food outlets,15/03/2013,1.7,Rate per 1000 people,Rate per 1000 people,,,,
E07000138,Lincoln,Local Authority District,Food outlets,15/03/2012,1.7,Rate per 1000 people,Rate per 1000 people,,,,
E07000138,Lincoln,Local Authority District,Food outlets,15/03/2011,1.8,Rate per 1000 people,Rate per 1000 people,,,,
E07000138,Lincoln,Local Authority District,Food outlets,15/03/2010,1.9,Rate per 1000 people,Rate per 1000 people,,,,
E07000138,Lincoln,Local Authority District,Food outlets,15/03/2018,2,Rate per 1000 people,Rate per 1000 people,,,,
E07000139,North Kesteven,Local Authority District,Food outlets,15/03/2026,1.6,Rate per 1000 people,Rate per 1000 people,,,,
E07000139,North Kesteven,Local Authority District,Food outlets,15/03/2025,1.6,Rate per 1000 people,Rate per 1000 people,,,,
E07000139,North Kesteven,Local Authority District,Food outlets,15/03/2024,1.8,Rate per 1000 people,Rate per 1000 people,,,,
E07000139,North Kesteven,Local Authority District,Food outlets,15/03/2023,1.7,Rate per 1000 people,Rate per 1000 people,,,,
E07000139,North Kesteven,Local Authority District,Food outlets,15/03/2022,1.7,Rate per 1000 people,Rate per 1000 people,,,,
E07000139,North Kesteven,Local Authority District,Food outlets,15/03/2021,1.6,Rate per 1000 people,Rate per 1000 people,,,,
E07000139,North Kesteven,Local Authority District,Food outlets,15/03/2020,1.7,Rate per 1000 people,Rate per 1000 people,,,,
E07000139,North Kesteven,Local Authority District,Food outlets,15/03/2019,1.6,Rate per 1000 people,Rate per 1000 people,,,,
E07000139,North Kesteven,Local Authority District,Food outlets,15/03/2018,1.7,Rate per 1000 people,Rate per 1000 people,,,,
E07000139,North Kesteven,Local Authority District,Food outlets,15/03/2016,1.6,Rate per 1000 people,Rate per 1000 people,,,,
E07000139,North Kesteven,Local Authority District,Food outlets,15/03/2015,1.6,Rate per 1000 people,Rate per 1000 people,,,,
E07000139,North Kesteven,Local Authority District,Food outlets,15/03/2014,1.5,Rate per 1000 people,Rate per 1000 people,,,,
E07000139,North Kesteven,Local Authority District,Food outlets,15/03/2013,1.6,Rate per 1000 people,Rate per 1000 people,,,,
E07000139,North Kesteven,Local Authority District,Food outlets,15/03/2012,1.6,Rate per 1000 people,Rate per 1000 people,,,,
E07000139,North Kesteven,Local Authority District,Food outlets,15/03/2011,1.6,Rate per 1000 people,Rate per 1000 people,,,,
E07000139,North Kesteven,Local Authority District,Food outlets,15/03/2010,1.6,Rate per 1000 people,Rate per 1000 people,,,,
E07000139,North Kesteven,Local Authority District,Food outlets,15/03/2017,1.7,Rate per 1000 people,Rate per 1000 people,,,,
E07000140,South Holland,Local Authority District,Food outlets,15/03/2026,1.5,Rate per 1000 people,Rate per 1000 people,,,,
E07000140,South Holland,Local Authority District,Food outlets,15/03/2025,1.5,Rate per 1000 people,Rate per 1000 people,,,,
E07000140,South Holland,Local Authority District,Food outlets,15/03/2024,1.6,Rate per 1000 people,Rate per 1000 people,,,,
E07000140,South Holland,Local Authority District,Food outlets,15/03/2023,1.6,Rate per 1000 people,Rate per 1000 people,,,,
E07000140,South Holland,Local Authority District,Food outlets,15/03/2022,1.7,Rate per 1000 people,Rate per 1000 people,,,,
E07000140,South Holland,Local Authority District,Food outlets,15/03/2021,1.6,Rate per 1000 people,Rate per 1000 people,,,,
E07000140,South Holland,Local Authority District,Food outlets,15/03/2020,1.6,Rate per 1000 people,Rate per 1000 people,,,,
E07000140,South Holland,Local Authority District,Food outlets,15/03/2019,1.6,Rate per 1000 people,Rate per 1000 people,,,,
E07000140,South Holland,Local Authority District,Food outlets,15/03/2018,1.7,Rate per 1000 people,Rate per 1000 people,,,,
E07000140,South Holland,Local Authority District,Food outlets,15/03/2016,1.7,Rate per 1000 people,Rate per 1000 people,,,,
E07000140,South Holland,Local Authority District,Food outlets,15/03/2010,1.8,Rate per 1000 people,Rate per 1000 people,,,,
E07000140,South Holland,Local Authority District,Food outlets,15/03/2011,1.6,Rate per 1000 people,Rate per 1000 people,,,,
E07000140,South Holland,Local Authority District,Food outlets,15/03/2012,1.7,Rate per 1000 people,Rate per 1000 people,,,,
E07000140,South Holland,Local Authority District,Food outlets,15/03/2017,1.5,Rate per 1000 people,Rate per 1000 people,,,,
E07000140,South Holland,Local Authority District,Food outlets,15/03/2014,1.6,Rate per 1000 people,Rate per 1000 people,,,,
E07000140,South Holland,Local Authority District,Food outlets,15/03/2015,1.8,Rate per 1000 people,Rate per 1000 people,,,,
E07000140,South Holland,Local Authority District,Food outlets,15/03/2013,1.5,Rate per 1000 people,Rate per 1000 people,,,,
E07000141,South Kesteven,Local Authority District,Food outlets,15/03/2026,2,Rate per 1000 people,Rate per 1000 people,,,,
E07000141,South Kesteven,Local Authority District,Food outlets,15/03/2025,2.1,Rate per 1000 people,Rate per 1000 people,,,,
E07000141,South Kesteven,Local Authority District,Food outlets,15/03/2024,2,Rate per 1000 people,Rate per 1000 people,,,,
E07000141,South Kesteven,Local Authority District,Food outlets,15/03/2023,2.1,Rate per 1000 people,Rate per 1000 people,,,,
E07000141,South Kesteven,Local Authority District,Food outlets,15/03/2022,2.6,Rate per 1000 people,Rate per 1000 people,,,,
E07000141,South Kesteven,Local Authority District,Food outlets,15/03/2021,2.1,Rate per 1000 people,Rate per 1000 people,,,,
E07000141,South Kesteven,Local Authority District,Food outlets,15/03/2019,1.9,Rate per 1000 people,Rate per 1000 people,,,,
E07000141,South Kesteven,Local Authority District,Food outlets,15/03/2018,1.9,Rate per 1000 people,Rate per 1000 people,,,,
E07000141,South Kesteven,Local Authority District,Food outlets,15/03/2020,2,Rate per 1000 people,Rate per 1000 people,,,,
E07000141,South Kesteven,Local Authority District,Food outlets,15/03/2016,1.8,Rate per 1000 people,Rate per 1000 people,,,,
E07000141,South Kesteven,Local Authority District,Food outlets,15/03/2015,2.1,Rate per 1000 people,Rate per 1000 people,,,,
E07000141,South Kesteven,Local Authority District,Food outlets,15/03/2014,1.9,Rate per 1000 people,Rate per 1000 people,,,,
E07000141,South Kesteven,Local Authority District,Food outlets,15/03/2013,1.9,Rate per 1000 people,Rate per 1000 people,,,,
E07000141,South Kesteven,Local Authority District,Food outlets,15/03/2012,2,Rate per 1000 people,Rate per 1000 people,,,,
E07000141,South Kesteven,Local Authority District,Food outlets,15/03/2011,2,Rate per 1000 people,Rate per 1000 people,,,,
E07000141,South Kesteven,Local Authority District,Food outlets,15/03/2010,2.1,Rate per 1000 people,Rate per 1000 people,,,,
E07000141,South Kesteven,Local Authority District,Food outlets,15/03/2017,1.8,Rate per 1000 people,Rate per 1000 people,,,,
E07000142,West Lindsey,Local Authority District,Food outlets,15/03/2026,1.8,Rate per 1000 people,Rate per 1000 people,,,,
E07000142,West Lindsey,Local Authority District,Food outlets,15/03/2025,1.9,Rate per 1000 people,Rate per 1000 people,,,,
E07000142,West Lindsey,Local Authority District,Food outlets,15/03/2024,1.8,Rate per 1000 people,Rate per 1000 people,,,,
E07000142,West Lindsey,Local Authority District,Food outlets,15/03/2023,1.9,Rate per 1000 people,Rate per 1000 people,,,,
E07000142,West Lindsey,Local Authority District,Food outlets,15/03/2022,2,Rate per 1000 people,Rate per 1000 people,,,,
E07000142,West Lindsey,Local Authority District,Food outlets,15/03/2021,2.1,Rate per 1000 people,Rate per 1000 people,,,,
E07000142,West Lindsey,Local Authority District,Food outlets,15/03/2019,1.9,Rate per 1000 people,Rate per 1000 people,,,,
E07000142,West Lindsey,Local Authority District,Food outlets,15/03/2020,2,Rate per 1000 people,Rate per 1000 people,,,,
E07000142,West Lindsey,Local Authority District,Food outlets,15/03/2018,1.8,Rate per 1000 people,Rate per 1000 people,,,,
E07000142,West Lindsey,Local Authority District,Food outlets,15/03/2010,1.7,Rate per 1000 people,Rate per 1000 people,,,,
E07000142,West Lindsey,Local Authority District,Food outlets,15/03/2011,1.7,Rate per 1000 people,Rate per 1000 people,,,,
E07000142,West Lindsey,Local Authority District,Food outlets,15/03/2012,1.7,Rate per 1000 people,Rate per 1000 people,,,,
E07000142,West Lindsey,Local Authority District,Food outlets,15/03/2017,1.9,Rate per 1000 people,Rate per 1000 people,,,,
E07000142,West Lindsey,Local Authority District,Food outlets,15/03/2014,1.7,Rate per 1000 people,Rate per 1000 people,,,,
E07000142,West Lindsey,Local Authority District,Food outlets,15/03/2015,1.9,Rate per 1000 people,Rate per 1000 people,,,,
E07000142,West Lindsey,Local Authority District,Food outlets,15/03/2016,1.8,Rate per 1000 people,Rate per 1000 people,,,,
E07000142,West Lindsey,Local Authority District,Food outlets,15/03/2013,1.7,Rate per 1000 people,Rate per 1000 people,,,,
E10000024,Nottinghamshire,County or Unitary Authority,Food outlets,15/03/2019,1.7,Rate per 1000 people,Rate per 1000 people,,,,
E10000024,Nottinghamshire,County or Unitary Authority,Food outlets,15/03/2025,1.8,Rate per 1000 people,Rate per 1000 people,,,,
E10000024,Nottinghamshire,County or Unitary Authority,Food outlets,15/03/2024,1.8,Rate per 1000 people,Rate per 1000 people,,,,
E10000024,Nottinghamshire,County or Unitary Authority,Food outlets,15/03/2023,1.9,Rate per 1000 people,Rate per 1000 people,,,,
E10000024,Nottinghamshire,County or Unitary Authority,Food outlets,15/03/2022,1.9,Rate per 1000 people,Rate per 1000 people,,,,
E10000024,Nottinghamshire,County or Unitary Authority,Food outlets,15/03/2021,1.7,Rate per 1000 people,Rate per 1000 people,,,,
E10000024,Nottinghamshire,County or Unitary Authority,Food outlets,15/03/2020,1.7,Rate per 1000 people,Rate per 1000 people,,,,
E10000024,Nottinghamshire,County or Unitary Authority,Food outlets,15/03/2026,1.8,Rate per 1000 people,Rate per 1000 people,,,,
E10000024,Nottinghamshire,County or Unitary Authority,Food outlets,15/03/2017,1.7,Rate per 1000 people,Rate per 1000 people,,,,
E10000024,Nottinghamshire,County or Unitary Authority,Food outlets,15/03/2016,1.6,Rate per 1000 people,Rate per 1000 people,,,,
E10000024,Nottinghamshire,County or Unitary Authority,Food outlets,15/03/2015,1.7,Rate per 1000 people,Rate per 1000 people,,,,
E10000024,Nottinghamshire,County or Unitary Authority,Food outlets,15/03/2014,1.5,Rate per 1000 people,Rate per 1000 people,,,,
E10000024,Nottinghamshire,County or Unitary Authority,Food outlets,15/03/2013,1.4,Rate per 1000 people,Rate per 1000 people,,,,
E10000024,Nottinghamshire,County or Unitary Authority,Food outlets,15/03/2012,1.5,Rate per 1000 people,Rate per 1000 people,,,,
E10000024,Nottinghamshire,County or Unitary Authority,Food outlets,15/03/2011,1.5,Rate per 1000 people,Rate per 1000 people,,,,
E10000024,Nottinghamshire,County or Unitary Authority,Food outlets,15/03/2010,1.6,Rate per 1000 people,Rate per 1000 people,,,,
E10000024,Nottinghamshire,County or Unitary Authority,Food outlets,15/03/2018,1.7,Rate per 1000 people,Rate per 1000 people,,,,
E07000170,Ashfield,Local Authority District,Food outlets,15/03/2026,1.8,Rate per 1000 people,Rate per 1000 people,,,,
E07000170,Ashfield,Local Authority District,Food outlets,15/03/2025,1.7,Rate per 1000 people,Rate per 1000 people,,,,
E07000170,Ashfield,Local Authority District,Food outlets,15/03/2024,1.7,Rate per 1000 people,Rate per 1000 people,,,,
E07000170,Ashfield,Local Authority District,Food outlets,15/03/2023,1.9,Rate per 1000 people,Rate per 1000 people,,,,
E07000170,Ashfield,Local Authority District,Food outlets,15/03/2022,1.7,Rate per 1000 people,Rate per 1000 people,,,,
E07000170,Ashfield,Local Authority District,Food outlets,15/03/2021,1.6,Rate per 1000 people,Rate per 1000 people,,,,
E07000170,Ashfield,Local Authority District,Food outlets,15/03/2020,1.6,Rate per 1000 people,Rate per 1000 people,,,,
E07000170,Ashfield,Local Authority District,Food outlets,15/03/2019,1.5,Rate per 1000 people,Rate per 1000 people,,,,
E07000170,Ashfield,Local Authority District,Food outlets,15/03/2018,1.4,Rate per 1000 people,Rate per 1000 people,,,,
E07000170,Ashfield,Local Authority District,Food outlets,15/03/2016,1.4,Rate per 1000 people,Rate per 1000 people,,,,
E07000170,Ashfield,Local Authority District,Food outlets,15/03/2010,1.5,Rate per 1000 people,Rate per 1000 people,,,,
E07000170,Ashfield,Local Authority District,Food outlets,15/03/2011,1.3,Rate per 1000 people,Rate per 1000 people,,,,
E07000170,Ashfield,Local Authority District,Food outlets,15/03/2012,1.3,Rate per 1000 people,Rate per 1000 people,,,,
E07000170,Ashfield,Local Authority District,Food outlets,15/03/2017,1.4,Rate per 1000 people,Rate per 1000 people,,,,
E07000170,Ashfield,Local Authority District,Food outlets,15/03/2014,1.2,Rate per 1000 people,Rate per 1000 people,,,,
E07000170,Ashfield,Local Authority District,Food outlets,15/03/2015,1.4,Rate per 1000 people,Rate per 1000 people,,,,
E07000170,Ashfield,Local Authority District,Food outlets,15/03/2013,1.2,Rate per 1000 people,Rate per 1000 people,,,,
E07000171,Bassetlaw,Local Authority District,Food outlets,15/03/2026,1.9,Rate per 1000 people,Rate per 1000 people,,,,
E07000171,Bassetlaw,Local Authority District,Food outlets,15/03/2025,2,Rate per 1000 people,Rate per 1000 people,,,,
E07000171,Bassetlaw,Local Authority District,Food outlets,15/03/2024,2,Rate per 1000 people,Rate per 1000 people,,,,
E07000171,Bassetlaw,Local Authority District,Food outlets,15/03/2023,2.1,Rate per 1000 people,Rate per 1000 people,,,,
E07000171,Bassetlaw,Local Authority District,Food outlets,15/03/2022,2.2,Rate per 1000 people,Rate per 1000 people,,,,
E07000171,Bassetlaw,Local Authority District,Food outlets,15/03/2021,2,Rate per 1000 people,Rate per 1000 people,,,,
E07000171,Bassetlaw,Local Authority District,Food outlets,15/03/2019,1.9,Rate per 1000 people,Rate per 1000 people,,,,
E07000171,Bassetlaw,Local Authority District,Food outlets,15/03/2020,2.1,Rate per 1000 people,Rate per 1000 people,,,,
E07000171,Bassetlaw,Local Authority District,Food outlets,15/03/2018,2,Rate per 1000 people,Rate per 1000 people,,,,
E07000171,Bassetlaw,Local Authority District,Food outlets,15/03/2016,2,Rate per 1000 people,Rate per 1000 people,,,,
E07000171,Bassetlaw,Local Authority District,Food outlets,15/03/2015,2.1,Rate per 1000 people,Rate per 1000 people,,,,
E07000171,Bassetlaw,Local Authority District,Food outlets,15/03/2014,1.8,Rate per 1000 people,Rate per 1000 people,,,,
E07000171,Bassetlaw,Local Authority District,Food outlets,15/03/2013,1.6,Rate per 1000 people,Rate per 1000 people,,,,
E07000171,Bassetlaw,Local Authority District,Food outlets,15/03/2012,1.6,Rate per 1000 people,Rate per 1000 people,,,,
E07000171,Bassetlaw,Local Authority District,Food outlets,15/03/2011,1.7,Rate per 1000 people,Rate per 1000 people,,,,
E07000171,Bassetlaw,Local Authority District,Food outlets,15/03/2010,1.7,Rate per 1000 people,Rate per 1000 people,,,,
E07000171,Bassetlaw,Local Authority District,Food outlets,15/03/2017,2.2,Rate per 1000 people,Rate per 1000 people,,,,
E07000172,Broxtowe,Local Authority District,Food outlets,15/03/2020,1.7,Rate per 1000 people,Rate per 1000 people,,,,
E07000172,Broxtowe,Local Authority District,Food outlets,15/03/2021,1.8,Rate per 1000 people,Rate per 1000 people,,,,
E07000172,Broxtowe,Local Authority District,Food outlets,15/03/2022,1.8,Rate per 1000 people,Rate per 1000 people,,,,
E07000172,Broxtowe,Local Authority District,Food outlets,15/03/2019,1.6,Rate per 1000 people,Rate per 1000 people,,,,
E07000172,Broxtowe,Local Authority District,Food outlets,15/03/2024,1.7,Rate per 1000 people,Rate per 1000 people,,,,
E07000172,Broxtowe,Local Authority District,Food outlets,15/03/2025,1.8,Rate per 1000 people,Rate per 1000 people,,,,
E07000172,Broxtowe,Local Authority District,Food outlets,15/03/2023,1.9,Rate per 1000 people,Rate per 1000 people,,,,
E07000172,Broxtowe,Local Authority District,Food outlets,15/03/2026,1.8,Rate per 1000 people,Rate per 1000 people,,,,
E07000172,Broxtowe,Local Authority District,Food outlets,15/03/2018,1.7,Rate per 1000 people,Rate per 1000 people,,,,
E07000172,Broxtowe,Local Authority District,Food outlets,15/03/2016,1.4,Rate per 1000 people,Rate per 1000 people,,,,
E07000172,Broxtowe,Local Authority District,Food outlets,15/03/2015,1.5,Rate per 1000 people,Rate per 1000 people,,,,
E07000172,Broxtowe,Local Authority District,Food outlets,15/03/2014,1.2,Rate per 1000 people,Rate per 1000 people,,,,
E07000172,Broxtowe,Local Authority District,Food outlets,15/03/2013,1.1,Rate per 1000 people,Rate per 1000 people,,,,
E07000172,Broxtowe,Local Authority District,Food outlets,15/03/2012,1.1,Rate per 1000 people,Rate per 1000 people,,,,
E07000172,Broxtowe,Local Authority District,Food outlets,15/03/2011,1.1,Rate per 1000 people,Rate per 1000 people,,,,
E07000172,Broxtowe,Local Authority District,Food outlets,15/03/2010,1.3,Rate per 1000 people,Rate per 1000 people,,,,
E07000172,Broxtowe,Local Authority District,Food outlets,15/03/2017,1.7,Rate per 1000 people,Rate per 1000 people,,,,
E07000173,Gedling,Local Authority District,Food outlets,15/03/2026,1.6,Rate per 1000 people,Rate per 1000 people,,,,
E07000173,Gedling,Local Authority District,Food outlets,15/03/2025,1.8,Rate per 1000 people,Rate per 1000 people,,,,
E07000173,Gedling,Local Authority District,Food outlets,15/03/2024,1.8,Rate per 1000 people,Rate per 1000 people,,,,
E07000173,Gedling,Local Authority District,Food outlets,15/03/2023,1.8,Rate per 1000 people,Rate per 1000 people,,,,
E07000173,Gedling,Local Authority District,Food outlets,15/03/2022,1.8,Rate per 1000 people,Rate per 1000 people,,,,
E07000173,Gedling,Local Authority District,Food outlets,15/03/2021,1.7,Rate per 1000 people,Rate per 1000 people,,,,
E07000173,Gedling,Local Authority District,Food outlets,15/03/2020,1.5,Rate per 1000 people,Rate per 1000 people,,,,
E07000173,Gedling,Local Authority District,Food outlets,15/03/2019,1.5,Rate per 1000 people,Rate per 1000 people,,,,
E07000173,Gedling,Local Authority District,Food outlets,15/03/2018,1.5,Rate per 1000 people,Rate per 1000 people,,,,
E07000173,Gedling,Local Authority District,Food outlets,15/03/2016,1.4,Rate per 1000 people,Rate per 1000 people,,,,
E07000173,Gedling,Local Authority District,Food outlets,15/03/2015,1.4,Rate per 1000 people,Rate per 1000 people,,,,
E07000173,Gedling,Local Authority District,Food outlets,15/03/2014,1.1,Rate per 1000 people,Rate per 1000 people,,,,
E07000173,Gedling,Local Authority District,Food outlets,15/03/2013,1.2,Rate per 1000 people,Rate per 1000 people,,,,
E07000173,Gedling,Local Authority District,Food outlets,15/03/2012,1.2,Rate per 1000 people,Rate per 1000 people,,,,
E07000173,Gedling,Local Authority District,Food outlets,15/03/2011,1.2,Rate per 1000 people,Rate per 1000 people,,,,
E07000173,Gedling,Local Authority District,Food outlets,15/03/2010,1.2,Rate per 1000 people,Rate per 1000 people,,,,
E07000173,Gedling,Local Authority District,Food outlets,15/03/2017,1.4,Rate per 1000 people,Rate per 1000 people,,,,
E07000174,Mansfield,Local Authority District,Food outlets,15/03/2020,1.5,Rate per 1000 people,Rate per 1000 people,,,,
E07000174,Mansfield,Local Authority District,Food outlets,15/03/2026,1.8,Rate per 1000 people,Rate per 1000 people,,,,
E07000174,Mansfield,Local Authority District,Food outlets,15/03/2025,1.7,Rate per 1000 people,Rate per 1000 people,,,,
E07000174,Mansfield,Local Authority District,Food outlets,15/03/2024,1.7,Rate per 1000 people,Rate per 1000 people,,,,
E07000174,Mansfield,Local Authority District,Food outlets,15/03/2023,2,Rate per 1000 people,Rate per 1000 people,,,,
E07000174,Mansfield,Local Authority District,Food outlets,15/03/2022,2.2,Rate per 1000 people,Rate per 1000 people,,,,
E07000174,Mansfield,Local Authority District,Food outlets,15/03/2021,1.5,Rate per 1000 people,Rate per 1000 people,,,,
E07000174,Mansfield,Local Authority District,Food outlets,15/03/2019,1.5,Rate per 1000 people,Rate per 1000 people,,,,
E07000174,Mansfield,Local Authority District,Food outlets,15/03/2014,1.3,Rate per 1000 people,Rate per 1000 people,,,,
E07000174,Mansfield,Local Authority District,Food outlets,15/03/2017,1.6,Rate per 1000 people,Rate per 1000 people,,,,
E07000174,Mansfield,Local Authority District,Food outlets,15/03/2016,1.5,Rate per 1000 people,Rate per 1000 people,,,,
E07000174,Mansfield,Local Authority District,Food outlets,15/03/2015,1.5,Rate per 1000 people,Rate per 1000 people,,,,
E07000174,Mansfield,Local Authority District,Food outlets,15/03/2018,1.5,Rate per 1000 people,Rate per 1000 people,,,,
E07000174,Mansfield,Local Authority District,Food outlets,15/03/2013,1.4,Rate per 1000 people,Rate per 1000 people,,,,
E07000174,Mansfield,Local Authority District,Food outlets,15/03/2012,1.5,Rate per 1000 people,Rate per 1000 people,,,,
E07000174,Mansfield,Local Authority District,Food outlets,15/03/2011,1.4,Rate per 1000 people,Rate per 1000 people,,,,
E07000174,Mansfield,Local Authority District,Food outlets,15/03/2010,1.6,Rate per 1000 people,Rate per 1000 people,,,,
E07000175,Newark and Sherwood,Local Authority District,Food outlets,15/03/2025,2.1,Rate per 1000 people,Rate per 1000 people,,,,
E07000175,Newark and Sherwood,Local Authority District,Food outlets,15/03/2024,2.1,Rate per 1000 people,Rate per 1000 people,,,,
E07000175,Newark and Sherwood,Local Authority District,Food outlets,15/03/2023,2.2,Rate per 1000 people,Rate per 1000 people,,,,
E07000175,Newark and Sherwood,Local Authority District,Food outlets,15/03/2022,2.3,Rate per 1000 people,Rate per 1000 people,,,,
E07000175,Newark and Sherwood,Local Authority District,Food outlets,15/03/2021,2.1,Rate per 1000 people,Rate per 1000 people,,,,
E07000175,Newark and Sherwood,Local Authority District,Food outlets,15/03/2020,2.3,Rate per 1000 people,Rate per 1000 people,,,,
E07000175,Newark and Sherwood,Local Authority District,Food outlets,15/03/2019,2.1,Rate per 1000 people,Rate per 1000 people,,,,
E07000175,Newark and Sherwood,Local Authority District,Food outlets,15/03/2018,2,Rate per 1000 people,Rate per 1000 people,,,,
E07000175,Newark and Sherwood,Local Authority District,Food outlets,15/03/2026,2.1,Rate per 1000 people,Rate per 1000 people,,,,
E07000175,Newark and Sherwood,Local Authority District,Food outlets,15/03/2016,2,Rate per 1000 people,Rate per 1000 people,,,,
E07000175,Newark and Sherwood,Local Authority District,Food outlets,15/03/2015,2.1,Rate per 1000 people,Rate per 1000 people,,,,
E07000175,Newark and Sherwood,Local Authority District,Food outlets,15/03/2014,2.1,Rate per 1000 people,Rate per 1000 people,,,,
E07000175,Newark and Sherwood,Local Authority District,Food outlets,15/03/2013,2.1,Rate per 1000 people,Rate per 1000 people,,,,
E07000175,Newark and Sherwood,Local Authority District,Food outlets,15/03/2012,2.2,Rate per 1000 people,Rate per 1000 people,,,,
E07000175,Newark and Sherwood,Local Authority District,Food outlets,15/03/2011,2.1,Rate per 1000 people,Rate per 1000 people,,,,
E07000175,Newark and Sherwood,Local Authority District,Food outlets,15/03/2010,2.1,Rate per 1000 people,Rate per 1000 people,,,,
E07000175,Newark and Sherwood,Local Authority District,Food outlets,15/03/2017,2.1,Rate per 1000 people,Rate per 1000 people,,,,
E07000176,Rushcliffe,Local Authority District,Food outlets,15/03/2026,1.7,Rate per 1000 people,Rate per 1000 people,,,,
E07000176,Rushcliffe,Local Authority District,Food outlets,15/03/2025,1.6,Rate per 1000 people,Rate per 1000 people,,,,
E07000176,Rushcliffe,Local Authority District,Food outlets,15/03/2024,1.5,Rate per 1000 people,Rate per 1000 people,,,,
E07000176,Rushcliffe,Local Authority District,Food outlets,15/03/2023,1.5,Rate per 1000 people,Rate per 1000 people,,,,
E07000176,Rushcliffe,Local Authority District,Food outlets,15/03/2022,1.5,Rate per 1000 people,Rate per 1000 people,,,,
E07000176,Rushcliffe,Local Authority District,Food outlets,15/03/2021,1.5,Rate per 1000 people,Rate per 1000 people,,,,
E07000176,Rushcliffe,Local Authority District,Food outlets,15/03/2020,1.5,Rate per 1000 people,Rate per 1000 people,,,,
E07000176,Rushcliffe,Local Authority District,Food outlets,15/03/2019,1.7,Rate per 1000 people,Rate per 1000 people,,,,
E07000176,Rushcliffe,Local Authority District,Food outlets,15/03/2018,1.7,Rate per 1000 people,Rate per 1000 people,,,,
E07000176,Rushcliffe,Local Authority District,Food outlets,15/03/2016,1.6,Rate per 1000 people,Rate per 1000 people,,,,
E07000176,Rushcliffe,Local Authority District,Food outlets,15/03/2015,1.7,Rate per 1000 people,Rate per 1000 people,,,,
E07000176,Rushcliffe,Local Authority District,Food outlets,15/03/2014,1.5,Rate per 1000 people,Rate per 1000 people,,,,
E07000176,Rushcliffe,Local Authority District,Food outlets,15/03/2013,1.4,Rate per 1000 people,Rate per 1000 people,,,,
E07000176,Rushcliffe,Local Authority District,Food outlets,15/03/2012,1.5,Rate per 1000 people,Rate per 1000 people,,,,
E07000176,Rushcliffe,Local Authority District,Food outlets,15/03/2011,1.4,Rate per 1000 people,Rate per 1000 people,,,,
E07000176,Rushcliffe,Local Authority District,Food outlets,15/03/2010,1.5,Rate per 1000 people,Rate per 1000 people,,,,
E07000176,Rushcliffe,Local Authority District,Food outlets,15/03/2017,1.8,Rate per 1000 people,Rate per 1000 people,,,,
E12000005,West Midlands,Region,Food outlets,15/03/2020,1.9,Rate per 1000 people,Rate per 1000 people,,,,
E12000005,West Midlands,Region,Food outlets,15/03/2026,2,Rate per 1000 people,Rate per 1000 people,,,,
E12000005,West Midlands,Region,Food outlets,15/03/2025,2,Rate per 1000 people,Rate per 1000 people,,,,
E12000005,West Midlands,Region,Food outlets,15/03/2024,1.9,Rate per 1000 people,Rate per 1000 people,,,,
E12000005,West Midlands,Region,Food outlets,15/03/2023,2,Rate per 1000 people,Rate per 1000 people,,,,
E12000005,West Midlands,Region,Food outlets,15/03/2022,2.2,Rate per 1000 people,Rate per 1000 people,,,,
E12000005,West Midlands,Region,Food outlets,15/03/2021,2,Rate per 1000 people,Rate per 1000 people,,,,
E12000005,West Midlands,Region,Food outlets,15/03/2019,1.9,Rate per 1000 people,Rate per 1000 people,,,,
E12000005,West Midlands,Region,Food outlets,15/03/2013,1.6,Rate per 1000 people,Rate per 1000 people,,,,
E12000005,West Midlands,Region,Food outlets,15/03/2017,1.8,Rate per 1000 people,Rate per 1000 people,,,,
E12000005,West Midlands,Region,Food outlets,15/03/2016,1.8,Rate per 1000 people,Rate per 1000 people,,,,
E12000005,West Midlands,Region,Food outlets,15/03/2015,1.8,Rate per 1000 people,Rate per 1000 people,,,,
E12000005,West Midlands,Region,Food outlets,15/03/2014,1.6,Rate per 1000 people,Rate per 1000 people,,,,
E12000005,West Midlands,Region,Food outlets,15/03/2018,1.8,Rate per 1000 people,Rate per 1000 people,,,,
E12000005,West Midlands,Region,Food outlets,15/03/2012,1.6,Rate per 1000 people,Rate per 1000 people,,,,
E12000005,West Midlands,Region,Food outlets,15/03/2011,1.6,Rate per 1000 people,Rate per 1000 people,,,,
E12000005,West Midlands,Region,Food outlets,15/03/2010,1.7,Rate per 1000 people,Rate per 1000 people,,,,
E06000019,"Herefordshire, County of",County or Unitary Authority,Food outlets,15/03/2022,2.4,Rate per 1000 people,Rate per 1000 people,,,,
E06000019,"Herefordshire, County of",County or Unitary Authority,Food outlets,15/03/2021,2.4,Rate per 1000 people,Rate per 1000 people,,,,
E06000019,"Herefordshire, County of",County or Unitary Authority,Food outlets,15/03/2020,2.4,Rate per 1000 people,Rate per 1000 people,,,,
E06000019,"Herefordshire, County of",County or Unitary Authority,Food outlets,15/03/2019,2.4,Rate per 1000 people,Rate per 1000 people,,,,
E06000019,"Herefordshire, County of",County or Unitary Authority,Food outlets,15/03/2023,2.4,Rate per 1000 people,Rate per 1000 people,,,,
E06000019,"Herefordshire, County of",County or Unitary Authority,Food outlets,15/03/2018,2.3,Rate per 1000 people,Rate per 1000 people,,,,
E06000019,"Herefordshire, County of",County or Unitary Authority,Food outlets,15/03/2026,2.4,Rate per 1000 people,Rate per 1000 people,,,,
E06000019,"Herefordshire, County of",County or Unitary Authority,Food outlets,15/03/2025,2.4,Rate per 1000 people,Rate per 1000 people,,,,
E06000019,"Herefordshire, County of",County or Unitary Authority,Food outlets,15/03/2024,2.4,Rate per 1000 people,Rate per 1000 people,,,,
E06000019,"Herefordshire, County of",County or Unitary Authority,Food outlets,15/03/2010,2.3,Rate per 1000 people,Rate per 1000 people,,,,
E06000019,"Herefordshire, County of",County or Unitary Authority,Food outlets,15/03/2011,2.1,Rate per 1000 people,Rate per 1000 people,,,,
E06000019,"Herefordshire, County of",County or Unitary Authority,Food outlets,15/03/2012,2.2,Rate per 1000 people,Rate per 1000 people,,,,
E06000019,"Herefordshire, County of",County or Unitary Authority,Food outlets,15/03/2013,2.2,Rate per 1000 people,Rate per 1000 people,,,,
E06000019,"Herefordshire, County of",County or Unitary Authority,Food outlets,15/03/2014,2.1,Rate per 1000 people,Rate per 1000 people,,,,
E06000019,"Herefordshire, County of",County or Unitary Authority,Food outlets,15/03/2017,2.2,Rate per 1000 people,Rate per 1000 people,,,,
E06000019,"Herefordshire, County of",County or Unitary Authority,Food outlets,15/03/2016,2.2,Rate per 1000 people,Rate per 1000 people,,,,
E06000019,"Herefordshire, County of",County or Unitary Authority,Food outlets,15/03/2015,2.2,Rate per 1000 people,Rate per 1000 people,,,,
E06000051,Shropshire,County or Unitary Authority,Food outlets,15/03/2022,2.7,Rate per 1000 people,Rate per 1000 people,,,,
E06000051,Shropshire,County or Unitary Authority,Food outlets,15/03/2021,2.6,Rate per 1000 people,Rate per 1000 people,,,,
E06000051,Shropshire,County or Unitary Authority,Food outlets,15/03/2020,2.7,Rate per 1000 people,Rate per 1000 people,,,,
E06000051,Shropshire,County or Unitary Authority,Food outlets,15/03/2019,2.7,Rate per 1000 people,Rate per 1000 people,,,,
E06000051,Shropshire,County or Unitary Authority,Food outlets,15/03/2018,2.7,Rate per 1000 people,Rate per 1000 people,,,,
E06000051,Shropshire,County or Unitary Authority,Food outlets,15/03/2023,2.6,Rate per 1000 people,Rate per 1000 people,,,,
E06000051,Shropshire,County or Unitary Authority,Food outlets,15/03/2026,2.6,Rate per 1000 people,Rate per 1000 people,,,,
E06000051,Shropshire,County or Unitary Authority,Food outlets,15/03/2025,2.6,Rate per 1000 people,Rate per 1000 people,,,,
E06000051,Shropshire,County or Unitary Authority,Food outlets,15/03/2024,2.6,Rate per 1000 people,Rate per 1000 people,,,,
E06000051,Shropshire,County or Unitary Authority,Food outlets,15/03/2017,2.6,Rate per 1000 people,Rate per 1000 people,,,,
E06000051,Shropshire,County or Unitary Authority,Food outlets,15/03/2010,2.4,Rate per 1000 people,Rate per 1000 people,,,,
E06000051,Shropshire,County or Unitary Authority,Food outlets,15/03/2011,2.5,Rate per 1000 people,Rate per 1000 people,,,,
E06000051,Shropshire,County or Unitary Authority,Food outlets,15/03/2012,2.5,Rate per 1000 people,Rate per 1000 people,,,,
E06000051,Shropshire,County or Unitary Authority,Food outlets,15/03/2013,2.4,Rate per 1000 people,Rate per 1000 people,,,,
E06000051,Shropshire,County or Unitary Authority,Food outlets,15/03/2014,2.4,Rate per 1000 people,Rate per 1000 people,,,,
E06000051,Shropshire,County or Unitary Authority,Food outlets,15/03/2016,2.7,Rate per 1000 people,Rate per 1000 people,,,,
E06000051,Shropshire,County or Unitary Authority,Food outlets,15/03/2015,2.7,Rate per 1000 people,Rate per 1000 people,,,,
E06000021,Stoke-on-Trent,County or Unitary Authority,Food outlets,15/03/2022,1.9,Rate per 1000 people,Rate per 1000 people,,,,
E06000021,Stoke-on-Trent,County or Unitary Authority,Food outlets,15/03/2021,1.8,Rate per 1000 people,Rate per 1000 people,,,,
E06000021,Stoke-on-Trent,County or Unitary Authority,Food outlets,15/03/2020,1.8,Rate per 1000 people,Rate per 1000 people,,,,
E06000021,Stoke-on-Trent,County or Unitary Authority,Food outlets,15/03/2019,1.7,Rate per 1000 people,Rate per 1000 people,,,,
E06000021,Stoke-on-Trent,County or Unitary Authority,Food outlets,15/03/2018,1.6,Rate per 1000 people,Rate per 1000 people,,,,
E06000021,Stoke-on-Trent,County or Unitary Authority,Food outlets,15/03/2023,1.8,Rate per 1000 people,Rate per 1000 people,,,,
E06000021,Stoke-on-Trent,County or Unitary Authority,Food outlets,15/03/2026,1.8,Rate per 1000 people,Rate per 1000 people,,,,
E06000021,Stoke-on-Trent,County or Unitary Authority,Food outlets,15/03/2025,1.7,Rate per 1000 people,Rate per 1000 people,,,,
E06000021,Stoke-on-Trent,County or Unitary Authority,Food outlets,15/03/2024,1.7,Rate per 1000 people,Rate per 1000 people,,,,
E06000021,Stoke-on-Trent,County or Unitary Authority,Food outlets,15/03/2013,1.5,Rate per 1000 people,Rate per 1000 people,,,,
E06000021,Stoke-on-Trent,County or Unitary Authority,Food outlets,15/03/2012,1.5,Rate per 1000 people,Rate per 1000 people,,,,
E06000021,Stoke-on-Trent,County or Unitary Authority,Food outlets,15/03/2011,1.5,Rate per 1000 people,Rate per 1000 people,,,,
E06000021,Stoke-on-Trent,County or Unitary Authority,Food outlets,15/03/2010,1.5,Rate per 1000 people,Rate per 1000 people,,,,
E06000021,Stoke-on-Trent,County or Unitary Authority,Food outlets,15/03/2014,1.5,Rate per 1000 people,Rate per 1000 people,,,,
E06000021,Stoke-on-Trent,County or Unitary Authority,Food outlets,15/03/2017,1.6,Rate per 1000 people,Rate per 1000 people,,,,
E06000021,Stoke-on-Trent,County or Unitary Authority,Food outlets,15/03/2016,1.6,Rate per 1000 people,Rate per 1000 people,,,,
E06000021,Stoke-on-Trent,County or Unitary Authority,Food outlets,15/03/2015,1.7,Rate per 1000 people,Rate per 1000 people,,,,
E06000020,Telford and Wrekin,County or Unitary Authority,Food outlets,15/03/2021,1.6,Rate per 1000 people,Rate per 1000 people,,,,
E06000020,Telford and Wrekin,County or Unitary Authority,Food outlets,15/03/2022,1.7,Rate per 1000 people,Rate per 1000 people,,,,
E06000020,Telford and Wrekin,County or Unitary Authority,Food outlets,15/03/2019,1.6,Rate per 1000 people,Rate per 1000 people,,,,
E06000020,Telford and Wrekin,County or Unitary Authority,Food outlets,15/03/2020,1.6,Rate per 1000 people,Rate per 1000 people,,,,
E06000020,Telford and Wrekin,County or Unitary Authority,Food outlets,15/03/2024,1.6,Rate per 1000 people,Rate per 1000 people,,,,
E06000020,Telford and Wrekin,County or Unitary Authority,Food outlets,15/03/2023,1.7,Rate per 1000 people,Rate per 1000 people,,,,
E06000020,Telford and Wrekin,County or Unitary Authority,Food outlets,15/03/2018,1.5,Rate per 1000 people,Rate per 1000 people,,,,
E06000020,Telford and Wrekin,County or Unitary Authority,Food outlets,15/03/2026,1.6,Rate per 1000 people,Rate per 1000 people,,,,
E06000020,Telford and Wrekin,County or Unitary Authority,Food outlets,15/03/2025,1.6,Rate per 1000 people,Rate per 1000 people,,,,
E06000020,Telford and Wrekin,County or Unitary Authority,Food outlets,15/03/2013,1.4,Rate per 1000 people,Rate per 1000 people,,,,
E06000020,Telford and Wrekin,County or Unitary Authority,Food outlets,15/03/2012,1.5,Rate per 1000 people,Rate per 1000 people,,,,
E06000020,Telford and Wrekin,County or Unitary Authority,Food outlets,15/03/2011,1.5,Rate per 1000 people,Rate per 1000 people,,,,
E06000020,Telford and Wrekin,County or Unitary Authority,Food outlets,15/03/2010,1.6,Rate per 1000 people,Rate per 1000 people,,,,
E06000020,Telford and Wrekin,County or Unitary Authority,Food outlets,15/03/2014,1.4,Rate per 1000 people,Rate per 1000 people,,,,
E06000020,Telford and Wrekin,County or Unitary Authority,Food outlets,15/03/2017,1.5,Rate per 1000 people,Rate per 1000 people,,,,
E06000020,Telford and Wrekin,County or Unitary Authority,Food outlets,15/03/2016,1.5,Rate per 1000 people,Rate per 1000 people,,,,
E06000020,Telford and Wrekin,County or Unitary Authority,Food outlets,15/03/2015,1.6,Rate per 1000 people,Rate per 1000 people,,,,
E10000028,Staffordshire,County or Unitary Authority,Food outlets,15/03/2026,2,Rate per 1000 people,Rate per 1000 people,,,,
E10000028,Staffordshire,County or Unitary Authority,Food outlets,15/03/2020,2,Rate per 1000 people,Rate per 1000 people,,,,
E10000028,Staffordshire,County or Unitary Authority,Food outlets,15/03/2025,2,Rate per 1000 people,Rate per 1000 people,,,,
E10000028,Staffordshire,County or Unitary Authority,Food outlets,15/03/2024,2,Rate per 1000 people,Rate per 1000 people,,,,
E10000028,Staffordshire,County or Unitary Authority,Food outlets,15/03/2023,2,Rate per 1000 people,Rate per 1000 people,,,,
E10000028,Staffordshire,County or Unitary Authority,Food outlets,15/03/2022,2.2,Rate per 1000 people,Rate per 1000 people,,,,
E10000028,Staffordshire,County or Unitary Authority,Food outlets,15/03/2021,2.1,Rate per 1000 people,Rate per 1000 people,,,,
E10000028,Staffordshire,County or Unitary Authority,Food outlets,15/03/2019,2,Rate per 1000 people,Rate per 1000 people,,,,
E10000028,Staffordshire,County or Unitary Authority,Food outlets,15/03/2013,1.7,Rate per 1000 people,Rate per 1000 people,,,,
E10000028,Staffordshire,County or Unitary Authority,Food outlets,15/03/2017,1.9,Rate per 1000 people,Rate per 1000 people,,,,
E10000028,Staffordshire,County or Unitary Authority,Food outlets,15/03/2016,1.9,Rate per 1000 people,Rate per 1000 people,,,,
E10000028,Staffordshire,County or Unitary Authority,Food outlets,15/03/2015,1.9,Rate per 1000 people,Rate per 1000 people,,,,
E10000028,Staffordshire,County or Unitary Authority,Food outlets,15/03/2014,1.8,Rate per 1000 people,Rate per 1000 people,,,,
E10000028,Staffordshire,County or Unitary Authority,Food outlets,15/03/2012,1.8,Rate per 1000 people,Rate per 1000 people,,,,
E10000028,Staffordshire,County or Unitary Authority,Food outlets,15/03/2011,1.8,Rate per 1000 people,Rate per 1000 people,,,,
E10000028,Staffordshire,County or Unitary Authority,Food outlets,15/03/2010,1.8,Rate per 1000 people,Rate per 1000 people,,,,
E10000028,Staffordshire,County or Unitary Authority,Food outlets,15/03/2018,1.9,Rate per 1000 people,Rate per 1000 people,,,,
E07000192,Cannock Chase,Local Authority District,Food outlets,15/03/2026,1.7,Rate per 1000 people,Rate per 1000 people,,,,
E07000192,Cannock Chase,Local Authority District,Food outlets,15/03/2025,1.9,Rate per 1000 people,Rate per 1000 people,,,,
E07000192,Cannock Chase,Local Authority District,Food outlets,15/03/2024,1.9,Rate per 1000 people,Rate per 1000 people,,,,
E07000192,Cannock Chase,Local Authority District,Food outlets,15/03/2023,1.9,Rate per 1000 people,Rate per 1000 people,,,,
E07000192,Cannock Chase,Local Authority District,Food outlets,15/03/2022,2.9,Rate per 1000 people,Rate per 1000 people,,,,
E07000192,Cannock Chase,Local Authority District,Food outlets,15/03/2021,1.9,Rate per 1000 people,Rate per 1000 people,,,,
E07000192,Cannock Chase,Local Authority District,Food outlets,15/03/2020,2,Rate per 1000 people,Rate per 1000 people,,,,
E07000192,Cannock Chase,Local Authority District,Food outlets,15/03/2019,1.9,Rate per 1000 people,Rate per 1000 people,,,,
E07000192,Cannock Chase,Local Authority District,Food outlets,15/03/2018,2,Rate per 1000 people,Rate per 1000 people,,,,
E07000192,Cannock Chase,Local Authority District,Food outlets,15/03/2016,1.8,Rate per 1000 people,Rate per 1000 people,,,,
E07000192,Cannock Chase,Local Authority District,Food outlets,15/03/2015,1.9,Rate per 1000 people,Rate per 1000 people,,,,
E07000192,Cannock Chase,Local Authority District,Food outlets,15/03/2014,1.8,Rate per 1000 people,Rate per 1000 people,,,,
E07000192,Cannock Chase,Local Authority District,Food outlets,15/03/2013,1.8,Rate per 1000 people,Rate per 1000 people,,,,
E07000192,Cannock Chase,Local Authority District,Food outlets,15/03/2012,1.7,Rate per 1000 people,Rate per 1000 people,,,,
E07000192,Cannock Chase,Local Authority District,Food outlets,15/03/2011,1.8,Rate per 1000 people,Rate per 1000 people,,,,
E07000192,Cannock Chase,Local Authority District,Food outlets,15/03/2010,1.8,Rate per 1000 people,Rate per 1000 people,,,,
E07000192,Cannock Chase,Local Authority District,Food outlets,15/03/2017,1.9,Rate per 1000 people,Rate per 1000 people,,,,
E07000193,East Staffordshire,Local Authority District,Food outlets,15/03/2019,2,Rate per 1000 people,Rate per 1000 people,,,,
E07000193,East Staffordshire,Local Authority District,Food outlets,15/03/2025,2.1,Rate per 1000 people,Rate per 1000 people,,,,
E07000193,East Staffordshire,Local Authority District,Food outlets,15/03/2024,2.1,Rate per 1000 people,Rate per 1000 people,,,,
E07000193,East Staffordshire,Local Authority District,Food outlets,15/03/2023,2.1,Rate per 1000 people,Rate per 1000 people,,,,
E07000193,East Staffordshire,Local Authority District,Food outlets,15/03/2026,2,Rate per 1000 people,Rate per 1000 people,,,,
E07000193,East Staffordshire,Local Authority District,Food outlets,15/03/2021,2,Rate per 1000 people,Rate per 1000 people,,,,
E07000193,East Staffordshire,Local Authority District,Food outlets,15/03/2020,2,Rate per 1000 people,Rate per 1000 people,,,,
E07000193,East Staffordshire,Local Authority District,Food outlets,15/03/2018,2.1,Rate per 1000 people,Rate per 1000 people,,,,
E07000193,East Staffordshire,Local Authority District,Food outlets,15/03/2022,2.1,Rate per 1000 people,Rate per 1000 people,,,,
E07000193,East Staffordshire,Local Authority District,Food outlets,15/03/2016,2.1,Rate per 1000 people,Rate per 1000 people,,,,
E07000193,East Staffordshire,Local Authority District,Food outlets,15/03/2015,2.1,Rate per 1000 people,Rate per 1000 people,,,,
E07000193,East Staffordshire,Local Authority District,Food outlets,15/03/2014,2,Rate per 1000 people,Rate per 1000 people,,,,
E07000193,East Staffordshire,Local Authority District,Food outlets,15/03/2013,1.9,Rate per 1000 people,Rate per 1000 people,,,,
E07000193,East Staffordshire,Local Authority District,Food outlets,15/03/2012,2,Rate per 1000 people,Rate per 1000 people,,,,
E07000193,East Staffordshire,Local Authority District,Food outlets,15/03/2011,2,Rate per 1000 people,Rate per 1000 people,,,,
E07000193,East Staffordshire,Local Authority District,Food outlets,15/03/2010,2.1,Rate per 1000 people,Rate per 1000 people,,,,
E07000193,East Staffordshire,Local Authority District,Food outlets,15/03/2017,2,Rate per 1000 people,Rate per 1000 people,,,,
E07000194,Lichfield,Local Authority District,Food outlets,15/03/2026,2.4,Rate per 1000 people,Rate per 1000 people,,,,
E07000194,Lichfield,Local Authority District,Food outlets,15/03/2025,2.2,Rate per 1000 people,Rate per 1000 people,,,,
E07000194,Lichfield,Local Authority District,Food outlets,15/03/2024,2.2,Rate per 1000 people,Rate per 1000 people,,,,
E07000194,Lichfield,Local Authority District,Food outlets,15/03/2023,2.2,Rate per 1000 people,Rate per 1000 people,,,,
E07000194,Lichfield,Local Authority District,Food outlets,15/03/2022,2.4,Rate per 1000 people,Rate per 1000 people,,,,
E07000194,Lichfield,Local Authority District,Food outlets,15/03/2021,2.3,Rate per 1000 people,Rate per 1000 people,,,,
E07000194,Lichfield,Local Authority District,Food outlets,15/03/2020,2.3,Rate per 1000 people,Rate per 1000 people,,,,
E07000194,Lichfield,Local Authority District,Food outlets,15/03/2019,2.3,Rate per 1000 people,Rate per 1000 people,,,,
E07000194,Lichfield,Local Authority District,Food outlets,15/03/2018,2.2,Rate per 1000 people,Rate per 1000 people,,,,
E07000194,Lichfield,Local Authority District,Food outlets,15/03/2017,2.2,Rate per 1000 people,Rate per 1000 people,,,,
E07000194,Lichfield,Local Authority District,Food outlets,15/03/2016,2.2,Rate per 1000 people,Rate per 1000 people,,,,
E07000194,Lichfield,Local Authority District,Food outlets,15/03/2015,2.1,Rate per 1000 people,Rate per 1000 people,,,,
E07000194,Lichfield,Local Authority District,Food outlets,15/03/2014,2,Rate per 1000 people,Rate per 1000 people,,,,
E07000194,Lichfield,Local Authority District,Food outlets,15/03/2013,1.9,Rate per 1000 people,Rate per 1000 people,,,,
E07000194,Lichfield,Local Authority District,Food outlets,15/03/2012,1.9,Rate per 1000 people,Rate per 1000 people,,,,
E07000194,Lichfield,Local Authority District,Food outlets,15/03/2011,1.9,Rate per 1000 people,Rate per 1000 people,,,,
E07000194,Lichfield,Local Authority District,Food outlets,15/03/2010,2,Rate per 1000 people,Rate per 1000 people,,,,
E07000195,Newcastle-under-Lyme,Local Authority District,Food outlets,15/03/2026,1.8,Rate per 1000 people,Rate per 1000 people,,,,
E07000195,Newcastle-under-Lyme,Local Authority District,Food outlets,15/03/2025,2,Rate per 1000 people,Rate per 1000 people,,,,
E07000195,Newcastle-under-Lyme,Local Authority District,Food outlets,15/03/2024,1.9,Rate per 1000 people,Rate per 1000 people,,,,
E07000195,Newcastle-under-Lyme,Local Authority District,Food outlets,15/03/2023,1.9,Rate per 1000 people,Rate per 1000 people,,,,
E07000195,Newcastle-under-Lyme,Local Authority District,Food outlets,15/03/2022,2.1,Rate per 1000 people,Rate per 1000 people,,,,
E07000195,Newcastle-under-Lyme,Local Authority District,Food outlets,15/03/2021,1.9,Rate per 1000 people,Rate per 1000 people,,,,
E07000195,Newcastle-under-Lyme,Local Authority District,Food outlets,15/03/2020,1.9,Rate per 1000 people,Rate per 1000 people,,,,
E07000195,Newcastle-under-Lyme,Local Authority District,Food outlets,15/03/2019,2,Rate per 1000 people,Rate per 1000 people,,,,
E07000195,Newcastle-under-Lyme,Local Authority District,Food outlets,15/03/2018,1.9,Rate per 1000 people,Rate per 1000 people,,,,
E07000195,Newcastle-under-Lyme,Local Authority District,Food outlets,15/03/2017,1.9,Rate per 1000 people,Rate per 1000 people,,,,
E07000195,Newcastle-under-Lyme,Local Authority District,Food outlets,15/03/2016,1.8,Rate per 1000 people,Rate per 1000 people,,,,
E07000195,Newcastle-under-Lyme,Local Authority District,Food outlets,15/03/2015,1.9,Rate per 1000 people,Rate per 1000 people,,,,
E07000195,Newcastle-under-Lyme,Local Authority District,Food outlets,15/03/2014,1.7,Rate per 1000 people,Rate per 1000 people,,,,
E07000195,Newcastle-under-Lyme,Local Authority District,Food outlets,15/03/2013,1.7,Rate per 1000 people,Rate per 1000 people,,,,
E07000195,Newcastle-under-Lyme,Local Authority District,Food outlets,15/03/2012,1.7,Rate per 1000 people,Rate per 1000 people,,,,
E07000195,Newcastle-under-Lyme,Local Authority District,Food outlets,15/03/2011,1.9,Rate per 1000 people,Rate per 1000 people,,,,
E07000195,Newcastle-under-Lyme,Local Authority District,Food outlets,15/03/2010,1.7,Rate per 1000 people,Rate per 1000 people,,,,
E07000196,South Staffordshire,Local Authority District,Food outlets,15/03/2026,1.8,Rate per 1000 people,Rate per 1000 people,,,,
E07000196,South Staffordshire,Local Authority District,Food outlets,15/03/2025,1.7,Rate per 1000 people,Rate per 1000 people,,,,
E07000196,South Staffordshire,Local Authority District,Food outlets,15/03/2024,1.7,Rate per 1000 people,Rate per 1000 people,,,,
E07000196,South Staffordshire,Local Authority District,Food outlets,15/03/2023,1.9,Rate per 1000 people,Rate per 1000 people,,,,
E07000196,South Staffordshire,Local Authority District,Food outlets,15/03/2022,2.3,Rate per 1000 people,Rate per 1000 people,,,,
E07000196,South Staffordshire,Local Authority District,Food outlets,15/03/2021,2.6,Rate per 1000 people,Rate per 1000 people,,,,
E07000196,South Staffordshire,Local Authority District,Food outlets,15/03/2020,1.8,Rate per 1000 people,Rate per 1000 people,,,,
E07000196,South Staffordshire,Local Authority District,Food outlets,15/03/2019,1.7,Rate per 1000 people,Rate per 1000 people,,,,
E07000196,South Staffordshire,Local Authority District,Food outlets,15/03/2018,1.7,Rate per 1000 people,Rate per 1000 people,,,,
E07000196,South Staffordshire,Local Authority District,Food outlets,15/03/2017,1.8,Rate per 1000 people,Rate per 1000 people,,,,
E07000196,South Staffordshire,Local Authority District,Food outlets,15/03/2016,1.9,Rate per 1000 people,Rate per 1000 people,,,,
E07000196,South Staffordshire,Local Authority District,Food outlets,15/03/2015,1.7,Rate per 1000 people,Rate per 1000 people,,,,
E07000196,South Staffordshire,Local Authority District,Food outlets,15/03/2014,1.7,Rate per 1000 people,Rate per 1000 people,,,,
E07000196,South Staffordshire,Local Authority District,Food outlets,15/03/2013,1.7,Rate per 1000 people,Rate per 1000 people,,,,
E07000196,South Staffordshire,Local Authority District,Food outlets,15/03/2012,1.8,Rate per 1000 people,Rate per 1000 people,,,,
E07000196,South Staffordshire,Local Authority District,Food outlets,15/03/2011,1.7,Rate per 1000 people,Rate per 1000 people,,,,
E07000196,South Staffordshire,Local Authority District,Food outlets,15/03/2010,1.7,Rate per 1000 people,Rate per 1000 people,,,,
E07000197,Stafford,Local Authority District,Food outlets,15/03/2025,2,Rate per 1000 people,Rate per 1000 people,,,,
E07000197,Stafford,Local Authority District,Food outlets,15/03/2024,2,Rate per 1000 people,Rate per 1000 people,,,,
E07000197,Stafford,Local Authority District,Food outlets,15/03/2023,2.1,Rate per 1000 people,Rate per 1000 people,,,,
E07000197,Stafford,Local Authority District,Food outlets,15/03/2022,2.1,Rate per 1000 people,Rate per 1000 people,,,,
E07000197,Stafford,Local Authority District,Food outlets,15/03/2021,2,Rate per 1000 people,Rate per 1000 people,,,,
E07000197,Stafford,Local Authority District,Food outlets,15/03/2020,2.1,Rate per 1000 people,Rate per 1000 people,,,,
E07000197,Stafford,Local Authority District,Food outlets,15/03/2019,1.8,Rate per 1000 people,Rate per 1000 people,,,,
E07000197,Stafford,Local Authority District,Food outlets,15/03/2018,1.8,Rate per 1000 people,Rate per 1000 people,,,,
E07000197,Stafford,Local Authority District,Food outlets,15/03/2026,2,Rate per 1000 people,Rate per 1000 people,,,,
E07000197,Stafford,Local Authority District,Food outlets,15/03/2016,1.8,Rate per 1000 people,Rate per 1000 people,,,,
E07000197,Stafford,Local Authority District,Food outlets,15/03/2015,1.8,Rate per 1000 people,Rate per 1000 people,,,,
E07000197,Stafford,Local Authority District,Food outlets,15/03/2014,1.7,Rate per 1000 people,Rate per 1000 people,,,,
E07000197,Stafford,Local Authority District,Food outlets,15/03/2013,1.6,Rate per 1000 people,Rate per 1000 people,,,,
E07000197,Stafford,Local Authority District,Food outlets,15/03/2012,1.6,Rate per 1000 people,Rate per 1000 people,,,,
E07000197,Stafford,Local Authority District,Food outlets,15/03/2011,1.6,Rate per 1000 people,Rate per 1000 people,,,,
E07000197,Stafford,Local Authority District,Food outlets,15/03/2010,1.7,Rate per 1000 people,Rate per 1000 people,,,,
E07000197,Stafford,Local Authority District,Food outlets,15/03/2017,1.8,Rate per 1000 people,Rate per 1000 people,,,,
E07000198,Staffordshire Moorlands,Local Authority District,Food outlets,15/03/2026,2.4,Rate per 1000 people,Rate per 1000 people,,,,
E07000198,Staffordshire Moorlands,Local Authority District,Food outlets,15/03/2025,2.5,Rate per 1000 people,Rate per 1000 people,,,,
E07000198,Staffordshire Moorlands,Local Authority District,Food outlets,15/03/2024,2.5,Rate per 1000 people,Rate per 1000 people,,,,
E07000198,Staffordshire Moorlands,Local Authority District,Food outlets,15/03/2023,2.4,Rate per 1000 people,Rate per 1000 people,,,,
E07000198,Staffordshire Moorlands,Local Authority District,Food outlets,15/03/2022,2.5,Rate per 1000 people,Rate per 1000 people,,,,
E07000198,Staffordshire Moorlands,Local Authority District,Food outlets,15/03/2021,2.3,Rate per 1000 people,Rate per 1000 people,,,,
E07000198,Staffordshire Moorlands,Local Authority District,Food outlets,15/03/2020,2.3,Rate per 1000 people,Rate per 1000 people,,,,
E07000198,Staffordshire Moorlands,Local Authority District,Food outlets,15/03/2019,2.3,Rate per 1000 people,Rate per 1000 people,,,,
E07000198,Staffordshire Moorlands,Local Authority District,Food outlets,15/03/2018,2.3,Rate per 1000 people,Rate per 1000 people,,,,
E07000198,Staffordshire Moorlands,Local Authority District,Food outlets,15/03/2017,2.2,Rate per 1000 people,Rate per 1000 people,,,,
E07000198,Staffordshire Moorlands,Local Authority District,Food outlets,15/03/2016,2.1,Rate per 1000 people,Rate per 1000 people,,,,
E07000198,Staffordshire Moorlands,Local Authority District,Food outlets,15/03/2015,2.2,Rate per 1000 people,Rate per 1000 people,,,,
E07000198,Staffordshire Moorlands,Local Authority District,Food outlets,15/03/2014,2,Rate per 1000 people,Rate per 1000 people,,,,
E07000198,Staffordshire Moorlands,Local Authority District,Food outlets,15/03/2013,1.9,Rate per 1000 people,Rate per 1000 people,,,,
E07000198,Staffordshire Moorlands,Local Authority District,Food outlets,15/03/2012,2,Rate per 1000 people,Rate per 1000 people,,,,
E07000198,Staffordshire Moorlands,Local Authority District,Food outlets,15/03/2011,1.9,Rate per 1000 people,Rate per 1000 people,,,,
E07000198,Staffordshire Moorlands,Local Authority District,Food outlets,15/03/2010,2,Rate per 1000 people,Rate per 1000 people,,,,
E07000199,Tamworth,Local Authority District,Food outlets,15/03/2025,1.5,Rate per 1000 people,Rate per 1000 people,,,,
E07000199,Tamworth,Local Authority District,Food outlets,15/03/2024,1.6,Rate per 1000 people,Rate per 1000 people,,,,
E07000199,Tamworth,Local Authority District,Food outlets,15/03/2023,1.4,Rate per 1000 people,Rate per 1000 people,,,,
E07000199,Tamworth,Local Authority District,Food outlets,15/03/2022,1.6,Rate per 1000 people,Rate per 1000 people,,,,
E07000199,Tamworth,Local Authority District,Food outlets,15/03/2021,1.5,Rate per 1000 people,Rate per 1000 people,,,,
E07000199,Tamworth,Local Authority District,Food outlets,15/03/2020,1.5,Rate per 1000 people,Rate per 1000 people,,,,
E07000199,Tamworth,Local Authority District,Food outlets,15/03/2019,1.5,Rate per 1000 people,Rate per 1000 people,,,,
E07000199,Tamworth,Local Authority District,Food outlets,15/03/2018,1.6,Rate per 1000 people,Rate per 1000 people,,,,
E07000199,Tamworth,Local Authority District,Food outlets,15/03/2026,1.6,Rate per 1000 people,Rate per 1000 people,,,,
E07000199,Tamworth,Local Authority District,Food outlets,15/03/2016,1.4,Rate per 1000 people,Rate per 1000 people,,,,
E07000199,Tamworth,Local Authority District,Food outlets,15/03/2015,1.4,Rate per 1000 people,Rate per 1000 people,,,,
E07000199,Tamworth,Local Authority District,Food outlets,15/03/2014,1.4,Rate per 1000 people,Rate per 1000 people,,,,
E07000199,Tamworth,Local Authority District,Food outlets,15/03/2013,1.5,Rate per 1000 people,Rate per 1000 people,,,,
E07000199,Tamworth,Local Authority District,Food outlets,15/03/2012,1.6,Rate per 1000 people,Rate per 1000 people,,,,
E07000199,Tamworth,Local Authority District,Food outlets,15/03/2011,1.5,Rate per 1000 people,Rate per 1000 people,,,,
E07000199,Tamworth,Local Authority District,Food outlets,15/03/2010,1.6,Rate per 1000 people,Rate per 1000 people,,,,
E07000199,Tamworth,Local Authority District,Food outlets,15/03/2017,1.6,Rate per 1000 people,Rate per 1000 people,,,,
E10000031,Warwickshire,County or Unitary Authority,Food outlets,15/03/2025,2,Rate per 1000 people,Rate per 1000 people,,,,
E10000031,Warwickshire,County or Unitary Authority,Food outlets,15/03/2024,2.1,Rate per 1000 people,Rate per 1000 people,,,,
E10000031,Warwickshire,County or Unitary Authority,Food outlets,15/03/2023,2.2,Rate per 1000 people,Rate per 1000 people,,,,
E10000031,Warwickshire,County or Unitary Authority,Food outlets,15/03/2022,2.3,Rate per 1000 people,Rate per 1000 people,,,,
E10000031,Warwickshire,County or Unitary Authority,Food outlets,15/03/2021,2.1,Rate per 1000 people,Rate per 1000 people,,,,
E10000031,Warwickshire,County or Unitary Authority,Food outlets,15/03/2020,2.1,Rate per 1000 people,Rate per 1000 people,,,,
E10000031,Warwickshire,County or Unitary Authority,Food outlets,15/03/2019,2.1,Rate per 1000 people,Rate per 1000 people,,,,
E10000031,Warwickshire,County or Unitary Authority,Food outlets,15/03/2018,2,Rate per 1000 people,Rate per 1000 people,,,,
E10000031,Warwickshire,County or Unitary Authority,Food outlets,15/03/2026,2.1,Rate per 1000 people,Rate per 1000 people,,,,
E10000031,Warwickshire,County or Unitary Authority,Food outlets,15/03/2016,2.1,Rate per 1000 people,Rate per 1000 people,,,,
E10000031,Warwickshire,County or Unitary Authority,Food outlets,15/03/2015,2.1,Rate per 1000 people,Rate per 1000 people,,,,
E10000031,Warwickshire,County or Unitary Authority,Food outlets,15/03/2014,2,Rate per 1000 people,Rate per 1000 people,,,,
E10000031,Warwickshire,County or Unitary Authority,Food outlets,15/03/2013,2,Rate per 1000 people,Rate per 1000 people,,,,
E10000031,Warwickshire,County or Unitary Authority,Food outlets,15/03/2012,2.1,Rate per 1000 people,Rate per 1000 people,,,,
E10000031,Warwickshire,County or Unitary Authority,Food outlets,15/03/2011,2,Rate per 1000 people,Rate per 1000 people,,,,
E10000031,Warwickshire,County or Unitary Authority,Food outlets,15/03/2010,2.1,Rate per 1000 people,Rate per 1000 people,,,,
E10000031,Warwickshire,County or Unitary Authority,Food outlets,15/03/2017,2.1,Rate per 1000 people,Rate per 1000 people,,,,
E07000218,North Warwickshire,Local Authority District,Food outlets,15/03/2026,2,Rate per 1000 people,Rate per 1000 people,,,,
E07000218,North Warwickshire,Local Authority District,Food outlets,15/03/2025,1.9,Rate per 1000 people,Rate per 1000 people,,,,
E07000218,North Warwickshire,Local Authority District,Food outlets,15/03/2024,2.1,Rate per 1000 people,Rate per 1000 people,,,,
E07000218,North Warwickshire,Local Authority District,Food outlets,15/03/2023,2.8,Rate per 1000 people,Rate per 1000 people,,,,
E07000218,North Warwickshire,Local Authority District,Food outlets,15/03/2022,2.3,Rate per 1000 people,Rate per 1000 people,,,,
E07000218,North Warwickshire,Local Authority District,Food outlets,15/03/2021,2.2,Rate per 1000 people,Rate per 1000 people,,,,
E07000218,North Warwickshire,Local Authority District,Food outlets,15/03/2020,2.3,Rate per 1000 people,Rate per 1000 people,,,,
E07000218,North Warwickshire,Local Authority District,Food outlets,15/03/2019,2.2,Rate per 1000 people,Rate per 1000 people,,,,
E07000218,North Warwickshire,Local Authority District,Food outlets,15/03/2018,2.3,Rate per 1000 people,Rate per 1000 people,,,,
E07000218,North Warwickshire,Local Authority District,Food outlets,15/03/2016,2.5,Rate per 1000 people,Rate per 1000 people,,,,
E07000218,North Warwickshire,Local Authority District,Food outlets,15/03/2015,2.6,Rate per 1000 people,Rate per 1000 people,,,,
E07000218,North Warwickshire,Local Authority District,Food outlets,15/03/2014,2.1,Rate per 1000 people,Rate per 1000 people,,,,
E07000218,North Warwickshire,Local Authority District,Food outlets,15/03/2013,2.1,Rate per 1000 people,Rate per 1000 people,,,,
E07000218,North Warwickshire,Local Authority District,Food outlets,15/03/2012,2.6,Rate per 1000 people,Rate per 1000 people,,,,
E07000218,North Warwickshire,Local Authority District,Food outlets,15/03/2011,2.5,Rate per 1000 people,Rate per 1000 people,,,,
E07000218,North Warwickshire,Local Authority District,Food outlets,15/03/2010,2.3,Rate per 1000 people,Rate per 1000 people,,,,
E07000218,North Warwickshire,Local Authority District,Food outlets,15/03/2017,2.4,Rate per 1000 people,Rate per 1000 people,,,,
E07000219,Nuneaton and Bedworth,Local Authority District,Food outlets,15/03/2020,1.4,Rate per 1000 people,Rate per 1000 people,,,,
E07000219,Nuneaton and Bedworth,Local Authority District,Food outlets,15/03/2026,1.6,Rate per 1000 people,Rate per 1000 people,,,,
E07000219,Nuneaton and Bedworth,Local Authority District,Food outlets,15/03/2025,1.5,Rate per 1000 people,Rate per 1000 people,,,,
E07000219,Nuneaton and Bedworth,Local Authority District,Food outlets,15/03/2024,1.4,Rate per 1000 people,Rate per 1000 people,,,,
E07000219,Nuneaton and Bedworth,Local Authority District,Food outlets,15/03/2023,1.6,Rate per 1000 people,Rate per 1000 people,,,,
E07000219,Nuneaton and Bedworth,Local Authority District,Food outlets,15/03/2022,1.5,Rate per 1000 people,Rate per 1000 people,,,,
E07000219,Nuneaton and Bedworth,Local Authority District,Food outlets,15/03/2021,1.5,Rate per 1000 people,Rate per 1000 people,,,,
E07000219,Nuneaton and Bedworth,Local Authority District,Food outlets,15/03/2018,1.3,Rate per 1000 people,Rate per 1000 people,,,,
E07000219,Nuneaton and Bedworth,Local Authority District,Food outlets,15/03/2019,1.5,Rate per 1000 people,Rate per 1000 people,,,,
E07000219,Nuneaton and Bedworth,Local Authority District,Food outlets,15/03/2010,1.3,Rate per 1000 people,Rate per 1000 people,,,,
E07000219,Nuneaton and Bedworth,Local Authority District,Food outlets,15/03/2016,1.3,Rate per 1000 people,Rate per 1000 people,,,,
E07000219,Nuneaton and Bedworth,Local Authority District,Food outlets,15/03/2015,1.3,Rate per 1000 people,Rate per 1000 people,,,,
E07000219,Nuneaton and Bedworth,Local Authority District,Food outlets,15/03/2014,1.2,Rate per 1000 people,Rate per 1000 people,,,,
E07000219,Nuneaton and Bedworth,Local Authority District,Food outlets,15/03/2013,1.3,Rate per 1000 people,Rate per 1000 people,,,,
E07000219,Nuneaton and Bedworth,Local Authority District,Food outlets,15/03/2012,1.3,Rate per 1000 people,Rate per 1000 people,,,,
E07000219,Nuneaton and Bedworth,Local Authority District,Food outlets,15/03/2011,1.2,Rate per 1000 people,Rate per 1000 people,,,,
E07000219,Nuneaton and Bedworth,Local Authority District,Food outlets,15/03/2017,1.3,Rate per 1000 people,Rate per 1000 people,,,,
E07000220,Rugby,Local Authority District,Food outlets,15/03/2025,1.7,Rate per 1000 people,Rate per 1000 people,,,,
E07000220,Rugby,Local Authority District,Food outlets,15/03/2024,1.8,Rate per 1000 people,Rate per 1000 people,,,,
E07000220,Rugby,Local Authority District,Food outlets,15/03/2023,1.8,Rate per 1000 people,Rate per 1000 people,,,,
E07000220,Rugby,Local Authority District,Food outlets,15/03/2022,1.9,Rate per 1000 people,Rate per 1000 people,,,,
E07000220,Rugby,Local Authority District,Food outlets,15/03/2021,1.7,Rate per 1000 people,Rate per 1000 people,,,,
E07000220,Rugby,Local Authority District,Food outlets,15/03/2020,1.7,Rate per 1000 people,Rate per 1000 people,,,,
E07000220,Rugby,Local Authority District,Food outlets,15/03/2019,1.7,Rate per 1000 people,Rate per 1000 people,,,,
E07000220,Rugby,Local Authority District,Food outlets,15/03/2018,1.7,Rate per 1000 people,Rate per 1000 people,,,,
E07000220,Rugby,Local Authority District,Food outlets,15/03/2026,1.7,Rate per 1000 people,Rate per 1000 people,,,,
E07000220,Rugby,Local Authority District,Food outlets,15/03/2016,1.9,Rate per 1000 people,Rate per 1000 people,,,,
E07000220,Rugby,Local Authority District,Food outlets,15/03/2015,1.8,Rate per 1000 people,Rate per 1000 people,,,,
E07000220,Rugby,Local Authority District,Food outlets,15/03/2014,1.7,Rate per 1000 people,Rate per 1000 people,,,,
E07000220,Rugby,Local Authority District,Food outlets,15/03/2013,1.6,Rate per 1000 people,Rate per 1000 people,,,,
E07000220,Rugby,Local Authority District,Food outlets,15/03/2012,1.7,Rate per 1000 people,Rate per 1000 people,,,,
E07000220,Rugby,Local Authority District,Food outlets,15/03/2011,1.8,Rate per 1000 people,Rate per 1000 people,,,,
E07000220,Rugby,Local Authority District,Food outlets,15/03/2010,1.9,Rate per 1000 people,Rate per 1000 people,,,,
E07000220,Rugby,Local Authority District,Food outlets,15/03/2017,1.8,Rate per 1000 people,Rate per 1000 people,,,,
E07000221,Stratford-on-Avon,Local Authority District,Food outlets,15/03/2026,2.4,Rate per 1000 people,Rate per 1000 people,,,,
E07000221,Stratford-on-Avon,Local Authority District,Food outlets,15/03/2025,2.5,Rate per 1000 people,Rate per 1000 people,,,,
E07000221,Stratford-on-Avon,Local Authority District,Food outlets,15/03/2024,2.4,Rate per 1000 people,Rate per 1000 people,,,,
E07000221,Stratford-on-Avon,Local Authority District,Food outlets,15/03/2023,2.5,Rate per 1000 people,Rate per 1000 people,,,,
E07000221,Stratford-on-Avon,Local Authority District,Food outlets,15/03/2022,3.1,Rate per 1000 people,Rate per 1000 people,,,,
E07000221,Stratford-on-Avon,Local Authority District,Food outlets,15/03/2021,2.8,Rate per 1000 people,Rate per 1000 people,,,,
E07000221,Stratford-on-Avon,Local Authority District,Food outlets,15/03/2020,2.6,Rate per 1000 people,Rate per 1000 people,,,,
E07000221,Stratford-on-Avon,Local Authority District,Food outlets,15/03/2019,2.7,Rate per 1000 people,Rate per 1000 people,,,,
E07000221,Stratford-on-Avon,Local Authority District,Food outlets,15/03/2018,2.6,Rate per 1000 people,Rate per 1000 people,,,,
E07000221,Stratford-on-Avon,Local Authority District,Food outlets,15/03/2016,2.7,Rate per 1000 people,Rate per 1000 people,,,,
E07000221,Stratford-on-Avon,Local Authority District,Food outlets,15/03/2015,2.8,Rate per 1000 people,Rate per 1000 people,,,,
E07000221,Stratford-on-Avon,Local Authority District,Food outlets,15/03/2014,2.8,Rate per 1000 people,Rate per 1000 people,,,,
E07000221,Stratford-on-Avon,Local Authority District,Food outlets,15/03/2013,2.6,Rate per 1000 people,Rate per 1000 people,,,,
E07000221,Stratford-on-Avon,Local Authority District,Food outlets,15/03/2012,2.6,Rate per 1000 people,Rate per 1000 people,,,,
E07000221,Stratford-on-Avon,Local Authority District,Food outlets,15/03/2011,2.6,Rate per 1000 people,Rate per 1000 people,,,,
E07000221,Stratford-on-Avon,Local Authority District,Food outlets,15/03/2010,2.7,Rate per 1000 people,Rate per 1000 people,,,,
E07000221,Stratford-on-Avon,Local Authority District,Food outlets,15/03/2017,2.7,Rate per 1000 people,Rate per 1000 people,,,,
E07000222,Warwick,Local Authority District,Food outlets,15/03/2019,2.3,Rate per 1000 people,Rate per 1000 people,,,,
E07000222,Warwick,Local Authority District,Food outlets,15/03/2026,2.5,Rate per 1000 people,Rate per 1000 people,,,,
E07000222,Warwick,Local Authority District,Food outlets,15/03/2025,2.4,Rate per 1000 people,Rate per 1000 people,,,,
E07000222,Warwick,Local Authority District,Food outlets,15/03/2024,2.5,Rate per 1000 people,Rate per 1000 people,,,,
E07000222,Warwick,Local Authority District,Food outlets,15/03/2023,2.6,Rate per 1000 people,Rate per 1000 people,,,,
E07000222,Warwick,Local Authority District,Food outlets,15/03/2021,2.4,Rate per 1000 people,Rate per 1000 people,,,,
E07000222,Warwick,Local Authority District,Food outlets,15/03/2020,2.4,Rate per 1000 people,Rate per 1000 people,,,,
E07000222,Warwick,Local Authority District,Food outlets,15/03/2018,2.2,Rate per 1000 people,Rate per 1000 people,,,,
E07000222,Warwick,Local Authority District,Food outlets,15/03/2022,2.5,Rate per 1000 people,Rate per 1000 people,,,,
E07000222,Warwick,Local Authority District,Food outlets,15/03/2016,2.2,Rate per 1000 people,Rate per 1000 people,,,,
E07000222,Warwick,Local Authority District,Food outlets,15/03/2015,2.3,Rate per 1000 people,Rate per 1000 people,,,,
E07000222,Warwick,Local Authority District,Food outlets,15/03/2014,2.2,Rate per 1000 people,Rate per 1000 people,,,,
E07000222,Warwick,Local Authority District,Food outlets,15/03/2017,2.3,Rate per 1000 people,Rate per 1000 people,,,,
E07000222,Warwick,Local Authority District,Food outlets,15/03/2013,2.2,Rate per 1000 people,Rate per 1000 people,,,,
E07000222,Warwick,Local Authority District,Food outlets,15/03/2012,2.3,Rate per 1000 people,Rate per 1000 people,,,,
E07000222,Warwick,Local Authority District,Food outlets,15/03/2011,2.3,Rate per 1000 people,Rate per 1000 people,,,,
E07000222,Warwick,Local Authority District,Food outlets,15/03/2010,2.3,Rate per 1000 people,Rate per 1000 people,,,,
E47000007,West Midlands,Combined Authority or City Region,Food outlets,15/03/2026,1.9,Rate per 1000 people,Rate per 1000 people,,,,
E47000007,West Midlands,Combined Authority or City Region,Food outlets,15/03/2025,1.9,Rate per 1000 people,Rate per 1000 people,,,,
E47000007,West Midlands,Combined Authority or City Region,Food outlets,15/03/2024,1.8,Rate per 1000 people,Rate per 1000 people,,,,
E47000007,West Midlands,Combined Authority or City Region,Food outlets,15/03/2023,1.9,Rate per 1000 people,Rate per 1000 people,,,,
E47000007,West Midlands,Combined Authority or City Region,Food outlets,15/03/2022,2,Rate per 1000 people,Rate per 1000 people,,,,
E47000007,West Midlands,Combined Authority or City Region,Food outlets,15/03/2020,1.7,Rate per 1000 people,Rate per 1000 people,,,,
E47000007,West Midlands,Combined Authority or City Region,Food outlets,15/03/2019,1.7,Rate per 1000 people,Rate per 1000 people,,,,
E47000007,West Midlands,Combined Authority or City Region,Food outlets,15/03/2018,1.6,Rate per 1000 people,Rate per 1000 people,,,,
E47000007,West Midlands,Combined Authority or City Region,Food outlets,15/03/2021,1.8,Rate per 1000 people,Rate per 1000 people,,,,
E47000007,West Midlands,Combined Authority or City Region,Food outlets,15/03/2016,1.5,Rate per 1000 people,Rate per 1000 people,,,,
E47000007,West Midlands,Combined Authority or City Region,Food outlets,15/03/2015,1.5,Rate per 1000 people,Rate per 1000 people,,,,
E47000007,West Midlands,Combined Authority or City Region,Food outlets,15/03/2014,1.3,Rate per 1000 people,Rate per 1000 people,,,,
E47000007,West Midlands,Combined Authority or City Region,Food outlets,15/03/2013,1.3,Rate per 1000 people,Rate per 1000 people,,,,
E47000007,West Midlands,Combined Authority or City Region,Food outlets,15/03/2012,1.3,Rate per 1000 people,Rate per 1000 people,,,,
E47000007,West Midlands,Combined Authority or City Region,Food outlets,15/03/2011,1.3,Rate per 1000 people,Rate per 1000 people,,,,
E47000007,West Midlands,Combined Authority or City Region,Food outlets,15/03/2010,1.4,Rate per 1000 people,Rate per 1000 people,,,,
E47000007,West Midlands,Combined Authority or City Region,Food outlets,15/03/2017,1.6,Rate per 1000 people,Rate per 1000 people,,,,
E08000025,Birmingham,Local Authority District,Food outlets,15/03/2022,2,Rate per 1000 people,Rate per 1000 people,,,,
E08000025,Birmingham,Local Authority District,Food outlets,15/03/2021,1.8,Rate per 1000 people,Rate per 1000 people,,,,
E08000025,Birmingham,Local Authority District,Food outlets,15/03/2020,1.8,Rate per 1000 people,Rate per 1000 people,,,,
E08000025,Birmingham,Local Authority District,Food outlets,15/03/2019,1.7,Rate per 1000 people,Rate per 1000 people,,,,
E08000025,Birmingham,Local Authority District,Food outlets,15/03/2026,2.2,Rate per 1000 people,Rate per 1000 people,,,,
E08000025,Birmingham,Local Authority District,Food outlets,15/03/2023,2,Rate per 1000 people,Rate per 1000 people,,,,
E08000025,Birmingham,Local Authority District,Food outlets,15/03/2018,1.7,Rate per 1000 people,Rate per 1000 people,,,,
E08000025,Birmingham,Local Authority District,Food outlets,15/03/2025,2,Rate per 1000 people,Rate per 1000 people,,,,
E08000025,Birmingham,Local Authority District,Food outlets,15/03/2024,1.9,Rate per 1000 people,Rate per 1000 people,,,,
E08000025,Birmingham,Local Authority District,Food outlets,15/03/2013,1.2,Rate per 1000 people,Rate per 1000 people,,,,
E08000025,Birmingham,Local Authority District,Food outlets,15/03/2012,1.3,Rate per 1000 people,Rate per 1000 people,,,,
E08000025,Birmingham,Local Authority District,Food outlets,15/03/2011,1.3,Rate per 1000 people,Rate per 1000 people,,,,
E08000025,Birmingham,Local Authority District,Food outlets,15/03/2010,1.3,Rate per 1000 people,Rate per 1000 people,,,,
E08000025,Birmingham,Local Authority District,Food outlets,15/03/2014,1.3,Rate per 1000 people,Rate per 1000 people,,,,
E08000025,Birmingham,Local Authority District,Food outlets,15/03/2017,1.6,Rate per 1000 people,Rate per 1000 people,,,,
E08000025,Birmingham,Local Authority District,Food outlets,15/03/2016,1.6,Rate per 1000 people,Rate per 1000 people,,,,
E08000025,Birmingham,Local Authority District,Food outlets,15/03/2015,1.5,Rate per 1000 people,Rate per 1000 people,,,,
E08000026,Coventry,Local Authority District,Food outlets,15/03/2022,1.7,Rate per 1000 people,Rate per 1000 people,,,,
E08000026,Coventry,Local Authority District,Food outlets,15/03/2021,1.6,Rate per 1000 people,Rate per 1000 people,,,,
E08000026,Coventry,Local Authority District,Food outlets,15/03/2020,1.5,Rate per 1000 people,Rate per 1000 people,,,,
E08000026,Coventry,Local Authority District,Food outlets,15/03/2019,1.5,Rate per 1000 people,Rate per 1000 people,,,,
E08000026,Coventry,Local Authority District,Food outlets,15/03/2018,1.5,Rate per 1000 people,Rate per 1000 people,,,,
E08000026,Coventry,Local Authority District,Food outlets,15/03/2023,1.7,Rate per 1000 people,Rate per 1000 people,,,,
E08000026,Coventry,Local Authority District,Food outlets,15/03/2026,1.7,Rate per 1000 people,Rate per 1000 people,,,,
E08000026,Coventry,Local Authority District,Food outlets,15/03/2025,1.7,Rate per 1000 people,Rate per 1000 people,,,,
E08000026,Coventry,Local Authority District,Food outlets,15/03/2024,1.7,Rate per 1000 people,Rate per 1000 people,,,,
E08000026,Coventry,Local Authority District,Food outlets,15/03/2017,1.4,Rate per 1000 people,Rate per 1000 people,,,,
E08000026,Coventry,Local Authority District,Food outlets,15/03/2010,1.4,Rate per 1000 people,Rate per 1000 people,,,,
E08000026,Coventry,Local Authority District,Food outlets,15/03/2011,1.3,Rate per 1000 people,Rate per 1000 people,,,,
E08000026,Coventry,Local Authority District,Food outlets,15/03/2012,1.3,Rate per 1000 people,Rate per 1000 people,,,,
E08000026,Coventry,Local Authority District,Food outlets,15/03/2013,1.3,Rate per 1000 people,Rate per 1000 people,,,,
E08000026,Coventry,Local Authority District,Food outlets,15/03/2014,1.2,Rate per 1000 people,Rate per 1000 people,,,,
E08000026,Coventry,Local Authority District,Food outlets,15/03/2016,1.5,Rate per 1000 people,Rate per 1000 people,,,,
E08000026,Coventry,Local Authority District,Food outlets,15/03/2015,1.5,Rate per 1000 people,Rate per 1000 people,,,,
E08000027,Dudley,Local Authority District,Food outlets,15/03/2022,2,Rate per 1000 people,Rate per 1000 people,,,,
E08000027,Dudley,Local Authority District,Food outlets,15/03/2021,2,Rate per 1000 people,Rate per 1000 people,,,,
E08000027,Dudley,Local Authority District,Food outlets,15/03/2020,1.9,Rate per 1000 people,Rate per 1000 people,,,,
E08000027,Dudley,Local Authority District,Food outlets,15/03/2019,1.7,Rate per 1000 people,Rate per 1000 people,,,,
E08000027,Dudley,Local Authority District,Food outlets,15/03/2018,1.7,Rate per 1000 people,Rate per 1000 people,,,,
E08000027,Dudley,Local Authority District,Food outlets,15/03/2023,1.9,Rate per 1000 people,Rate per 1000 people,,,,
E08000027,Dudley,Local Authority District,Food outlets,15/03/2026,1.7,Rate per 1000 people,Rate per 1000 people,,,,
E08000027,Dudley,Local Authority District,Food outlets,15/03/2025,1.7,Rate per 1000 people,Rate per 1000 people,,,,
E08000027,Dudley,Local Authority District,Food outlets,15/03/2024,1.8,Rate per 1000 people,Rate per 1000 people,,,,
E08000027,Dudley,Local Authority District,Food outlets,15/03/2013,1.4,Rate per 1000 people,Rate per 1000 people,,,,
E08000027,Dudley,Local Authority District,Food outlets,15/03/2012,1.5,Rate per 1000 people,Rate per 1000 people,,,,
E08000027,Dudley,Local Authority District,Food outlets,15/03/2011,1.5,Rate per 1000 people,Rate per 1000 people,,,,
E08000027,Dudley,Local Authority District,Food outlets,15/03/2010,1.6,Rate per 1000 people,Rate per 1000 people,,,,
E08000027,Dudley,Local Authority District,Food outlets,15/03/2014,1.4,Rate per 1000 people,Rate per 1000 people,,,,
E08000027,Dudley,Local Authority District,Food outlets,15/03/2017,1.7,Rate per 1000 people,Rate per 1000 people,,,,
E08000027,Dudley,Local Authority District,Food outlets,15/03/2016,1.6,Rate per 1000 people,Rate per 1000 people,,,,
E08000027,Dudley,Local Authority District,Food outlets,15/03/2015,1.5,Rate per 1000 people,Rate per 1000 people,,,,
E08000028,Sandwell,Local Authority District,Food outlets,15/03/2022,2,Rate per 1000 people,Rate per 1000 people,,,,
E08000028,Sandwell,Local Authority District,Food outlets,15/03/2021,1.9,Rate per 1000 people,Rate per 1000 people,,,,
E08000028,Sandwell,Local Authority District,Food outlets,15/03/2020,1.8,Rate per 1000 people,Rate per 1000 people,,,,
E08000028,Sandwell,Local Authority District,Food outlets,15/03/2019,1.7,Rate per 1000 people,Rate per 1000 people,,,,
E08000028,Sandwell,Local Authority District,Food outlets,15/03/2024,1.9,Rate per 1000 people,Rate per 1000 people,,,,
E08000028,Sandwell,Local Authority District,Food outlets,15/03/2023,2,Rate per 1000 people,Rate per 1000 people,,,,
E08000028,Sandwell,Local Authority District,Food outlets,15/03/2026,2.1,Rate per 1000 people,Rate per 1000 people,,,,
E08000028,Sandwell,Local Authority District,Food outlets,15/03/2025,2,Rate per 1000 people,Rate per 1000 people,,,,
E08000028,Sandwell,Local Authority District,Food outlets,15/03/2018,1.7,Rate per 1000 people,Rate per 1000 people,,,,
E08000028,Sandwell,Local Authority District,Food outlets,15/03/2013,1.4,Rate per 1000 people,Rate per 1000 people,,,,
E08000028,Sandwell,Local Authority District,Food outlets,15/03/2012,1.4,Rate per 1000 people,Rate per 1000 people,,,,
E08000028,Sandwell,Local Authority District,Food outlets,15/03/2011,1.3,Rate per 1000 people,Rate per 1000 people,,,,
E08000028,Sandwell,Local Authority District,Food outlets,15/03/2010,1.4,Rate per 1000 people,Rate per 1000 people,,,,
E08000028,Sandwell,Local Authority District,Food outlets,15/03/2014,1.4,Rate per 1000 people,Rate per 1000 people,,,,
E08000028,Sandwell,Local Authority District,Food outlets,15/03/2017,1.7,Rate per 1000 people,Rate per 1000 people,,,,
E08000028,Sandwell,Local Authority District,Food outlets,15/03/2016,1.6,Rate per 1000 people,Rate per 1000 people,,,,
E08000028,Sandwell,Local Authority District,Food outlets,15/03/2015,1.7,Rate per 1000 people,Rate per 1000 people,,,,
E08000029,Solihull,Local Authority District,Food outlets,15/03/2022,1.5,Rate per 1000 people,Rate per 1000 people,,,,
E08000029,Solihull,Local Authority District,Food outlets,15/03/2021,1.4,Rate per 1000 people,Rate per 1000 people,,,,
E08000029,Solihull,Local Authority District,Food outlets,15/03/2020,1.4,Rate per 1000 people,Rate per 1000 people,,,,
E08000029,Solihull,Local Authority District,Food outlets,15/03/2018,1.3,Rate per 1000 people,Rate per 1000 people,,,,
E08000029,Solihull,Local Authority District,Food outlets,15/03/2019,1.4,Rate per 1000 people,Rate per 1000 people,,,,
E08000029,Solihull,Local Authority District,Food outlets,15/03/2024,1.4,Rate per 1000 people,Rate per 1000 people,,,,
E08000029,Solihull,Local Authority District,Food outlets,15/03/2023,1.4,Rate per 1000 people,Rate per 1000 people,,,,
E08000029,Solihull,Local Authority District,Food outlets,15/03/2026,1.5,Rate per 1000 people,Rate per 1000 people,,,,
E08000029,Solihull,Local Authority District,Food outlets,15/03/2025,1.5,Rate per 1000 people,Rate per 1000 people,,,,
E08000029,Solihull,Local Authority District,Food outlets,15/03/2017,1.3,Rate per 1000 people,Rate per 1000 people,,,,
E08000029,Solihull,Local Authority District,Food outlets,15/03/2010,1.1,Rate per 1000 people,Rate per 1000 people,,,,
E08000029,Solihull,Local Authority District,Food outlets,15/03/2011,1.1,Rate per 1000 people,Rate per 1000 people,,,,
E08000029,Solihull,Local Authority District,Food outlets,15/03/2012,1.1,Rate per 1000 people,Rate per 1000 people,,,,
E08000029,Solihull,Local Authority District,Food outlets,15/03/2013,1,Rate per 1000 people,Rate per 1000 people,,,,
E08000029,Solihull,Local Authority District,Food outlets,15/03/2014,1,Rate per 1000 people,Rate per 1000 people,,,,
E08000029,Solihull,Local Authority District,Food outlets,15/03/2016,1.2,Rate per 1000 people,Rate per 1000 people,,,,
E08000029,Solihull,Local Authority District,Food outlets,15/03/2015,1.2,Rate per 1000 people,Rate per 1000 people,,,,
E08000030,Walsall,Local Authority District,Food outlets,15/03/2022,1.9,Rate per 1000 people,Rate per 1000 people,,,,
E08000030,Walsall,Local Authority District,Food outlets,15/03/2021,1.9,Rate per 1000 people,Rate per 1000 people,,,,
E08000030,Walsall,Local Authority District,Food outlets,15/03/2020,1.8,Rate per 1000 people,Rate per 1000 people,,,,
E08000030,Walsall,Local Authority District,Food outlets,15/03/2018,1.6,Rate per 1000 people,Rate per 1000 people,,,,
E08000030,Walsall,Local Authority District,Food outlets,15/03/2019,1.6,Rate per 1000 people,Rate per 1000 people,,,,
E08000030,Walsall,Local Authority District,Food outlets,15/03/2024,1.7,Rate per 1000 people,Rate per 1000 people,,,,
E08000030,Walsall,Local Authority District,Food outlets,15/03/2023,1.8,Rate per 1000 people,Rate per 1000 people,,,,
E08000030,Walsall,Local Authority District,Food outlets,15/03/2026,1.7,Rate per 1000 people,Rate per 1000 people,,,,
E08000030,Walsall,Local Authority District,Food outlets,15/03/2025,1.7,Rate per 1000 people,Rate per 1000 people,,,,
E08000030,Walsall,Local Authority District,Food outlets,15/03/2017,1.6,Rate per 1000 people,Rate per 1000 people,,,,
E08000030,Walsall,Local Authority District,Food outlets,15/03/2010,1.3,Rate per 1000 people,Rate per 1000 people,,,,
E08000030,Walsall,Local Authority District,Food outlets,15/03/2011,1.3,Rate per 1000 people,Rate per 1000 people,,,,
E08000030,Walsall,Local Authority District,Food outlets,15/03/2012,1.3,Rate per 1000 people,Rate per 1000 people,,,,
E08000030,Walsall,Local Authority District,Food outlets,15/03/2013,1.3,Rate per 1000 people,Rate per 1000 people,,,,
E08000030,Walsall,Local Authority District,Food outlets,15/03/2014,1.3,Rate per 1000 people,Rate per 1000 people,,,,
E08000030,Walsall,Local Authority District,Food outlets,15/03/2016,1.6,Rate per 1000 people,Rate per 1000 people,,,,
E08000030,Walsall,Local Authority District,Food outlets,15/03/2015,1.5,Rate per 1000 people,Rate per 1000 people,,,,
E08000031,Wolverhampton,Local Authority District,Food outlets,15/03/2022,2.6,Rate per 1000 people,Rate per 1000 people,,,,
E08000031,Wolverhampton,Local Authority District,Food outlets,15/03/2021,1.9,Rate per 1000 people,Rate per 1000 people,,,,
E08000031,Wolverhampton,Local Authority District,Food outlets,15/03/2026,1.9,Rate per 1000 people,Rate per 1000 people,,,,
E08000031,Wolverhampton,Local Authority District,Food outlets,15/03/2020,1.8,Rate per 1000 people,Rate per 1000 people,,,,
E08000031,Wolverhampton,Local Authority District,Food outlets,15/03/2019,1.7,Rate per 1000 people,Rate per 1000 people,,,,
E08000031,Wolverhampton,Local Authority District,Food outlets,15/03/2018,1.6,Rate per 1000 people,Rate per 1000 people,,,,
E08000031,Wolverhampton,Local Authority District,Food outlets,15/03/2023,2.2,Rate per 1000 people,Rate per 1000 people,,,,
E08000031,Wolverhampton,Local Authority District,Food outlets,15/03/2025,1.8,Rate per 1000 people,Rate per 1000 people,,,,
E08000031,Wolverhampton,Local Authority District,Food outlets,15/03/2024,1.9,Rate per 1000 people,Rate per 1000 people,,,,
E08000031,Wolverhampton,Local Authority District,Food outlets,15/03/2013,1.3,Rate per 1000 people,Rate per 1000 people,,,,
E08000031,Wolverhampton,Local Authority District,Food outlets,15/03/2012,1.4,Rate per 1000 people,Rate per 1000 people,,,,
E08000031,Wolverhampton,Local Authority District,Food outlets,15/03/2011,1.4,Rate per 1000 people,Rate per 1000 people,,,,
E08000031,Wolverhampton,Local Authority District,Food outlets,15/03/2010,1.5,Rate per 1000 people,Rate per 1000 people,,,,
E08000031,Wolverhampton,Local Authority District,Food outlets,15/03/2014,1.3,Rate per 1000 people,Rate per 1000 people,,,,
E08000031,Wolverhampton,Local Authority District,Food outlets,15/03/2017,1.6,Rate per 1000 people,Rate per 1000 people,,,,
E08000031,Wolverhampton,Local Authority District,Food outlets,15/03/2016,1.6,Rate per 1000 people,Rate per 1000 people,,,,
E08000031,Wolverhampton,Local Authority District,Food outlets,15/03/2015,1.5,Rate per 1000 people,Rate per 1000 people,,,,
E10000034,Worcestershire,County or Unitary Authority,Food outlets,15/03/2019,2.1,Rate per 1000 people,Rate per 1000 people,,,,
E10000034,Worcestershire,County or Unitary Authority,Food outlets,15/03/2026,2.1,Rate per 1000 people,Rate per 1000 people,,,,
E10000034,Worcestershire,County or Unitary Authority,Food outlets,15/03/2025,2.1,Rate per 1000 people,Rate per 1000 people,,,,
E10000034,Worcestershire,County or Unitary Authority,Food outlets,15/03/2024,2.1,Rate per 1000 people,Rate per 1000 people,,,,
E10000034,Worcestershire,County or Unitary Authority,Food outlets,15/03/2023,2.3,Rate per 1000 people,Rate per 1000 people,,,,
E10000034,Worcestershire,County or Unitary Authority,Food outlets,15/03/2021,2.4,Rate per 1000 people,Rate per 1000 people,,,,
E10000034,Worcestershire,County or Unitary Authority,Food outlets,15/03/2020,2.4,Rate per 1000 people,Rate per 1000 people,,,,
E10000034,Worcestershire,County or Unitary Authority,Food outlets,15/03/2018,2,Rate per 1000 people,Rate per 1000 people,,,,
E10000034,Worcestershire,County or Unitary Authority,Food outlets,15/03/2022,2.8,Rate per 1000 people,Rate per 1000 people,,,,
E10000034,Worcestershire,County or Unitary Authority,Food outlets,15/03/2016,2,Rate per 1000 people,Rate per 1000 people,,,,
E10000034,Worcestershire,County or Unitary Authority,Food outlets,15/03/2015,2,Rate per 1000 people,Rate per 1000 people,,,,
E10000034,Worcestershire,County or Unitary Authority,Food outlets,15/03/2014,1.8,Rate per 1000 people,Rate per 1000 people,,,,
E10000034,Worcestershire,County or Unitary Authority,Food outlets,15/03/2013,1.8,Rate per 1000 people,Rate per 1000 people,,,,
E10000034,Worcestershire,County or Unitary Authority,Food outlets,15/03/2012,1.9,Rate per 1000 people,Rate per 1000 people,,,,
E10000034,Worcestershire,County or Unitary Authority,Food outlets,15/03/2011,1.9,Rate per 1000 people,Rate per 1000 people,,,,
E10000034,Worcestershire,County or Unitary Authority,Food outlets,15/03/2010,2,Rate per 1000 people,Rate per 1000 people,,,,
E10000034,Worcestershire,County or Unitary Authority,Food outlets,15/03/2017,1.9,Rate per 1000 people,Rate per 1000 people,,,,
E07000234,Bromsgrove,Local Authority District,Food outlets,15/03/2026,2,Rate per 1000 people,Rate per 1000 people,,,,
E07000234,Bromsgrove,Local Authority District,Food outlets,15/03/2025,2,Rate per 1000 people,Rate per 1000 people,,,,
E07000234,Bromsgrove,Local Authority District,Food outlets,15/03/2024,2.1,Rate per 1000 people,Rate per 1000 people,,,,
E07000234,Bromsgrove,Local Authority District,Food outlets,15/03/2023,2.4,Rate per 1000 people,Rate per 1000 people,,,,
E07000234,Bromsgrove,Local Authority District,Food outlets,15/03/2022,2.4,Rate per 1000 people,Rate per 1000 people,,,,
E07000234,Bromsgrove,Local Authority District,Food outlets,15/03/2021,2.2,Rate per 1000 people,Rate per 1000 people,,,,
E07000234,Bromsgrove,Local Authority District,Food outlets,15/03/2020,2.1,Rate per 1000 people,Rate per 1000 people,,,,
E07000234,Bromsgrove,Local Authority District,Food outlets,15/03/2019,1.9,Rate per 1000 people,Rate per 1000 people,,,,
E07000234,Bromsgrove,Local Authority District,Food outlets,15/03/2018,1.9,Rate per 1000 people,Rate per 1000 people,,,,
E07000234,Bromsgrove,Local Authority District,Food outlets,15/03/2016,1.9,Rate per 1000 people,Rate per 1000 people,,,,
E07000234,Bromsgrove,Local Authority District,Food outlets,15/03/2015,1.8,Rate per 1000 people,Rate per 1000 people,,,,
E07000234,Bromsgrove,Local Authority District,Food outlets,15/03/2014,1.6,Rate per 1000 people,Rate per 1000 people,,,,
E07000234,Bromsgrove,Local Authority District,Food outlets,15/03/2013,1.7,Rate per 1000 people,Rate per 1000 people,,,,
E07000234,Bromsgrove,Local Authority District,Food outlets,15/03/2012,1.8,Rate per 1000 people,Rate per 1000 people,,,,
E07000234,Bromsgrove,Local Authority District,Food outlets,15/03/2011,1.8,Rate per 1000 people,Rate per 1000 people,,,,
E07000234,Bromsgrove,Local Authority District,Food outlets,15/03/2010,1.9,Rate per 1000 people,Rate per 1000 people,,,,
E07000234,Bromsgrove,Local Authority District,Food outlets,15/03/2017,1.7,Rate per 1000 people,Rate per 1000 people,,,,
E07000235,Malvern Hills,Local Authority District,Food outlets,15/03/2020,2.6,Rate per 1000 people,Rate per 1000 people,,,,
E07000235,Malvern Hills,Local Authority District,Food outlets,15/03/2026,2.3,Rate per 1000 people,Rate per 1000 people,,,,
E07000235,Malvern Hills,Local Authority District,Food outlets,15/03/2025,2.2,Rate per 1000 people,Rate per 1000 people,,,,
E07000235,Malvern Hills,Local Authority District,Food outlets,15/03/2024,2.2,Rate per 1000 people,Rate per 1000 people,,,,
E07000235,Malvern Hills,Local Authority District,Food outlets,15/03/2023,2.3,Rate per 1000 people,Rate per 1000 people,,,,
E07000235,Malvern Hills,Local Authority District,Food outlets,15/03/2022,3,Rate per 1000 people,Rate per 1000 people,,,,
E07000235,Malvern Hills,Local Authority District,Food outlets,15/03/2021,2.4,Rate per 1000 people,Rate per 1000 people,,,,
E07000235,Malvern Hills,Local Authority District,Food outlets,15/03/2019,2.6,Rate per 1000 people,Rate per 1000 people,,,,
E07000235,Malvern Hills,Local Authority District,Food outlets,15/03/2014,2.4,Rate per 1000 people,Rate per 1000 people,,,,
E07000235,Malvern Hills,Local Authority District,Food outlets,15/03/2017,2.5,Rate per 1000 people,Rate per 1000 people,,,,
E07000235,Malvern Hills,Local Authority District,Food outlets,15/03/2016,2.6,Rate per 1000 people,Rate per 1000 people,,,,
E07000235,Malvern Hills,Local Authority District,Food outlets,15/03/2015,2.6,Rate per 1000 people,Rate per 1000 people,,,,
E07000235,Malvern Hills,Local Authority District,Food outlets,15/03/2018,2.6,Rate per 1000 people,Rate per 1000 people,,,,
E07000235,Malvern Hills,Local Authority District,Food outlets,15/03/2013,2.4,Rate per 1000 people,Rate per 1000 people,,,,
E07000235,Malvern Hills,Local Authority District,Food outlets,15/03/2012,2.6,Rate per 1000 people,Rate per 1000 people,,,,
E07000235,Malvern Hills,Local Authority District,Food outlets,15/03/2011,2.5,Rate per 1000 people,Rate per 1000 people,,,,
E07000235,Malvern Hills,Local Authority District,Food outlets,15/03/2010,2.3,Rate per 1000 people,Rate per 1000 people,,,,
E07000236,Redditch,Local Authority District,Food outlets,15/03/2025,1.7,Rate per 1000 people,Rate per 1000 people,,,,
E07000236,Redditch,Local Authority District,Food outlets,15/03/2024,1.5,Rate per 1000 people,Rate per 1000 people,,,,
E07000236,Redditch,Local Authority District,Food outlets,15/03/2023,1.9,Rate per 1000 people,Rate per 1000 people,,,,
E07000236,Redditch,Local Authority District,Food outlets,15/03/2022,1.7,Rate per 1000 people,Rate per 1000 people,,,,
E07000236,Redditch,Local Authority District,Food outlets,15/03/2021,1.7,Rate per 1000 people,Rate per 1000 people,,,,
E07000236,Redditch,Local Authority District,Food outlets,15/03/2020,2.1,Rate per 1000 people,Rate per 1000 people,,,,
E07000236,Redditch,Local Authority District,Food outlets,15/03/2019,1.7,Rate per 1000 people,Rate per 1000 people,,,,
E07000236,Redditch,Local Authority District,Food outlets,15/03/2018,1.3,Rate per 1000 people,Rate per 1000 people,,,,
E07000236,Redditch,Local Authority District,Food outlets,15/03/2026,1.5,Rate per 1000 people,Rate per 1000 people,,,,
E07000236,Redditch,Local Authority District,Food outlets,15/03/2016,1.3,Rate per 1000 people,Rate per 1000 people,,,,
E07000236,Redditch,Local Authority District,Food outlets,15/03/2015,1.3,Rate per 1000 people,Rate per 1000 people,,,,
E07000236,Redditch,Local Authority District,Food outlets,15/03/2014,1.1,Rate per 1000 people,Rate per 1000 people,,,,
E07000236,Redditch,Local Authority District,Food outlets,15/03/2013,1.2,Rate per 1000 people,Rate per 1000 people,,,,
E07000236,Redditch,Local Authority District,Food outlets,15/03/2012,1.2,Rate per 1000 people,Rate per 1000 people,,,,
E07000236,Redditch,Local Authority District,Food outlets,15/03/2011,1.2,Rate per 1000 people,Rate per 1000 people,,,,
E07000236,Redditch,Local Authority District,Food outlets,15/03/2010,1.3,Rate per 1000 people,Rate per 1000 people,,,,
E07000236,Redditch,Local Authority District,Food outlets,15/03/2017,1.3,Rate per 1000 people,Rate per 1000 people,,,,
E07000237,Worcester,Local Authority District,Food outlets,15/03/2026,2.2,Rate per 1000 people,Rate per 1000 people,,,,
E07000237,Worcester,Local Authority District,Food outlets,15/03/2025,2.2,Rate per 1000 people,Rate per 1000 people,,,,
E07000237,Worcester,Local Authority District,Food outlets,15/03/2024,2.2,Rate per 1000 people,Rate per 1000 people,,,,
E07000237,Worcester,Local Authority District,Food outlets,15/03/2023,2.2,Rate per 1000 people,Rate per 1000 people,,,,
E07000237,Worcester,Local Authority District,Food outlets,15/03/2022,2.6,Rate per 1000 people,Rate per 1000 people,,,,
E07000237,Worcester,Local Authority District,Food outlets,15/03/2021,2.1,Rate per 1000 people,Rate per 1000 people,,,,
E07000237,Worcester,Local Authority District,Food outlets,15/03/2020,2.1,Rate per 1000 people,Rate per 1000 people,,,,
E07000237,Worcester,Local Authority District,Food outlets,15/03/2019,2.1,Rate per 1000 people,Rate per 1000 people,,,,
E07000237,Worcester,Local Authority District,Food outlets,15/03/2018,2,Rate per 1000 people,Rate per 1000 people,,,,
E07000237,Worcester,Local Authority District,Food outlets,15/03/2016,2.1,Rate per 1000 people,Rate per 1000 people,,,,
E07000237,Worcester,Local Authority District,Food outlets,15/03/2015,2.1,Rate per 1000 people,Rate per 1000 people,,,,
E07000237,Worcester,Local Authority District,Food outlets,15/03/2014,1.9,Rate per 1000 people,Rate per 1000 people,,,,
E07000237,Worcester,Local Authority District,Food outlets,15/03/2013,1.9,Rate per 1000 people,Rate per 1000 people,,,,
E07000237,Worcester,Local Authority District,Food outlets,15/03/2012,1.9,Rate per 1000 people,Rate per 1000 people,,,,
E07000237,Worcester,Local Authority District,Food outlets,15/03/2011,2,Rate per 1000 people,Rate per 1000 people,,,,
E07000237,Worcester,Local Authority District,Food outlets,15/03/2010,2.1,Rate per 1000 people,Rate per 1000 people,,,,
E07000237,Worcester,Local Authority District,Food outlets,15/03/2017,2,Rate per 1000 people,Rate per 1000 people,,,,
E07000238,Wychavon,Local Authority District,Food outlets,15/03/2019,2.2,Rate per 1000 people,Rate per 1000 people,,,,
E07000238,Wychavon,Local Authority District,Food outlets,15/03/2025,2.2,Rate per 1000 people,Rate per 1000 people,,,,
E07000238,Wychavon,Local Authority District,Food outlets,15/03/2024,2.2,Rate per 1000 people,Rate per 1000 people,,,,
E07000238,Wychavon,Local Authority District,Food outlets,15/03/2023,2.3,Rate per 1000 people,Rate per 1000 people,,,,
E07000238,Wychavon,Local Authority District,Food outlets,15/03/2022,3,Rate per 1000 people,Rate per 1000 people,,,,
E07000238,Wychavon,Local Authority District,Food outlets,15/03/2021,2.6,Rate per 1000 people,Rate per 1000 people,,,,
E07000238,Wychavon,Local Authority District,Food outlets,15/03/2020,2.6,Rate per 1000 people,Rate per 1000 people,,,,
E07000238,Wychavon,Local Authority District,Food outlets,15/03/2018,2,Rate per 1000 people,Rate per 1000 people,,,,
E07000238,Wychavon,Local Authority District,Food outlets,15/03/2026,2.1,Rate per 1000 people,Rate per 1000 people,,,,
E07000238,Wychavon,Local Authority District,Food outlets,15/03/2016,2.1,Rate per 1000 people,Rate per 1000 people,,,,
E07000238,Wychavon,Local Authority District,Food outlets,15/03/2015,2.1,Rate per 1000 people,Rate per 1000 people,,,,
E07000238,Wychavon,Local Authority District,Food outlets,15/03/2014,2.1,Rate per 1000 people,Rate per 1000 people,,,,
E07000238,Wychavon,Local Authority District,Food outlets,15/03/2013,2.1,Rate per 1000 people,Rate per 1000 people,,,,
E07000238,Wychavon,Local Authority District,Food outlets,15/03/2012,2,Rate per 1000 people,Rate per 1000 people,,,,
E07000238,Wychavon,Local Authority District,Food outlets,15/03/2011,2.1,Rate per 1000 people,Rate per 1000 people,,,,
E07000238,Wychavon,Local Authority District,Food outlets,15/03/2010,2.1,Rate per 1000 people,Rate per 1000 people,,,,
E07000238,Wychavon,Local Authority District,Food outlets,15/03/2017,2.1,Rate per 1000 people,Rate per 1000 people,,,,
E07000239,Wyre Forest,Local Authority District,Food outlets,15/03/2026,2.2,Rate per 1000 people,Rate per 1000 people,,,,
E07000239,Wyre Forest,Local Authority District,Food outlets,15/03/2025,2.2,Rate per 1000 people,Rate per 1000 people,,,,
E07000239,Wyre Forest,Local Authority District,Food outlets,15/03/2024,2.2,Rate per 1000 people,Rate per 1000 people,,,,
E07000239,Wyre Forest,Local Authority District,Food outlets,15/03/2023,2.5,Rate per 1000 people,Rate per 1000 people,,,,
E07000239,Wyre Forest,Local Authority District,Food outlets,15/03/2022,3.8,Rate per 1000 people,Rate per 1000 people,,,,
E07000239,Wyre Forest,Local Authority District,Food outlets,15/03/2021,3.2,Rate per 1000 people,Rate per 1000 people,,,,
E07000239,Wyre Forest,Local Authority District,Food outlets,15/03/2020,2.9,Rate per 1000 people,Rate per 1000 people,,,,
E07000239,Wyre Forest,Local Authority District,Food outlets,15/03/2019,2.1,Rate per 1000 people,Rate per 1000 people,,,,
E07000239,Wyre Forest,Local Authority District,Food outlets,15/03/2018,2,Rate per 1000 people,Rate per 1000 people,,,,
E07000239,Wyre Forest,Local Authority District,Food outlets,15/03/2017,2,Rate per 1000 people,Rate per 1000 people,,,,
E07000239,Wyre Forest,Local Authority District,Food outlets,15/03/2016,2,Rate per 1000 people,Rate per 1000 people,,,,
E07000239,Wyre Forest,Local Authority District,Food outlets,15/03/2015,2.1,Rate per 1000 people,Rate per 1000 people,,,,
E07000239,Wyre Forest,Local Authority District,Food outlets,15/03/2014,1.8,Rate per 1000 people,Rate per 1000 people,,,,
E07000239,Wyre Forest,Local Authority District,Food outlets,15/03/2013,1.8,Rate per 1000 people,Rate per 1000 people,,,,
E07000239,Wyre Forest,Local Authority District,Food outlets,15/03/2012,1.9,Rate per 1000 people,Rate per 1000 people,,,,
E07000239,Wyre Forest,Local Authority District,Food outlets,15/03/2011,1.7,Rate per 1000 people,Rate per 1000 people,,,,
E07000239,Wyre Forest,Local Authority District,Food outlets,15/03/2010,1.9,Rate per 1000 people,Rate per 1000 people,,,,
E12000006,East of England,Region,Food outlets,15/03/2026,2,Rate per 1000 people,Rate per 1000 people,,,,
E12000006,East of England,Region,Food outlets,15/03/2025,2,Rate per 1000 people,Rate per 1000 people,,,,
E12000006,East of England,Region,Food outlets,15/03/2024,2,Rate per 1000 people,Rate per 1000 people,,,,
E12000006,East of England,Region,Food outlets,15/03/2023,2,Rate per 1000 people,Rate per 1000 people,,,,
E12000006,East of England,Region,Food outlets,15/03/2022,2,Rate per 1000 people,Rate per 1000 people,,,,
E12000006,East of England,Region,Food outlets,15/03/2020,1.9,Rate per 1000 people,Rate per 1000 people,,,,
E12000006,East of England,Region,Food outlets,15/03/2019,1.9,Rate per 1000 people,Rate per 1000 people,,,,
E12000006,East of England,Region,Food outlets,15/03/2018,1.9,Rate per 1000 people,Rate per 1000 people,,,,
E12000006,East of England,Region,Food outlets,15/03/2021,1.9,Rate per 1000 people,Rate per 1000 people,,,,
E12000006,East of England,Region,Food outlets,15/03/2016,1.8,Rate per 1000 people,Rate per 1000 people,,,,
E12000006,East of England,Region,Food outlets,15/03/2015,1.8,Rate per 1000 people,Rate per 1000 people,,,,
E12000006,East of England,Region,Food outlets,15/03/2014,1.7,Rate per 1000 people,Rate per 1000 people,,,,
E12000006,East of England,Region,Food outlets,15/03/2013,1.7,Rate per 1000 people,Rate per 1000 people,,,,
E12000006,East of England,Region,Food outlets,15/03/2012,1.7,Rate per 1000 people,Rate per 1000 people,,,,
E12000006,East of England,Region,Food outlets,15/03/2011,1.7,Rate per 1000 people,Rate per 1000 people,,,,
E12000006,East of England,Region,Food outlets,15/03/2010,1.8,Rate per 1000 people,Rate per 1000 people,,,,
E12000006,East of England,Region,Food outlets,15/03/2017,1.8,Rate per 1000 people,Rate per 1000 people,,,,
E06000055,Bedford,County or Unitary Authority,Food outlets,15/03/2022,2,Rate per 1000 people,Rate per 1000 people,,,,
E06000055,Bedford,County or Unitary Authority,Food outlets,15/03/2021,1.9,Rate per 1000 people,Rate per 1000 people,,,,
E06000055,Bedford,County or Unitary Authority,Food outlets,15/03/2020,1.8,Rate per 1000 people,Rate per 1000 people,,,,
E06000055,Bedford,County or Unitary Authority,Food outlets,15/03/2019,1.8,Rate per 1000 people,Rate per 1000 people,,,,
E06000055,Bedford,County or Unitary Authority,Food outlets,15/03/2026,1.9,Rate per 1000 people,Rate per 1000 people,,,,
E06000055,Bedford,County or Unitary Authority,Food outlets,15/03/2023,1.9,Rate per 1000 people,Rate per 1000 people,,,,
E06000055,Bedford,County or Unitary Authority,Food outlets,15/03/2018,1.7,Rate per 1000 people,Rate per 1000 people,,,,
E06000055,Bedford,County or Unitary Authority,Food outlets,15/03/2025,1.9,Rate per 1000 people,Rate per 1000 people,,,,
E06000055,Bedford,County or Unitary Authority,Food outlets,15/03/2024,1.9,Rate per 1000 people,Rate per 1000 people,,,,
E06000055,Bedford,County or Unitary Authority,Food outlets,15/03/2013,1.6,Rate per 1000 people,Rate per 1000 people,,,,
E06000055,Bedford,County or Unitary Authority,Food outlets,15/03/2012,1.6,Rate per 1000 people,Rate per 1000 people,,,,
E06000055,Bedford,County or Unitary Authority,Food outlets,15/03/2011,1.6,Rate per 1000 people,Rate per 1000 people,,,,
E06000055,Bedford,County or Unitary Authority,Food outlets,15/03/2010,1.8,Rate per 1000 people,Rate per 1000 people,,,,
E06000055,Bedford,County or Unitary Authority,Food outlets,15/03/2014,1.6,Rate per 1000 people,Rate per 1000 people,,,,
E06000055,Bedford,County or Unitary Authority,Food outlets,15/03/2017,1.7,Rate per 1000 people,Rate per 1000 people,,,,
E06000055,Bedford,County or Unitary Authority,Food outlets,15/03/2016,1.8,Rate per 1000 people,Rate per 1000 people,,,,
E06000055,Bedford,County or Unitary Authority,Food outlets,15/03/2015,1.7,Rate per 1000 people,Rate per 1000 people,,,,
E06000056,Central Bedfordshire,County or Unitary Authority,Food outlets,15/03/2022,1.7,Rate per 1000 people,Rate per 1000 people,,,,
E06000056,Central Bedfordshire,County or Unitary Authority,Food outlets,15/03/2021,1.6,Rate per 1000 people,Rate per 1000 people,,,,
E06000056,Central Bedfordshire,County or Unitary Authority,Food outlets,15/03/2020,1.7,Rate per 1000 people,Rate per 1000 people,,,,
E06000056,Central Bedfordshire,County or Unitary Authority,Food outlets,15/03/2019,1.7,Rate per 1000 people,Rate per 1000 people,,,,
E06000056,Central Bedfordshire,County or Unitary Authority,Food outlets,15/03/2018,1.7,Rate per 1000 people,Rate per 1000 people,,,,
E06000056,Central Bedfordshire,County or Unitary Authority,Food outlets,15/03/2023,1.7,Rate per 1000 people,Rate per 1000 people,,,,
E06000056,Central Bedfordshire,County or Unitary Authority,Food outlets,15/03/2026,1.7,Rate per 1000 people,Rate per 1000 people,,,,
E06000056,Central Bedfordshire,County or Unitary Authority,Food outlets,15/03/2025,1.7,Rate per 1000 people,Rate per 1000 people,,,,
E06000056,Central Bedfordshire,County or Unitary Authority,Food outlets,15/03/2024,1.7,Rate per 1000 people,Rate per 1000 people,,,,
E06000056,Central Bedfordshire,County or Unitary Authority,Food outlets,15/03/2017,1.8,Rate per 1000 people,Rate per 1000 people,,,,
E06000056,Central Bedfordshire,County or Unitary Authority,Food outlets,15/03/2010,1.9,Rate per 1000 people,Rate per 1000 people,,,,
E06000056,Central Bedfordshire,County or Unitary Authority,Food outlets,15/03/2011,1.8,Rate per 1000 people,Rate per 1000 people,,,,
E06000056,Central Bedfordshire,County or Unitary Authority,Food outlets,15/03/2012,1.8,Rate per 1000 people,Rate per 1000 people,,,,
E06000056,Central Bedfordshire,County or Unitary Authority,Food outlets,15/03/2013,1.7,Rate per 1000 people,Rate per 1000 people,,,,
E06000056,Central Bedfordshire,County or Unitary Authority,Food outlets,15/03/2014,1.7,Rate per 1000 people,Rate per 1000 people,,,,
E06000056,Central Bedfordshire,County or Unitary Authority,Food outlets,15/03/2016,1.8,Rate per 1000 people,Rate per 1000 people,,,,
E06000056,Central Bedfordshire,County or Unitary Authority,Food outlets,15/03/2015,1.8,Rate per 1000 people,Rate per 1000 people,,,,
E06000032,Luton,County or Unitary Authority,Food outlets,15/03/2021,1.4,Rate per 1000 people,Rate per 1000 people,,,,
E06000032,Luton,County or Unitary Authority,Food outlets,15/03/2022,1.7,Rate per 1000 people,Rate per 1000 people,,,,
E06000032,Luton,County or Unitary Authority,Food outlets,15/03/2019,1.3,Rate per 1000 people,Rate per 1000 people,,,,
E06000032,Luton,County or Unitary Authority,Food outlets,15/03/2020,1.4,Rate per 1000 people,Rate per 1000 people,,,,
E06000032,Luton,County or Unitary Authority,Food outlets,15/03/2024,1.7,Rate per 1000 people,Rate per 1000 people,,,,
E06000032,Luton,County or Unitary Authority,Food outlets,15/03/2023,1.7,Rate per 1000 people,Rate per 1000 people,,,,
E06000032,Luton,County or Unitary Authority,Food outlets,15/03/2026,1.9,Rate per 1000 people,Rate per 1000 people,,,,
E06000032,Luton,County or Unitary Authority,Food outlets,15/03/2025,1.8,Rate per 1000 people,Rate per 1000 people,,,,
E06000032,Luton,County or Unitary Authority,Food outlets,15/03/2018,1.3,Rate per 1000 people,Rate per 1000 people,,,,
E06000032,Luton,County or Unitary Authority,Food outlets,15/03/2013,1.2,Rate per 1000 people,Rate per 1000 people,,,,
E06000032,Luton,County or Unitary Authority,Food outlets,15/03/2012,1.2,Rate per 1000 people,Rate per 1000 people,,,,
E06000032,Luton,County or Unitary Authority,Food outlets,15/03/2011,1.2,Rate per 1000 people,Rate per 1000 people,,,,
E06000032,Luton,County or Unitary Authority,Food outlets,15/03/2010,1.3,Rate per 1000 people,Rate per 1000 people,,,,
E06000032,Luton,County or Unitary Authority,Food outlets,15/03/2014,1.1,Rate per 1000 people,Rate per 1000 people,,,,
E06000032,Luton,County or Unitary Authority,Food outlets,15/03/2017,1.2,Rate per 1000 people,Rate per 1000 people,,,,
E06000032,Luton,County or Unitary Authority,Food outlets,15/03/2016,1.3,Rate per 1000 people,Rate per 1000 people,,,,
E06000032,Luton,County or Unitary Authority,Food outlets,15/03/2015,1.2,Rate per 1000 people,Rate per 1000 people,,,,
E06000031,Peterborough,County or Unitary Authority,Food outlets,15/03/2021,1.8,Rate per 1000 people,Rate per 1000 people,,,,
E06000031,Peterborough,County or Unitary Authority,Food outlets,15/03/2022,1.6,Rate per 1000 people,Rate per 1000 people,,,,
E06000031,Peterborough,County or Unitary Authority,Food outlets,15/03/2020,1.6,Rate per 1000 people,Rate per 1000 people,,,,
E06000031,Peterborough,County or Unitary Authority,Food outlets,15/03/2019,1.5,Rate per 1000 people,Rate per 1000 people,,,,
E06000031,Peterborough,County or Unitary Authority,Food outlets,15/03/2024,1.6,Rate per 1000 people,Rate per 1000 people,,,,
E06000031,Peterborough,County or Unitary Authority,Food outlets,15/03/2023,1.6,Rate per 1000 people,Rate per 1000 people,,,,
E06000031,Peterborough,County or Unitary Authority,Food outlets,15/03/2018,1.4,Rate per 1000 people,Rate per 1000 people,,,,
E06000031,Peterborough,County or Unitary Authority,Food outlets,15/03/2026,1.6,Rate per 1000 people,Rate per 1000 people,,,,
E06000031,Peterborough,County or Unitary Authority,Food outlets,15/03/2025,1.6,Rate per 1000 people,Rate per 1000 people,,,,
E06000031,Peterborough,County or Unitary Authority,Food outlets,15/03/2013,1.1,Rate per 1000 people,Rate per 1000 people,,,,
E06000031,Peterborough,County or Unitary Authority,Food outlets,15/03/2012,1.2,Rate per 1000 people,Rate per 1000 people,,,,
E06000031,Peterborough,County or Unitary Authority,Food outlets,15/03/2011,1.3,Rate per 1000 people,Rate per 1000 people,,,,
E06000031,Peterborough,County or Unitary Authority,Food outlets,15/03/2010,1.3,Rate per 1000 people,Rate per 1000 people,,,,
E06000031,Peterborough,County or Unitary Authority,Food outlets,15/03/2014,1.2,Rate per 1000 people,Rate per 1000 people,,,,
E06000031,Peterborough,County or Unitary Authority,Food outlets,15/03/2017,1.4,Rate per 1000 people,Rate per 1000 people,,,,
E06000031,Peterborough,County or Unitary Authority,Food outlets,15/03/2016,1.3,Rate per 1000 people,Rate per 1000 people,,,,
E06000031,Peterborough,County or Unitary Authority,Food outlets,15/03/2015,1.3,Rate per 1000 people,Rate per 1000 people,,,,
E06000033,Southend-on-Sea,County or Unitary Authority,Food outlets,15/03/2022,3.1,Rate per 1000 people,Rate per 1000 people,,,,
E06000033,Southend-on-Sea,County or Unitary Authority,Food outlets,15/03/2021,2.7,Rate per 1000 people,Rate per 1000 people,,,,
E06000033,Southend-on-Sea,County or Unitary Authority,Food outlets,15/03/2020,2.5,Rate per 1000 people,Rate per 1000 people,,,,
E06000033,Southend-on-Sea,County or Unitary Authority,Food outlets,15/03/2018,2.4,Rate per 1000 people,Rate per 1000 people,,,,
E06000033,Southend-on-Sea,County or Unitary Authority,Food outlets,15/03/2019,2.4,Rate per 1000 people,Rate per 1000 people,,,,
E06000033,Southend-on-Sea,County or Unitary Authority,Food outlets,15/03/2024,2.8,Rate per 1000 people,Rate per 1000 people,,,,
E06000033,Southend-on-Sea,County or Unitary Authority,Food outlets,15/03/2023,3,Rate per 1000 people,Rate per 1000 people,,,,
E06000033,Southend-on-Sea,County or Unitary Authority,Food outlets,15/03/2026,2.8,Rate per 1000 people,Rate per 1000 people,,,,
E06000033,Southend-on-Sea,County or Unitary Authority,Food outlets,15/03/2025,2.8,Rate per 1000 people,Rate per 1000 people,,,,
E06000033,Southend-on-Sea,County or Unitary Authority,Food outlets,15/03/2017,2.3,Rate per 1000 people,Rate per 1000 people,,,,
E06000033,Southend-on-Sea,County or Unitary Authority,Food outlets,15/03/2010,1.9,Rate per 1000 people,Rate per 1000 people,,,,
E06000033,Southend-on-Sea,County or Unitary Authority,Food outlets,15/03/2011,1.9,Rate per 1000 people,Rate per 1000 people,,,,
E06000033,Southend-on-Sea,County or Unitary Authority,Food outlets,15/03/2012,2,Rate per 1000 people,Rate per 1000 people,,,,
E06000033,Southend-on-Sea,County or Unitary Authority,Food outlets,15/03/2013,2,Rate per 1000 people,Rate per 1000 people,,,,
E06000033,Southend-on-Sea,County or Unitary Authority,Food outlets,15/03/2014,2,Rate per 1000 people,Rate per 1000 people,,,,
E06000033,Southend-on-Sea,County or Unitary Authority,Food outlets,15/03/2016,2.4,Rate per 1000 people,Rate per 1000 people,,,,
E06000033,Southend-on-Sea,County or Unitary Authority,Food outlets,15/03/2015,2.4,Rate per 1000 people,Rate per 1000 people,,,,
E06000034,Thurrock,County or Unitary Authority,Food outlets,15/03/2022,1.6,Rate per 1000 people,Rate per 1000 people,,,,
E06000034,Thurrock,County or Unitary Authority,Food outlets,15/03/2020,1.6,Rate per 1000 people,Rate per 1000 people,,,,
E06000034,Thurrock,County or Unitary Authority,Food outlets,15/03/2021,1.6,Rate per 1000 people,Rate per 1000 people,,,,
E06000034,Thurrock,County or Unitary Authority,Food outlets,15/03/2018,1.4,Rate per 1000 people,Rate per 1000 people,,,,
E06000034,Thurrock,County or Unitary Authority,Food outlets,15/03/2019,1.4,Rate per 1000 people,Rate per 1000 people,,,,
E06000034,Thurrock,County or Unitary Authority,Food outlets,15/03/2026,1.6,Rate per 1000 people,Rate per 1000 people,,,,
E06000034,Thurrock,County or Unitary Authority,Food outlets,15/03/2023,1.6,Rate per 1000 people,Rate per 1000 people,,,,
E06000034,Thurrock,County or Unitary Authority,Food outlets,15/03/2025,1.5,Rate per 1000 people,Rate per 1000 people,,,,
E06000034,Thurrock,County or Unitary Authority,Food outlets,15/03/2024,1.5,Rate per 1000 people,Rate per 1000 people,,,,
E06000034,Thurrock,County or Unitary Authority,Food outlets,15/03/2017,1.4,Rate per 1000 people,Rate per 1000 people,,,,
E06000034,Thurrock,County or Unitary Authority,Food outlets,15/03/2010,1.3,Rate per 1000 people,Rate per 1000 people,,,,
E06000034,Thurrock,County or Unitary Authority,Food outlets,15/03/2011,1.2,Rate per 1000 people,Rate per 1000 people,,,,
E06000034,Thurrock,County or Unitary Authority,Food outlets,15/03/2012,1.3,Rate per 1000 people,Rate per 1000 people,,,,
E06000034,Thurrock,County or Unitary Authority,Food outlets,15/03/2013,1.2,Rate per 1000 people,Rate per 1000 people,,,,
E06000034,Thurrock,County or Unitary Authority,Food outlets,15/03/2014,1.2,Rate per 1000 people,Rate per 1000 people,,,,
E06000034,Thurrock,County or Unitary Authority,Food outlets,15/03/2016,1.4,Rate per 1000 people,Rate per 1000 people,,,,
E06000034,Thurrock,County or Unitary Authority,Food outlets,15/03/2015,1.4,Rate per 1000 people,Rate per 1000 people,,,,
E10000003,Cambridgeshire,County or Unitary Authority,Food outlets,15/03/2021,1.9,Rate per 1000 people,Rate per 1000 people,,,,
E10000003,Cambridgeshire,County or Unitary Authority,Food outlets,15/03/2022,1.9,Rate per 1000 people,Rate per 1000 people,,,,
E10000003,Cambridgeshire,County or Unitary Authority,Food outlets,15/03/2026,1.9,Rate per 1000 people,Rate per 1000 people,,,,
E10000003,Cambridgeshire,County or Unitary Authority,Food outlets,15/03/2024,1.8,Rate per 1000 people,Rate per 1000 people,,,,
E10000003,Cambridgeshire,County or Unitary Authority,Food outlets,15/03/2025,1.8,Rate per 1000 people,Rate per 1000 people,,,,
E10000003,Cambridgeshire,County or Unitary Authority,Food outlets,15/03/2020,1.8,Rate per 1000 people,Rate per 1000 people,,,,
E10000003,Cambridgeshire,County or Unitary Authority,Food outlets,15/03/2023,1.8,Rate per 1000 people,Rate per 1000 people,,,,
E10000003,Cambridgeshire,County or Unitary Authority,Food outlets,15/03/2019,1.8,Rate per 1000 people,Rate per 1000 people,,,,
E10000003,Cambridgeshire,County or Unitary Authority,Food outlets,15/03/2014,1.7,Rate per 1000 people,Rate per 1000 people,,,,
E10000003,Cambridgeshire,County or Unitary Authority,Food outlets,15/03/2017,1.8,Rate per 1000 people,Rate per 1000 people,,,,
E10000003,Cambridgeshire,County or Unitary Authority,Food outlets,15/03/2016,1.8,Rate per 1000 people,Rate per 1000 people,,,,
E10000003,Cambridgeshire,County or Unitary Authority,Food outlets,15/03/2015,1.8,Rate per 1000 people,Rate per 1000 people,,,,
E10000003,Cambridgeshire,County or Unitary Authority,Food outlets,15/03/2013,1.7,Rate per 1000 people,Rate per 1000 people,,,,
E10000003,Cambridgeshire,County or Unitary Authority,Food outlets,15/03/2012,1.7,Rate per 1000 people,Rate per 1000 people,,,,
E10000003,Cambridgeshire,County or Unitary Authority,Food outlets,15/03/2011,1.7,Rate per 1000 people,Rate per 1000 people,,,,
E10000003,Cambridgeshire,County or Unitary Authority,Food outlets,15/03/2010,1.7,Rate per 1000 people,Rate per 1000 people,,,,
E10000003,Cambridgeshire,County or Unitary Authority,Food outlets,15/03/2018,1.8,Rate per 1000 people,Rate per 1000 people,,,,
E47000008,Cambridgeshire and Peterborough,Combined Authority or City Region,Food outlets,15/03/2019,1.7,Rate per 1000 people,Rate per 1000 people,,,,
E47000008,Cambridgeshire and Peterborough,Combined Authority or City Region,Food outlets,15/03/2026,1.8,Rate per 1000 people,Rate per 1000 people,,,,
E47000008,Cambridgeshire and Peterborough,Combined Authority or City Region,Food outlets,15/03/2025,1.8,Rate per 1000 people,Rate per 1000 people,,,,
E47000008,Cambridgeshire and Peterborough,Combined Authority or City Region,Food outlets,15/03/2024,1.7,Rate per 1000 people,Rate per 1000 people,,,,
E47000008,Cambridgeshire and Peterborough,Combined Authority or City Region,Food outlets,15/03/2023,1.8,Rate per 1000 people,Rate per 1000 people,,,,
E47000008,Cambridgeshire and Peterborough,Combined Authority or City Region,Food outlets,15/03/2021,1.9,Rate per 1000 people,Rate per 1000 people,,,,
E47000008,Cambridgeshire and Peterborough,Combined Authority or City Region,Food outlets,15/03/2020,1.8,Rate per 1000 people,Rate per 1000 people,,,,
E47000008,Cambridgeshire and Peterborough,Combined Authority or City Region,Food outlets,15/03/2018,1.7,Rate per 1000 people,Rate per 1000 people,,,,
E47000008,Cambridgeshire and Peterborough,Combined Authority or City Region,Food outlets,15/03/2022,1.9,Rate per 1000 people,Rate per 1000 people,,,,
E47000008,Cambridgeshire and Peterborough,Combined Authority or City Region,Food outlets,15/03/2016,1.7,Rate per 1000 people,Rate per 1000 people,,,,
E47000008,Cambridgeshire and Peterborough,Combined Authority or City Region,Food outlets,15/03/2010,1.6,Rate per 1000 people,Rate per 1000 people,,,,
E47000008,Cambridgeshire and Peterborough,Combined Authority or City Region,Food outlets,15/03/2011,1.6,Rate per 1000 people,Rate per 1000 people,,,,
E47000008,Cambridgeshire and Peterborough,Combined Authority or City Region,Food outlets,15/03/2012,1.6,Rate per 1000 people,Rate per 1000 people,,,,
E47000008,Cambridgeshire and Peterborough,Combined Authority or City Region,Food outlets,15/03/2017,1.7,Rate per 1000 people,Rate per 1000 people,,,,
E47000008,Cambridgeshire and Peterborough,Combined Authority or City Region,Food outlets,15/03/2014,1.6,Rate per 1000 people,Rate per 1000 people,,,,
E47000008,Cambridgeshire and Peterborough,Combined Authority or City Region,Food outlets,15/03/2015,1.7,Rate per 1000 people,Rate per 1000 people,,,,
E47000008,Cambridgeshire and Peterborough,Combined Authority or City Region,Food outlets,15/03/2013,1.5,Rate per 1000 people,Rate per 1000 people,,,,
E07000008,Cambridge,Local Authority District,Food outlets,15/03/2020,2.2,Rate per 1000 people,Rate per 1000 people,,,,
E07000008,Cambridge,Local Authority District,Food outlets,15/03/2026,2.6,Rate per 1000 people,Rate per 1000 people,,,,
E07000008,Cambridge,Local Authority District,Food outlets,15/03/2025,2.4,Rate per 1000 people,Rate per 1000 people,,,,
E07000008,Cambridge,Local Authority District,Food outlets,15/03/2024,2.3,Rate per 1000 people,Rate per 1000 people,,,,
E07000008,Cambridge,Local Authority District,Food outlets,15/03/2023,2.3,Rate per 1000 people,Rate per 1000 people,,,,
E07000008,Cambridge,Local Authority District,Food outlets,15/03/2022,2.4,Rate per 1000 people,Rate per 1000 people,,,,
E07000008,Cambridge,Local Authority District,Food outlets,15/03/2021,2.3,Rate per 1000 people,Rate per 1000 people,,,,
E07000008,Cambridge,Local Authority District,Food outlets,15/03/2019,2.2,Rate per 1000 people,Rate per 1000 people,,,,
E07000008,Cambridge,Local Authority District,Food outlets,15/03/2018,2.2,Rate per 1000 people,Rate per 1000 people,,,,
E07000008,Cambridge,Local Authority District,Food outlets,15/03/2017,2.2,Rate per 1000 people,Rate per 1000 people,,,,
E07000008,Cambridge,Local Authority District,Food outlets,15/03/2016,2.2,Rate per 1000 people,Rate per 1000 people,,,,
E07000008,Cambridge,Local Authority District,Food outlets,15/03/2015,2.2,Rate per 1000 people,Rate per 1000 people,,,,
E07000008,Cambridge,Local Authority District,Food outlets,15/03/2014,2.3,Rate per 1000 people,Rate per 1000 people,,,,
E07000008,Cambridge,Local Authority District,Food outlets,15/03/2013,2.1,Rate per 1000 people,Rate per 1000 people,,,,
E07000008,Cambridge,Local Authority District,Food outlets,15/03/2012,2.2,Rate per 1000 people,Rate per 1000 people,,,,
E07000008,Cambridge,Local Authority District,Food outlets,15/03/2011,2.1,Rate per 1000 people,Rate per 1000 people,,,,
E07000008,Cambridge,Local Authority District,Food outlets,15/03/2010,2.3,Rate per 1000 people,Rate per 1000 people,,,,
E07000009,East Cambridgeshire,Local Authority District,Food outlets,15/03/2025,1.6,Rate per 1000 people,Rate per 1000 people,,,,
E07000009,East Cambridgeshire,Local Authority District,Food outlets,15/03/2024,1.6,Rate per 1000 people,Rate per 1000 people,,,,
E07000009,East Cambridgeshire,Local Authority District,Food outlets,15/03/2023,1.6,Rate per 1000 people,Rate per 1000 people,,,,
E07000009,East Cambridgeshire,Local Authority District,Food outlets,15/03/2022,1.7,Rate per 1000 people,Rate per 1000 people,,,,
E07000009,East Cambridgeshire,Local Authority District,Food outlets,15/03/2021,1.8,Rate per 1000 people,Rate per 1000 people,,,,
E07000009,East Cambridgeshire,Local Authority District,Food outlets,15/03/2020,1.8,Rate per 1000 people,Rate per 1000 people,,,,
E07000009,East Cambridgeshire,Local Authority District,Food outlets,15/03/2019,1.8,Rate per 1000 people,Rate per 1000 people,,,,
E07000009,East Cambridgeshire,Local Authority District,Food outlets,15/03/2026,1.8,Rate per 1000 people,Rate per 1000 people,,,,
E07000009,East Cambridgeshire,Local Authority District,Food outlets,15/03/2018,1.8,Rate per 1000 people,Rate per 1000 people,,,,
E07000009,East Cambridgeshire,Local Authority District,Food outlets,15/03/2016,1.7,Rate per 1000 people,Rate per 1000 people,,,,
E07000009,East Cambridgeshire,Local Authority District,Food outlets,15/03/2015,1.8,Rate per 1000 people,Rate per 1000 people,,,,
E07000009,East Cambridgeshire,Local Authority District,Food outlets,15/03/2014,1.8,Rate per 1000 people,Rate per 1000 people,,,,
E07000009,East Cambridgeshire,Local Authority District,Food outlets,15/03/2013,1.8,Rate per 1000 people,Rate per 1000 people,,,,
E07000009,East Cambridgeshire,Local Authority District,Food outlets,15/03/2012,1.8,Rate per 1000 people,Rate per 1000 people,,,,
E07000009,East Cambridgeshire,Local Authority District,Food outlets,15/03/2011,1.6,Rate per 1000 people,Rate per 1000 people,,,,
E07000009,East Cambridgeshire,Local Authority District,Food outlets,15/03/2010,1.6,Rate per 1000 people,Rate per 1000 people,,,,
E07000009,East Cambridgeshire,Local Authority District,Food outlets,15/03/2017,1.7,Rate per 1000 people,Rate per 1000 people,,,,
E07000010,Fenland,Local Authority District,Food outlets,15/03/2026,1.9,Rate per 1000 people,Rate per 1000 people,,,,
E07000010,Fenland,Local Authority District,Food outlets,15/03/2025,1.8,Rate per 1000 people,Rate per 1000 people,,,,
E07000010,Fenland,Local Authority District,Food outlets,15/03/2024,1.8,Rate per 1000 people,Rate per 1000 people,,,,
E07000010,Fenland,Local Authority District,Food outlets,15/03/2023,2,Rate per 1000 people,Rate per 1000 people,,,,
E07000010,Fenland,Local Authority District,Food outlets,15/03/2022,2.3,Rate per 1000 people,Rate per 1000 people,,,,
E07000010,Fenland,Local Authority District,Food outlets,15/03/2021,2.4,Rate per 1000 people,Rate per 1000 people,,,,
E07000010,Fenland,Local Authority District,Food outlets,15/03/2020,1.8,Rate per 1000 people,Rate per 1000 people,,,,
E07000010,Fenland,Local Authority District,Food outlets,15/03/2019,1.9,Rate per 1000 people,Rate per 1000 people,,,,
E07000010,Fenland,Local Authority District,Food outlets,15/03/2018,1.8,Rate per 1000 people,Rate per 1000 people,,,,
E07000010,Fenland,Local Authority District,Food outlets,15/03/2016,2,Rate per 1000 people,Rate per 1000 people,,,,
E07000010,Fenland,Local Authority District,Food outlets,15/03/2015,2.1,Rate per 1000 people,Rate per 1000 people,,,,
E07000010,Fenland,Local Authority District,Food outlets,15/03/2014,1.7,Rate per 1000 people,Rate per 1000 people,,,,
E07000010,Fenland,Local Authority District,Food outlets,15/03/2013,1.7,Rate per 1000 people,Rate per 1000 people,,,,
E07000010,Fenland,Local Authority District,Food outlets,15/03/2012,1.8,Rate per 1000 people,Rate per 1000 people,,,,
E07000010,Fenland,Local Authority District,Food outlets,15/03/2011,1.7,Rate per 1000 people,Rate per 1000 people,,,,
E07000010,Fenland,Local Authority District,Food outlets,15/03/2010,1.8,Rate per 1000 people,Rate per 1000 people,,,,
E07000010,Fenland,Local Authority District,Food outlets,15/03/2017,1.8,Rate per 1000 people,Rate per 1000 people,,,,
E07000011,Huntingdonshire,Local Authority District,Food outlets,15/03/2019,1.7,Rate per 1000 people,Rate per 1000 people,,,,
E07000011,Huntingdonshire,Local Authority District,Food outlets,15/03/2026,1.6,Rate per 1000 people,Rate per 1000 people,,,,
E07000011,Huntingdonshire,Local Authority District,Food outlets,15/03/2025,1.6,Rate per 1000 people,Rate per 1000 people,,,,
E07000011,Huntingdonshire,Local Authority District,Food outlets,15/03/2024,1.7,Rate per 1000 people,Rate per 1000 people,,,,
E07000011,Huntingdonshire,Local Authority District,Food outlets,15/03/2023,1.7,Rate per 1000 people,Rate per 1000 people,,,,
E07000011,Huntingdonshire,Local Authority District,Food outlets,15/03/2021,1.7,Rate per 1000 people,Rate per 1000 people,,,,
E07000011,Huntingdonshire,Local Authority District,Food outlets,15/03/2020,1.7,Rate per 1000 people,Rate per 1000 people,,,,
E07000011,Huntingdonshire,Local Authority District,Food outlets,15/03/2018,1.7,Rate per 1000 people,Rate per 1000 people,,,,
E07000011,Huntingdonshire,Local Authority District,Food outlets,15/03/2022,1.8,Rate per 1000 people,Rate per 1000 people,,,,
E07000011,Huntingdonshire,Local Authority District,Food outlets,15/03/2016,1.6,Rate per 1000 people,Rate per 1000 people,,,,
E07000011,Huntingdonshire,Local Authority District,Food outlets,15/03/2010,1.6,Rate per 1000 people,Rate per 1000 people,,,,
E07000011,Huntingdonshire,Local Authority District,Food outlets,15/03/2011,1.5,Rate per 1000 people,Rate per 1000 people,,,,
E07000011,Huntingdonshire,Local Authority District,Food outlets,15/03/2012,1.6,Rate per 1000 people,Rate per 1000 people,,,,
E07000011,Huntingdonshire,Local Authority District,Food outlets,15/03/2017,1.7,Rate per 1000 people,Rate per 1000 people,,,,
E07000011,Huntingdonshire,Local Authority District,Food outlets,15/03/2014,1.5,Rate per 1000 people,Rate per 1000 people,,,,
E07000011,Huntingdonshire,Local Authority District,Food outlets,15/03/2015,1.6,Rate per 1000 people,Rate per 1000 people,,,,
E07000011,Huntingdonshire,Local Authority District,Food outlets,15/03/2013,1.5,Rate per 1000 people,Rate per 1000 people,,,,
E07000012,South Cambridgeshire,Local Authority District,Food outlets,15/03/2020,1.7,Rate per 1000 people,Rate per 1000 people,,,,
E07000012,South Cambridgeshire,Local Authority District,Food outlets,15/03/2026,1.6,Rate per 1000 people,Rate per 1000 people,,,,
E07000012,South Cambridgeshire,Local Authority District,Food outlets,15/03/2025,1.5,Rate per 1000 people,Rate per 1000 people,,,,
E07000012,South Cambridgeshire,Local Authority District,Food outlets,15/03/2024,1.5,Rate per 1000 people,Rate per 1000 people,,,,
E07000012,South Cambridgeshire,Local Authority District,Food outlets,15/03/2023,1.6,Rate per 1000 people,Rate per 1000 people,,,,
E07000012,South Cambridgeshire,Local Authority District,Food outlets,15/03/2022,1.6,Rate per 1000 people,Rate per 1000 people,,,,
E07000012,South Cambridgeshire,Local Authority District,Food outlets,15/03/2021,1.6,Rate per 1000 people,Rate per 1000 people,,,,
E07000012,South Cambridgeshire,Local Authority District,Food outlets,15/03/2019,1.6,Rate per 1000 people,Rate per 1000 people,,,,
E07000012,South Cambridgeshire,Local Authority District,Food outlets,15/03/2018,1.6,Rate per 1000 people,Rate per 1000 people,,,,
E07000012,South Cambridgeshire,Local Authority District,Food outlets,15/03/2017,1.6,Rate per 1000 people,Rate per 1000 people,,,,
E07000012,South Cambridgeshire,Local Authority District,Food outlets,15/03/2016,1.5,Rate per 1000 people,Rate per 1000 people,,,,
E07000012,South Cambridgeshire,Local Authority District,Food outlets,15/03/2015,1.5,Rate per 1000 people,Rate per 1000 people,,,,
E07000012,South Cambridgeshire,Local Authority District,Food outlets,15/03/2014,1.5,Rate per 1000 people,Rate per 1000 people,,,,
E07000012,South Cambridgeshire,Local Authority District,Food outlets,15/03/2013,1.4,Rate per 1000 people,Rate per 1000 people,,,,
E07000012,South Cambridgeshire,Local Authority District,Food outlets,15/03/2012,1.4,Rate per 1000 people,Rate per 1000 people,,,,
E07000012,South Cambridgeshire,Local Authority District,Food outlets,15/03/2011,1.5,Rate per 1000 people,Rate per 1000 people,,,,
E07000012,South Cambridgeshire,Local Authority District,Food outlets,15/03/2010,1.4,Rate per 1000 people,Rate per 1000 people,,,,
E10000012,Essex,County or Unitary Authority,Food outlets,15/03/2021,1.9,Rate per 1000 people,Rate per 1000 people,,,,
E10000012,Essex,County or Unitary Authority,Food outlets,15/03/2022,2,Rate per 1000 people,Rate per 1000 people,,,,
E10000012,Essex,County or Unitary Authority,Food outlets,15/03/2023,1.9,Rate per 1000 people,Rate per 1000 people,,,,
E10000012,Essex,County or Unitary Authority,Food outlets,15/03/2020,1.9,Rate per 1000 people,Rate per 1000 people,,,,
E10000012,Essex,County or Unitary Authority,Food outlets,15/03/2025,1.9,Rate per 1000 people,Rate per 1000 people,,,,
E10000012,Essex,County or Unitary Authority,Food outlets,15/03/2026,1.9,Rate per 1000 people,Rate per 1000 people,,,,
E10000012,Essex,County or Unitary Authority,Food outlets,15/03/2024,1.9,Rate per 1000 people,Rate per 1000 people,,,,
E10000012,Essex,County or Unitary Authority,Food outlets,15/03/2019,1.8,Rate per 1000 people,Rate per 1000 people,,,,
E10000012,Essex,County or Unitary Authority,Food outlets,15/03/2018,1.8,Rate per 1000 people,Rate per 1000 people,,,,
E10000012,Essex,County or Unitary Authority,Food outlets,15/03/2017,1.8,Rate per 1000 people,Rate per 1000 people,,,,
E10000012,Essex,County or Unitary Authority,Food outlets,15/03/2016,1.8,Rate per 1000 people,Rate per 1000 people,,,,
E10000012,Essex,County or Unitary Authority,Food outlets,15/03/2015,1.8,Rate per 1000 people,Rate per 1000 people,,,,
E10000012,Essex,County or Unitary Authority,Food outlets,15/03/2014,1.7,Rate per 1000 people,Rate per 1000 people,,,,
E10000012,Essex,County or Unitary Authority,Food outlets,15/03/2013,1.6,Rate per 1000 people,Rate per 1000 people,,,,
E10000012,Essex,County or Unitary Authority,Food outlets,15/03/2012,1.7,Rate per 1000 people,Rate per 1000 people,,,,
E10000012,Essex,County or Unitary Authority,Food outlets,15/03/2011,1.6,Rate per 1000 people,Rate per 1000 people,,,,
E10000012,Essex,County or Unitary Authority,Food outlets,15/03/2010,1.7,Rate per 1000 people,Rate per 1000 people,,,,
E07000066,Basildon,Local Authority District,Food outlets,15/03/2026,1.5,Rate per 1000 people,Rate per 1000 people,,,,
E07000066,Basildon,Local Authority District,Food outlets,15/03/2025,1.4,Rate per 1000 people,Rate per 1000 people,,,,
E07000066,Basildon,Local Authority District,Food outlets,15/03/2024,1.4,Rate per 1000 people,Rate per 1000 people,,,,
E07000066,Basildon,Local Authority District,Food outlets,15/03/2023,1.7,Rate per 1000 people,Rate per 1000 people,,,,
E07000066,Basildon,Local Authority District,Food outlets,15/03/2022,1.4,Rate per 1000 people,Rate per 1000 people,,,,
E07000066,Basildon,Local Authority District,Food outlets,15/03/2021,1.4,Rate per 1000 people,Rate per 1000 people,,,,
E07000066,Basildon,Local Authority District,Food outlets,15/03/2020,1.3,Rate per 1000 people,Rate per 1000 people,,,,
E07000066,Basildon,Local Authority District,Food outlets,15/03/2019,1.2,Rate per 1000 people,Rate per 1000 people,,,,
E07000066,Basildon,Local Authority District,Food outlets,15/03/2018,1.3,Rate per 1000 people,Rate per 1000 people,,,,
E07000066,Basildon,Local Authority District,Food outlets,15/03/2017,1.2,Rate per 1000 people,Rate per 1000 people,,,,
E07000066,Basildon,Local Authority District,Food outlets,15/03/2016,1.3,Rate per 1000 people,Rate per 1000 people,,,,
E07000066,Basildon,Local Authority District,Food outlets,15/03/2015,1.2,Rate per 1000 people,Rate per 1000 people,,,,
E07000066,Basildon,Local Authority District,Food outlets,15/03/2014,1.2,Rate per 1000 people,Rate per 1000 people,,,,
E07000066,Basildon,Local Authority District,Food outlets,15/03/2013,1.1,Rate per 1000 people,Rate per 1000 people,,,,
E07000066,Basildon,Local Authority District,Food outlets,15/03/2012,1.1,Rate per 1000 people,Rate per 1000 people,,,,
E07000066,Basildon,Local Authority District,Food outlets,15/03/2011,1,Rate per 1000 people,Rate per 1000 people,,,,
E07000066,Basildon,Local Authority District,Food outlets,15/03/2010,1,Rate per 1000 people,Rate per 1000 people,,,,
E07000067,Braintree,Local Authority District,Food outlets,15/03/2025,1.7,Rate per 1000 people,Rate per 1000 people,,,,
E07000067,Braintree,Local Authority District,Food outlets,15/03/2024,1.8,Rate per 1000 people,Rate per 1000 people,,,,
E07000067,Braintree,Local Authority District,Food outlets,15/03/2023,1.9,Rate per 1000 people,Rate per 1000 people,,,,
E07000067,Braintree,Local Authority District,Food outlets,15/03/2022,2.1,Rate per 1000 people,Rate per 1000 people,,,,
E07000067,Braintree,Local Authority District,Food outlets,15/03/2021,1.9,Rate per 1000 people,Rate per 1000 people,,,,
E07000067,Braintree,Local Authority District,Food outlets,15/03/2020,1.8,Rate per 1000 people,Rate per 1000 people,,,,
E07000067,Braintree,Local Authority District,Food outlets,15/03/2019,1.9,Rate per 1000 people,Rate per 1000 people,,,,
E07000067,Braintree,Local Authority District,Food outlets,15/03/2026,1.9,Rate per 1000 people,Rate per 1000 people,,,,
E07000067,Braintree,Local Authority District,Food outlets,15/03/2018,1.9,Rate per 1000 people,Rate per 1000 people,,,,
E07000067,Braintree,Local Authority District,Food outlets,15/03/2016,1.8,Rate per 1000 people,Rate per 1000 people,,,,
E07000067,Braintree,Local Authority District,Food outlets,15/03/2010,1.8,Rate per 1000 people,Rate per 1000 people,,,,
E07000067,Braintree,Local Authority District,Food outlets,15/03/2011,1.8,Rate per 1000 people,Rate per 1000 people,,,,
E07000067,Braintree,Local Authority District,Food outlets,15/03/2012,1.9,Rate per 1000 people,Rate per 1000 people,,,,
E07000067,Braintree,Local Authority District,Food outlets,15/03/2017,1.8,Rate per 1000 people,Rate per 1000 people,,,,
E07000067,Braintree,Local Authority District,Food outlets,15/03/2014,1.8,Rate per 1000 people,Rate per 1000 people,,,,
E07000067,Braintree,Local Authority District,Food outlets,15/03/2015,1.8,Rate per 1000 people,Rate per 1000 people,,,,
E07000067,Braintree,Local Authority District,Food outlets,15/03/2013,1.8,Rate per 1000 people,Rate per 1000 people,,,,
E07000068,Brentwood,Local Authority District,Food outlets,15/03/2026,2.4,Rate per 1000 people,Rate per 1000 people,,,,
E07000068,Brentwood,Local Authority District,Food outlets,15/03/2025,2.2,Rate per 1000 people,Rate per 1000 people,,,,
E07000068,Brentwood,Local Authority District,Food outlets,15/03/2024,2.3,Rate per 1000 people,Rate per 1000 people,,,,
E07000068,Brentwood,Local Authority District,Food outlets,15/03/2023,2.2,Rate per 1000 people,Rate per 1000 people,,,,
E07000068,Brentwood,Local Authority District,Food outlets,15/03/2022,2.1,Rate per 1000 people,Rate per 1000 people,,,,
E07000068,Brentwood,Local Authority District,Food outlets,15/03/2021,2.1,Rate per 1000 people,Rate per 1000 people,,,,
E07000068,Brentwood,Local Authority District,Food outlets,15/03/2019,2.1,Rate per 1000 people,Rate per 1000 people,,,,
E07000068,Brentwood,Local Authority District,Food outlets,15/03/2020,2.3,Rate per 1000 people,Rate per 1000 people,,,,
E07000068,Brentwood,Local Authority District,Food outlets,15/03/2018,2.1,Rate per 1000 people,Rate per 1000 people,,,,
E07000068,Brentwood,Local Authority District,Food outlets,15/03/2016,1.9,Rate per 1000 people,Rate per 1000 people,,,,
E07000068,Brentwood,Local Authority District,Food outlets,15/03/2015,2,Rate per 1000 people,Rate per 1000 people,,,,
E07000068,Brentwood,Local Authority District,Food outlets,15/03/2014,1.9,Rate per 1000 people,Rate per 1000 people,,,,
E07000068,Brentwood,Local Authority District,Food outlets,15/03/2013,1.9,Rate per 1000 people,Rate per 1000 people,,,,
E07000068,Brentwood,Local Authority District,Food outlets,15/03/2012,1.9,Rate per 1000 people,Rate per 1000 people,,,,
E07000068,Brentwood,Local Authority District,Food outlets,15/03/2011,1.8,Rate per 1000 people,Rate per 1000 people,,,,
E07000068,Brentwood,Local Authority District,Food outlets,15/03/2010,1.9,Rate per 1000 people,Rate per 1000 people,,,,
E07000068,Brentwood,Local Authority District,Food outlets,15/03/2017,2,Rate per 1000 people,Rate per 1000 people,,,,
E07000069,Castle Point,Local Authority District,Food outlets,15/03/2020,1.7,Rate per 1000 people,Rate per 1000 people,,,,
E07000069,Castle Point,Local Authority District,Food outlets,15/03/2021,1.5,Rate per 1000 people,Rate per 1000 people,,,,
E07000069,Castle Point,Local Authority District,Food outlets,15/03/2022,1.7,Rate per 1000 people,Rate per 1000 people,,,,
E07000069,Castle Point,Local Authority District,Food outlets,15/03/2019,1.6,Rate per 1000 people,Rate per 1000 people,,,,
E07000069,Castle Point,Local Authority District,Food outlets,15/03/2024,1.6,Rate per 1000 people,Rate per 1000 people,,,,
E07000069,Castle Point,Local Authority District,Food outlets,15/03/2025,1.7,Rate per 1000 people,Rate per 1000 people,,,,
E07000069,Castle Point,Local Authority District,Food outlets,15/03/2023,1.6,Rate per 1000 people,Rate per 1000 people,,,,
E07000069,Castle Point,Local Authority District,Food outlets,15/03/2026,1.7,Rate per 1000 people,Rate per 1000 people,,,,
E07000069,Castle Point,Local Authority District,Food outlets,15/03/2018,1.6,Rate per 1000 people,Rate per 1000 people,,,,
E07000069,Castle Point,Local Authority District,Food outlets,15/03/2016,1.6,Rate per 1000 people,Rate per 1000 people,,,,
E07000069,Castle Point,Local Authority District,Food outlets,15/03/2015,1.6,Rate per 1000 people,Rate per 1000 people,,,,
E07000069,Castle Point,Local Authority District,Food outlets,15/03/2014,1.5,Rate per 1000 people,Rate per 1000 people,,,,
E07000069,Castle Point,Local Authority District,Food outlets,15/03/2013,1.3,Rate per 1000 people,Rate per 1000 people,,,,
E07000069,Castle Point,Local Authority District,Food outlets,15/03/2012,1.4,Rate per 1000 people,Rate per 1000 people,,,,
E07000069,Castle Point,Local Authority District,Food outlets,15/03/2011,1.3,Rate per 1000 people,Rate per 1000 people,,,,
E07000069,Castle Point,Local Authority District,Food outlets,15/03/2010,1.4,Rate per 1000 people,Rate per 1000 people,,,,
E07000069,Castle Point,Local Authority District,Food outlets,15/03/2017,1.6,Rate per 1000 people,Rate per 1000 people,,,,
E07000070,Chelmsford,Local Authority District,Food outlets,15/03/2026,1.7,Rate per 1000 people,Rate per 1000 people,,,,
E07000070,Chelmsford,Local Authority District,Food outlets,15/03/2025,1.8,Rate per 1000 people,Rate per 1000 people,,,,
E07000070,Chelmsford,Local Authority District,Food outlets,15/03/2024,1.8,Rate per 1000 people,Rate per 1000 people,,,,
E07000070,Chelmsford,Local Authority District,Food outlets,15/03/2023,1.9,Rate per 1000 people,Rate per 1000 people,,,,
E07000070,Chelmsford,Local Authority District,Food outlets,15/03/2022,1.9,Rate per 1000 people,Rate per 1000 people,,,,
E07000070,Chelmsford,Local Authority District,Food outlets,15/03/2021,1.9,Rate per 1000 people,Rate per 1000 people,,,,
E07000070,Chelmsford,Local Authority District,Food outlets,15/03/2020,1.8,Rate per 1000 people,Rate per 1000 people,,,,
E07000070,Chelmsford,Local Authority District,Food outlets,15/03/2019,1.8,Rate per 1000 people,Rate per 1000 people,,,,
E07000070,Chelmsford,Local Authority District,Food outlets,15/03/2018,1.7,Rate per 1000 people,Rate per 1000 people,,,,
E07000070,Chelmsford,Local Authority District,Food outlets,15/03/2016,1.7,Rate per 1000 people,Rate per 1000 people,,,,
E07000070,Chelmsford,Local Authority District,Food outlets,15/03/2015,1.8,Rate per 1000 people,Rate per 1000 people,,,,
E07000070,Chelmsford,Local Authority District,Food outlets,15/03/2014,1.6,Rate per 1000 people,Rate per 1000 people,,,,
E07000070,Chelmsford,Local Authority District,Food outlets,15/03/2013,1.7,Rate per 1000 people,Rate per 1000 people,,,,
E07000070,Chelmsford,Local Authority District,Food outlets,15/03/2012,1.7,Rate per 1000 people,Rate per 1000 people,,,,
E07000070,Chelmsford,Local Authority District,Food outlets,15/03/2011,1.7,Rate per 1000 people,Rate per 1000 people,,,,
E07000070,Chelmsford,Local Authority District,Food outlets,15/03/2010,1.7,Rate per 1000 people,Rate per 1000 people,,,,
E07000070,Chelmsford,Local Authority District,Food outlets,15/03/2017,1.7,Rate per 1000 people,Rate per 1000 people,,,,
E07000071,Colchester,Local Authority District,Food outlets,15/03/2020,2,Rate per 1000 people,Rate per 1000 people,,,,
E07000071,Colchester,Local Authority District,Food outlets,15/03/2026,1.8,Rate per 1000 people,Rate per 1000 people,,,,
E07000071,Colchester,Local Authority District,Food outlets,15/03/2025,1.8,Rate per 1000 people,Rate per 1000 people,,,,
E07000071,Colchester,Local Authority District,Food outlets,15/03/2024,1.8,Rate per 1000 people,Rate per 1000 people,,,,
E07000071,Colchester,Local Authority District,Food outlets,15/03/2023,1.8,Rate per 1000 people,Rate per 1000 people,,,,
E07000071,Colchester,Local Authority District,Food outlets,15/03/2022,1.9,Rate per 1000 people,Rate per 1000 people,,,,
E07000071,Colchester,Local Authority District,Food outlets,15/03/2021,1.9,Rate per 1000 people,Rate per 1000 people,,,,
E07000071,Colchester,Local Authority District,Food outlets,15/03/2019,1.8,Rate per 1000 people,Rate per 1000 people,,,,
E07000071,Colchester,Local Authority District,Food outlets,15/03/2014,1.7,Rate per 1000 people,Rate per 1000 people,,,,
E07000071,Colchester,Local Authority District,Food outlets,15/03/2017,1.8,Rate per 1000 people,Rate per 1000 people,,,,
E07000071,Colchester,Local Authority District,Food outlets,15/03/2016,1.8,Rate per 1000 people,Rate per 1000 people,,,,
E07000071,Colchester,Local Authority District,Food outlets,15/03/2015,1.8,Rate per 1000 people,Rate per 1000 people,,,,
E07000071,Colchester,Local Authority District,Food outlets,15/03/2018,1.9,Rate per 1000 people,Rate per 1000 people,,,,
E07000071,Colchester,Local Authority District,Food outlets,15/03/2013,1.6,Rate per 1000 people,Rate per 1000 people,,,,
E07000071,Colchester,Local Authority District,Food outlets,15/03/2012,1.7,Rate per 1000 people,Rate per 1000 people,,,,
E07000071,Colchester,Local Authority District,Food outlets,15/03/2011,1.7,Rate per 1000 people,Rate per 1000 people,,,,
E07000071,Colchester,Local Authority District,Food outlets,15/03/2010,1.7,Rate per 1000 people,Rate per 1000 people,,,,
E07000072,Epping Forest,Local Authority District,Food outlets,15/03/2025,2.5,Rate per 1000 people,Rate per 1000 people,,,,
E07000072,Epping Forest,Local Authority District,Food outlets,15/03/2024,2.5,Rate per 1000 people,Rate per 1000 people,,,,
E07000072,Epping Forest,Local Authority District,Food outlets,15/03/2023,2.5,Rate per 1000 people,Rate per 1000 people,,,,
E07000072,Epping Forest,Local Authority District,Food outlets,15/03/2022,2.6,Rate per 1000 people,Rate per 1000 people,,,,
E07000072,Epping Forest,Local Authority District,Food outlets,15/03/2021,2.3,Rate per 1000 people,Rate per 1000 people,,,,
E07000072,Epping Forest,Local Authority District,Food outlets,15/03/2020,2.2,Rate per 1000 people,Rate per 1000 people,,,,
E07000072,Epping Forest,Local Authority District,Food outlets,15/03/2019,2.1,Rate per 1000 people,Rate per 1000 people,,,,
E07000072,Epping Forest,Local Authority District,Food outlets,15/03/2018,2,Rate per 1000 people,Rate per 1000 people,,,,
E07000072,Epping Forest,Local Authority District,Food outlets,15/03/2026,2.6,Rate per 1000 people,Rate per 1000 people,,,,
E07000072,Epping Forest,Local Authority District,Food outlets,15/03/2016,2,Rate per 1000 people,Rate per 1000 people,,,,
E07000072,Epping Forest,Local Authority District,Food outlets,15/03/2015,2.1,Rate per 1000 people,Rate per 1000 people,,,,
E07000072,Epping Forest,Local Authority District,Food outlets,15/03/2014,1.9,Rate per 1000 people,Rate per 1000 people,,,,
E07000072,Epping Forest,Local Authority District,Food outlets,15/03/2013,1.9,Rate per 1000 people,Rate per 1000 people,,,,
E07000072,Epping Forest,Local Authority District,Food outlets,15/03/2012,1.8,Rate per 1000 people,Rate per 1000 people,,,,
E07000072,Epping Forest,Local Authority District,Food outlets,15/03/2011,1.9,Rate per 1000 people,Rate per 1000 people,,,,
E07000072,Epping Forest,Local Authority District,Food outlets,15/03/2010,2,Rate per 1000 people,Rate per 1000 people,,,,
E07000072,Epping Forest,Local Authority District,Food outlets,15/03/2017,1.9,Rate per 1000 people,Rate per 1000 people,,,,
E07000073,Harlow,Local Authority District,Food outlets,15/03/2026,1.4,Rate per 1000 people,Rate per 1000 people,,,,
E07000073,Harlow,Local Authority District,Food outlets,15/03/2025,1.4,Rate per 1000 people,Rate per 1000 people,,,,
E07000073,Harlow,Local Authority District,Food outlets,15/03/2024,1.4,Rate per 1000 people,Rate per 1000 people,,,,
E07000073,Harlow,Local Authority District,Food outlets,15/03/2023,1.3,Rate per 1000 people,Rate per 1000 people,,,,
E07000073,Harlow,Local Authority District,Food outlets,15/03/2022,1.4,Rate per 1000 people,Rate per 1000 people,,,,
E07000073,Harlow,Local Authority District,Food outlets,15/03/2021,1.3,Rate per 1000 people,Rate per 1000 people,,,,
E07000073,Harlow,Local Authority District,Food outlets,15/03/2020,1.2,Rate per 1000 people,Rate per 1000 people,,,,
E07000073,Harlow,Local Authority District,Food outlets,15/03/2019,1.2,Rate per 1000 people,Rate per 1000 people,,,,
E07000073,Harlow,Local Authority District,Food outlets,15/03/2018,1.3,Rate per 1000 people,Rate per 1000 people,,,,
E07000073,Harlow,Local Authority District,Food outlets,15/03/2016,1.2,Rate per 1000 people,Rate per 1000 people,,,,
E07000073,Harlow,Local Authority District,Food outlets,15/03/2015,1.3,Rate per 1000 people,Rate per 1000 people,,,,
E07000073,Harlow,Local Authority District,Food outlets,15/03/2014,1.1,Rate per 1000 people,Rate per 1000 people,,,,
E07000073,Harlow,Local Authority District,Food outlets,15/03/2013,1.1,Rate per 1000 people,Rate per 1000 people,,,,
E07000073,Harlow,Local Authority District,Food outlets,15/03/2012,1.2,Rate per 1000 people,Rate per 1000 people,,,,
E07000073,Harlow,Local Authority District,Food outlets,15/03/2011,1.2,Rate per 1000 people,Rate per 1000 people,,,,
E07000073,Harlow,Local Authority District,Food outlets,15/03/2010,1.2,Rate per 1000 people,Rate per 1000 people,,,,
E07000073,Harlow,Local Authority District,Food outlets,15/03/2017,1.2,Rate per 1000 people,Rate per 1000 people,,,,
E07000074,Maldon,Local Authority District,Food outlets,15/03/2019,2.6,Rate per 1000 people,Rate per 1000 people,,,,
E07000074,Maldon,Local Authority District,Food outlets,15/03/2025,2.5,Rate per 1000 people,Rate per 1000 people,,,,
E07000074,Maldon,Local Authority District,Food outlets,15/03/2024,2.6,Rate per 1000 people,Rate per 1000 people,,,,
E07000074,Maldon,Local Authority District,Food outlets,15/03/2023,2.7,Rate per 1000 people,Rate per 1000 people,,,,
E07000074,Maldon,Local Authority District,Food outlets,15/03/2022,2.8,Rate per 1000 people,Rate per 1000 people,,,,
E07000074,Maldon,Local Authority District,Food outlets,15/03/2021,2.5,Rate per 1000 people,Rate per 1000 people,,,,
E07000074,Maldon,Local Authority District,Food outlets,15/03/2020,2.6,Rate per 1000 people,Rate per 1000 people,,,,
E07000074,Maldon,Local Authority District,Food outlets,15/03/2018,2.6,Rate per 1000 people,Rate per 1000 people,,,,
E07000074,Maldon,Local Authority District,Food outlets,15/03/2026,2.4,Rate per 1000 people,Rate per 1000 people,,,,
E07000074,Maldon,Local Authority District,Food outlets,15/03/2016,2.8,Rate per 1000 people,Rate per 1000 people,,,,
E07000074,Maldon,Local Authority District,Food outlets,15/03/2010,2.3,Rate per 1000 people,Rate per 1000 people,,,,
E07000074,Maldon,Local Authority District,Food outlets,15/03/2011,2.3,Rate per 1000 people,Rate per 1000 people,,,,
E07000074,Maldon,Local Authority District,Food outlets,15/03/2012,2.4,Rate per 1000 people,Rate per 1000 people,,,,
E07000074,Maldon,Local Authority District,Food outlets,15/03/2017,2.5,Rate per 1000 people,Rate per 1000 people,,,,
E07000074,Maldon,Local Authority District,Food outlets,15/03/2014,2.3,Rate per 1000 people,Rate per 1000 people,,,,
E07000074,Maldon,Local Authority District,Food outlets,15/03/2015,2.9,Rate per 1000 people,Rate per 1000 people,,,,
E07000074,Maldon,Local Authority District,Food outlets,15/03/2013,2.5,Rate per 1000 people,Rate per 1000 people,,,,
E07000075,Rochford,Local Authority District,Food outlets,15/03/2026,1.7,Rate per 1000 people,Rate per 1000 people,,,,
E07000075,Rochford,Local Authority District,Food outlets,15/03/2025,1.5,Rate per 1000 people,Rate per 1000 people,,,,
E07000075,Rochford,Local Authority District,Food outlets,15/03/2024,1.6,Rate per 1000 people,Rate per 1000 people,,,,
E07000075,Rochford,Local Authority District,Food outlets,15/03/2023,1.7,Rate per 1000 people,Rate per 1000 people,,,,
E07000075,Rochford,Local Authority District,Food outlets,15/03/2022,1.7,Rate per 1000 people,Rate per 1000 people,,,,
E07000075,Rochford,Local Authority District,Food outlets,15/03/2021,1.6,Rate per 1000 people,Rate per 1000 people,,,,
E07000075,Rochford,Local Authority District,Food outlets,15/03/2019,1.5,Rate per 1000 people,Rate per 1000 people,,,,
E07000075,Rochford,Local Authority District,Food outlets,15/03/2020,1.7,Rate per 1000 people,Rate per 1000 people,,,,
E07000075,Rochford,Local Authority District,Food outlets,15/03/2018,1.5,Rate per 1000 people,Rate per 1000 people,,,,
E07000075,Rochford,Local Authority District,Food outlets,15/03/2016,1.7,Rate per 1000 people,Rate per 1000 people,,,,
E07000075,Rochford,Local Authority District,Food outlets,15/03/2015,1.7,Rate per 1000 people,Rate per 1000 people,,,,
E07000075,Rochford,Local Authority District,Food outlets,15/03/2014,1.6,Rate per 1000 people,Rate per 1000 people,,,,
E07000075,Rochford,Local Authority District,Food outlets,15/03/2013,1.6,Rate per 1000 people,Rate per 1000 people,,,,
E07000075,Rochford,Local Authority District,Food outlets,15/03/2012,1.4,Rate per 1000 people,Rate per 1000 people,,,,
E07000075,Rochford,Local Authority District,Food outlets,15/03/2011,1.4,Rate per 1000 people,Rate per 1000 people,,,,
E07000075,Rochford,Local Authority District,Food outlets,15/03/2010,1.4,Rate per 1000 people,Rate per 1000 people,,,,
E07000075,Rochford,Local Authority District,Food outlets,15/03/2017,1.6,Rate per 1000 people,Rate per 1000 people,,,,
E07000076,Tendring,Local Authority District,Food outlets,15/03/2020,2.4,Rate per 1000 people,Rate per 1000 people,,,,
E07000076,Tendring,Local Authority District,Food outlets,15/03/2021,2.4,Rate per 1000 people,Rate per 1000 people,,,,
E07000076,Tendring,Local Authority District,Food outlets,15/03/2022,2.4,Rate per 1000 people,Rate per 1000 people,,,,
E07000076,Tendring,Local Authority District,Food outlets,15/03/2019,2.2,Rate per 1000 people,Rate per 1000 people,,,,
E07000076,Tendring,Local Authority District,Food outlets,15/03/2024,2.1,Rate per 1000 people,Rate per 1000 people,,,,
E07000076,Tendring,Local Authority District,Food outlets,15/03/2025,2.1,Rate per 1000 people,Rate per 1000 people,,,,
E07000076,Tendring,Local Authority District,Food outlets,15/03/2023,2.2,Rate per 1000 people,Rate per 1000 people,,,,
E07000076,Tendring,Local Authority District,Food outlets,15/03/2026,2.1,Rate per 1000 people,Rate per 1000 people,,,,
E07000076,Tendring,Local Authority District,Food outlets,15/03/2018,2.1,Rate per 1000 people,Rate per 1000 people,,,,
E07000076,Tendring,Local Authority District,Food outlets,15/03/2016,2.1,Rate per 1000 people,Rate per 1000 people,,,,
E07000076,Tendring,Local Authority District,Food outlets,15/03/2015,2.2,Rate per 1000 people,Rate per 1000 people,,,,
E07000076,Tendring,Local Authority District,Food outlets,15/03/2014,1.9,Rate per 1000 people,Rate per 1000 people,,,,
E07000076,Tendring,Local Authority District,Food outlets,15/03/2013,1.9,Rate per 1000 people,Rate per 1000 people,,,,
E07000076,Tendring,Local Authority District,Food outlets,15/03/2012,2,Rate per 1000 people,Rate per 1000 people,,,,
E07000076,Tendring,Local Authority District,Food outlets,15/03/2011,2,Rate per 1000 people,Rate per 1000 people,,,,
E07000076,Tendring,Local Authority District,Food outlets,15/03/2010,1.9,Rate per 1000 people,Rate per 1000 people,,,,
E07000076,Tendring,Local Authority District,Food outlets,15/03/2017,2.1,Rate per 1000 people,Rate per 1000 people,,,,
E07000077,Uttlesford,Local Authority District,Food outlets,15/03/2026,2,Rate per 1000 people,Rate per 1000 people,,,,
E07000077,Uttlesford,Local Authority District,Food outlets,15/03/2025,2.1,Rate per 1000 people,Rate per 1000 people,,,,
E07000077,Uttlesford,Local Authority District,Food outlets,15/03/2024,2.1,Rate per 1000 people,Rate per 1000 people,,,,
E07000077,Uttlesford,Local Authority District,Food outlets,15/03/2023,2.2,Rate per 1000 people,Rate per 1000 people,,,,
E07000077,Uttlesford,Local Authority District,Food outlets,15/03/2022,2.1,Rate per 1000 people,Rate per 1000 people,,,,
E07000077,Uttlesford,Local Authority District,Food outlets,15/03/2021,2,Rate per 1000 people,Rate per 1000 people,,,,
E07000077,Uttlesford,Local Authority District,Food outlets,15/03/2020,1.9,Rate per 1000 people,Rate per 1000 people,,,,
E07000077,Uttlesford,Local Authority District,Food outlets,15/03/2019,2,Rate per 1000 people,Rate per 1000 people,,,,
E07000077,Uttlesford,Local Authority District,Food outlets,15/03/2018,2.1,Rate per 1000 people,Rate per 1000 people,,,,
E07000077,Uttlesford,Local Authority District,Food outlets,15/03/2016,2,Rate per 1000 people,Rate per 1000 people,,,,
E07000077,Uttlesford,Local Authority District,Food outlets,15/03/2015,2.1,Rate per 1000 people,Rate per 1000 people,,,,
E07000077,Uttlesford,Local Authority District,Food outlets,15/03/2014,2,Rate per 1000 people,Rate per 1000 people,,,,
E07000077,Uttlesford,Local Authority District,Food outlets,15/03/2013,1.9,Rate per 1000 people,Rate per 1000 people,,,,
E07000077,Uttlesford,Local Authority District,Food outlets,15/03/2012,2.1,Rate per 1000 people,Rate per 1000 people,,,,
E07000077,Uttlesford,Local Authority District,Food outlets,15/03/2011,2.1,Rate per 1000 people,Rate per 1000 people,,,,
E07000077,Uttlesford,Local Authority District,Food outlets,15/03/2010,2.2,Rate per 1000 people,Rate per 1000 people,,,,
E07000077,Uttlesford,Local Authority District,Food outlets,15/03/2017,2,Rate per 1000 people,Rate per 1000 people,,,,
E10000015,Hertfordshire,County or Unitary Authority,Food outlets,15/03/2019,1.9,Rate per 1000 people,Rate per 1000 people,,,,
E10000015,Hertfordshire,County or Unitary Authority,Food outlets,15/03/2025,2.1,Rate per 1000 people,Rate per 1000 people,,,,
E10000015,Hertfordshire,County or Unitary Authority,Food outlets,15/03/2024,2,Rate per 1000 people,Rate per 1000 people,,,,
E10000015,Hertfordshire,County or Unitary Authority,Food outlets,15/03/2023,2,Rate per 1000 people,Rate per 1000 people,,,,
E10000015,Hertfordshire,County or Unitary Authority,Food outlets,15/03/2022,2.1,Rate per 1000 people,Rate per 1000 people,,,,
E10000015,Hertfordshire,County or Unitary Authority,Food outlets,15/03/2021,1.9,Rate per 1000 people,Rate per 1000 people,,,,
E10000015,Hertfordshire,County or Unitary Authority,Food outlets,15/03/2020,1.9,Rate per 1000 people,Rate per 1000 people,,,,
E10000015,Hertfordshire,County or Unitary Authority,Food outlets,15/03/2018,1.8,Rate per 1000 people,Rate per 1000 people,,,,
E10000015,Hertfordshire,County or Unitary Authority,Food outlets,15/03/2026,2.1,Rate per 1000 people,Rate per 1000 people,,,,
E10000015,Hertfordshire,County or Unitary Authority,Food outlets,15/03/2016,1.7,Rate per 1000 people,Rate per 1000 people,,,,
E10000015,Hertfordshire,County or Unitary Authority,Food outlets,15/03/2010,1.7,Rate per 1000 people,Rate per 1000 people,,,,
E10000015,Hertfordshire,County or Unitary Authority,Food outlets,15/03/2011,1.7,Rate per 1000 people,Rate per 1000 people,,,,
E10000015,Hertfordshire,County or Unitary Authority,Food outlets,15/03/2012,1.7,Rate per 1000 people,Rate per 1000 people,,,,
E10000015,Hertfordshire,County or Unitary Authority,Food outlets,15/03/2017,1.9,Rate per 1000 people,Rate per 1000 people,,,,
E10000015,Hertfordshire,County or Unitary Authority,Food outlets,15/03/2014,1.7,Rate per 1000 people,Rate per 1000 people,,,,
E10000015,Hertfordshire,County or Unitary Authority,Food outlets,15/03/2015,1.7,Rate per 1000 people,Rate per 1000 people,,,,
E10000015,Hertfordshire,County or Unitary Authority,Food outlets,15/03/2013,1.6,Rate per 1000 people,Rate per 1000 people,,,,
E07000095,Broxbourne,Local Authority District,Food outlets,15/03/2026,2,Rate per 1000 people,Rate per 1000 people,,,,
E07000095,Broxbourne,Local Authority District,Food outlets,15/03/2025,2,Rate per 1000 people,Rate per 1000 people,,,,
E07000095,Broxbourne,Local Authority District,Food outlets,15/03/2024,2,Rate per 1000 people,Rate per 1000 people,,,,
E07000095,Broxbourne,Local Authority District,Food outlets,15/03/2023,2.1,Rate per 1000 people,Rate per 1000 people,,,,
E07000095,Broxbourne,Local Authority District,Food outlets,15/03/2022,2.1,Rate per 1000 people,Rate per 1000 people,,,,
E07000095,Broxbourne,Local Authority District,Food outlets,15/03/2021,1.9,Rate per 1000 people,Rate per 1000 people,,,,
E07000095,Broxbourne,Local Authority District,Food outlets,15/03/2019,1.8,Rate per 1000 people,Rate per 1000 people,,,,
E07000095,Broxbourne,Local Authority District,Food outlets,15/03/2018,1.7,Rate per 1000 people,Rate per 1000 people,,,,
E07000095,Broxbourne,Local Authority District,Food outlets,15/03/2020,1.7,Rate per 1000 people,Rate per 1000 people,,,,
E07000095,Broxbourne,Local Authority District,Food outlets,15/03/2016,1.7,Rate per 1000 people,Rate per 1000 people,,,,
E07000095,Broxbourne,Local Authority District,Food outlets,15/03/2015,1.8,Rate per 1000 people,Rate per 1000 people,,,,
E07000095,Broxbourne,Local Authority District,Food outlets,15/03/2014,1.5,Rate per 1000 people,Rate per 1000 people,,,,
E07000095,Broxbourne,Local Authority District,Food outlets,15/03/2013,1.6,Rate per 1000 people,Rate per 1000 people,,,,
E07000095,Broxbourne,Local Authority District,Food outlets,15/03/2012,1.6,Rate per 1000 people,Rate per 1000 people,,,,
E07000095,Broxbourne,Local Authority District,Food outlets,15/03/2011,1.6,Rate per 1000 people,Rate per 1000 people,,,,
E07000095,Broxbourne,Local Authority District,Food outlets,15/03/2010,1.6,Rate per 1000 people,Rate per 1000 people,,,,
E07000095,Broxbourne,Local Authority District,Food outlets,15/03/2017,1.7,Rate per 1000 people,Rate per 1000 people,,,,
E07000096,Dacorum,Local Authority District,Food outlets,15/03/2026,1.9,Rate per 1000 people,Rate per 1000 people,,,,
E07000096,Dacorum,Local Authority District,Food outlets,15/03/2025,1.8,Rate per 1000 people,Rate per 1000 people,,,,
E07000096,Dacorum,Local Authority District,Food outlets,15/03/2024,1.8,Rate per 1000 people,Rate per 1000 people,,,,
E07000096,Dacorum,Local Authority District,Food outlets,15/03/2023,1.9,Rate per 1000 people,Rate per 1000 people,,,,
E07000096,Dacorum,Local Authority District,Food outlets,15/03/2022,2,Rate per 1000 people,Rate per 1000 people,,,,
E07000096,Dacorum,Local Authority District,Food outlets,15/03/2021,1.9,Rate per 1000 people,Rate per 1000 people,,,,
E07000096,Dacorum,Local Authority District,Food outlets,15/03/2019,1.7,Rate per 1000 people,Rate per 1000 people,,,,
E07000096,Dacorum,Local Authority District,Food outlets,15/03/2020,1.8,Rate per 1000 people,Rate per 1000 people,,,,
E07000096,Dacorum,Local Authority District,Food outlets,15/03/2018,1.8,Rate per 1000 people,Rate per 1000 people,,,,
E07000096,Dacorum,Local Authority District,Food outlets,15/03/2010,1.7,Rate per 1000 people,Rate per 1000 people,,,,
E07000096,Dacorum,Local Authority District,Food outlets,15/03/2011,1.5,Rate per 1000 people,Rate per 1000 people,,,,
E07000096,Dacorum,Local Authority District,Food outlets,15/03/2012,1.6,Rate per 1000 people,Rate per 1000 people,,,,
E07000096,Dacorum,Local Authority District,Food outlets,15/03/2017,1.7,Rate per 1000 people,Rate per 1000 people,,,,
E07000096,Dacorum,Local Authority District,Food outlets,15/03/2014,1.6,Rate per 1000 people,Rate per 1000 people,,,,
E07000096,Dacorum,Local Authority District,Food outlets,15/03/2015,1.6,Rate per 1000 people,Rate per 1000 people,,,,
E07000096,Dacorum,Local Authority District,Food outlets,15/03/2016,1.6,Rate per 1000 people,Rate per 1000 people,,,,
E07000096,Dacorum,Local Authority District,Food outlets,15/03/2013,1.6,Rate per 1000 people,Rate per 1000 people,,,,
E07000242,East Hertfordshire,Local Authority District,Food outlets,15/03/2019,2.3,Rate per 1000 people,Rate per 1000 people,,,,
E07000242,East Hertfordshire,Local Authority District,Food outlets,15/03/2025,2,Rate per 1000 people,Rate per 1000 people,,,,
E07000242,East Hertfordshire,Local Authority District,Food outlets,15/03/2024,2,Rate per 1000 people,Rate per 1000 people,,,,
E07000242,East Hertfordshire,Local Authority District,Food outlets,15/03/2023,2.1,Rate per 1000 people,Rate per 1000 people,,,,
E07000242,East Hertfordshire,Local Authority District,Food outlets,15/03/2022,2.2,Rate per 1000 people,Rate per 1000 people,,,,
E07000242,East Hertfordshire,Local Authority District,Food outlets,15/03/2021,2,Rate per 1000 people,Rate per 1000 people,,,,
E07000242,East Hertfordshire,Local Authority District,Food outlets,15/03/2020,2,Rate per 1000 people,Rate per 1000 people,,,,
E07000242,East Hertfordshire,Local Authority District,Food outlets,15/03/2026,2.1,Rate per 1000 people,Rate per 1000 people,,,,
E07000242,East Hertfordshire,Local Authority District,Food outlets,15/03/2017,2.7,Rate per 1000 people,Rate per 1000 people,,,,
E07000242,East Hertfordshire,Local Authority District,Food outlets,15/03/2016,2,Rate per 1000 people,Rate per 1000 people,,,,
E07000242,East Hertfordshire,Local Authority District,Food outlets,15/03/2015,2,Rate per 1000 people,Rate per 1000 people,,,,
E07000242,East Hertfordshire,Local Authority District,Food outlets,15/03/2014,2,Rate per 1000 people,Rate per 1000 people,,,,
E07000242,East Hertfordshire,Local Authority District,Food outlets,15/03/2013,2,Rate per 1000 people,Rate per 1000 people,,,,
E07000242,East Hertfordshire,Local Authority District,Food outlets,15/03/2012,2,Rate per 1000 people,Rate per 1000 people,,,,
E07000242,East Hertfordshire,Local Authority District,Food outlets,15/03/2011,2.1,Rate per 1000 people,Rate per 1000 people,,,,
E07000242,East Hertfordshire,Local Authority District,Food outlets,15/03/2010,2.1,Rate per 1000 people,Rate per 1000 people,,,,
E07000242,East Hertfordshire,Local Authority District,Food outlets,15/03/2018,2.1,Rate per 1000 people,Rate per 1000 people,,,,
E07000098,Hertsmere,Local Authority District,Food outlets,15/03/2026,2.9,Rate per 1000 people,Rate per 1000 people,,,,
E07000098,Hertsmere,Local Authority District,Food outlets,15/03/2025,2.8,Rate per 1000 people,Rate per 1000 people,,,,
E07000098,Hertsmere,Local Authority District,Food outlets,15/03/2024,2.9,Rate per 1000 people,Rate per 1000 people,,,,
E07000098,Hertsmere,Local Authority District,Food outlets,15/03/2023,2.7,Rate per 1000 people,Rate per 1000 people,,,,
E07000098,Hertsmere,Local Authority District,Food outlets,15/03/2022,2.6,Rate per 1000 people,Rate per 1000 people,,,,
E07000098,Hertsmere,Local Authority District,Food outlets,15/03/2021,2.4,Rate per 1000 people,Rate per 1000 people,,,,
E07000098,Hertsmere,Local Authority District,Food outlets,15/03/2020,2.4,Rate per 1000 people,Rate per 1000 people,,,,
E07000098,Hertsmere,Local Authority District,Food outlets,15/03/2019,2.2,Rate per 1000 people,Rate per 1000 people,,,,
E07000098,Hertsmere,Local Authority District,Food outlets,15/03/2018,2.2,Rate per 1000 people,Rate per 1000 people,,,,
E07000098,Hertsmere,Local Authority District,Food outlets,15/03/2016,1.9,Rate per 1000 people,Rate per 1000 people,,,,
E07000098,Hertsmere,Local Authority District,Food outlets,15/03/2010,1.8,Rate per 1000 people,Rate per 1000 people,,,,
E07000098,Hertsmere,Local Authority District,Food outlets,15/03/2011,1.7,Rate per 1000 people,Rate per 1000 people,,,,
E07000098,Hertsmere,Local Authority District,Food outlets,15/03/2012,1.8,Rate per 1000 people,Rate per 1000 people,,,,
E07000098,Hertsmere,Local Authority District,Food outlets,15/03/2017,2,Rate per 1000 people,Rate per 1000 people,,,,
E07000098,Hertsmere,Local Authority District,Food outlets,15/03/2014,1.8,Rate per 1000 people,Rate per 1000 people,,,,
E07000098,Hertsmere,Local Authority District,Food outlets,15/03/2015,1.8,Rate per 1000 people,Rate per 1000 people,,,,
E07000098,Hertsmere,Local Authority District,Food outlets,15/03/2013,1.8,Rate per 1000 people,Rate per 1000 people,,,,
E07000099,North Hertfordshire,Local Authority District,Food outlets,15/03/2026,2.3,Rate per 1000 people,Rate per 1000 people,,,,
E07000099,North Hertfordshire,Local Authority District,Food outlets,15/03/2025,2.3,Rate per 1000 people,Rate per 1000 people,,,,
E07000099,North Hertfordshire,Local Authority District,Food outlets,15/03/2024,2.1,Rate per 1000 people,Rate per 1000 people,,,,
E07000099,North Hertfordshire,Local Authority District,Food outlets,15/03/2023,2.2,Rate per 1000 people,Rate per 1000 people,,,,
E07000099,North Hertfordshire,Local Authority District,Food outlets,15/03/2022,2.2,Rate per 1000 people,Rate per 1000 people,,,,
E07000099,North Hertfordshire,Local Authority District,Food outlets,15/03/2021,2.2,Rate per 1000 people,Rate per 1000 people,,,,
E07000099,North Hertfordshire,Local Authority District,Food outlets,15/03/2019,2.1,Rate per 1000 people,Rate per 1000 people,,,,
E07000099,North Hertfordshire,Local Authority District,Food outlets,15/03/2020,2.1,Rate per 1000 people,Rate per 1000 people,,,,
E07000099,North Hertfordshire,Local Authority District,Food outlets,15/03/2018,2,Rate per 1000 people,Rate per 1000 people,,,,
E07000099,North Hertfordshire,Local Authority District,Food outlets,15/03/2016,1.9,Rate per 1000 people,Rate per 1000 people,,,,
E07000099,North Hertfordshire,Local Authority District,Food outlets,15/03/2015,2.1,Rate per 1000 people,Rate per 1000 people,,,,
E07000099,North Hertfordshire,Local Authority District,Food outlets,15/03/2014,2,Rate per 1000 people,Rate per 1000 people,,,,
E07000099,North Hertfordshire,Local Authority District,Food outlets,15/03/2013,1.9,Rate per 1000 people,Rate per 1000 people,,,,
E07000099,North Hertfordshire,Local Authority District,Food outlets,15/03/2012,2,Rate per 1000 people,Rate per 1000 people,,,,
E07000099,North Hertfordshire,Local Authority District,Food outlets,15/03/2011,1.9,Rate per 1000 people,Rate per 1000 people,,,,
E07000099,North Hertfordshire,Local Authority District,Food outlets,15/03/2010,1.9,Rate per 1000 people,Rate per 1000 people,,,,
E07000099,North Hertfordshire,Local Authority District,Food outlets,15/03/2017,2,Rate per 1000 people,Rate per 1000 people,,,,
E07000240,St Albans,Local Authority District,Food outlets,15/03/2020,1.9,Rate per 1000 people,Rate per 1000 people,,,,
E07000240,St Albans,Local Authority District,Food outlets,15/03/2021,2,Rate per 1000 people,Rate per 1000 people,,,,
E07000240,St Albans,Local Authority District,Food outlets,15/03/2022,2.2,Rate per 1000 people,Rate per 1000 people,,,,
E07000240,St Albans,Local Authority District,Food outlets,15/03/2019,1.9,Rate per 1000 people,Rate per 1000 people,,,,
E07000240,St Albans,Local Authority District,Food outlets,15/03/2024,2.1,Rate per 1000 people,Rate per 1000 people,,,,
E07000240,St Albans,Local Authority District,Food outlets,15/03/2025,2.2,Rate per 1000 people,Rate per 1000 people,,,,
E07000240,St Albans,Local Authority District,Food outlets,15/03/2023,2.1,Rate per 1000 people,Rate per 1000 people,,,,
E07000240,St Albans,Local Authority District,Food outlets,15/03/2026,2.2,Rate per 1000 people,Rate per 1000 people,,,,
E07000240,St Albans,Local Authority District,Food outlets,15/03/2018,1.9,Rate per 1000 people,Rate per 1000 people,,,,
E07000240,St Albans,Local Authority District,Food outlets,15/03/2016,1.9,Rate per 1000 people,Rate per 1000 people,,,,
E07000240,St Albans,Local Authority District,Food outlets,15/03/2015,1.8,Rate per 1000 people,Rate per 1000 people,,,,
E07000240,St Albans,Local Authority District,Food outlets,15/03/2014,1.7,Rate per 1000 people,Rate per 1000 people,,,,
E07000240,St Albans,Local Authority District,Food outlets,15/03/2013,1.7,Rate per 1000 people,Rate per 1000 people,,,,
E07000240,St Albans,Local Authority District,Food outlets,15/03/2012,1.8,Rate per 1000 people,Rate per 1000 people,,,,
E07000240,St Albans,Local Authority District,Food outlets,15/03/2011,1.8,Rate per 1000 people,Rate per 1000 people,,,,
E07000240,St Albans,Local Authority District,Food outlets,15/03/2010,1.8,Rate per 1000 people,Rate per 1000 people,,,,
E07000240,St Albans,Local Authority District,Food outlets,15/03/2017,2,Rate per 1000 people,Rate per 1000 people,,,,
E07000243,Stevenage,Local Authority District,Food outlets,15/03/2026,1.8,Rate per 1000 people,Rate per 1000 people,,,,
E07000243,Stevenage,Local Authority District,Food outlets,15/03/2025,1.7,Rate per 1000 people,Rate per 1000 people,,,,
E07000243,Stevenage,Local Authority District,Food outlets,15/03/2024,1.6,Rate per 1000 people,Rate per 1000 people,,,,
E07000243,Stevenage,Local Authority District,Food outlets,15/03/2023,1.5,Rate per 1000 people,Rate per 1000 people,,,,
E07000243,Stevenage,Local Authority District,Food outlets,15/03/2022,1.6,Rate per 1000 people,Rate per 1000 people,,,,
E07000243,Stevenage,Local Authority District,Food outlets,15/03/2021,1.5,Rate per 1000 people,Rate per 1000 people,,,,
E07000243,Stevenage,Local Authority District,Food outlets,15/03/2020,1.3,Rate per 1000 people,Rate per 1000 people,,,,
E07000243,Stevenage,Local Authority District,Food outlets,15/03/2019,1.3,Rate per 1000 people,Rate per 1000 people,,,,
E07000243,Stevenage,Local Authority District,Food outlets,15/03/2018,1.2,Rate per 1000 people,Rate per 1000 people,,,,
E07000243,Stevenage,Local Authority District,Food outlets,15/03/2016,1.3,Rate per 1000 people,Rate per 1000 people,,,,
E07000243,Stevenage,Local Authority District,Food outlets,15/03/2015,1.3,Rate per 1000 people,Rate per 1000 people,,,,
E07000243,Stevenage,Local Authority District,Food outlets,15/03/2014,1.2,Rate per 1000 people,Rate per 1000 people,,,,
E07000243,Stevenage,Local Authority District,Food outlets,15/03/2013,1.2,Rate per 1000 people,Rate per 1000 people,,,,
E07000243,Stevenage,Local Authority District,Food outlets,15/03/2012,1.1,Rate per 1000 people,Rate per 1000 people,,,,
E07000243,Stevenage,Local Authority District,Food outlets,15/03/2011,1.1,Rate per 1000 people,Rate per 1000 people,,,,
E07000243,Stevenage,Local Authority District,Food outlets,15/03/2010,1.1,Rate per 1000 people,Rate per 1000 people,,,,
E07000243,Stevenage,Local Authority District,Food outlets,15/03/2017,1.3,Rate per 1000 people,Rate per 1000 people,,,,
E07000102,Three Rivers,Local Authority District,Food outlets,15/03/2019,1.7,Rate per 1000 people,Rate per 1000 people,,,,
E07000102,Three Rivers,Local Authority District,Food outlets,15/03/2025,2,Rate per 1000 people,Rate per 1000 people,,,,
E07000102,Three Rivers,Local Authority District,Food outlets,15/03/2024,2.1,Rate per 1000 people,Rate per 1000 people,,,,
E07000102,Three Rivers,Local Authority District,Food outlets,15/03/2023,2,Rate per 1000 people,Rate per 1000 people,,,,
E07000102,Three Rivers,Local Authority District,Food outlets,15/03/2022,2,Rate per 1000 people,Rate per 1000 people,,,,
E07000102,Three Rivers,Local Authority District,Food outlets,15/03/2021,2,Rate per 1000 people,Rate per 1000 people,,,,
E07000102,Three Rivers,Local Authority District,Food outlets,15/03/2020,1.9,Rate per 1000 people,Rate per 1000 people,,,,
E07000102,Three Rivers,Local Authority District,Food outlets,15/03/2018,1.7,Rate per 1000 people,Rate per 1000 people,,,,
E07000102,Three Rivers,Local Authority District,Food outlets,15/03/2026,2.1,Rate per 1000 people,Rate per 1000 people,,,,
E07000102,Three Rivers,Local Authority District,Food outlets,15/03/2016,1.7,Rate per 1000 people,Rate per 1000 people,,,,
E07000102,Three Rivers,Local Authority District,Food outlets,15/03/2015,1.6,Rate per 1000 people,Rate per 1000 people,,,,
E07000102,Three Rivers,Local Authority District,Food outlets,15/03/2014,1.5,Rate per 1000 people,Rate per 1000 people,,,,
E07000102,Three Rivers,Local Authority District,Food outlets,15/03/2013,1.6,Rate per 1000 people,Rate per 1000 people,,,,
E07000102,Three Rivers,Local Authority District,Food outlets,15/03/2012,1.6,Rate per 1000 people,Rate per 1000 people,,,,
E07000102,Three Rivers,Local Authority District,Food outlets,15/03/2011,1.6,Rate per 1000 people,Rate per 1000 people,,,,
E07000102,Three Rivers,Local Authority District,Food outlets,15/03/2010,1.7,Rate per 1000 people,Rate per 1000 people,,,,
E07000102,Three Rivers,Local Authority District,Food outlets,15/03/2017,1.7,Rate per 1000 people,Rate per 1000 people,,,,
E07000103,Watford,Local Authority District,Food outlets,15/03/2026,2.3,Rate per 1000 people,Rate per 1000 people,,,,
E07000103,Watford,Local Authority District,Food outlets,15/03/2025,2.3,Rate per 1000 people,Rate per 1000 people,,,,
E07000103,Watford,Local Authority District,Food outlets,15/03/2024,2.2,Rate per 1000 people,Rate per 1000 people,,,,
E07000103,Watford,Local Authority District,Food outlets,15/03/2023,2.2,Rate per 1000 people,Rate per 1000 people,,,,
E07000103,Watford,Local Authority District,Food outlets,15/03/2022,2.2,Rate per 1000 people,Rate per 1000 people,,,,
E07000103,Watford,Local Authority District,Food outlets,15/03/2021,2,Rate per 1000 people,Rate per 1000 people,,,,
E07000103,Watford,Local Authority District,Food outlets,15/03/2020,2,Rate per 1000 people,Rate per 1000 people,,,,
E07000103,Watford,Local Authority District,Food outlets,15/03/2019,2.2,Rate per 1000 people,Rate per 1000 people,,,,
E07000103,Watford,Local Authority District,Food outlets,15/03/2018,2.1,Rate per 1000 people,Rate per 1000 people,,,,
E07000103,Watford,Local Authority District,Food outlets,15/03/2017,1.9,Rate per 1000 people,Rate per 1000 people,,,,
E07000103,Watford,Local Authority District,Food outlets,15/03/2016,1.9,Rate per 1000 people,Rate per 1000 people,,,,
E07000103,Watford,Local Authority District,Food outlets,15/03/2015,1.8,Rate per 1000 people,Rate per 1000 people,,,,
E07000103,Watford,Local Authority District,Food outlets,15/03/2014,1.7,Rate per 1000 people,Rate per 1000 people,,,,
E07000103,Watford,Local Authority District,Food outlets,15/03/2013,1.5,Rate per 1000 people,Rate per 1000 people,,,,
E07000103,Watford,Local Authority District,Food outlets,15/03/2012,1.6,Rate per 1000 people,Rate per 1000 people,,,,
E07000103,Watford,Local Authority District,Food outlets,15/03/2011,1.5,Rate per 1000 people,Rate per 1000 people,,,,
E07000103,Watford,Local Authority District,Food outlets,15/03/2010,1.6,Rate per 1000 people,Rate per 1000 people,,,,
E07000241,Welwyn Hatfield,Local Authority District,Food outlets,15/03/2026,1.6,Rate per 1000 people,Rate per 1000 people,,,,
E07000241,Welwyn Hatfield,Local Authority District,Food outlets,15/03/2025,1.5,Rate per 1000 people,Rate per 1000 people,,,,
E07000241,Welwyn Hatfield,Local Authority District,Food outlets,15/03/2024,1.4,Rate per 1000 people,Rate per 1000 people,,,,
E07000241,Welwyn Hatfield,Local Authority District,Food outlets,15/03/2023,1.4,Rate per 1000 people,Rate per 1000 people,,,,
E07000241,Welwyn Hatfield,Local Authority District,Food outlets,15/03/2022,1.4,Rate per 1000 people,Rate per 1000 people,,,,
E07000241,Welwyn Hatfield,Local Authority District,Food outlets,15/03/2021,1.4,Rate per 1000 people,Rate per 1000 people,,,,
E07000241,Welwyn Hatfield,Local Authority District,Food outlets,15/03/2020,1.4,Rate per 1000 people,Rate per 1000 people,,,,
E07000241,Welwyn Hatfield,Local Authority District,Food outlets,15/03/2019,1.3,Rate per 1000 people,Rate per 1000 people,,,,
E07000241,Welwyn Hatfield,Local Authority District,Food outlets,15/03/2018,1.4,Rate per 1000 people,Rate per 1000 people,,,,
E07000241,Welwyn Hatfield,Local Authority District,Food outlets,15/03/2017,1.4,Rate per 1000 people,Rate per 1000 people,,,,
E07000241,Welwyn Hatfield,Local Authority District,Food outlets,15/03/2016,1.3,Rate per 1000 people,Rate per 1000 people,,,,
E07000241,Welwyn Hatfield,Local Authority District,Food outlets,15/03/2015,1.3,Rate per 1000 people,Rate per 1000 people,,,,
E07000241,Welwyn Hatfield,Local Authority District,Food outlets,15/03/2014,1.3,Rate per 1000 people,Rate per 1000 people,,,,
E07000241,Welwyn Hatfield,Local Authority District,Food outlets,15/03/2013,1.3,Rate per 1000 people,Rate per 1000 people,,,,
E07000241,Welwyn Hatfield,Local Authority District,Food outlets,15/03/2012,1.3,Rate per 1000 people,Rate per 1000 people,,,,
E07000241,Welwyn Hatfield,Local Authority District,Food outlets,15/03/2011,1.3,Rate per 1000 people,Rate per 1000 people,,,,
E07000241,Welwyn Hatfield,Local Authority District,Food outlets,15/03/2010,1.2,Rate per 1000 people,Rate per 1000 people,,,,
E10000020,Norfolk,County or Unitary Authority,Food outlets,15/03/2026,2.2,Rate per 1000 people,Rate per 1000 people,,,,
E10000020,Norfolk,County or Unitary Authority,Food outlets,15/03/2025,2.2,Rate per 1000 people,Rate per 1000 people,,,,
E10000020,Norfolk,County or Unitary Authority,Food outlets,15/03/2024,2.2,Rate per 1000 people,Rate per 1000 people,,,,
E10000020,Norfolk,County or Unitary Authority,Food outlets,15/03/2023,2.2,Rate per 1000 people,Rate per 1000 people,,,,
E10000020,Norfolk,County or Unitary Authority,Food outlets,15/03/2022,2.2,Rate per 1000 people,Rate per 1000 people,,,,
E10000020,Norfolk,County or Unitary Authority,Food outlets,15/03/2021,2.2,Rate per 1000 people,Rate per 1000 people,,,,
E10000020,Norfolk,County or Unitary Authority,Food outlets,15/03/2020,2.2,Rate per 1000 people,Rate per 1000 people,,,,
E10000020,Norfolk,County or Unitary Authority,Food outlets,15/03/2019,2.2,Rate per 1000 people,Rate per 1000 people,,,,
E10000020,Norfolk,County or Unitary Authority,Food outlets,15/03/2018,2.2,Rate per 1000 people,Rate per 1000 people,,,,
E10000020,Norfolk,County or Unitary Authority,Food outlets,15/03/2017,2.2,Rate per 1000 people,Rate per 1000 people,,,,
E10000020,Norfolk,County or Unitary Authority,Food outlets,15/03/2016,2.2,Rate per 1000 people,Rate per 1000 people,,,,
E10000020,Norfolk,County or Unitary Authority,Food outlets,15/03/2015,2.2,Rate per 1000 people,Rate per 1000 people,,,,
E10000020,Norfolk,County or Unitary Authority,Food outlets,15/03/2014,2,Rate per 1000 people,Rate per 1000 people,,,,
E10000020,Norfolk,County or Unitary Authority,Food outlets,15/03/2013,2,Rate per 1000 people,Rate per 1000 people,,,,
E10000020,Norfolk,County or Unitary Authority,Food outlets,15/03/2012,2,Rate per 1000 people,Rate per 1000 people,,,,
E10000020,Norfolk,County or Unitary Authority,Food outlets,15/03/2011,2,Rate per 1000 people,Rate per 1000 people,,,,
E10000020,Norfolk,County or Unitary Authority,Food outlets,15/03/2010,2.1,Rate per 1000 people,Rate per 1000 people,,,,
E07000143,Breckland,Local Authority District,Food outlets,15/03/2026,1.6,Rate per 1000 people,Rate per 1000 people,,,,
E07000143,Breckland,Local Authority District,Food outlets,15/03/2025,1.6,Rate per 1000 people,Rate per 1000 people,,,,
E07000143,Breckland,Local Authority District,Food outlets,15/03/2024,1.6,Rate per 1000 people,Rate per 1000 people,,,,
E07000143,Breckland,Local Authority District,Food outlets,15/03/2023,1.5,Rate per 1000 people,Rate per 1000 people,,,,
E07000143,Breckland,Local Authority District,Food outlets,15/03/2022,1.6,Rate per 1000 people,Rate per 1000 people,,,,
E07000143,Breckland,Local Authority District,Food outlets,15/03/2021,1.7,Rate per 1000 people,Rate per 1000 people,,,,
E07000143,Breckland,Local Authority District,Food outlets,15/03/2020,1.6,Rate per 1000 people,Rate per 1000 people,,,,
E07000143,Breckland,Local Authority District,Food outlets,15/03/2019,1.6,Rate per 1000 people,Rate per 1000 people,,,,
E07000143,Breckland,Local Authority District,Food outlets,15/03/2018,1.7,Rate per 1000 people,Rate per 1000 people,,,,
E07000143,Breckland,Local Authority District,Food outlets,15/03/2017,1.7,Rate per 1000 people,Rate per 1000 people,,,,
E07000143,Breckland,Local Authority District,Food outlets,15/03/2016,1.7,Rate per 1000 people,Rate per 1000 people,,,,
E07000143,Breckland,Local Authority District,Food outlets,15/03/2015,1.7,Rate per 1000 people,Rate per 1000 people,,,,
E07000143,Breckland,Local Authority District,Food outlets,15/03/2014,1.6,Rate per 1000 people,Rate per 1000 people,,,,
E07000143,Breckland,Local Authority District,Food outlets,15/03/2013,1.6,Rate per 1000 people,Rate per 1000 people,,,,
E07000143,Breckland,Local Authority District,Food outlets,15/03/2012,1.6,Rate per 1000 people,Rate per 1000 people,,,,
E07000143,Breckland,Local Authority District,Food outlets,15/03/2011,1.6,Rate per 1000 people,Rate per 1000 people,,,,
E07000143,Breckland,Local Authority District,Food outlets,15/03/2010,1.7,Rate per 1000 people,Rate per 1000 people,,,,
E07000144,Broadland,Local Authority District,Food outlets,15/03/2026,1.5,Rate per 1000 people,Rate per 1000 people,,,,
E07000144,Broadland,Local Authority District,Food outlets,15/03/2025,1.4,Rate per 1000 people,Rate per 1000 people,,,,
E07000144,Broadland,Local Authority District,Food outlets,15/03/2024,1.4,Rate per 1000 people,Rate per 1000 people,,,,
E07000144,Broadland,Local Authority District,Food outlets,15/03/2023,1.4,Rate per 1000 people,Rate per 1000 people,,,,
E07000144,Broadland,Local Authority District,Food outlets,15/03/2022,1.4,Rate per 1000 people,Rate per 1000 people,,,,
E07000144,Broadland,Local Authority District,Food outlets,15/03/2021,1.3,Rate per 1000 people,Rate per 1000 people,,,,
E07000144,Broadland,Local Authority District,Food outlets,15/03/2020,1.3,Rate per 1000 people,Rate per 1000 people,,,,
E07000144,Broadland,Local Authority District,Food outlets,15/03/2019,1.5,Rate per 1000 people,Rate per 1000 people,,,,
E07000144,Broadland,Local Authority District,Food outlets,15/03/2018,1.4,Rate per 1000 people,Rate per 1000 people,,,,
E07000144,Broadland,Local Authority District,Food outlets,15/03/2017,1.5,Rate per 1000 people,Rate per 1000 people,,,,
E07000144,Broadland,Local Authority District,Food outlets,15/03/2016,1.5,Rate per 1000 people,Rate per 1000 people,,,,
E07000144,Broadland,Local Authority District,Food outlets,15/03/2015,1.5,Rate per 1000 people,Rate per 1000 people,,,,
E07000144,Broadland,Local Authority District,Food outlets,15/03/2014,1.4,Rate per 1000 people,Rate per 1000 people,,,,
E07000144,Broadland,Local Authority District,Food outlets,15/03/2013,1.4,Rate per 1000 people,Rate per 1000 people,,,,
E07000144,Broadland,Local Authority District,Food outlets,15/03/2012,1.4,Rate per 1000 people,Rate per 1000 people,,,,
E07000144,Broadland,Local Authority District,Food outlets,15/03/2011,1.4,Rate per 1000 people,Rate per 1000 people,,,,
E07000144,Broadland,Local Authority District,Food outlets,15/03/2010,1.3,Rate per 1000 people,Rate per 1000 people,,,,
E07000145,Great Yarmouth,Local Authority District,Food outlets,15/03/2026,2.8,Rate per 1000 people,Rate per 1000 people,,,,
E07000145,Great Yarmouth,Local Authority District,Food outlets,15/03/2025,2.8,Rate per 1000 people,Rate per 1000 people,,,,
E07000145,Great Yarmouth,Local Authority District,Food outlets,15/03/2024,2.9,Rate per 1000 people,Rate per 1000 people,,,,
E07000145,Great Yarmouth,Local Authority District,Food outlets,15/03/2023,3,Rate per 1000 people,Rate per 1000 people,,,,
E07000145,Great Yarmouth,Local Authority District,Food outlets,15/03/2022,3.1,Rate per 1000 people,Rate per 1000 people,,,,
E07000145,Great Yarmouth,Local Authority District,Food outlets,15/03/2021,3,Rate per 1000 people,Rate per 1000 people,,,,
E07000145,Great Yarmouth,Local Authority District,Food outlets,15/03/2020,3,Rate per 1000 people,Rate per 1000 people,,,,
E07000145,Great Yarmouth,Local Authority District,Food outlets,15/03/2019,2.9,Rate per 1000 people,Rate per 1000 people,,,,
E07000145,Great Yarmouth,Local Authority District,Food outlets,15/03/2018,2.9,Rate per 1000 people,Rate per 1000 people,,,,
E07000145,Great Yarmouth,Local Authority District,Food outlets,15/03/2017,2.9,Rate per 1000 people,Rate per 1000 people,,,,
E07000145,Great Yarmouth,Local Authority District,Food outlets,15/03/2016,3,Rate per 1000 people,Rate per 1000 people,,,,
E07000145,Great Yarmouth,Local Authority District,Food outlets,15/03/2015,3.2,Rate per 1000 people,Rate per 1000 people,,,,
E07000145,Great Yarmouth,Local Authority District,Food outlets,15/03/2014,2.7,Rate per 1000 people,Rate per 1000 people,,,,
E07000145,Great Yarmouth,Local Authority District,Food outlets,15/03/2013,2.7,Rate per 1000 people,Rate per 1000 people,,,,
E07000145,Great Yarmouth,Local Authority District,Food outlets,15/03/2012,2.9,Rate per 1000 people,Rate per 1000 people,,,,
E07000145,Great Yarmouth,Local Authority District,Food outlets,15/03/2011,2.8,Rate per 1000 people,Rate per 1000 people,,,,
E07000145,Great Yarmouth,Local Authority District,Food outlets,15/03/2010,2.9,Rate per 1000 people,Rate per 1000 people,,,,
E07000146,King's Lynn and West Norfolk,Local Authority District,Food outlets,15/03/2026,2.1,Rate per 1000 people,Rate per 1000 people,,,,
E07000146,King's Lynn and West Norfolk,Local Authority District,Food outlets,15/03/2025,2.1,Rate per 1000 people,Rate per 1000 people,,,,
E07000146,King's Lynn and West Norfolk,Local Authority District,Food outlets,15/03/2024,2.1,Rate per 1000 people,Rate per 1000 people,,,,
E07000146,King's Lynn and West Norfolk,Local Authority District,Food outlets,15/03/2023,2.1,Rate per 1000 people,Rate per 1000 people,,,,
E07000146,King's Lynn and West Norfolk,Local Authority District,Food outlets,15/03/2022,2.1,Rate per 1000 people,Rate per 1000 people,,,,
E07000146,King's Lynn and West Norfolk,Local Authority District,Food outlets,15/03/2021,2,Rate per 1000 people,Rate per 1000 people,,,,
E07000146,King's Lynn and West Norfolk,Local Authority District,Food outlets,15/03/2020,2.1,Rate per 1000 people,Rate per 1000 people,,,,
E07000146,King's Lynn and West Norfolk,Local Authority District,Food outlets,15/03/2019,2,Rate per 1000 people,Rate per 1000 people,,,,
E07000146,King's Lynn and West Norfolk,Local Authority District,Food outlets,15/03/2018,2,Rate per 1000 people,Rate per 1000 people,,,,
E07000146,King's Lynn and West Norfolk,Local Authority District,Food outlets,15/03/2017,2,Rate per 1000 people,Rate per 1000 people,,,,
E07000146,King's Lynn and West Norfolk,Local Authority District,Food outlets,15/03/2016,1.9,Rate per 1000 people,Rate per 1000 people,,,,
E07000146,King's Lynn and West Norfolk,Local Authority District,Food outlets,15/03/2015,2,Rate per 1000 people,Rate per 1000 people,,,,
E07000146,King's Lynn and West Norfolk,Local Authority District,Food outlets,15/03/2014,1.9,Rate per 1000 people,Rate per 1000 people,,,,
E07000146,King's Lynn and West Norfolk,Local Authority District,Food outlets,15/03/2013,1.7,Rate per 1000 people,Rate per 1000 people,,,,
E07000146,King's Lynn and West Norfolk,Local Authority District,Food outlets,15/03/2012,1.8,Rate per 1000 people,Rate per 1000 people,,,,
E07000146,King's Lynn and West Norfolk,Local Authority District,Food outlets,15/03/2011,1.8,Rate per 1000 people,Rate per 1000 people,,,,
E07000146,King's Lynn and West Norfolk,Local Authority District,Food outlets,15/03/2010,1.9,Rate per 1000 people,Rate per 1000 people,,,,
E07000147,North Norfolk,Local Authority District,Food outlets,15/03/2026,3.3,Rate per 1000 people,Rate per 1000 people,,,,
E07000147,North Norfolk,Local Authority District,Food outlets,15/03/2025,3.3,Rate per 1000 people,Rate per 1000 people,,,,
E07000147,North Norfolk,Local Authority District,Food outlets,15/03/2024,3.2,Rate per 1000 people,Rate per 1000 people,,,,
E07000147,North Norfolk,Local Authority District,Food outlets,15/03/2023,3.2,Rate per 1000 people,Rate per 1000 people,,,,
E07000147,North Norfolk,Local Authority District,Food outlets,15/03/2022,3.4,Rate per 1000 people,Rate per 1000 people,,,,
E07000147,North Norfolk,Local Authority District,Food outlets,15/03/2021,3,Rate per 1000 people,Rate per 1000 people,,,,
E07000147,North Norfolk,Local Authority District,Food outlets,15/03/2020,3,Rate per 1000 people,Rate per 1000 people,,,,
E07000147,North Norfolk,Local Authority District,Food outlets,15/03/2019,3,Rate per 1000 people,Rate per 1000 people,,,,
E07000147,North Norfolk,Local Authority District,Food outlets,15/03/2018,3,Rate per 1000 people,Rate per 1000 people,,,,
E07000147,North Norfolk,Local Authority District,Food outlets,15/03/2017,3.1,Rate per 1000 people,Rate per 1000 people,,,,
E07000147,North Norfolk,Local Authority District,Food outlets,15/03/2016,3,Rate per 1000 people,Rate per 1000 people,,,,
E07000147,North Norfolk,Local Authority District,Food outlets,15/03/2015,2.9,Rate per 1000 people,Rate per 1000 people,,,,
E07000147,North Norfolk,Local Authority District,Food outlets,15/03/2014,2.7,Rate per 1000 people,Rate per 1000 people,,,,
E07000147,North Norfolk,Local Authority District,Food outlets,15/03/2013,2.6,Rate per 1000 people,Rate per 1000 people,,,,
E07000147,North Norfolk,Local Authority District,Food outlets,15/03/2012,2.7,Rate per 1000 people,Rate per 1000 people,,,,
E07000147,North Norfolk,Local Authority District,Food outlets,15/03/2011,2.6,Rate per 1000 people,Rate per 1000 people,,,,
E07000147,North Norfolk,Local Authority District,Food outlets,15/03/2010,2.6,Rate per 1000 people,Rate per 1000 people,,,,
E07000148,Norwich,Local Authority District,Food outlets,15/03/2026,3.2,Rate per 1000 people,Rate per 1000 people,,,,
E07000148,Norwich,Local Authority District,Food outlets,15/03/2025,3.1,Rate per 1000 people,Rate per 1000 people,,,,
E07000148,Norwich,Local Authority District,Food outlets,15/03/2024,2.9,Rate per 1000 people,Rate per 1000 people,,,,
E07000148,Norwich,Local Authority District,Food outlets,15/03/2023,2.9,Rate per 1000 people,Rate per 1000 people,,,,
E07000148,Norwich,Local Authority District,Food outlets,15/03/2022,3,Rate per 1000 people,Rate per 1000 people,,,,
E07000148,Norwich,Local Authority District,Food outlets,15/03/2021,2.9,Rate per 1000 people,Rate per 1000 people,,,,
E07000148,Norwich,Local Authority District,Food outlets,15/03/2020,2.8,Rate per 1000 people,Rate per 1000 people,,,,
E07000148,Norwich,Local Authority District,Food outlets,15/03/2019,2.7,Rate per 1000 people,Rate per 1000 people,,,,
E07000148,Norwich,Local Authority District,Food outlets,15/03/2018,2.7,Rate per 1000 people,Rate per 1000 people,,,,
E07000148,Norwich,Local Authority District,Food outlets,15/03/2017,2.6,Rate per 1000 people,Rate per 1000 people,,,,
E07000148,Norwich,Local Authority District,Food outlets,15/03/2016,2.7,Rate per 1000 people,Rate per 1000 people,,,,
E07000148,Norwich,Local Authority District,Food outlets,15/03/2015,2.7,Rate per 1000 people,Rate per 1000 people,,,,
E07000148,Norwich,Local Authority District,Food outlets,15/03/2014,2.6,Rate per 1000 people,Rate per 1000 people,,,,
E07000148,Norwich,Local Authority District,Food outlets,15/03/2013,2.4,Rate per 1000 people,Rate per 1000 people,,,,
E07000148,Norwich,Local Authority District,Food outlets,15/03/2012,2.4,Rate per 1000 people,Rate per 1000 people,,,,
E07000148,Norwich,Local Authority District,Food outlets,15/03/2011,2.5,Rate per 1000 people,Rate per 1000 people,,,,
E07000148,Norwich,Local Authority District,Food outlets,15/03/2010,2.6,Rate per 1000 people,Rate per 1000 people,,,,
E07000149,South Norfolk,Local Authority District,Food outlets,15/03/2026,1.7,Rate per 1000 people,Rate per 1000 people,,,,
E07000149,South Norfolk,Local Authority District,Food outlets,15/03/2025,1.7,Rate per 1000 people,Rate per 1000 people,,,,
E07000149,South Norfolk,Local Authority District,Food outlets,15/03/2024,1.6,Rate per 1000 people,Rate per 1000 people,,,,
E07000149,South Norfolk,Local Authority District,Food outlets,15/03/2023,1.7,Rate per 1000 people,Rate per 1000 people,,,,
E07000149,South Norfolk,Local Authority District,Food outlets,15/03/2022,1.7,Rate per 1000 people,Rate per 1000 people,,,,
E07000149,South Norfolk,Local Authority District,Food outlets,15/03/2021,1.7,Rate per 1000 people,Rate per 1000 people,,,,
E07000149,South Norfolk,Local Authority District,Food outlets,15/03/2020,1.8,Rate per 1000 people,Rate per 1000 people,,,,
E07000149,South Norfolk,Local Authority District,Food outlets,15/03/2019,1.8,Rate per 1000 people,Rate per 1000 people,,,,
E07000149,South Norfolk,Local Authority District,Food outlets,15/03/2018,1.8,Rate per 1000 people,Rate per 1000 people,,,,
E07000149,South Norfolk,Local Authority District,Food outlets,15/03/2017,1.8,Rate per 1000 people,Rate per 1000 people,,,,
E07000149,South Norfolk,Local Authority District,Food outlets,15/03/2016,1.7,Rate per 1000 people,Rate per 1000 people,,,,
E07000149,South Norfolk,Local Authority District,Food outlets,15/03/2015,1.7,Rate per 1000 people,Rate per 1000 people,,,,
E07000149,South Norfolk,Local Authority District,Food outlets,15/03/2014,1.6,Rate per 1000 people,Rate per 1000 people,,,,
E07000149,South Norfolk,Local Authority District,Food outlets,15/03/2013,1.6,Rate per 1000 people,Rate per 1000 people,,,,
E07000149,South Norfolk,Local Authority District,Food outlets,15/03/2012,1.7,Rate per 1000 people,Rate per 1000 people,,,,
E07000149,South Norfolk,Local Authority District,Food outlets,15/03/2011,1.6,Rate per 1000 people,Rate per 1000 people,,,,
E07000149,South Norfolk,Local Authority District,Food outlets,15/03/2010,1.7,Rate per 1000 people,Rate per 1000 people,,,,
E10000029,Suffolk,County or Unitary Authority,Food outlets,15/03/2026,2.1,Rate per 1000 people,Rate per 1000 people,,,,
E10000029,Suffolk,County or Unitary Authority,Food outlets,15/03/2025,2.1,Rate per 1000 people,Rate per 1000 people,,,,
E10000029,Suffolk,County or Unitary Authority,Food outlets,15/03/2024,2.1,Rate per 1000 people,Rate per 1000 people,,,,
E10000029,Suffolk,County or Unitary Authority,Food outlets,15/03/2023,2.1,Rate per 1000 people,Rate per 1000 people,,,,
E10000029,Suffolk,County or Unitary Authority,Food outlets,15/03/2022,2.2,Rate per 1000 people,Rate per 1000 people,,,,
E10000029,Suffolk,County or Unitary Authority,Food outlets,15/03/2021,2.1,Rate per 1000 people,Rate per 1000 people,,,,
E10000029,Suffolk,County or Unitary Authority,Food outlets,15/03/2020,2.1,Rate per 1000 people,Rate per 1000 people,,,,
E10000029,Suffolk,County or Unitary Authority,Food outlets,15/03/2019,2.1,Rate per 1000 people,Rate per 1000 people,,,,
E10000029,Suffolk,County or Unitary Authority,Food outlets,15/03/2018,2.1,Rate per 1000 people,Rate per 1000 people,,,,
E10000029,Suffolk,County or Unitary Authority,Food outlets,15/03/2017,2,Rate per 1000 people,Rate per 1000 people,,,,
E10000029,Suffolk,County or Unitary Authority,Food outlets,15/03/2016,2,Rate per 1000 people,Rate per 1000 people,,,,
E10000029,Suffolk,County or Unitary Authority,Food outlets,15/03/2015,2,Rate per 1000 people,Rate per 1000 people,,,,
E10000029,Suffolk,County or Unitary Authority,Food outlets,15/03/2014,1.9,Rate per 1000 people,Rate per 1000 people,,,,
E10000029,Suffolk,County or Unitary Authority,Food outlets,15/03/2013,1.9,Rate per 1000 people,Rate per 1000 people,,,,
E10000029,Suffolk,County or Unitary Authority,Food outlets,15/03/2012,2,Rate per 1000 people,Rate per 1000 people,,,,
E10000029,Suffolk,County or Unitary Authority,Food outlets,15/03/2011,1.9,Rate per 1000 people,Rate per 1000 people,,,,
E10000029,Suffolk,County or Unitary Authority,Food outlets,15/03/2010,2,Rate per 1000 people,Rate per 1000 people,,,,
E07000200,Babergh,Local Authority District,Food outlets,15/03/2026,2,Rate per 1000 people,Rate per 1000 people,,,,
E07000200,Babergh,Local Authority District,Food outlets,15/03/2025,1.9,Rate per 1000 people,Rate per 1000 people,,,,
E07000200,Babergh,Local Authority District,Food outlets,15/03/2024,2,Rate per 1000 people,Rate per 1000 people,,,,
E07000200,Babergh,Local Authority District,Food outlets,15/03/2023,2.1,Rate per 1000 people,Rate per 1000 people,,,,
E07000200,Babergh,Local Authority District,Food outlets,15/03/2022,2.1,Rate per 1000 people,Rate per 1000 people,,,,
E07000200,Babergh,Local Authority District,Food outlets,15/03/2021,2.2,Rate per 1000 people,Rate per 1000 people,,,,
E07000200,Babergh,Local Authority District,Food outlets,15/03/2020,2.3,Rate per 1000 people,Rate per 1000 people,,,,
E07000200,Babergh,Local Authority District,Food outlets,15/03/2019,2.2,Rate per 1000 people,Rate per 1000 people,,,,
E07000200,Babergh,Local Authority District,Food outlets,15/03/2018,2.1,Rate per 1000 people,Rate per 1000 people,,,,
E07000200,Babergh,Local Authority District,Food outlets,15/03/2017,2.2,Rate per 1000 people,Rate per 1000 people,,,,
E07000200,Babergh,Local Authority District,Food outlets,15/03/2016,2.2,Rate per 1000 people,Rate per 1000 people,,,,
E07000200,Babergh,Local Authority District,Food outlets,15/03/2015,2.1,Rate per 1000 people,Rate per 1000 people,,,,
E07000200,Babergh,Local Authority District,Food outlets,15/03/2014,2.1,Rate per 1000 people,Rate per 1000 people,,,,
E07000200,Babergh,Local Authority District,Food outlets,15/03/2013,1.9,Rate per 1000 people,Rate per 1000 people,,,,
E07000200,Babergh,Local Authority District,Food outlets,15/03/2012,2,Rate per 1000 people,Rate per 1000 people,,,,
E07000200,Babergh,Local Authority District,Food outlets,15/03/2011,2,Rate per 1000 people,Rate per 1000 people,,,,
E07000200,Babergh,Local Authority District,Food outlets,15/03/2010,2.1,Rate per 1000 people,Rate per 1000 people,,,,
E07000244,East Suffolk,Local Authority District,Food outlets,15/03/2026,2.3,Rate per 1000 people,Rate per 1000 people,,,,
E07000244,East Suffolk,Local Authority District,Food outlets,15/03/2025,2.3,Rate per 1000 people,Rate per 1000 people,,,,
E07000244,East Suffolk,Local Authority District,Food outlets,15/03/2024,2.3,Rate per 1000 people,Rate per 1000 people,,,,
E07000244,East Suffolk,Local Authority District,Food outlets,15/03/2023,2.4,Rate per 1000 people,Rate per 1000 people,,,,
E07000244,East Suffolk,Local Authority District,Food outlets,15/03/2022,2.5,Rate per 1000 people,Rate per 1000 people,,,,
E07000244,East Suffolk,Local Authority District,Food outlets,15/03/2021,2.3,Rate per 1000 people,Rate per 1000 people,,,,
E07000244,East Suffolk,Local Authority District,Food outlets,15/03/2020,2.3,Rate per 1000 people,Rate per 1000 people,,,,
E07000244,East Suffolk,Local Authority District,Food outlets,15/03/2019,2.3,Rate per 1000 people,Rate per 1000 people,,,,
E07000244,East Suffolk,Local Authority District,Food outlets,15/03/2018,2.3,Rate per 1000 people,Rate per 1000 people,,,,
E07000244,East Suffolk,Local Authority District,Food outlets,15/03/2017,2.2,Rate per 1000 people,Rate per 1000 people,,,,
E07000244,East Suffolk,Local Authority District,Food outlets,15/03/2016,2.2,Rate per 1000 people,Rate per 1000 people,,,,
E07000244,East Suffolk,Local Authority District,Food outlets,15/03/2015,2.2,Rate per 1000 people,Rate per 1000 people,,,,
E07000244,East Suffolk,Local Authority District,Food outlets,15/03/2014,2.1,Rate per 1000 people,Rate per 1000 people,,,,
E07000244,East Suffolk,Local Authority District,Food outlets,15/03/2013,2,Rate per 1000 people,Rate per 1000 people,,,,
E07000244,East Suffolk,Local Authority District,Food outlets,15/03/2012,2.1,Rate per 1000 people,Rate per 1000 people,,,,
E07000244,East Suffolk,Local Authority District,Food outlets,15/03/2011,2.1,Rate per 1000 people,Rate per 1000 people,,,,
E07000244,East Suffolk,Local Authority District,Food outlets,15/03/2010,2.2,Rate per 1000 people,Rate per 1000 people,,,,
E07000202,Ipswich,Local Authority District,Food outlets,15/03/2026,2.1,Rate per 1000 people,Rate per 1000 people,,,,
E07000202,Ipswich,Local Authority District,Food outlets,15/03/2025,2,Rate per 1000 people,Rate per 1000 people,,,,
E07000202,Ipswich,Local Authority District,Food outlets,15/03/2024,2,Rate per 1000 people,Rate per 1000 people,,,,
E07000202,Ipswich,Local Authority District,Food outlets,15/03/2023,2,Rate per 1000 people,Rate per 1000 people,,,,
E07000202,Ipswich,Local Authority District,Food outlets,15/03/2022,2,Rate per 1000 people,Rate per 1000 people,,,,
E07000202,Ipswich,Local Authority District,Food outlets,15/03/2021,1.8,Rate per 1000 people,Rate per 1000 people,,,,
E07000202,Ipswich,Local Authority District,Food outlets,15/03/2020,1.8,Rate per 1000 people,Rate per 1000 people,,,,
E07000202,Ipswich,Local Authority District,Food outlets,15/03/2019,1.9,Rate per 1000 people,Rate per 1000 people,,,,
E07000202,Ipswich,Local Authority District,Food outlets,15/03/2018,1.8,Rate per 1000 people,Rate per 1000 people,,,,
E07000202,Ipswich,Local Authority District,Food outlets,15/03/2017,1.8,Rate per 1000 people,Rate per 1000 people,,,,
E07000202,Ipswich,Local Authority District,Food outlets,15/03/2016,1.9,Rate per 1000 people,Rate per 1000 people,,,,
E07000202,Ipswich,Local Authority District,Food outlets,15/03/2015,1.8,Rate per 1000 people,Rate per 1000 people,,,,
E07000202,Ipswich,Local Authority District,Food outlets,15/03/2014,1.7,Rate per 1000 people,Rate per 1000 people,,,,
E07000202,Ipswich,Local Authority District,Food outlets,15/03/2013,1.6,Rate per 1000 people,Rate per 1000 people,,,,
E07000202,Ipswich,Local Authority District,Food outlets,15/03/2012,1.8,Rate per 1000 people,Rate per 1000 people,,,,
E07000202,Ipswich,Local Authority District,Food outlets,15/03/2011,1.8,Rate per 1000 people,Rate per 1000 people,,,,
E07000202,Ipswich,Local Authority District,Food outlets,15/03/2010,1.8,Rate per 1000 people,Rate per 1000 people,,,,
E07000203,Mid Suffolk,Local Authority District,Food outlets,15/03/2026,1.7,Rate per 1000 people,Rate per 1000 people,,,,
E07000203,Mid Suffolk,Local Authority District,Food outlets,15/03/2025,1.6,Rate per 1000 people,Rate per 1000 people,,,,
E07000203,Mid Suffolk,Local Authority District,Food outlets,15/03/2024,1.6,Rate per 1000 people,Rate per 1000 people,,,,
E07000203,Mid Suffolk,Local Authority District,Food outlets,15/03/2023,1.6,Rate per 1000 people,Rate per 1000 people,,,,
E07000203,Mid Suffolk,Local Authority District,Food outlets,15/03/2022,1.7,Rate per 1000 people,Rate per 1000 people,,,,
E07000203,Mid Suffolk,Local Authority District,Food outlets,15/03/2021,1.6,Rate per 1000 people,Rate per 1000 people,,,,
E07000203,Mid Suffolk,Local Authority District,Food outlets,15/03/2020,1.7,Rate per 1000 people,Rate per 1000 people,,,,
E07000203,Mid Suffolk,Local Authority District,Food outlets,15/03/2019,1.7,Rate per 1000 people,Rate per 1000 people,,,,
E07000203,Mid Suffolk,Local Authority District,Food outlets,15/03/2018,1.7,Rate per 1000 people,Rate per 1000 people,,,,
E07000203,Mid Suffolk,Local Authority District,Food outlets,15/03/2017,1.6,Rate per 1000 people,Rate per 1000 people,,,,
E07000203,Mid Suffolk,Local Authority District,Food outlets,15/03/2016,1.6,Rate per 1000 people,Rate per 1000 people,,,,
E07000203,Mid Suffolk,Local Authority District,Food outlets,15/03/2015,1.7,Rate per 1000 people,Rate per 1000 people,,,,
E07000203,Mid Suffolk,Local Authority District,Food outlets,15/03/2014,1.7,Rate per 1000 people,Rate per 1000 people,,,,
E07000203,Mid Suffolk,Local Authority District,Food outlets,15/03/2013,1.6,Rate per 1000 people,Rate per 1000 people,,,,
E07000203,Mid Suffolk,Local Authority District,Food outlets,15/03/2012,1.6,Rate per 1000 people,Rate per 1000 people,,,,
E07000203,Mid Suffolk,Local Authority District,Food outlets,15/03/2011,1.6,Rate per 1000 people,Rate per 1000 people,,,,
E07000203,Mid Suffolk,Local Authority District,Food outlets,15/03/2010,1.6,Rate per 1000 people,Rate per 1000 people,,,,
E07000245,West Suffolk,Local Authority District,Food outlets,15/03/2025,2.2,Rate per 1000 people,Rate per 1000 people,,,,
E07000245,West Suffolk,Local Authority District,Food outlets,15/03/2024,2.2,Rate per 1000 people,Rate per 1000 people,,,,
E07000245,West Suffolk,Local Authority District,Food outlets,15/03/2023,2.2,Rate per 1000 people,Rate per 1000 people,,,,
E07000245,West Suffolk,Local Authority District,Food outlets,15/03/2026,2.2,Rate per 1000 people,Rate per 1000 people,,,,
E07000245,West Suffolk,Local Authority District,Food outlets,15/03/2022,2.3,Rate per 1000 people,Rate per 1000 people,,,,
E07000245,West Suffolk,Local Authority District,Food outlets,15/03/2021,2.2,Rate per 1000 people,Rate per 1000 people,,,,
E07000245,West Suffolk,Local Authority District,Food outlets,15/03/2020,2.1,Rate per 1000 people,Rate per 1000 people,,,,
E07000245,West Suffolk,Local Authority District,Food outlets,15/03/2019,2,Rate per 1000 people,Rate per 1000 people,,,,
E07000245,West Suffolk,Local Authority District,Food outlets,15/03/2013,1.9,Rate per 1000 people,Rate per 1000 people,,,,
E07000245,West Suffolk,Local Authority District,Food outlets,15/03/2017,2,Rate per 1000 people,Rate per 1000 people,,,,
E07000245,West Suffolk,Local Authority District,Food outlets,15/03/2016,2,Rate per 1000 people,Rate per 1000 people,,,,
E07000245,West Suffolk,Local Authority District,Food outlets,15/03/2015,2,Rate per 1000 people,Rate per 1000 people,,,,
E07000245,West Suffolk,Local Authority District,Food outlets,15/03/2014,1.9,Rate per 1000 people,Rate per 1000 people,,,,
E07000245,West Suffolk,Local Authority District,Food outlets,15/03/2012,2,Rate per 1000 people,Rate per 1000 people,,,,
E07000245,West Suffolk,Local Authority District,Food outlets,15/03/2011,2,Rate per 1000 people,Rate per 1000 people,,,,
E07000245,West Suffolk,Local Authority District,Food outlets,15/03/2010,1.9,Rate per 1000 people,Rate per 1000 people,,,,
E07000245,West Suffolk,Local Authority District,Food outlets,15/03/2018,2,Rate per 1000 people,Rate per 1000 people,,,,
E12000007,London,Region,Food outlets,15/03/2026,3,Rate per 1000 people,Rate per 1000 people,,,,
E12000007,London,Region,Food outlets,15/03/2025,2.9,Rate per 1000 people,Rate per 1000 people,,,,
E12000007,London,Region,Food outlets,15/03/2024,2.8,Rate per 1000 people,Rate per 1000 people,,,,
E12000007,London,Region,Food outlets,15/03/2023,2.7,Rate per 1000 people,Rate per 1000 people,,,,
E12000007,London,Region,Food outlets,15/03/2022,2.8,Rate per 1000 people,Rate per 1000 people,,,,
E12000007,London,Region,Food outlets,15/03/2020,2.5,Rate per 1000 people,Rate per 1000 people,,,,
E12000007,London,Region,Food outlets,15/03/2019,2.4,Rate per 1000 people,Rate per 1000 people,,,,
E12000007,London,Region,Food outlets,15/03/2018,2.4,Rate per 1000 people,Rate per 1000 people,,,,
E12000007,London,Region,Food outlets,15/03/2021,2.6,Rate per 1000 people,Rate per 1000 people,,,,
E12000007,London,Region,Food outlets,15/03/2016,2.3,Rate per 1000 people,Rate per 1000 people,,,,
E12000007,London,Region,Food outlets,15/03/2015,2.3,Rate per 1000 people,Rate per 1000 people,,,,
E12000007,London,Region,Food outlets,15/03/2014,2.1,Rate per 1000 people,Rate per 1000 people,,,,
E12000007,London,Region,Food outlets,15/03/2013,2,Rate per 1000 people,Rate per 1000 people,,,,
E12000007,London,Region,Food outlets,15/03/2012,2,Rate per 1000 people,Rate per 1000 people,,,,
E12000007,London,Region,Food outlets,15/03/2011,1.9,Rate per 1000 people,Rate per 1000 people,,,,
E12000007,London,Region,Food outlets,15/03/2010,2,Rate per 1000 people,Rate per 1000 people,,,,
E12000007,London,Region,Food outlets,15/03/2017,2.3,Rate per 1000 people,Rate per 1000 people,,,,
E09000007,Camden,Local Authority District,Food outlets,15/03/2022,5.9,Rate per 1000 people,Rate per 1000 people,,,,
E09000007,Camden,Local Authority District,Food outlets,15/03/2021,5.8,Rate per 1000 people,Rate per 1000 people,,,,
E09000007,Camden,Local Authority District,Food outlets,15/03/2020,5.5,Rate per 1000 people,Rate per 1000 people,,,,
E09000007,Camden,Local Authority District,Food outlets,15/03/2019,5.5,Rate per 1000 people,Rate per 1000 people,,,,
E09000007,Camden,Local Authority District,Food outlets,15/03/2026,6.7,Rate per 1000 people,Rate per 1000 people,,,,
E09000007,Camden,Local Authority District,Food outlets,15/03/2023,5.7,Rate per 1000 people,Rate per 1000 people,,,,
E09000007,Camden,Local Authority District,Food outlets,15/03/2018,5.3,Rate per 1000 people,Rate per 1000 people,,,,
E09000007,Camden,Local Authority District,Food outlets,15/03/2025,6.7,Rate per 1000 people,Rate per 1000 people,,,,
E09000007,Camden,Local Authority District,Food outlets,15/03/2024,6.1,Rate per 1000 people,Rate per 1000 people,,,,
E09000007,Camden,Local Authority District,Food outlets,15/03/2013,4.4,Rate per 1000 people,Rate per 1000 people,,,,
E09000007,Camden,Local Authority District,Food outlets,15/03/2012,4.6,Rate per 1000 people,Rate per 1000 people,,,,
E09000007,Camden,Local Authority District,Food outlets,15/03/2011,4.4,Rate per 1000 people,Rate per 1000 people,,,,
E09000007,Camden,Local Authority District,Food outlets,15/03/2010,4.6,Rate per 1000 people,Rate per 1000 people,,,,
E09000007,Camden,Local Authority District,Food outlets,15/03/2014,4.6,Rate per 1000 people,Rate per 1000 people,,,,
E09000007,Camden,Local Authority District,Food outlets,15/03/2017,5.2,Rate per 1000 people,Rate per 1000 people,,,,
E09000007,Camden,Local Authority District,Food outlets,15/03/2016,5,Rate per 1000 people,Rate per 1000 people,,,,
E09000007,Camden,Local Authority District,Food outlets,15/03/2015,5,Rate per 1000 people,Rate per 1000 people,,,,
E09000001,City of London,Local Authority District,Food outlets,15/03/2022,29.1,Rate per 1000 people,Rate per 1000 people,,,,
E09000001,City of London,Local Authority District,Food outlets,15/03/2021,42.6,Rate per 1000 people,Rate per 1000 people,,,,
E09000001,City of London,Local Authority District,Food outlets,15/03/2020,45.6,Rate per 1000 people,Rate per 1000 people,,,,
E09000001,City of London,Local Authority District,Food outlets,15/03/2019,42.2,Rate per 1000 people,Rate per 1000 people,,,,
E09000001,City of London,Local Authority District,Food outlets,15/03/2026,25.3,Rate per 1000 people,Rate per 1000 people,,,,
E09000001,City of London,Local Authority District,Food outlets,15/03/2024,21,Rate per 1000 people,Rate per 1000 people,,,,
E09000001,City of London,Local Authority District,Food outlets,15/03/2023,21.4,Rate per 1000 people,Rate per 1000 people,,,,
E09000001,City of London,Local Authority District,Food outlets,15/03/2018,45.9,Rate per 1000 people,Rate per 1000 people,,,,
E09000001,City of London,Local Authority District,Food outlets,15/03/2025,23.4,Rate per 1000 people,Rate per 1000 people,,,,
E09000001,City of London,Local Authority District,Food outlets,15/03/2013,42.5,Rate per 1000 people,Rate per 1000 people,,,,
E09000001,City of London,Local Authority District,Food outlets,15/03/2012,41.9,Rate per 1000 people,Rate per 1000 people,,,,
E09000001,City of London,Local Authority District,Food outlets,15/03/2011,40.5,Rate per 1000 people,Rate per 1000 people,,,,
E09000001,City of London,Local Authority District,Food outlets,15/03/2010,41.6,Rate per 1000 people,Rate per 1000 people,,,,
E09000001,City of London,Local Authority District,Food outlets,15/03/2014,42.3,Rate per 1000 people,Rate per 1000 people,,,,
E09000001,City of London,Local Authority District,Food outlets,15/03/2017,45.7,Rate per 1000 people,Rate per 1000 people,,,,
E09000001,City of London,Local Authority District,Food outlets,15/03/2016,44.6,Rate per 1000 people,Rate per 1000 people,,,,
E09000001,City of London,Local Authority District,Food outlets,15/03/2015,43,Rate per 1000 people,Rate per 1000 people,,,,
E09000012,Hackney,Local Authority District,Food outlets,15/03/2022,4.1,Rate per 1000 people,Rate per 1000 people,,,,
E09000012,Hackney,Local Authority District,Food outlets,15/03/2021,3.8,Rate per 1000 people,Rate per 1000 people,,,,
E09000012,Hackney,Local Authority District,Food outlets,15/03/2020,3.6,Rate per 1000 people,Rate per 1000 people,,,,
E09000012,Hackney,Local Authority District,Food outlets,15/03/2018,3.5,Rate per 1000 people,Rate per 1000 people,,,,
E09000012,Hackney,Local Authority District,Food outlets,15/03/2019,3.5,Rate per 1000 people,Rate per 1000 people,,,,
E09000012,Hackney,Local Authority District,Food outlets,15/03/2024,4.2,Rate per 1000 people,Rate per 1000 people,,,,
E09000012,Hackney,Local Authority District,Food outlets,15/03/2023,4.1,Rate per 1000 people,Rate per 1000 people,,,,
E09000012,Hackney,Local Authority District,Food outlets,15/03/2026,4.5,Rate per 1000 people,Rate per 1000 people,,,,
E09000012,Hackney,Local Authority District,Food outlets,15/03/2025,4.3,Rate per 1000 people,Rate per 1000 people,,,,
E09000012,Hackney,Local Authority District,Food outlets,15/03/2017,3.4,Rate per 1000 people,Rate per 1000 people,,,,
E09000012,Hackney,Local Authority District,Food outlets,15/03/2010,1.9,Rate per 1000 people,Rate per 1000 people,,,,
E09000012,Hackney,Local Authority District,Food outlets,15/03/2011,2,Rate per 1000 people,Rate per 1000 people,,,,
E09000012,Hackney,Local Authority District,Food outlets,15/03/2012,2.3,Rate per 1000 people,Rate per 1000 people,,,,
E09000012,Hackney,Local Authority District,Food outlets,15/03/2013,2.3,Rate per 1000 people,Rate per 1000 people,,,,
E09000012,Hackney,Local Authority District,Food outlets,15/03/2014,2.6,Rate per 1000 people,Rate per 1000 people,,,,
E09000012,Hackney,Local Authority District,Food outlets,15/03/2016,3.2,Rate per 1000 people,Rate per 1000 people,,,,
E09000012,Hackney,Local Authority District,Food outlets,15/03/2015,3.1,Rate per 1000 people,Rate per 1000 people,,,,
E09000013,Hammersmith and Fulham,Local Authority District,Food outlets,15/03/2022,3.3,Rate per 1000 people,Rate per 1000 people,,,,
E09000013,Hammersmith and Fulham,Local Authority District,Food outlets,15/03/2021,3.1,Rate per 1000 people,Rate per 1000 people,,,,
E09000013,Hammersmith and Fulham,Local Authority District,Food outlets,15/03/2020,3,Rate per 1000 people,Rate per 1000 people,,,,
E09000013,Hammersmith and Fulham,Local Authority District,Food outlets,15/03/2019,3.1,Rate per 1000 people,Rate per 1000 people,,,,
E09000013,Hammersmith and Fulham,Local Authority District,Food outlets,15/03/2026,3.2,Rate per 1000 people,Rate per 1000 people,,,,
E09000013,Hammersmith and Fulham,Local Authority District,Food outlets,15/03/2018,3,Rate per 1000 people,Rate per 1000 people,,,,
E09000013,Hammersmith and Fulham,Local Authority District,Food outlets,15/03/2023,3.1,Rate per 1000 people,Rate per 1000 people,,,,
E09000013,Hammersmith and Fulham,Local Authority District,Food outlets,15/03/2025,3.3,Rate per 1000 people,Rate per 1000 people,,,,
E09000013,Hammersmith and Fulham,Local Authority District,Food outlets,15/03/2024,3.3,Rate per 1000 people,Rate per 1000 people,,,,
E09000013,Hammersmith and Fulham,Local Authority District,Food outlets,15/03/2013,2.7,Rate per 1000 people,Rate per 1000 people,,,,
E09000013,Hammersmith and Fulham,Local Authority District,Food outlets,15/03/2012,2.7,Rate per 1000 people,Rate per 1000 people,,,,
E09000013,Hammersmith and Fulham,Local Authority District,Food outlets,15/03/2011,2.7,Rate per 1000 people,Rate per 1000 people,,,,
E09000013,Hammersmith and Fulham,Local Authority District,Food outlets,15/03/2010,2.5,Rate per 1000 people,Rate per 1000 people,,,,
E09000013,Hammersmith and Fulham,Local Authority District,Food outlets,15/03/2014,2.8,Rate per 1000 people,Rate per 1000 people,,,,
E09000013,Hammersmith and Fulham,Local Authority District,Food outlets,15/03/2017,2.9,Rate per 1000 people,Rate per 1000 people,,,,
E09000013,Hammersmith and Fulham,Local Authority District,Food outlets,15/03/2016,2.9,Rate per 1000 people,Rate per 1000 people,,,,
E09000013,Hammersmith and Fulham,Local Authority District,Food outlets,15/03/2015,2.9,Rate per 1000 people,Rate per 1000 people,,,,
E09000014,Haringey,Local Authority District,Food outlets,15/03/2022,2.9,Rate per 1000 people,Rate per 1000 people,,,,
E09000014,Haringey,Local Authority District,Food outlets,15/03/2021,2.6,Rate per 1000 people,Rate per 1000 people,,,,
E09000014,Haringey,Local Authority District,Food outlets,15/03/2019,2.2,Rate per 1000 people,Rate per 1000 people,,,,
E09000014,Haringey,Local Authority District,Food outlets,15/03/2020,2.3,Rate per 1000 people,Rate per 1000 people,,,,
E09000014,Haringey,Local Authority District,Food outlets,15/03/2024,2.9,Rate per 1000 people,Rate per 1000 people,,,,
E09000014,Haringey,Local Authority District,Food outlets,15/03/2023,2.9,Rate per 1000 people,Rate per 1000 people,,,,
E09000014,Haringey,Local Authority District,Food outlets,15/03/2026,3,Rate per 1000 people,Rate per 1000 people,,,,
E09000014,Haringey,Local Authority District,Food outlets,15/03/2025,2.9,Rate per 1000 people,Rate per 1000 people,,,,
E09000014,Haringey,Local Authority District,Food outlets,15/03/2018,2.1,Rate per 1000 people,Rate per 1000 people,,,,
E09000014,Haringey,Local Authority District,Food outlets,15/03/2013,1.6,Rate per 1000 people,Rate per 1000 people,,,,
E09000014,Haringey,Local Authority District,Food outlets,15/03/2012,1.5,Rate per 1000 people,Rate per 1000 people,,,,
E09000014,Haringey,Local Authority District,Food outlets,15/03/2011,1.4,Rate per 1000 people,Rate per 1000 people,,,,
E09000014,Haringey,Local Authority District,Food outlets,15/03/2010,1.5,Rate per 1000 people,Rate per 1000 people,,,,
E09000014,Haringey,Local Authority District,Food outlets,15/03/2014,1.7,Rate per 1000 people,Rate per 1000 people,,,,
E09000014,Haringey,Local Authority District,Food outlets,15/03/2017,2.1,Rate per 1000 people,Rate per 1000 people,,,,
E09000014,Haringey,Local Authority District,Food outlets,15/03/2016,2,Rate per 1000 people,Rate per 1000 people,,,,
E09000014,Haringey,Local Authority District,Food outlets,15/03/2015,2,Rate per 1000 people,Rate per 1000 people,,,,
E09000019,Islington,Local Authority District,Food outlets,15/03/2022,4.6,Rate per 1000 people,Rate per 1000 people,,,,
E09000019,Islington,Local Authority District,Food outlets,15/03/2021,4.4,Rate per 1000 people,Rate per 1000 people,,,,
E09000019,Islington,Local Authority District,Food outlets,15/03/2020,4.3,Rate per 1000 people,Rate per 1000 people,,,,
E09000019,Islington,Local Authority District,Food outlets,15/03/2019,4,Rate per 1000 people,Rate per 1000 people,,,,
E09000019,Islington,Local Authority District,Food outlets,15/03/2024,4.6,Rate per 1000 people,Rate per 1000 people,,,,
E09000019,Islington,Local Authority District,Food outlets,15/03/2023,4.6,Rate per 1000 people,Rate per 1000 people,,,,
E09000019,Islington,Local Authority District,Food outlets,15/03/2018,3.9,Rate per 1000 people,Rate per 1000 people,,,,
E09000019,Islington,Local Authority District,Food outlets,15/03/2026,5.1,Rate per 1000 people,Rate per 1000 people,,,,
E09000019,Islington,Local Authority District,Food outlets,15/03/2025,4.8,Rate per 1000 people,Rate per 1000 people,,,,
E09000019,Islington,Local Authority District,Food outlets,15/03/2013,3.4,Rate per 1000 people,Rate per 1000 people,,,,
E09000019,Islington,Local Authority District,Food outlets,15/03/2012,3.4,Rate per 1000 people,Rate per 1000 people,,,,
E09000019,Islington,Local Authority District,Food outlets,15/03/2011,3,Rate per 1000 people,Rate per 1000 people,,,,
E09000019,Islington,Local Authority District,Food outlets,15/03/2010,3.3,Rate per 1000 people,Rate per 1000 people,,,,
E09000019,Islington,Local Authority District,Food outlets,15/03/2014,3.5,Rate per 1000 people,Rate per 1000 people,,,,
E09000019,Islington,Local Authority District,Food outlets,15/03/2017,3.9,Rate per 1000 people,Rate per 1000 people,,,,
E09000019,Islington,Local Authority District,Food outlets,15/03/2016,3.8,Rate per 1000 people,Rate per 1000 people,,,,
E09000019,Islington,Local Authority District,Food outlets,15/03/2015,3.8,Rate per 1000 people,Rate per 1000 people,,,,
E09000020,Kensington and Chelsea,Local Authority District,Food outlets,15/03/2026,4.2,Rate per 1000 people,Rate per 1000 people,,,,
E09000020,Kensington and Chelsea,Local Authority District,Food outlets,15/03/2021,4.2,Rate per 1000 people,Rate per 1000 people,,,,
E09000020,Kensington and Chelsea,Local Authority District,Food outlets,15/03/2020,4.2,Rate per 1000 people,Rate per 1000 people,,,,
E09000020,Kensington and Chelsea,Local Authority District,Food outlets,15/03/2022,4.1,Rate per 1000 people,Rate per 1000 people,,,,
E09000020,Kensington and Chelsea,Local Authority District,Food outlets,15/03/2019,3.9,Rate per 1000 people,Rate per 1000 people,,,,
E09000020,Kensington and Chelsea,Local Authority District,Food outlets,15/03/2018,3.9,Rate per 1000 people,Rate per 1000 people,,,,
E09000020,Kensington and Chelsea,Local Authority District,Food outlets,15/03/2023,4,Rate per 1000 people,Rate per 1000 people,,,,
E09000020,Kensington and Chelsea,Local Authority District,Food outlets,15/03/2025,4.1,Rate per 1000 people,Rate per 1000 people,,,,
E09000020,Kensington and Chelsea,Local Authority District,Food outlets,15/03/2024,4,Rate per 1000 people,Rate per 1000 people,,,,
E09000020,Kensington and Chelsea,Local Authority District,Food outlets,15/03/2017,3.8,Rate per 1000 people,Rate per 1000 people,,,,
E09000020,Kensington and Chelsea,Local Authority District,Food outlets,15/03/2010,3.4,Rate per 1000 people,Rate per 1000 people,,,,
E09000020,Kensington and Chelsea,Local Authority District,Food outlets,15/03/2011,3.3,Rate per 1000 people,Rate per 1000 people,,,,
E09000020,Kensington and Chelsea,Local Authority District,Food outlets,15/03/2012,3.6,Rate per 1000 people,Rate per 1000 people,,,,
E09000020,Kensington and Chelsea,Local Authority District,Food outlets,15/03/2013,3.5,Rate per 1000 people,Rate per 1000 people,,,,
E09000020,Kensington and Chelsea,Local Authority District,Food outlets,15/03/2014,3.5,Rate per 1000 people,Rate per 1000 people,,,,
E09000020,Kensington and Chelsea,Local Authority District,Food outlets,15/03/2016,3.8,Rate per 1000 people,Rate per 1000 people,,,,
E09000020,Kensington and Chelsea,Local Authority District,Food outlets,15/03/2015,3.7,Rate per 1000 people,Rate per 1000 people,,,,
E09000022,Lambeth,Local Authority District,Food outlets,15/03/2022,2.9,Rate per 1000 people,Rate per 1000 people,,,,
E09000022,Lambeth,Local Authority District,Food outlets,15/03/2021,2.8,Rate per 1000 people,Rate per 1000 people,,,,
E09000022,Lambeth,Local Authority District,Food outlets,15/03/2020,2.6,Rate per 1000 people,Rate per 1000 people,,,,
E09000022,Lambeth,Local Authority District,Food outlets,15/03/2019,2.5,Rate per 1000 people,Rate per 1000 people,,,,
E09000022,Lambeth,Local Authority District,Food outlets,15/03/2026,3.1,Rate per 1000 people,Rate per 1000 people,,,,
E09000022,Lambeth,Local Authority District,Food outlets,15/03/2018,2.4,Rate per 1000 people,Rate per 1000 people,,,,
E09000022,Lambeth,Local Authority District,Food outlets,15/03/2023,2.9,Rate per 1000 people,Rate per 1000 people,,,,
E09000022,Lambeth,Local Authority District,Food outlets,15/03/2025,3,Rate per 1000 people,Rate per 1000 people,,,,
E09000022,Lambeth,Local Authority District,Food outlets,15/03/2024,2.8,Rate per 1000 people,Rate per 1000 people,,,,
E09000022,Lambeth,Local Authority District,Food outlets,15/03/2013,2,Rate per 1000 people,Rate per 1000 people,,,,
E09000022,Lambeth,Local Authority District,Food outlets,15/03/2012,2,Rate per 1000 people,Rate per 1000 people,,,,
E09000022,Lambeth,Local Authority District,Food outlets,15/03/2011,1.8,Rate per 1000 people,Rate per 1000 people,,,,
E09000022,Lambeth,Local Authority District,Food outlets,15/03/2010,1.9,Rate per 1000 people,Rate per 1000 people,,,,
E09000022,Lambeth,Local Authority District,Food outlets,15/03/2014,2.1,Rate per 1000 people,Rate per 1000 people,,,,
E09000022,Lambeth,Local Authority District,Food outlets,15/03/2017,2.4,Rate per 1000 people,Rate per 1000 people,,,,
E09000022,Lambeth,Local Authority District,Food outlets,15/03/2016,2.3,Rate per 1000 people,Rate per 1000 people,,,,
E09000022,Lambeth,Local Authority District,Food outlets,15/03/2015,2.2,Rate per 1000 people,Rate per 1000 people,,,,
E09000023,Lewisham,Local Authority District,Food outlets,15/03/2022,2.4,Rate per 1000 people,Rate per 1000 people,,,,
E09000023,Lewisham,Local Authority District,Food outlets,15/03/2021,2.3,Rate per 1000 people,Rate per 1000 people,,,,
E09000023,Lewisham,Local Authority District,Food outlets,15/03/2019,2,Rate per 1000 people,Rate per 1000 people,,,,
E09000023,Lewisham,Local Authority District,Food outlets,15/03/2020,2.1,Rate per 1000 people,Rate per 1000 people,,,,
E09000023,Lewisham,Local Authority District,Food outlets,15/03/2024,2.4,Rate per 1000 people,Rate per 1000 people,,,,
E09000023,Lewisham,Local Authority District,Food outlets,15/03/2023,2.4,Rate per 1000 people,Rate per 1000 people,,,,
E09000023,Lewisham,Local Authority District,Food outlets,15/03/2026,2.5,Rate per 1000 people,Rate per 1000 people,,,,
E09000023,Lewisham,Local Authority District,Food outlets,15/03/2025,2.5,Rate per 1000 people,Rate per 1000 people,,,,
E09000023,Lewisham,Local Authority District,Food outlets,15/03/2018,1.9,Rate per 1000 people,Rate per 1000 people,,,,
E09000023,Lewisham,Local Authority District,Food outlets,15/03/2013,1.3,Rate per 1000 people,Rate per 1000 people,,,,
E09000023,Lewisham,Local Authority District,Food outlets,15/03/2012,1.4,Rate per 1000 people,Rate per 1000 people,,,,
E09000023,Lewisham,Local Authority District,Food outlets,15/03/2011,1.3,Rate per 1000 people,Rate per 1000 people,,,,
E09000023,Lewisham,Local Authority District,Food outlets,15/03/2010,1.3,Rate per 1000 people,Rate per 1000 people,,,,
E09000023,Lewisham,Local Authority District,Food outlets,15/03/2014,1.4,Rate per 1000 people,Rate per 1000 people,,,,
E09000023,Lewisham,Local Authority District,Food outlets,15/03/2017,1.8,Rate per 1000 people,Rate per 1000 people,,,,
E09000023,Lewisham,Local Authority District,Food outlets,15/03/2016,1.7,Rate per 1000 people,Rate per 1000 people,,,,
E09000023,Lewisham,Local Authority District,Food outlets,15/03/2015,1.7,Rate per 1000 people,Rate per 1000 people,,,,
E09000025,Newham,Local Authority District,Food outlets,15/03/2022,2,Rate per 1000 people,Rate per 1000 people,,,,
E09000025,Newham,Local Authority District,Food outlets,15/03/2021,1.8,Rate per 1000 people,Rate per 1000 people,,,,
E09000025,Newham,Local Authority District,Food outlets,15/03/2020,1.6,Rate per 1000 people,Rate per 1000 people,,,,
E09000025,Newham,Local Authority District,Food outlets,15/03/2019,1.5,Rate per 1000 people,Rate per 1000 people,,,,
E09000025,Newham,Local Authority District,Food outlets,15/03/2026,2.5,Rate per 1000 people,Rate per 1000 people,,,,
E09000025,Newham,Local Authority District,Food outlets,15/03/2024,2.1,Rate per 1000 people,Rate per 1000 people,,,,
E09000025,Newham,Local Authority District,Food outlets,15/03/2023,2,Rate per 1000 people,Rate per 1000 people,,,,
E09000025,Newham,Local Authority District,Food outlets,15/03/2018,1.5,Rate per 1000 people,Rate per 1000 people,,,,
E09000025,Newham,Local Authority District,Food outlets,15/03/2025,2.3,Rate per 1000 people,Rate per 1000 people,,,,
E09000025,Newham,Local Authority District,Food outlets,15/03/2013,1.2,Rate per 1000 people,Rate per 1000 people,,,,
E09000025,Newham,Local Authority District,Food outlets,15/03/2012,1.1,Rate per 1000 people,Rate per 1000 people,,,,
E09000025,Newham,Local Authority District,Food outlets,15/03/2011,1,Rate per 1000 people,Rate per 1000 people,,,,
E09000025,Newham,Local Authority District,Food outlets,15/03/2010,1,Rate per 1000 people,Rate per 1000 people,,,,
E09000025,Newham,Local Authority District,Food outlets,15/03/2014,1.2,Rate per 1000 people,Rate per 1000 people,,,,
E09000025,Newham,Local Authority District,Food outlets,15/03/2017,1.5,Rate per 1000 people,Rate per 1000 people,,,,
E09000025,Newham,Local Authority District,Food outlets,15/03/2016,1.5,Rate per 1000 people,Rate per 1000 people,,,,
E09000025,Newham,Local Authority District,Food outlets,15/03/2015,1.4,Rate per 1000 people,Rate per 1000 people,,,,
E09000028,Southwark,Local Authority District,Food outlets,15/03/2021,3,Rate per 1000 people,Rate per 1000 people,,,,
E09000028,Southwark,Local Authority District,Food outlets,15/03/2022,3.1,Rate per 1000 people,Rate per 1000 people,,,,
E09000028,Southwark,Local Authority District,Food outlets,15/03/2019,2.8,Rate per 1000 people,Rate per 1000 people,,,,
E09000028,Southwark,Local Authority District,Food outlets,15/03/2020,2.9,Rate per 1000 people,Rate per 1000 people,,,,
E09000028,Southwark,Local Authority District,Food outlets,15/03/2024,3.1,Rate per 1000 people,Rate per 1000 people,,,,
E09000028,Southwark,Local Authority District,Food outlets,15/03/2023,3,Rate per 1000 people,Rate per 1000 people,,,,
E09000028,Southwark,Local Authority District,Food outlets,15/03/2026,3.4,Rate per 1000 people,Rate per 1000 people,,,,
E09000028,Southwark,Local Authority District,Food outlets,15/03/2025,3.2,Rate per 1000 people,Rate per 1000 people,,,,
E09000028,Southwark,Local Authority District,Food outlets,15/03/2018,2.7,Rate per 1000 people,Rate per 1000 people,,,,
E09000028,Southwark,Local Authority District,Food outlets,15/03/2013,2.1,Rate per 1000 people,Rate per 1000 people,,,,
E09000028,Southwark,Local Authority District,Food outlets,15/03/2012,2,Rate per 1000 people,Rate per 1000 people,,,,
E09000028,Southwark,Local Authority District,Food outlets,15/03/2011,2,Rate per 1000 people,Rate per 1000 people,,,,
E09000028,Southwark,Local Authority District,Food outlets,15/03/2010,2.2,Rate per 1000 people,Rate per 1000 people,,,,
E09000028,Southwark,Local Authority District,Food outlets,15/03/2014,2.2,Rate per 1000 people,Rate per 1000 people,,,,
E09000028,Southwark,Local Authority District,Food outlets,15/03/2017,2.6,Rate per 1000 people,Rate per 1000 people,,,,
E09000028,Southwark,Local Authority District,Food outlets,15/03/2016,2.4,Rate per 1000 people,Rate per 1000 people,,,,
E09000028,Southwark,Local Authority District,Food outlets,15/03/2015,2.5,Rate per 1000 people,Rate per 1000 people,,,,
E09000030,Tower Hamlets,Local Authority District,Food outlets,15/03/2022,3.3,Rate per 1000 people,Rate per 1000 people,,,,
E09000030,Tower Hamlets,Local Authority District,Food outlets,15/03/2021,3.2,Rate per 1000 people,Rate per 1000 people,,,,
E09000030,Tower Hamlets,Local Authority District,Food outlets,15/03/2020,3,Rate per 1000 people,Rate per 1000 people,,,,
E09000030,Tower Hamlets,Local Authority District,Food outlets,15/03/2018,2.8,Rate per 1000 people,Rate per 1000 people,,,,
E09000030,Tower Hamlets,Local Authority District,Food outlets,15/03/2019,2.9,Rate per 1000 people,Rate per 1000 people,,,,
E09000030,Tower Hamlets,Local Authority District,Food outlets,15/03/2024,3.2,Rate per 1000 people,Rate per 1000 people,,,,
E09000030,Tower Hamlets,Local Authority District,Food outlets,15/03/2023,3.2,Rate per 1000 people,Rate per 1000 people,,,,
E09000030,Tower Hamlets,Local Authority District,Food outlets,15/03/2026,3.7,Rate per 1000 people,Rate per 1000 people,,,,
E09000030,Tower Hamlets,Local Authority District,Food outlets,15/03/2025,3.5,Rate per 1000 people,Rate per 1000 people,,,,
E09000030,Tower Hamlets,Local Authority District,Food outlets,15/03/2017,2.8,Rate per 1000 people,Rate per 1000 people,,,,
E09000030,Tower Hamlets,Local Authority District,Food outlets,15/03/2010,2.2,Rate per 1000 people,Rate per 1000 people,,,,
E09000030,Tower Hamlets,Local Authority District,Food outlets,15/03/2011,2.1,Rate per 1000 people,Rate per 1000 people,,,,
E09000030,Tower Hamlets,Local Authority District,Food outlets,15/03/2012,2.4,Rate per 1000 people,Rate per 1000 people,,,,
E09000030,Tower Hamlets,Local Authority District,Food outlets,15/03/2013,2.4,Rate per 1000 people,Rate per 1000 people,,,,
E09000030,Tower Hamlets,Local Authority District,Food outlets,15/03/2014,2.6,Rate per 1000 people,Rate per 1000 people,,,,
E09000030,Tower Hamlets,Local Authority District,Food outlets,15/03/2016,2.9,Rate per 1000 people,Rate per 1000 people,,,,
E09000030,Tower Hamlets,Local Authority District,Food outlets,15/03/2015,2.8,Rate per 1000 people,Rate per 1000 people,,,,
E09000032,Wandsworth,Local Authority District,Food outlets,15/03/2022,2.4,Rate per 1000 people,Rate per 1000 people,,,,
E09000032,Wandsworth,Local Authority District,Food outlets,15/03/2021,2.5,Rate per 1000 people,Rate per 1000 people,,,,
E09000032,Wandsworth,Local Authority District,Food outlets,15/03/2019,2.2,Rate per 1000 people,Rate per 1000 people,,,,
E09000032,Wandsworth,Local Authority District,Food outlets,15/03/2020,2.2,Rate per 1000 people,Rate per 1000 people,,,,
E09000032,Wandsworth,Local Authority District,Food outlets,15/03/2024,2.4,Rate per 1000 people,Rate per 1000 people,,,,
E09000032,Wandsworth,Local Authority District,Food outlets,15/03/2023,2.4,Rate per 1000 people,Rate per 1000 people,,,,
E09000032,Wandsworth,Local Authority District,Food outlets,15/03/2026,2.6,Rate per 1000 people,Rate per 1000 people,,,,
E09000032,Wandsworth,Local Authority District,Food outlets,15/03/2025,2.5,Rate per 1000 people,Rate per 1000 people,,,,
E09000032,Wandsworth,Local Authority District,Food outlets,15/03/2018,2.1,Rate per 1000 people,Rate per 1000 people,,,,
E09000032,Wandsworth,Local Authority District,Food outlets,15/03/2013,1.9,Rate per 1000 people,Rate per 1000 people,,,,
E09000032,Wandsworth,Local Authority District,Food outlets,15/03/2012,2,Rate per 1000 people,Rate per 1000 people,,,,
E09000032,Wandsworth,Local Authority District,Food outlets,15/03/2011,1.9,Rate per 1000 people,Rate per 1000 people,,,,
E09000032,Wandsworth,Local Authority District,Food outlets,15/03/2010,2,Rate per 1000 people,Rate per 1000 people,,,,
E09000032,Wandsworth,Local Authority District,Food outlets,15/03/2014,2,Rate per 1000 people,Rate per 1000 people,,,,
E09000032,Wandsworth,Local Authority District,Food outlets,15/03/2017,2.2,Rate per 1000 people,Rate per 1000 people,,,,
E09000032,Wandsworth,Local Authority District,Food outlets,15/03/2016,2.2,Rate per 1000 people,Rate per 1000 people,,,,
E09000032,Wandsworth,Local Authority District,Food outlets,15/03/2015,2.2,Rate per 1000 people,Rate per 1000 people,,,,
E09000033,Westminster,Local Authority District,Food outlets,15/03/2022,9.3,Rate per 1000 people,Rate per 1000 people,,,,
E09000033,Westminster,Local Authority District,Food outlets,15/03/2021,9.2,Rate per 1000 people,Rate per 1000 people,,,,
E09000033,Westminster,Local Authority District,Food outlets,15/03/2020,9.3,Rate per 1000 people,Rate per 1000 people,,,,
E09000033,Westminster,Local Authority District,Food outlets,15/03/2019,9,Rate per 1000 people,Rate per 1000 people,,,,
E09000033,Westminster,Local Authority District,Food outlets,15/03/2026,10.4,Rate per 1000 people,Rate per 1000 people,,,,
E09000033,Westminster,Local Authority District,Food outlets,15/03/2024,9.6,Rate per 1000 people,Rate per 1000 people,,,,
E09000033,Westminster,Local Authority District,Food outlets,15/03/2023,9.4,Rate per 1000 people,Rate per 1000 people,,,,
E09000033,Westminster,Local Authority District,Food outlets,15/03/2018,8.7,Rate per 1000 people,Rate per 1000 people,,,,
E09000033,Westminster,Local Authority District,Food outlets,15/03/2025,10.3,Rate per 1000 people,Rate per 1000 people,,,,
E09000033,Westminster,Local Authority District,Food outlets,15/03/2013,8.3,Rate per 1000 people,Rate per 1000 people,,,,
E09000033,Westminster,Local Authority District,Food outlets,15/03/2012,8.3,Rate per 1000 people,Rate per 1000 people,,,,
E09000033,Westminster,Local Authority District,Food outlets,15/03/2011,7.9,Rate per 1000 people,Rate per 1000 people,,,,
E09000033,Westminster,Local Authority District,Food outlets,15/03/2010,7.7,Rate per 1000 people,Rate per 1000 people,,,,
E09000033,Westminster,Local Authority District,Food outlets,15/03/2014,8.5,Rate per 1000 people,Rate per 1000 people,,,,
E09000033,Westminster,Local Authority District,Food outlets,15/03/2017,8.8,Rate per 1000 people,Rate per 1000 people,,,,
E09000033,Westminster,Local Authority District,Food outlets,15/03/2016,8.7,Rate per 1000 people,Rate per 1000 people,,,,
E09000033,Westminster,Local Authority District,Food outlets,15/03/2015,8.6,Rate per 1000 people,Rate per 1000 people,,,,
E09000002,Barking and Dagenham,Local Authority District,Food outlets,15/03/2022,1.6,Rate per 1000 people,Rate per 1000 people,,,,
E09000002,Barking and Dagenham,Local Authority District,Food outlets,15/03/2021,1.8,Rate per 1000 people,Rate per 1000 people,,,,
E09000002,Barking and Dagenham,Local Authority District,Food outlets,15/03/2020,1.5,Rate per 1000 people,Rate per 1000 people,,,,
E09000002,Barking and Dagenham,Local Authority District,Food outlets,15/03/2018,1.4,Rate per 1000 people,Rate per 1000 people,,,,
E09000002,Barking and Dagenham,Local Authority District,Food outlets,15/03/2019,1.4,Rate per 1000 people,Rate per 1000 people,,,,
E09000002,Barking and Dagenham,Local Authority District,Food outlets,15/03/2024,1.6,Rate per 1000 people,Rate per 1000 people,,,,
E09000002,Barking and Dagenham,Local Authority District,Food outlets,15/03/2023,1.6,Rate per 1000 people,Rate per 1000 people,,,,
E09000002,Barking and Dagenham,Local Authority District,Food outlets,15/03/2026,1.7,Rate per 1000 people,Rate per 1000 people,,,,
E09000002,Barking and Dagenham,Local Authority District,Food outlets,15/03/2025,1.7,Rate per 1000 people,Rate per 1000 people,,,,
E09000002,Barking and Dagenham,Local Authority District,Food outlets,15/03/2017,1.4,Rate per 1000 people,Rate per 1000 people,,,,
E09000002,Barking and Dagenham,Local Authority District,Food outlets,15/03/2010,1.1,Rate per 1000 people,Rate per 1000 people,,,,
E09000002,Barking and Dagenham,Local Authority District,Food outlets,15/03/2011,1,Rate per 1000 people,Rate per 1000 people,,,,
E09000002,Barking and Dagenham,Local Authority District,Food outlets,15/03/2012,1.1,Rate per 1000 people,Rate per 1000 people,,,,
E09000002,Barking and Dagenham,Local Authority District,Food outlets,15/03/2013,1.1,Rate per 1000 people,Rate per 1000 people,,,,
E09000002,Barking and Dagenham,Local Authority District,Food outlets,15/03/2014,1.1,Rate per 1000 people,Rate per 1000 people,,,,
E09000002,Barking and Dagenham,Local Authority District,Food outlets,15/03/2016,1.4,Rate per 1000 people,Rate per 1000 people,,,,
E09000002,Barking and Dagenham,Local Authority District,Food outlets,15/03/2015,1.3,Rate per 1000 people,Rate per 1000 people,,,,
E09000003,Barnet,Local Authority District,Food outlets,15/03/2022,2.3,Rate per 1000 people,Rate per 1000 people,,,,
E09000003,Barnet,Local Authority District,Food outlets,15/03/2020,2.1,Rate per 1000 people,Rate per 1000 people,,,,
E09000003,Barnet,Local Authority District,Food outlets,15/03/2021,2.2,Rate per 1000 people,Rate per 1000 people,,,,
E09000003,Barnet,Local Authority District,Food outlets,15/03/2018,2,Rate per 1000 people,Rate per 1000 people,,,,
E09000003,Barnet,Local Authority District,Food outlets,15/03/2019,2,Rate per 1000 people,Rate per 1000 people,,,,
E09000003,Barnet,Local Authority District,Food outlets,15/03/2026,2.5,Rate per 1000 people,Rate per 1000 people,,,,
E09000003,Barnet,Local Authority District,Food outlets,15/03/2023,2.3,Rate per 1000 people,Rate per 1000 people,,,,
E09000003,Barnet,Local Authority District,Food outlets,15/03/2025,2.5,Rate per 1000 people,Rate per 1000 people,,,,
E09000003,Barnet,Local Authority District,Food outlets,15/03/2024,2.4,Rate per 1000 people,Rate per 1000 people,,,,
E09000003,Barnet,Local Authority District,Food outlets,15/03/2017,2,Rate per 1000 people,Rate per 1000 people,,,,
E09000003,Barnet,Local Authority District,Food outlets,15/03/2010,1.6,Rate per 1000 people,Rate per 1000 people,,,,
E09000003,Barnet,Local Authority District,Food outlets,15/03/2011,1.6,Rate per 1000 people,Rate per 1000 people,,,,
E09000003,Barnet,Local Authority District,Food outlets,15/03/2012,1.7,Rate per 1000 people,Rate per 1000 people,,,,
E09000003,Barnet,Local Authority District,Food outlets,15/03/2013,1.7,Rate per 1000 people,Rate per 1000 people,,,,
E09000003,Barnet,Local Authority District,Food outlets,15/03/2014,1.8,Rate per 1000 people,Rate per 1000 people,,,,
E09000003,Barnet,Local Authority District,Food outlets,15/03/2016,1.9,Rate per 1000 people,Rate per 1000 people,,,,
E09000003,Barnet,Local Authority District,Food outlets,15/03/2015,1.9,Rate per 1000 people,Rate per 1000 people,,,,
E09000004,Bexley,Local Authority District,Food outlets,15/03/2021,1.9,Rate per 1000 people,Rate per 1000 people,,,,
E09000004,Bexley,Local Authority District,Food outlets,15/03/2022,2,Rate per 1000 people,Rate per 1000 people,,,,
E09000004,Bexley,Local Authority District,Food outlets,15/03/2019,1.7,Rate per 1000 people,Rate per 1000 people,,,,
E09000004,Bexley,Local Authority District,Food outlets,15/03/2020,1.7,Rate per 1000 people,Rate per 1000 people,,,,
E09000004,Bexley,Local Authority District,Food outlets,15/03/2024,1.9,Rate per 1000 people,Rate per 1000 people,,,,
E09000004,Bexley,Local Authority District,Food outlets,15/03/2023,1.9,Rate per 1000 people,Rate per 1000 people,,,,
E09000004,Bexley,Local Authority District,Food outlets,15/03/2026,1.9,Rate per 1000 people,Rate per 1000 people,,,,
E09000004,Bexley,Local Authority District,Food outlets,15/03/2025,1.9,Rate per 1000 people,Rate per 1000 people,,,,
E09000004,Bexley,Local Authority District,Food outlets,15/03/2018,1.7,Rate per 1000 people,Rate per 1000 people,,,,
E09000004,Bexley,Local Authority District,Food outlets,15/03/2013,1.5,Rate per 1000 people,Rate per 1000 people,,,,
E09000004,Bexley,Local Authority District,Food outlets,15/03/2012,1.5,Rate per 1000 people,Rate per 1000 people,,,,
E09000004,Bexley,Local Authority District,Food outlets,15/03/2011,1.4,Rate per 1000 people,Rate per 1000 people,,,,
E09000004,Bexley,Local Authority District,Food outlets,15/03/2010,1.4,Rate per 1000 people,Rate per 1000 people,,,,
E09000004,Bexley,Local Authority District,Food outlets,15/03/2014,1.5,Rate per 1000 people,Rate per 1000 people,,,,
E09000004,Bexley,Local Authority District,Food outlets,15/03/2017,1.7,Rate per 1000 people,Rate per 1000 people,,,,
E09000004,Bexley,Local Authority District,Food outlets,15/03/2016,1.7,Rate per 1000 people,Rate per 1000 people,,,,
E09000004,Bexley,Local Authority District,Food outlets,15/03/2015,1.6,Rate per 1000 people,Rate per 1000 people,,,,
E09000005,Brent,Local Authority District,Food outlets,15/03/2022,2.6,Rate per 1000 people,Rate per 1000 people,,,,
E09000005,Brent,Local Authority District,Food outlets,15/03/2021,2.3,Rate per 1000 people,Rate per 1000 people,,,,
E09000005,Brent,Local Authority District,Food outlets,15/03/2020,2.2,Rate per 1000 people,Rate per 1000 people,,,,
E09000005,Brent,Local Authority District,Food outlets,15/03/2019,2.1,Rate per 1000 people,Rate per 1000 people,,,,
E09000005,Brent,Local Authority District,Food outlets,15/03/2018,2.1,Rate per 1000 people,Rate per 1000 people,,,,
E09000005,Brent,Local Authority District,Food outlets,15/03/2023,2.4,Rate per 1000 people,Rate per 1000 people,,,,
E09000005,Brent,Local Authority District,Food outlets,15/03/2026,2.7,Rate per 1000 people,Rate per 1000 people,,,,
E09000005,Brent,Local Authority District,Food outlets,15/03/2025,2.6,Rate per 1000 people,Rate per 1000 people,,,,
E09000005,Brent,Local Authority District,Food outlets,15/03/2024,2.5,Rate per 1000 people,Rate per 1000 people,,,,
E09000005,Brent,Local Authority District,Food outlets,15/03/2017,1.9,Rate per 1000 people,Rate per 1000 people,,,,
E09000005,Brent,Local Authority District,Food outlets,15/03/2010,1.7,Rate per 1000 people,Rate per 1000 people,,,,
E09000005,Brent,Local Authority District,Food outlets,15/03/2011,1.7,Rate per 1000 people,Rate per 1000 people,,,,
E09000005,Brent,Local Authority District,Food outlets,15/03/2012,1.8,Rate per 1000 people,Rate per 1000 people,,,,
E09000005,Brent,Local Authority District,Food outlets,15/03/2013,1.6,Rate per 1000 people,Rate per 1000 people,,,,
E09000005,Brent,Local Authority District,Food outlets,15/03/2014,1.7,Rate per 1000 people,Rate per 1000 people,,,,
E09000005,Brent,Local Authority District,Food outlets,15/03/2016,1.9,Rate per 1000 people,Rate per 1000 people,,,,
E09000005,Brent,Local Authority District,Food outlets,15/03/2015,1.8,Rate per 1000 people,Rate per 1000 people,,,,
E09000006,Bromley,Local Authority District,Food outlets,15/03/2022,2,Rate per 1000 people,Rate per 1000 people,,,,
E09000006,Bromley,Local Authority District,Food outlets,15/03/2021,2,Rate per 1000 people,Rate per 1000 people,,,,
E09000006,Bromley,Local Authority District,Food outlets,15/03/2020,2,Rate per 1000 people,Rate per 1000 people,,,,
E09000006,Bromley,Local Authority District,Food outlets,15/03/2018,1.9,Rate per 1000 people,Rate per 1000 people,,,,
E09000006,Bromley,Local Authority District,Food outlets,15/03/2019,1.9,Rate per 1000 people,Rate per 1000 people,,,,
E09000006,Bromley,Local Authority District,Food outlets,15/03/2024,2,Rate per 1000 people,Rate per 1000 people,,,,
E09000006,Bromley,Local Authority District,Food outlets,15/03/2023,2,Rate per 1000 people,Rate per 1000 people,,,,
E09000006,Bromley,Local Authority District,Food outlets,15/03/2026,2.1,Rate per 1000 people,Rate per 1000 people,,,,
E09000006,Bromley,Local Authority District,Food outlets,15/03/2025,2.1,Rate per 1000 people,Rate per 1000 people,,,,
E09000006,Bromley,Local Authority District,Food outlets,15/03/2017,1.8,Rate per 1000 people,Rate per 1000 people,,,,
E09000006,Bromley,Local Authority District,Food outlets,15/03/2010,1.6,Rate per 1000 people,Rate per 1000 people,,,,
E09000006,Bromley,Local Authority District,Food outlets,15/03/2011,1.5,Rate per 1000 people,Rate per 1000 people,,,,
E09000006,Bromley,Local Authority District,Food outlets,15/03/2012,1.5,Rate per 1000 people,Rate per 1000 people,,,,
E09000006,Bromley,Local Authority District,Food outlets,15/03/2013,1.6,Rate per 1000 people,Rate per 1000 people,,,,
E09000006,Bromley,Local Authority District,Food outlets,15/03/2014,1.6,Rate per 1000 people,Rate per 1000 people,,,,
E09000006,Bromley,Local Authority District,Food outlets,15/03/2016,1.8,Rate per 1000 people,Rate per 1000 people,,,,
E09000006,Bromley,Local Authority District,Food outlets,15/03/2015,1.7,Rate per 1000 people,Rate per 1000 people,,,,
E09000008,Croydon,Local Authority District,Food outlets,15/03/2022,2,Rate per 1000 people,Rate per 1000 people,,,,
E09000008,Croydon,Local Authority District,Food outlets,15/03/2021,1.9,Rate per 1000 people,Rate per 1000 people,,,,
E09000008,Croydon,Local Authority District,Food outlets,15/03/2019,1.8,Rate per 1000 people,Rate per 1000 people,,,,
E09000008,Croydon,Local Authority District,Food outlets,15/03/2020,2,Rate per 1000 people,Rate per 1000 people,,,,
E09000008,Croydon,Local Authority District,Food outlets,15/03/2018,1.9,Rate per 1000 people,Rate per 1000 people,,,,
E09000008,Croydon,Local Authority District,Food outlets,15/03/2023,2.1,Rate per 1000 people,Rate per 1000 people,,,,
E09000008,Croydon,Local Authority District,Food outlets,15/03/2026,2.1,Rate per 1000 people,Rate per 1000 people,,,,
E09000008,Croydon,Local Authority District,Food outlets,15/03/2025,2.1,Rate per 1000 people,Rate per 1000 people,,,,
E09000008,Croydon,Local Authority District,Food outlets,15/03/2024,2,Rate per 1000 people,Rate per 1000 people,,,,
E09000008,Croydon,Local Authority District,Food outlets,15/03/2013,1.4,Rate per 1000 people,Rate per 1000 people,,,,
E09000008,Croydon,Local Authority District,Food outlets,15/03/2012,1.5,Rate per 1000 people,Rate per 1000 people,,,,
E09000008,Croydon,Local Authority District,Food outlets,15/03/2011,1.4,Rate per 1000 people,Rate per 1000 people,,,,
E09000008,Croydon,Local Authority District,Food outlets,15/03/2010,1.4,Rate per 1000 people,Rate per 1000 people,,,,
E09000008,Croydon,Local Authority District,Food outlets,15/03/2014,1.5,Rate per 1000 people,Rate per 1000 people,,,,
E09000008,Croydon,Local Authority District,Food outlets,15/03/2017,1.8,Rate per 1000 people,Rate per 1000 people,,,,
E09000008,Croydon,Local Authority District,Food outlets,15/03/2016,1.8,Rate per 1000 people,Rate per 1000 people,,,,
E09000008,Croydon,Local Authority District,Food outlets,15/03/2015,1.8,Rate per 1000 people,Rate per 1000 people,,,,
E09000009,Ealing,Local Authority District,Food outlets,15/03/2022,2.3,Rate per 1000 people,Rate per 1000 people,,,,
E09000009,Ealing,Local Authority District,Food outlets,15/03/2021,2.1,Rate per 1000 people,Rate per 1000 people,,,,
E09000009,Ealing,Local Authority District,Food outlets,15/03/2019,1.9,Rate per 1000 people,Rate per 1000 people,,,,
E09000009,Ealing,Local Authority District,Food outlets,15/03/2020,2,Rate per 1000 people,Rate per 1000 people,,,,
E09000009,Ealing,Local Authority District,Food outlets,15/03/2024,2.2,Rate per 1000 people,Rate per 1000 people,,,,
E09000009,Ealing,Local Authority District,Food outlets,15/03/2023,2.1,Rate per 1000 people,Rate per 1000 people,,,,
E09000009,Ealing,Local Authority District,Food outlets,15/03/2018,1.9,Rate per 1000 people,Rate per 1000 people,,,,
E09000009,Ealing,Local Authority District,Food outlets,15/03/2026,2.4,Rate per 1000 people,Rate per 1000 people,,,,
E09000009,Ealing,Local Authority District,Food outlets,15/03/2025,2.4,Rate per 1000 people,Rate per 1000 people,,,,
E09000009,Ealing,Local Authority District,Food outlets,15/03/2010,1.5,Rate per 1000 people,Rate per 1000 people,,,,
E09000009,Ealing,Local Authority District,Food outlets,15/03/2011,1.5,Rate per 1000 people,Rate per 1000 people,,,,
E09000009,Ealing,Local Authority District,Food outlets,15/03/2012,1.6,Rate per 1000 people,Rate per 1000 people,,,,
E09000009,Ealing,Local Authority District,Food outlets,15/03/2013,1.6,Rate per 1000 people,Rate per 1000 people,,,,
E09000009,Ealing,Local Authority District,Food outlets,15/03/2014,1.6,Rate per 1000 people,Rate per 1000 people,,,,
E09000009,Ealing,Local Authority District,Food outlets,15/03/2017,1.8,Rate per 1000 people,Rate per 1000 people,,,,
E09000009,Ealing,Local Authority District,Food outlets,15/03/2016,1.8,Rate per 1000 people,Rate per 1000 people,,,,
E09000009,Ealing,Local Authority District,Food outlets,15/03/2015,1.9,Rate per 1000 people,Rate per 1000 people,,,,
E09000010,Enfield,Local Authority District,Food outlets,15/03/2022,2.2,Rate per 1000 people,Rate per 1000 people,,,,
E09000010,Enfield,Local Authority District,Food outlets,15/03/2021,2,Rate per 1000 people,Rate per 1000 people,,,,
E09000010,Enfield,Local Authority District,Food outlets,15/03/2020,1.8,Rate per 1000 people,Rate per 1000 people,,,,
E09000010,Enfield,Local Authority District,Food outlets,15/03/2019,1.7,Rate per 1000 people,Rate per 1000 people,,,,
E09000010,Enfield,Local Authority District,Food outlets,15/03/2026,2.5,Rate per 1000 people,Rate per 1000 people,,,,
E09000010,Enfield,Local Authority District,Food outlets,15/03/2023,2.2,Rate per 1000 people,Rate per 1000 people,,,,
E09000010,Enfield,Local Authority District,Food outlets,15/03/2018,1.7,Rate per 1000 people,Rate per 1000 people,,,,
E09000010,Enfield,Local Authority District,Food outlets,15/03/2025,2.3,Rate per 1000 people,Rate per 1000 people,,,,
E09000010,Enfield,Local Authority District,Food outlets,15/03/2024,2.3,Rate per 1000 people,Rate per 1000 people,,,,
E09000010,Enfield,Local Authority District,Food outlets,15/03/2010,1.4,Rate per 1000 people,Rate per 1000 people,,,,
E09000010,Enfield,Local Authority District,Food outlets,15/03/2011,1.4,Rate per 1000 people,Rate per 1000 people,,,,
E09000010,Enfield,Local Authority District,Food outlets,15/03/2012,1.4,Rate per 1000 people,Rate per 1000 people,,,,
E09000010,Enfield,Local Authority District,Food outlets,15/03/2013,1.4,Rate per 1000 people,Rate per 1000 people,,,,
E09000010,Enfield,Local Authority District,Food outlets,15/03/2014,1.5,Rate per 1000 people,Rate per 1000 people,,,,
E09000010,Enfield,Local Authority District,Food outlets,15/03/2017,1.6,Rate per 1000 people,Rate per 1000 people,,,,
E09000010,Enfield,Local Authority District,Food outlets,15/03/2016,1.7,Rate per 1000 people,Rate per 1000 people,,,,
E09000010,Enfield,Local Authority District,Food outlets,15/03/2015,1.7,Rate per 1000 people,Rate per 1000 people,,,,
E09000011,Greenwich,Local Authority District,Food outlets,15/03/2021,1.8,Rate per 1000 people,Rate per 1000 people,,,,
E09000011,Greenwich,Local Authority District,Food outlets,15/03/2022,1.9,Rate per 1000 people,Rate per 1000 people,,,,
E09000011,Greenwich,Local Authority District,Food outlets,15/03/2019,1.6,Rate per 1000 people,Rate per 1000 people,,,,
E09000011,Greenwich,Local Authority District,Food outlets,15/03/2020,1.6,Rate per 1000 people,Rate per 1000 people,,,,
E09000011,Greenwich,Local Authority District,Food outlets,15/03/2024,1.9,Rate per 1000 people,Rate per 1000 people,,,,
E09000011,Greenwich,Local Authority District,Food outlets,15/03/2023,1.8,Rate per 1000 people,Rate per 1000 people,,,,
E09000011,Greenwich,Local Authority District,Food outlets,15/03/2026,2,Rate per 1000 people,Rate per 1000 people,,,,
E09000011,Greenwich,Local Authority District,Food outlets,15/03/2025,2,Rate per 1000 people,Rate per 1000 people,,,,
E09000011,Greenwich,Local Authority District,Food outlets,15/03/2018,1.6,Rate per 1000 people,Rate per 1000 people,,,,
E09000011,Greenwich,Local Authority District,Food outlets,15/03/2010,1.4,Rate per 1000 people,Rate per 1000 people,,,,
E09000011,Greenwich,Local Authority District,Food outlets,15/03/2013,1.4,Rate per 1000 people,Rate per 1000 people,,,,
E09000011,Greenwich,Local Authority District,Food outlets,15/03/2012,1.5,Rate per 1000 people,Rate per 1000 people,,,,
E09000011,Greenwich,Local Authority District,Food outlets,15/03/2011,1.3,Rate per 1000 people,Rate per 1000 people,,,,
E09000011,Greenwich,Local Authority District,Food outlets,15/03/2014,1.5,Rate per 1000 people,Rate per 1000 people,,,,
E09000011,Greenwich,Local Authority District,Food outlets,15/03/2017,1.6,Rate per 1000 people,Rate per 1000 people,,,,
E09000011,Greenwich,Local Authority District,Food outlets,15/03/2016,1.6,Rate per 1000 people,Rate per 1000 people,,,,
E09000011,Greenwich,Local Authority District,Food outlets,15/03/2015,1.5,Rate per 1000 people,Rate per 1000 people,,,,
E09000015,Harrow,Local Authority District,Food outlets,15/03/2022,2.1,Rate per 1000 people,Rate per 1000 people,,,,
E09000015,Harrow,Local Authority District,Food outlets,15/03/2021,2,Rate per 1000 people,Rate per 1000 people,,,,
E09000015,Harrow,Local Authority District,Food outlets,15/03/2020,1.7,Rate per 1000 people,Rate per 1000 people,,,,
E09000015,Harrow,Local Authority District,Food outlets,15/03/2019,1.8,Rate per 1000 people,Rate per 1000 people,,,,
E09000015,Harrow,Local Authority District,Food outlets,15/03/2018,1.7,Rate per 1000 people,Rate per 1000 people,,,,
E09000015,Harrow,Local Authority District,Food outlets,15/03/2023,2.1,Rate per 1000 people,Rate per 1000 people,,,,
E09000015,Harrow,Local Authority District,Food outlets,15/03/2026,2.4,Rate per 1000 people,Rate per 1000 people,,,,
E09000015,Harrow,Local Authority District,Food outlets,15/03/2025,2.3,Rate per 1000 people,Rate per 1000 people,,,,
E09000015,Harrow,Local Authority District,Food outlets,15/03/2024,2.1,Rate per 1000 people,Rate per 1000 people,,,,
E09000015,Harrow,Local Authority District,Food outlets,15/03/2010,1.4,Rate per 1000 people,Rate per 1000 people,,,,
E09000015,Harrow,Local Authority District,Food outlets,15/03/2011,1.5,Rate per 1000 people,Rate per 1000 people,,,,
E09000015,Harrow,Local Authority District,Food outlets,15/03/2012,1.5,Rate per 1000 people,Rate per 1000 people,,,,
E09000015,Harrow,Local Authority District,Food outlets,15/03/2013,1.5,Rate per 1000 people,Rate per 1000 people,,,,
E09000015,Harrow,Local Authority District,Food outlets,15/03/2014,1.6,Rate per 1000 people,Rate per 1000 people,,,,
E09000015,Harrow,Local Authority District,Food outlets,15/03/2017,1.7,Rate per 1000 people,Rate per 1000 people,,,,
E09000015,Harrow,Local Authority District,Food outlets,15/03/2016,1.7,Rate per 1000 people,Rate per 1000 people,,,,
E09000015,Harrow,Local Authority District,Food outlets,15/03/2015,1.7,Rate per 1000 people,Rate per 1000 people,,,,
E09000016,Havering,Local Authority District,Food outlets,15/03/2021,2.2,Rate per 1000 people,Rate per 1000 people,,,,
E09000016,Havering,Local Authority District,Food outlets,15/03/2022,2,Rate per 1000 people,Rate per 1000 people,,,,
E09000016,Havering,Local Authority District,Food outlets,15/03/2019,1.8,Rate per 1000 people,Rate per 1000 people,,,,
E09000016,Havering,Local Authority District,Food outlets,15/03/2020,1.9,Rate per 1000 people,Rate per 1000 people,,,,
E09000016,Havering,Local Authority District,Food outlets,15/03/2024,1.9,Rate per 1000 people,Rate per 1000 people,,,,
E09000016,Havering,Local Authority District,Food outlets,15/03/2023,2,Rate per 1000 people,Rate per 1000 people,,,,
E09000016,Havering,Local Authority District,Food outlets,15/03/2026,2.1,Rate per 1000 people,Rate per 1000 people,,,,
E09000016,Havering,Local Authority District,Food outlets,15/03/2025,1.9,Rate per 1000 people,Rate per 1000 people,,,,
E09000016,Havering,Local Authority District,Food outlets,15/03/2018,1.8,Rate per 1000 people,Rate per 1000 people,,,,
E09000016,Havering,Local Authority District,Food outlets,15/03/2010,1.5,Rate per 1000 people,Rate per 1000 people,,,,
E09000016,Havering,Local Authority District,Food outlets,15/03/2013,1.5,Rate per 1000 people,Rate per 1000 people,,,,
E09000016,Havering,Local Authority District,Food outlets,15/03/2012,1.5,Rate per 1000 people,Rate per 1000 people,,,,
E09000016,Havering,Local Authority District,Food outlets,15/03/2011,1.3,Rate per 1000 people,Rate per 1000 people,,,,
E09000016,Havering,Local Authority District,Food outlets,15/03/2014,1.5,Rate per 1000 people,Rate per 1000 people,,,,
E09000016,Havering,Local Authority District,Food outlets,15/03/2017,1.8,Rate per 1000 people,Rate per 1000 people,,,,
E09000016,Havering,Local Authority District,Food outlets,15/03/2016,1.7,Rate per 1000 people,Rate per 1000 people,,,,
E09000016,Havering,Local Authority District,Food outlets,15/03/2015,1.7,Rate per 1000 people,Rate per 1000 people,,,,
E09000017,Hillingdon,Local Authority District,Food outlets,15/03/2022,2,Rate per 1000 people,Rate per 1000 people,,,,
E09000017,Hillingdon,Local Authority District,Food outlets,15/03/2021,2,Rate per 1000 people,Rate per 1000 people,,,,
E09000017,Hillingdon,Local Authority District,Food outlets,15/03/2020,1.7,Rate per 1000 people,Rate per 1000 people,,,,
E09000017,Hillingdon,Local Authority District,Food outlets,15/03/2019,1.8,Rate per 1000 people,Rate per 1000 people,,,,
E09000017,Hillingdon,Local Authority District,Food outlets,15/03/2018,1.7,Rate per 1000 people,Rate per 1000 people,,,,
E09000017,Hillingdon,Local Authority District,Food outlets,15/03/2023,2,Rate per 1000 people,Rate per 1000 people,,,,
E09000017,Hillingdon,Local Authority District,Food outlets,15/03/2026,2.3,Rate per 1000 people,Rate per 1000 people,,,,
E09000017,Hillingdon,Local Authority District,Food outlets,15/03/2025,2.1,Rate per 1000 people,Rate per 1000 people,,,,
E09000017,Hillingdon,Local Authority District,Food outlets,15/03/2024,2.1,Rate per 1000 people,Rate per 1000 people,,,,
E09000017,Hillingdon,Local Authority District,Food outlets,15/03/2010,1.5,Rate per 1000 people,Rate per 1000 people,,,,
E09000017,Hillingdon,Local Authority District,Food outlets,15/03/2011,1.5,Rate per 1000 people,Rate per 1000 people,,,,
E09000017,Hillingdon,Local Authority District,Food outlets,15/03/2012,1.6,Rate per 1000 people,Rate per 1000 people,,,,
E09000017,Hillingdon,Local Authority District,Food outlets,15/03/2013,1.5,Rate per 1000 people,Rate per 1000 people,,,,
E09000017,Hillingdon,Local Authority District,Food outlets,15/03/2014,1.6,Rate per 1000 people,Rate per 1000 people,,,,
E09000017,Hillingdon,Local Authority District,Food outlets,15/03/2017,1.7,Rate per 1000 people,Rate per 1000 people,,,,
E09000017,Hillingdon,Local Authority District,Food outlets,15/03/2016,1.7,Rate per 1000 people,Rate per 1000 people,,,,
E09000017,Hillingdon,Local Authority District,Food outlets,15/03/2015,1.7,Rate per 1000 people,Rate per 1000 people,,,,
E09000018,Hounslow,Local Authority District,Food outlets,15/03/2022,2,Rate per 1000 people,Rate per 1000 people,,,,
E09000018,Hounslow,Local Authority District,Food outlets,15/03/2021,1.9,Rate per 1000 people,Rate per 1000 people,,,,
E09000018,Hounslow,Local Authority District,Food outlets,15/03/2020,1.8,Rate per 1000 people,Rate per 1000 people,,,,
E09000018,Hounslow,Local Authority District,Food outlets,15/03/2019,1.8,Rate per 1000 people,Rate per 1000 people,,,,
E09000018,Hounslow,Local Authority District,Food outlets,15/03/2026,2.4,Rate per 1000 people,Rate per 1000 people,,,,
E09000018,Hounslow,Local Authority District,Food outlets,15/03/2023,2.1,Rate per 1000 people,Rate per 1000 people,,,,
E09000018,Hounslow,Local Authority District,Food outlets,15/03/2018,1.8,Rate per 1000 people,Rate per 1000 people,,,,
E09000018,Hounslow,Local Authority District,Food outlets,15/03/2025,2.3,Rate per 1000 people,Rate per 1000 people,,,,
E09000018,Hounslow,Local Authority District,Food outlets,15/03/2024,2.2,Rate per 1000 people,Rate per 1000 people,,,,
E09000018,Hounslow,Local Authority District,Food outlets,15/03/2010,1.5,Rate per 1000 people,Rate per 1000 people,,,,
E09000018,Hounslow,Local Authority District,Food outlets,15/03/2011,1.5,Rate per 1000 people,Rate per 1000 people,,,,
E09000018,Hounslow,Local Authority District,Food outlets,15/03/2012,1.6,Rate per 1000 people,Rate per 1000 people,,,,
E09000018,Hounslow,Local Authority District,Food outlets,15/03/2013,1.5,Rate per 1000 people,Rate per 1000 people,,,,
E09000018,Hounslow,Local Authority District,Food outlets,15/03/2014,1.5,Rate per 1000 people,Rate per 1000 people,,,,
E09000018,Hounslow,Local Authority District,Food outlets,15/03/2017,1.8,Rate per 1000 people,Rate per 1000 people,,,,
E09000018,Hounslow,Local Authority District,Food outlets,15/03/2016,1.7,Rate per 1000 people,Rate per 1000 people,,,,
E09000018,Hounslow,Local Authority District,Food outlets,15/03/2015,1.7,Rate per 1000 people,Rate per 1000 people,,,,
E09000021,Kingston upon Thames,Local Authority District,Food outlets,15/03/2021,2.4,Rate per 1000 people,Rate per 1000 people,,,,
E09000021,Kingston upon Thames,Local Authority District,Food outlets,15/03/2022,2.5,Rate per 1000 people,Rate per 1000 people,,,,
E09000021,Kingston upon Thames,Local Authority District,Food outlets,15/03/2019,2.1,Rate per 1000 people,Rate per 1000 people,,,,
E09000021,Kingston upon Thames,Local Authority District,Food outlets,15/03/2020,2.1,Rate per 1000 people,Rate per 1000 people,,,,
E09000021,Kingston upon Thames,Local Authority District,Food outlets,15/03/2024,2.5,Rate per 1000 people,Rate per 1000 people,,,,
E09000021,Kingston upon Thames,Local Authority District,Food outlets,15/03/2023,2.5,Rate per 1000 people,Rate per 1000 people,,,,
E09000021,Kingston upon Thames,Local Authority District,Food outlets,15/03/2018,2,Rate per 1000 people,Rate per 1000 people,,,,
E09000021,Kingston upon Thames,Local Authority District,Food outlets,15/03/2026,2.6,Rate per 1000 people,Rate per 1000 people,,,,
E09000021,Kingston upon Thames,Local Authority District,Food outlets,15/03/2025,2.5,Rate per 1000 people,Rate per 1000 people,,,,
E09000021,Kingston upon Thames,Local Authority District,Food outlets,15/03/2013,1.8,Rate per 1000 people,Rate per 1000 people,,,,
E09000021,Kingston upon Thames,Local Authority District,Food outlets,15/03/2012,1.9,Rate per 1000 people,Rate per 1000 people,,,,
E09000021,Kingston upon Thames,Local Authority District,Food outlets,15/03/2011,1.8,Rate per 1000 people,Rate per 1000 people,,,,
E09000021,Kingston upon Thames,Local Authority District,Food outlets,15/03/2010,1.8,Rate per 1000 people,Rate per 1000 people,,,,
E09000021,Kingston upon Thames,Local Authority District,Food outlets,15/03/2014,1.9,Rate per 1000 people,Rate per 1000 people,,,,
E09000021,Kingston upon Thames,Local Authority District,Food outlets,15/03/2017,2,Rate per 1000 people,Rate per 1000 people,,,,
E09000021,Kingston upon Thames,Local Authority District,Food outlets,15/03/2016,2,Rate per 1000 people,Rate per 1000 people,,,,
E09000021,Kingston upon Thames,Local Authority District,Food outlets,15/03/2015,2.1,Rate per 1000 people,Rate per 1000 people,,,,
E09000024,Merton,Local Authority District,Food outlets,15/03/2022,2,Rate per 1000 people,Rate per 1000 people,,,,
E09000024,Merton,Local Authority District,Food outlets,15/03/2021,1.9,Rate per 1000 people,Rate per 1000 people,,,,
E09000024,Merton,Local Authority District,Food outlets,15/03/2019,1.8,Rate per 1000 people,Rate per 1000 people,,,,
E09000024,Merton,Local Authority District,Food outlets,15/03/2020,1.8,Rate per 1000 people,Rate per 1000 people,,,,
E09000024,Merton,Local Authority District,Food outlets,15/03/2024,2.1,Rate per 1000 people,Rate per 1000 people,,,,
E09000024,Merton,Local Authority District,Food outlets,15/03/2023,2,Rate per 1000 people,Rate per 1000 people,,,,
E09000024,Merton,Local Authority District,Food outlets,15/03/2018,1.8,Rate per 1000 people,Rate per 1000 people,,,,
E09000024,Merton,Local Authority District,Food outlets,15/03/2026,2.2,Rate per 1000 people,Rate per 1000 people,,,,
E09000024,Merton,Local Authority District,Food outlets,15/03/2025,2.1,Rate per 1000 people,Rate per 1000 people,,,,
E09000024,Merton,Local Authority District,Food outlets,15/03/2010,1.5,Rate per 1000 people,Rate per 1000 people,,,,
E09000024,Merton,Local Authority District,Food outlets,15/03/2011,1.4,Rate per 1000 people,Rate per 1000 people,,,,
E09000024,Merton,Local Authority District,Food outlets,15/03/2012,1.5,Rate per 1000 people,Rate per 1000 people,,,,
E09000024,Merton,Local Authority District,Food outlets,15/03/2013,1.5,Rate per 1000 people,Rate per 1000 people,,,,
E09000024,Merton,Local Authority District,Food outlets,15/03/2014,1.5,Rate per 1000 people,Rate per 1000 people,,,,
E09000024,Merton,Local Authority District,Food outlets,15/03/2017,1.8,Rate per 1000 people,Rate per 1000 people,,,,
E09000024,Merton,Local Authority District,Food outlets,15/03/2016,1.8,Rate per 1000 people,Rate per 1000 people,,,,
E09000024,Merton,Local Authority District,Food outlets,15/03/2015,1.8,Rate per 1000 people,Rate per 1000 people,,,,
E09000026,Redbridge,Local Authority District,Food outlets,15/03/2022,2.1,Rate per 1000 people,Rate per 1000 people,,,,
E09000026,Redbridge,Local Authority District,Food outlets,15/03/2021,1.8,Rate per 1000 people,Rate per 1000 people,,,,
E09000026,Redbridge,Local Authority District,Food outlets,15/03/2020,1.6,Rate per 1000 people,Rate per 1000 people,,,,
E09000026,Redbridge,Local Authority District,Food outlets,15/03/2019,1.7,Rate per 1000 people,Rate per 1000 people,,,,
E09000026,Redbridge,Local Authority District,Food outlets,15/03/2026,2.5,Rate per 1000 people,Rate per 1000 people,,,,
E09000026,Redbridge,Local Authority District,Food outlets,15/03/2023,2.1,Rate per 1000 people,Rate per 1000 people,,,,
E09000026,Redbridge,Local Authority District,Food outlets,15/03/2018,1.7,Rate per 1000 people,Rate per 1000 people,,,,
E09000026,Redbridge,Local Authority District,Food outlets,15/03/2025,2.5,Rate per 1000 people,Rate per 1000 people,,,,
E09000026,Redbridge,Local Authority District,Food outlets,15/03/2024,2.2,Rate per 1000 people,Rate per 1000 people,,,,
E09000026,Redbridge,Local Authority District,Food outlets,15/03/2010,1.2,Rate per 1000 people,Rate per 1000 people,,,,
E09000026,Redbridge,Local Authority District,Food outlets,15/03/2011,1.2,Rate per 1000 people,Rate per 1000 people,,,,
E09000026,Redbridge,Local Authority District,Food outlets,15/03/2012,1.3,Rate per 1000 people,Rate per 1000 people,,,,
E09000026,Redbridge,Local Authority District,Food outlets,15/03/2013,1.4,Rate per 1000 people,Rate per 1000 people,,,,
E09000026,Redbridge,Local Authority District,Food outlets,15/03/2014,1.4,Rate per 1000 people,Rate per 1000 people,,,,
E09000026,Redbridge,Local Authority District,Food outlets,15/03/2017,1.7,Rate per 1000 people,Rate per 1000 people,,,,
E09000026,Redbridge,Local Authority District,Food outlets,15/03/2016,1.5,Rate per 1000 people,Rate per 1000 people,,,,
E09000026,Redbridge,Local Authority District,Food outlets,15/03/2015,1.5,Rate per 1000 people,Rate per 1000 people,,,,
E09000027,Richmond upon Thames,Local Authority District,Food outlets,15/03/2022,2.6,Rate per 1000 people,Rate per 1000 people,,,,
E09000027,Richmond upon Thames,Local Authority District,Food outlets,15/03/2021,2.5,Rate per 1000 people,Rate per 1000 people,,,,
E09000027,Richmond upon Thames,Local Authority District,Food outlets,15/03/2020,2.5,Rate per 1000 people,Rate per 1000 people,,,,
E09000027,Richmond upon Thames,Local Authority District,Food outlets,15/03/2019,2.4,Rate per 1000 people,Rate per 1000 people,,,,
E09000027,Richmond upon Thames,Local Authority District,Food outlets,15/03/2026,2.5,Rate per 1000 people,Rate per 1000 people,,,,
E09000027,Richmond upon Thames,Local Authority District,Food outlets,15/03/2023,2.4,Rate per 1000 people,Rate per 1000 people,,,,
E09000027,Richmond upon Thames,Local Authority District,Food outlets,15/03/2018,2.3,Rate per 1000 people,Rate per 1000 people,,,,
E09000027,Richmond upon Thames,Local Authority District,Food outlets,15/03/2025,2.5,Rate per 1000 people,Rate per 1000 people,,,,
E09000027,Richmond upon Thames,Local Authority District,Food outlets,15/03/2024,2.4,Rate per 1000 people,Rate per 1000 people,,,,
E09000027,Richmond upon Thames,Local Authority District,Food outlets,15/03/2010,2.2,Rate per 1000 people,Rate per 1000 people,,,,
E09000027,Richmond upon Thames,Local Authority District,Food outlets,15/03/2011,2.1,Rate per 1000 people,Rate per 1000 people,,,,
E09000027,Richmond upon Thames,Local Authority District,Food outlets,15/03/2012,2.2,Rate per 1000 people,Rate per 1000 people,,,,
E09000027,Richmond upon Thames,Local Authority District,Food outlets,15/03/2013,2.1,Rate per 1000 people,Rate per 1000 people,,,,
E09000027,Richmond upon Thames,Local Authority District,Food outlets,15/03/2014,2.2,Rate per 1000 people,Rate per 1000 people,,,,
E09000027,Richmond upon Thames,Local Authority District,Food outlets,15/03/2017,2.4,Rate per 1000 people,Rate per 1000 people,,,,
E09000027,Richmond upon Thames,Local Authority District,Food outlets,15/03/2016,2.3,Rate per 1000 people,Rate per 1000 people,,,,
E09000027,Richmond upon Thames,Local Authority District,Food outlets,15/03/2015,2.4,Rate per 1000 people,Rate per 1000 people,,,,
E09000029,Sutton,Local Authority District,Food outlets,15/03/2021,1.9,Rate per 1000 people,Rate per 1000 people,,,,
E09000029,Sutton,Local Authority District,Food outlets,15/03/2022,1.9,Rate per 1000 people,Rate per 1000 people,,,,
E09000029,Sutton,Local Authority District,Food outlets,15/03/2020,1.9,Rate per 1000 people,Rate per 1000 people,,,,
E09000029,Sutton,Local Authority District,Food outlets,15/03/2019,1.7,Rate per 1000 people,Rate per 1000 people,,,,
E09000029,Sutton,Local Authority District,Food outlets,15/03/2026,2.1,Rate per 1000 people,Rate per 1000 people,,,,
E09000029,Sutton,Local Authority District,Food outlets,15/03/2024,1.9,Rate per 1000 people,Rate per 1000 people,,,,
E09000029,Sutton,Local Authority District,Food outlets,15/03/2023,1.9,Rate per 1000 people,Rate per 1000 people,,,,
E09000029,Sutton,Local Authority District,Food outlets,15/03/2018,1.7,Rate per 1000 people,Rate per 1000 people,,,,
E09000029,Sutton,Local Authority District,Food outlets,15/03/2025,2.1,Rate per 1000 people,Rate per 1000 people,,,,
E09000029,Sutton,Local Authority District,Food outlets,15/03/2013,1.5,Rate per 1000 people,Rate per 1000 people,,,,
E09000029,Sutton,Local Authority District,Food outlets,15/03/2012,1.5,Rate per 1000 people,Rate per 1000 people,,,,
E09000029,Sutton,Local Authority District,Food outlets,15/03/2011,1.4,Rate per 1000 people,Rate per 1000 people,,,,
E09000029,Sutton,Local Authority District,Food outlets,15/03/2010,1.5,Rate per 1000 people,Rate per 1000 people,,,,
E09000029,Sutton,Local Authority District,Food outlets,15/03/2014,1.6,Rate per 1000 people,Rate per 1000 people,,,,
E09000029,Sutton,Local Authority District,Food outlets,15/03/2017,1.8,Rate per 1000 people,Rate per 1000 people,,,,
E09000029,Sutton,Local Authority District,Food outlets,15/03/2016,1.7,Rate per 1000 people,Rate per 1000 people,,,,
E09000029,Sutton,Local Authority District,Food outlets,15/03/2015,1.7,Rate per 1000 people,Rate per 1000 people,,,,
E09000031,Waltham Forest,Local Authority District,Food outlets,15/03/2021,2.3,Rate per 1000 people,Rate per 1000 people,,,,
E09000031,Waltham Forest,Local Authority District,Food outlets,15/03/2022,2.5,Rate per 1000 people,Rate per 1000 people,,,,
E09000031,Waltham Forest,Local Authority District,Food outlets,15/03/2019,2,Rate per 1000 people,Rate per 1000 people,,,,
E09000031,Waltham Forest,Local Authority District,Food outlets,15/03/2020,2.1,Rate per 1000 people,Rate per 1000 people,,,,
E09000031,Waltham Forest,Local Authority District,Food outlets,15/03/2024,2.6,Rate per 1000 people,Rate per 1000 people,,,,
E09000031,Waltham Forest,Local Authority District,Food outlets,15/03/2023,2.5,Rate per 1000 people,Rate per 1000 people,,,,
E09000031,Waltham Forest,Local Authority District,Food outlets,15/03/2018,1.9,Rate per 1000 people,Rate per 1000 people,,,,
E09000031,Waltham Forest,Local Authority District,Food outlets,15/03/2026,2.8,Rate per 1000 people,Rate per 1000 people,,,,
E09000031,Waltham Forest,Local Authority District,Food outlets,15/03/2025,2.6,Rate per 1000 people,Rate per 1000 people,,,,
E09000031,Waltham Forest,Local Authority District,Food outlets,15/03/2013,1.4,Rate per 1000 people,Rate per 1000 people,,,,
E09000031,Waltham Forest,Local Authority District,Food outlets,15/03/2012,1.3,Rate per 1000 people,Rate per 1000 people,,,,
E09000031,Waltham Forest,Local Authority District,Food outlets,15/03/2011,1.2,Rate per 1000 people,Rate per 1000 people,,,,
E09000031,Waltham Forest,Local Authority District,Food outlets,15/03/2010,1.3,Rate per 1000 people,Rate per 1000 people,,,,
E09000031,Waltham Forest,Local Authority District,Food outlets,15/03/2014,1.5,Rate per 1000 people,Rate per 1000 people,,,,
E09000031,Waltham Forest,Local Authority District,Food outlets,15/03/2017,1.9,Rate per 1000 people,Rate per 1000 people,,,,
E09000031,Waltham Forest,Local Authority District,Food outlets,15/03/2016,1.9,Rate per 1000 people,Rate per 1000 people,,,,
E09000031,Waltham Forest,Local Authority District,Food outlets,15/03/2015,1.8,Rate per 1000 people,Rate per 1000 people,,,,
E12000008,South East,Region,Food outlets,15/03/2019,1.9,Rate per 1000 people,Rate per 1000 people,,,,
E12000008,South East,Region,Food outlets,15/03/2025,2,Rate per 1000 people,Rate per 1000 people,,,,
E12000008,South East,Region,Food outlets,15/03/2024,2,Rate per 1000 people,Rate per 1000 people,,,,
E12000008,South East,Region,Food outlets,15/03/2023,2,Rate per 1000 people,Rate per 1000 people,,,,
E12000008,South East,Region,Food outlets,15/03/2022,2,Rate per 1000 people,Rate per 1000 people,,,,
E12000008,South East,Region,Food outlets,15/03/2021,2,Rate per 1000 people,Rate per 1000 people,,,,
E12000008,South East,Region,Food outlets,15/03/2020,1.9,Rate per 1000 people,Rate per 1000 people,,,,
E12000008,South East,Region,Food outlets,15/03/2026,2.1,Rate per 1000 people,Rate per 1000 people,,,,
E12000008,South East,Region,Food outlets,15/03/2018,1.9,Rate per 1000 people,Rate per 1000 people,,,,
E12000008,South East,Region,Food outlets,15/03/2016,1.9,Rate per 1000 people,Rate per 1000 people,,,,
E12000008,South East,Region,Food outlets,15/03/2015,1.9,Rate per 1000 people,Rate per 1000 people,,,,
E12000008,South East,Region,Food outlets,15/03/2014,1.8,Rate per 1000 people,Rate per 1000 people,,,,
E12000008,South East,Region,Food outlets,15/03/2013,1.7,Rate per 1000 people,Rate per 1000 people,,,,
E12000008,South East,Region,Food outlets,15/03/2012,1.8,Rate per 1000 people,Rate per 1000 people,,,,
E12000008,South East,Region,Food outlets,15/03/2011,1.8,Rate per 1000 people,Rate per 1000 people,,,,
E12000008,South East,Region,Food outlets,15/03/2010,1.8,Rate per 1000 people,Rate per 1000 people,,,,
E12000008,South East,Region,Food outlets,15/03/2017,1.9,Rate per 1000 people,Rate per 1000 people,,,,
E06000036,Bracknell Forest,County or Unitary Authority,Food outlets,15/03/2022,1,Rate per 1000 people,Rate per 1000 people,,,,
E06000036,Bracknell Forest,County or Unitary Authority,Food outlets,15/03/2021,1,Rate per 1000 people,Rate per 1000 people,,,,
E06000036,Bracknell Forest,County or Unitary Authority,Food outlets,15/03/2020,1,Rate per 1000 people,Rate per 1000 people,,,,
E06000036,Bracknell Forest,County or Unitary Authority,Food outlets,15/03/2026,1.1,Rate per 1000 people,Rate per 1000 people,,,,
E06000036,Bracknell Forest,County or Unitary Authority,Food outlets,15/03/2019,1,Rate per 1000 people,Rate per 1000 people,,,,
E06000036,Bracknell Forest,County or Unitary Authority,Food outlets,15/03/2023,1.1,Rate per 1000 people,Rate per 1000 people,,,,
E06000036,Bracknell Forest,County or Unitary Authority,Food outlets,15/03/2018,1,Rate per 1000 people,Rate per 1000 people,,,,
E06000036,Bracknell Forest,County or Unitary Authority,Food outlets,15/03/2025,1.1,Rate per 1000 people,Rate per 1000 people,,,,
E06000036,Bracknell Forest,County or Unitary Authority,Food outlets,15/03/2024,1.1,Rate per 1000 people,Rate per 1000 people,,,,
E06000036,Bracknell Forest,County or Unitary Authority,Food outlets,15/03/2016,1,Rate per 1000 people,Rate per 1000 people,,,,
E06000036,Bracknell Forest,County or Unitary Authority,Food outlets,15/03/2010,1,Rate per 1000 people,Rate per 1000 people,,,,
E06000036,Bracknell Forest,County or Unitary Authority,Food outlets,15/03/2011,1.1,Rate per 1000 people,Rate per 1000 people,,,,
E06000036,Bracknell Forest,County or Unitary Authority,Food outlets,15/03/2012,1,Rate per 1000 people,Rate per 1000 people,,,,
E06000036,Bracknell Forest,County or Unitary Authority,Food outlets,15/03/2013,1,Rate per 1000 people,Rate per 1000 people,,,,
E06000036,Bracknell Forest,County or Unitary Authority,Food outlets,15/03/2014,1,Rate per 1000 people,Rate per 1000 people,,,,
E06000036,Bracknell Forest,County or Unitary Authority,Food outlets,15/03/2017,1,Rate per 1000 people,Rate per 1000 people,,,,
E06000036,Bracknell Forest,County or Unitary Authority,Food outlets,15/03/2015,1,Rate per 1000 people,Rate per 1000 people,,,,
E06000043,Brighton and Hove,County or Unitary Authority,Food outlets,15/03/2021,3.7,Rate per 1000 people,Rate per 1000 people,,,,
E06000043,Brighton and Hove,County or Unitary Authority,Food outlets,15/03/2022,3.9,Rate per 1000 people,Rate per 1000 people,,,,
E06000043,Brighton and Hove,County or Unitary Authority,Food outlets,15/03/2020,3.4,Rate per 1000 people,Rate per 1000 people,,,,
E06000043,Brighton and Hove,County or Unitary Authority,Food outlets,15/03/2019,3.4,Rate per 1000 people,Rate per 1000 people,,,,
E06000043,Brighton and Hove,County or Unitary Authority,Food outlets,15/03/2024,3.7,Rate per 1000 people,Rate per 1000 people,,,,
E06000043,Brighton and Hove,County or Unitary Authority,Food outlets,15/03/2023,3.8,Rate per 1000 people,Rate per 1000 people,,,,
E06000043,Brighton and Hove,County or Unitary Authority,Food outlets,15/03/2018,3.2,Rate per 1000 people,Rate per 1000 people,,,,
E06000043,Brighton and Hove,County or Unitary Authority,Food outlets,15/03/2026,3.8,Rate per 1000 people,Rate per 1000 people,,,,
E06000043,Brighton and Hove,County or Unitary Authority,Food outlets,15/03/2025,3.7,Rate per 1000 people,Rate per 1000 people,,,,
E06000043,Brighton and Hove,County or Unitary Authority,Food outlets,15/03/2013,2.8,Rate per 1000 people,Rate per 1000 people,,,,
E06000043,Brighton and Hove,County or Unitary Authority,Food outlets,15/03/2012,2.8,Rate per 1000 people,Rate per 1000 people,,,,
E06000043,Brighton and Hove,County or Unitary Authority,Food outlets,15/03/2011,2.7,Rate per 1000 people,Rate per 1000 people,,,,
E06000043,Brighton and Hove,County or Unitary Authority,Food outlets,15/03/2010,2.7,Rate per 1000 people,Rate per 1000 people,,,,
E06000043,Brighton and Hove,County or Unitary Authority,Food outlets,15/03/2014,2.8,Rate per 1000 people,Rate per 1000 people,,,,
E06000043,Brighton and Hove,County or Unitary Authority,Food outlets,15/03/2017,3.2,Rate per 1000 people,Rate per 1000 people,,,,
E06000043,Brighton and Hove,County or Unitary Authority,Food outlets,15/03/2016,3.2,Rate per 1000 people,Rate per 1000 people,,,,
E06000043,Brighton and Hove,County or Unitary Authority,Food outlets,15/03/2015,3.2,Rate per 1000 people,Rate per 1000 people,,,,
E06000060,Buckinghamshire,County or Unitary Authority,Food outlets,15/03/2022,1.9,Rate per 1000 people,Rate per 1000 people,,,,
E06000060,Buckinghamshire,County or Unitary Authority,Food outlets,15/03/2021,1.9,Rate per 1000 people,Rate per 1000 people,,,,
E06000060,Buckinghamshire,County or Unitary Authority,Food outlets,15/03/2020,1.8,Rate per 1000 people,Rate per 1000 people,,,,
E06000060,Buckinghamshire,County or Unitary Authority,Food outlets,15/03/2019,1.7,Rate per 1000 people,Rate per 1000 people,,,,
E06000060,Buckinghamshire,County or Unitary Authority,Food outlets,15/03/2018,1.8,Rate per 1000 people,Rate per 1000 people,,,,
E06000060,Buckinghamshire,County or Unitary Authority,Food outlets,15/03/2023,1.9,Rate per 1000 people,Rate per 1000 people,,,,
E06000060,Buckinghamshire,County or Unitary Authority,Food outlets,15/03/2026,1.9,Rate per 1000 people,Rate per 1000 people,,,,
E06000060,Buckinghamshire,County or Unitary Authority,Food outlets,15/03/2025,1.9,Rate per 1000 people,Rate per 1000 people,,,,
E06000060,Buckinghamshire,County or Unitary Authority,Food outlets,15/03/2024,1.9,Rate per 1000 people,Rate per 1000 people,,,,
E06000060,Buckinghamshire,County or Unitary Authority,Food outlets,15/03/2010,1.7,Rate per 1000 people,Rate per 1000 people,,,,
E06000060,Buckinghamshire,County or Unitary Authority,Food outlets,15/03/2011,1.7,Rate per 1000 people,Rate per 1000 people,,,,
E06000060,Buckinghamshire,County or Unitary Authority,Food outlets,15/03/2012,1.7,Rate per 1000 people,Rate per 1000 people,,,,
E06000060,Buckinghamshire,County or Unitary Authority,Food outlets,15/03/2013,1.7,Rate per 1000 people,Rate per 1000 people,,,,
E06000060,Buckinghamshire,County or Unitary Authority,Food outlets,15/03/2014,1.7,Rate per 1000 people,Rate per 1000 people,,,,
E06000060,Buckinghamshire,County or Unitary Authority,Food outlets,15/03/2017,1.8,Rate per 1000 people,Rate per 1000 people,,,,
E06000060,Buckinghamshire,County or Unitary Authority,Food outlets,15/03/2016,1.8,Rate per 1000 people,Rate per 1000 people,,,,
E06000060,Buckinghamshire,County or Unitary Authority,Food outlets,15/03/2015,1.8,Rate per 1000 people,Rate per 1000 people,,,,
E06000046,Isle of Wight,County or Unitary Authority,Food outlets,15/03/2021,2.9,Rate per 1000 people,Rate per 1000 people,,,,
E06000046,Isle of Wight,County or Unitary Authority,Food outlets,15/03/2022,3.2,Rate per 1000 people,Rate per 1000 people,,,,
E06000046,Isle of Wight,County or Unitary Authority,Food outlets,15/03/2019,2.9,Rate per 1000 people,Rate per 1000 people,,,,
E06000046,Isle of Wight,County or Unitary Authority,Food outlets,15/03/2020,2.9,Rate per 1000 people,Rate per 1000 people,,,,
E06000046,Isle of Wight,County or Unitary Authority,Food outlets,15/03/2024,2.9,Rate per 1000 people,Rate per 1000 people,,,,
E06000046,Isle of Wight,County or Unitary Authority,Food outlets,15/03/2023,3,Rate per 1000 people,Rate per 1000 people,,,,
E06000046,Isle of Wight,County or Unitary Authority,Food outlets,15/03/2026,3.1,Rate per 1000 people,Rate per 1000 people,,,,
E06000046,Isle of Wight,County or Unitary Authority,Food outlets,15/03/2025,2.9,Rate per 1000 people,Rate per 1000 people,,,,
E06000046,Isle of Wight,County or Unitary Authority,Food outlets,15/03/2018,2.9,Rate per 1000 people,Rate per 1000 people,,,,
E06000046,Isle of Wight,County or Unitary Authority,Food outlets,15/03/2010,2.6,Rate per 1000 people,Rate per 1000 people,,,,
E06000046,Isle of Wight,County or Unitary Authority,Food outlets,15/03/2013,2.5,Rate per 1000 people,Rate per 1000 people,,,,
E06000046,Isle of Wight,County or Unitary Authority,Food outlets,15/03/2012,2.7,Rate per 1000 people,Rate per 1000 people,,,,
E06000046,Isle of Wight,County or Unitary Authority,Food outlets,15/03/2011,2.6,Rate per 1000 people,Rate per 1000 people,,,,
E06000046,Isle of Wight,County or Unitary Authority,Food outlets,15/03/2014,2.6,Rate per 1000 people,Rate per 1000 people,,,,
E06000046,Isle of Wight,County or Unitary Authority,Food outlets,15/03/2017,2.9,Rate per 1000 people,Rate per 1000 people,,,,
E06000046,Isle of Wight,County or Unitary Authority,Food outlets,15/03/2016,2.9,Rate per 1000 people,Rate per 1000 people,,,,
E06000046,Isle of Wight,County or Unitary Authority,Food outlets,15/03/2015,2.9,Rate per 1000 people,Rate per 1000 people,,,,
E06000035,Medway,County or Unitary Authority,Food outlets,15/03/2022,1.8,Rate per 1000 people,Rate per 1000 people,,,,
E06000035,Medway,County or Unitary Authority,Food outlets,15/03/2021,1.8,Rate per 1000 people,Rate per 1000 people,,,,
E06000035,Medway,County or Unitary Authority,Food outlets,15/03/2020,1.7,Rate per 1000 people,Rate per 1000 people,,,,
E06000035,Medway,County or Unitary Authority,Food outlets,15/03/2019,1.6,Rate per 1000 people,Rate per 1000 people,,,,
E06000035,Medway,County or Unitary Authority,Food outlets,15/03/2018,1.7,Rate per 1000 people,Rate per 1000 people,,,,
E06000035,Medway,County or Unitary Authority,Food outlets,15/03/2023,1.7,Rate per 1000 people,Rate per 1000 people,,,,
E06000035,Medway,County or Unitary Authority,Food outlets,15/03/2026,1.9,Rate per 1000 people,Rate per 1000 people,,,,
E06000035,Medway,County or Unitary Authority,Food outlets,15/03/2025,1.8,Rate per 1000 people,Rate per 1000 people,,,,
E06000035,Medway,County or Unitary Authority,Food outlets,15/03/2024,1.7,Rate per 1000 people,Rate per 1000 people,,,,
E06000035,Medway,County or Unitary Authority,Food outlets,15/03/2010,1.5,Rate per 1000 people,Rate per 1000 people,,,,
E06000035,Medway,County or Unitary Authority,Food outlets,15/03/2011,1.5,Rate per 1000 people,Rate per 1000 people,,,,
E06000035,Medway,County or Unitary Authority,Food outlets,15/03/2012,1.5,Rate per 1000 people,Rate per 1000 people,,,,
E06000035,Medway,County or Unitary Authority,Food outlets,15/03/2013,1.4,Rate per 1000 people,Rate per 1000 people,,,,
E06000035,Medway,County or Unitary Authority,Food outlets,15/03/2014,1.5,Rate per 1000 people,Rate per 1000 people,,,,
E06000035,Medway,County or Unitary Authority,Food outlets,15/03/2017,1.7,Rate per 1000 people,Rate per 1000 people,,,,
E06000035,Medway,County or Unitary Authority,Food outlets,15/03/2016,1.7,Rate per 1000 people,Rate per 1000 people,,,,
E06000035,Medway,County or Unitary Authority,Food outlets,15/03/2015,1.7,Rate per 1000 people,Rate per 1000 people,,,,
E06000042,Milton Keynes,County or Unitary Authority,Food outlets,15/03/2022,1.9,Rate per 1000 people,Rate per 1000 people,,,,
E06000042,Milton Keynes,County or Unitary Authority,Food outlets,15/03/2021,1.6,Rate per 1000 people,Rate per 1000 people,,,,
E06000042,Milton Keynes,County or Unitary Authority,Food outlets,15/03/2020,1.5,Rate per 1000 people,Rate per 1000 people,,,,
E06000042,Milton Keynes,County or Unitary Authority,Food outlets,15/03/2019,1.5,Rate per 1000 people,Rate per 1000 people,,,,
E06000042,Milton Keynes,County or Unitary Authority,Food outlets,15/03/2026,1.9,Rate per 1000 people,Rate per 1000 people,,,,
E06000042,Milton Keynes,County or Unitary Authority,Food outlets,15/03/2023,1.8,Rate per 1000 people,Rate per 1000 people,,,,
E06000042,Milton Keynes,County or Unitary Authority,Food outlets,15/03/2018,1.5,Rate per 1000 people,Rate per 1000 people,,,,
E06000042,Milton Keynes,County or Unitary Authority,Food outlets,15/03/2025,1.7,Rate per 1000 people,Rate per 1000 people,,,,
E06000042,Milton Keynes,County or Unitary Authority,Food outlets,15/03/2024,1.8,Rate per 1000 people,Rate per 1000 people,,,,
E06000042,Milton Keynes,County or Unitary Authority,Food outlets,15/03/2010,1.4,Rate per 1000 people,Rate per 1000 people,,,,
E06000042,Milton Keynes,County or Unitary Authority,Food outlets,15/03/2011,1.3,Rate per 1000 people,Rate per 1000 people,,,,
E06000042,Milton Keynes,County or Unitary Authority,Food outlets,15/03/2012,1.3,Rate per 1000 people,Rate per 1000 people,,,,
E06000042,Milton Keynes,County or Unitary Authority,Food outlets,15/03/2013,1.3,Rate per 1000 people,Rate per 1000 people,,,,
E06000042,Milton Keynes,County or Unitary Authority,Food outlets,15/03/2014,1.4,Rate per 1000 people,Rate per 1000 people,,,,
E06000042,Milton Keynes,County or Unitary Authority,Food outlets,15/03/2017,1.4,Rate per 1000 people,Rate per 1000 people,,,,
E06000042,Milton Keynes,County or Unitary Authority,Food outlets,15/03/2016,1.4,Rate per 1000 people,Rate per 1000 people,,,,
E06000042,Milton Keynes,County or Unitary Authority,Food outlets,15/03/2015,1.4,Rate per 1000 people,Rate per 1000 people,,,,
E06000044,Portsmouth,County or Unitary Authority,Food outlets,15/03/2021,2.5,Rate per 1000 people,Rate per 1000 people,,,,
E06000044,Portsmouth,County or Unitary Authority,Food outlets,15/03/2022,2.6,Rate per 1000 people,Rate per 1000 people,,,,
E06000044,Portsmouth,County or Unitary Authority,Food outlets,15/03/2019,2.6,Rate per 1000 people,Rate per 1000 people,,,,
E06000044,Portsmouth,County or Unitary Authority,Food outlets,15/03/2020,2.5,Rate per 1000 people,Rate per 1000 people,,,,
E06000044,Portsmouth,County or Unitary Authority,Food outlets,15/03/2024,2.5,Rate per 1000 people,Rate per 1000 people,,,,
E06000044,Portsmouth,County or Unitary Authority,Food outlets,15/03/2023,2.5,Rate per 1000 people,Rate per 1000 people,,,,
E06000044,Portsmouth,County or Unitary Authority,Food outlets,15/03/2026,2.6,Rate per 1000 people,Rate per 1000 people,,,,
E06000044,Portsmouth,County or Unitary Authority,Food outlets,15/03/2025,2.5,Rate per 1000 people,Rate per 1000 people,,,,
E06000044,Portsmouth,County or Unitary Authority,Food outlets,15/03/2018,2.5,Rate per 1000 people,Rate per 1000 people,,,,
E06000044,Portsmouth,County or Unitary Authority,Food outlets,15/03/2013,2,Rate per 1000 people,Rate per 1000 people,,,,
E06000044,Portsmouth,County or Unitary Authority,Food outlets,15/03/2012,2,Rate per 1000 people,Rate per 1000 people,,,,
E06000044,Portsmouth,County or Unitary Authority,Food outlets,15/03/2011,2,Rate per 1000 people,Rate per 1000 people,,,,
E06000044,Portsmouth,County or Unitary Authority,Food outlets,15/03/2010,2,Rate per 1000 people,Rate per 1000 people,,,,
E06000044,Portsmouth,County or Unitary Authority,Food outlets,15/03/2014,2.1,Rate per 1000 people,Rate per 1000 people,,,,
E06000044,Portsmouth,County or Unitary Authority,Food outlets,15/03/2017,2.5,Rate per 1000 people,Rate per 1000 people,,,,
E06000044,Portsmouth,County or Unitary Authority,Food outlets,15/03/2016,2.4,Rate per 1000 people,Rate per 1000 people,,,,
E06000044,Portsmouth,County or Unitary Authority,Food outlets,15/03/2015,2.4,Rate per 1000 people,Rate per 1000 people,,,,
E06000038,Reading,County or Unitary Authority,Food outlets,15/03/2022,1.8,Rate per 1000 people,Rate per 1000 people,,,,
E06000038,Reading,County or Unitary Authority,Food outlets,15/03/2021,1.7,Rate per 1000 people,Rate per 1000 people,,,,
E06000038,Reading,County or Unitary Authority,Food outlets,15/03/2019,1.6,Rate per 1000 people,Rate per 1000 people,,,,
E06000038,Reading,County or Unitary Authority,Food outlets,15/03/2020,1.6,Rate per 1000 people,Rate per 1000 people,,,,
E06000038,Reading,County or Unitary Authority,Food outlets,15/03/2024,1.7,Rate per 1000 people,Rate per 1000 people,,,,
E06000038,Reading,County or Unitary Authority,Food outlets,15/03/2023,1.7,Rate per 1000 people,Rate per 1000 people,,,,
E06000038,Reading,County or Unitary Authority,Food outlets,15/03/2018,1.6,Rate per 1000 people,Rate per 1000 people,,,,
E06000038,Reading,County or Unitary Authority,Food outlets,15/03/2026,1.8,Rate per 1000 people,Rate per 1000 people,,,,
E06000038,Reading,County or Unitary Authority,Food outlets,15/03/2025,1.8,Rate per 1000 people,Rate per 1000 people,,,,
E06000038,Reading,County or Unitary Authority,Food outlets,15/03/2010,1.8,Rate per 1000 people,Rate per 1000 people,,,,
E06000038,Reading,County or Unitary Authority,Food outlets,15/03/2011,1.6,Rate per 1000 people,Rate per 1000 people,,,,
E06000038,Reading,County or Unitary Authority,Food outlets,15/03/2012,1.7,Rate per 1000 people,Rate per 1000 people,,,,
E06000038,Reading,County or Unitary Authority,Food outlets,15/03/2013,1.6,Rate per 1000 people,Rate per 1000 people,,,,
E06000038,Reading,County or Unitary Authority,Food outlets,15/03/2014,1.5,Rate per 1000 people,Rate per 1000 people,,,,
E06000038,Reading,County or Unitary Authority,Food outlets,15/03/2017,1.7,Rate per 1000 people,Rate per 1000 people,,,,
E06000038,Reading,County or Unitary Authority,Food outlets,15/03/2016,1.7,Rate per 1000 people,Rate per 1000 people,,,,
E06000038,Reading,County or Unitary Authority,Food outlets,15/03/2015,1.7,Rate per 1000 people,Rate per 1000 people,,,,
E06000039,Slough,County or Unitary Authority,Food outlets,15/03/2022,1.5,Rate per 1000 people,Rate per 1000 people,,,,
E06000039,Slough,County or Unitary Authority,Food outlets,15/03/2021,1.5,Rate per 1000 people,Rate per 1000 people,,,,
E06000039,Slough,County or Unitary Authority,Food outlets,15/03/2020,1.3,Rate per 1000 people,Rate per 1000 people,,,,
E06000039,Slough,County or Unitary Authority,Food outlets,15/03/2019,1.3,Rate per 1000 people,Rate per 1000 people,,,,
E06000039,Slough,County or Unitary Authority,Food outlets,15/03/2026,1.7,Rate per 1000 people,Rate per 1000 people,,,,
E06000039,Slough,County or Unitary Authority,Food outlets,15/03/2023,1.5,Rate per 1000 people,Rate per 1000 people,,,,
E06000039,Slough,County or Unitary Authority,Food outlets,15/03/2018,1.2,Rate per 1000 people,Rate per 1000 people,,,,
E06000039,Slough,County or Unitary Authority,Food outlets,15/03/2025,1.6,Rate per 1000 people,Rate per 1000 people,,,,
E06000039,Slough,County or Unitary Authority,Food outlets,15/03/2024,1.5,Rate per 1000 people,Rate per 1000 people,,,,
E06000039,Slough,County or Unitary Authority,Food outlets,15/03/2016,1.3,Rate per 1000 people,Rate per 1000 people,,,,
E06000039,Slough,County or Unitary Authority,Food outlets,15/03/2013,1.1,Rate per 1000 people,Rate per 1000 people,,,,
E06000039,Slough,County or Unitary Authority,Food outlets,15/03/2012,1,Rate per 1000 people,Rate per 1000 people,,,,
E06000039,Slough,County or Unitary Authority,Food outlets,15/03/2011,1,Rate per 1000 people,Rate per 1000 people,,,,
E06000039,Slough,County or Unitary Authority,Food outlets,15/03/2010,1.1,Rate per 1000 people,Rate per 1000 people,,,,
E06000039,Slough,County or Unitary Authority,Food outlets,15/03/2014,1.1,Rate per 1000 people,Rate per 1000 people,,,,
E06000039,Slough,County or Unitary Authority,Food outlets,15/03/2017,1.2,Rate per 1000 people,Rate per 1000 people,,,,
E06000039,Slough,County or Unitary Authority,Food outlets,15/03/2015,1.3,Rate per 1000 people,Rate per 1000 people,,,,
E06000045,Southampton,County or Unitary Authority,Food outlets,15/03/2022,2,Rate per 1000 people,Rate per 1000 people,,,,
E06000045,Southampton,County or Unitary Authority,Food outlets,15/03/2021,1.9,Rate per 1000 people,Rate per 1000 people,,,,
E06000045,Southampton,County or Unitary Authority,Food outlets,15/03/2020,1.9,Rate per 1000 people,Rate per 1000 people,,,,
E06000045,Southampton,County or Unitary Authority,Food outlets,15/03/2019,2,Rate per 1000 people,Rate per 1000 people,,,,
E06000045,Southampton,County or Unitary Authority,Food outlets,15/03/2026,2.2,Rate per 1000 people,Rate per 1000 people,,,,
E06000045,Southampton,County or Unitary Authority,Food outlets,15/03/2023,2,Rate per 1000 people,Rate per 1000 people,,,,
E06000045,Southampton,County or Unitary Authority,Food outlets,15/03/2018,1.8,Rate per 1000 people,Rate per 1000 people,,,,
E06000045,Southampton,County or Unitary Authority,Food outlets,15/03/2025,2.1,Rate per 1000 people,Rate per 1000 people,,,,
E06000045,Southampton,County or Unitary Authority,Food outlets,15/03/2024,2.1,Rate per 1000 people,Rate per 1000 people,,,,
E06000045,Southampton,County or Unitary Authority,Food outlets,15/03/2016,1.9,Rate per 1000 people,Rate per 1000 people,,,,
E06000045,Southampton,County or Unitary Authority,Food outlets,15/03/2010,1.6,Rate per 1000 people,Rate per 1000 people,,,,
E06000045,Southampton,County or Unitary Authority,Food outlets,15/03/2011,1.6,Rate per 1000 people,Rate per 1000 people,,,,
E06000045,Southampton,County or Unitary Authority,Food outlets,15/03/2012,1.7,Rate per 1000 people,Rate per 1000 people,,,,
E06000045,Southampton,County or Unitary Authority,Food outlets,15/03/2013,1.6,Rate per 1000 people,Rate per 1000 people,,,,
E06000045,Southampton,County or Unitary Authority,Food outlets,15/03/2014,1.7,Rate per 1000 people,Rate per 1000 people,,,,
E06000045,Southampton,County or Unitary Authority,Food outlets,15/03/2017,1.9,Rate per 1000 people,Rate per 1000 people,,,,
E06000045,Southampton,County or Unitary Authority,Food outlets,15/03/2015,1.8,Rate per 1000 people,Rate per 1000 people,,,,
E06000037,West Berkshire,County or Unitary Authority,Food outlets,15/03/2021,1.8,Rate per 1000 people,Rate per 1000 people,,,,
E06000037,West Berkshire,County or Unitary Authority,Food outlets,15/03/2022,1.8,Rate per 1000 people,Rate per 1000 people,,,,
E06000037,West Berkshire,County or Unitary Authority,Food outlets,15/03/2020,1.8,Rate per 1000 people,Rate per 1000 people,,,,
E06000037,West Berkshire,County or Unitary Authority,Food outlets,15/03/2019,1.7,Rate per 1000 people,Rate per 1000 people,,,,
E06000037,West Berkshire,County or Unitary Authority,Food outlets,15/03/2018,1.6,Rate per 1000 people,Rate per 1000 people,,,,
E06000037,West Berkshire,County or Unitary Authority,Food outlets,15/03/2023,1.9,Rate per 1000 people,Rate per 1000 people,,,,
E06000037,West Berkshire,County or Unitary Authority,Food outlets,15/03/2026,1.9,Rate per 1000 people,Rate per 1000 people,,,,
E06000037,West Berkshire,County or Unitary Authority,Food outlets,15/03/2025,1.9,Rate per 1000 people,Rate per 1000 people,,,,
E06000037,West Berkshire,County or Unitary Authority,Food outlets,15/03/2024,1.8,Rate per 1000 people,Rate per 1000 people,,,,
E06000037,West Berkshire,County or Unitary Authority,Food outlets,15/03/2013,1.6,Rate per 1000 people,Rate per 1000 people,,,,
E06000037,West Berkshire,County or Unitary Authority,Food outlets,15/03/2010,1.6,Rate per 1000 people,Rate per 1000 people,,,,
E06000037,West Berkshire,County or Unitary Authority,Food outlets,15/03/2011,1.6,Rate per 1000 people,Rate per 1000 people,,,,
E06000037,West Berkshire,County or Unitary Authority,Food outlets,15/03/2012,1.5,Rate per 1000 people,Rate per 1000 people,,,,
E06000037,West Berkshire,County or Unitary Authority,Food outlets,15/03/2014,1.6,Rate per 1000 people,Rate per 1000 people,,,,
E06000037,West Berkshire,County or Unitary Authority,Food outlets,15/03/2017,1.7,Rate per 1000 people,Rate per 1000 people,,,,
E06000037,West Berkshire,County or Unitary Authority,Food outlets,15/03/2016,1.7,Rate per 1000 people,Rate per 1000 people,,,,
E06000037,West Berkshire,County or Unitary Authority,Food outlets,15/03/2015,1.7,Rate per 1000 people,Rate per 1000 people,,,,
E06000040,Windsor and Maidenhead,County or Unitary Authority,Food outlets,15/03/2021,2.2,Rate per 1000 people,Rate per 1000 people,,,,
E06000040,Windsor and Maidenhead,County or Unitary Authority,Food outlets,15/03/2022,2.3,Rate per 1000 people,Rate per 1000 people,,,,
E06000040,Windsor and Maidenhead,County or Unitary Authority,Food outlets,15/03/2019,2.2,Rate per 1000 people,Rate per 1000 people,,,,
E06000040,Windsor and Maidenhead,County or Unitary Authority,Food outlets,15/03/2020,2.1,Rate per 1000 people,Rate per 1000 people,,,,
E06000040,Windsor and Maidenhead,County or Unitary Authority,Food outlets,15/03/2024,2.3,Rate per 1000 people,Rate per 1000 people,,,,
E06000040,Windsor and Maidenhead,County or Unitary Authority,Food outlets,15/03/2023,2.3,Rate per 1000 people,Rate per 1000 people,,,,
E06000040,Windsor and Maidenhead,County or Unitary Authority,Food outlets,15/03/2026,2.3,Rate per 1000 people,Rate per 1000 people,,,,
E06000040,Windsor and Maidenhead,County or Unitary Authority,Food outlets,15/03/2025,2.2,Rate per 1000 people,Rate per 1000 people,,,,
E06000040,Windsor and Maidenhead,County or Unitary Authority,Food outlets,15/03/2018,2.2,Rate per 1000 people,Rate per 1000 people,,,,
E06000040,Windsor and Maidenhead,County or Unitary Authority,Food outlets,15/03/2010,2.3,Rate per 1000 people,Rate per 1000 people,,,,
E06000040,Windsor and Maidenhead,County or Unitary Authority,Food outlets,15/03/2013,2.1,Rate per 1000 people,Rate per 1000 people,,,,
E06000040,Windsor and Maidenhead,County or Unitary Authority,Food outlets,15/03/2012,2.1,Rate per 1000 people,Rate per 1000 people,,,,
E06000040,Windsor and Maidenhead,County or Unitary Authority,Food outlets,15/03/2011,2.2,Rate per 1000 people,Rate per 1000 people,,,,
E06000040,Windsor and Maidenhead,County or Unitary Authority,Food outlets,15/03/2014,2.1,Rate per 1000 people,Rate per 1000 people,,,,
E06000040,Windsor and Maidenhead,County or Unitary Authority,Food outlets,15/03/2017,2,Rate per 1000 people,Rate per 1000 people,,,,
E06000040,Windsor and Maidenhead,County or Unitary Authority,Food outlets,15/03/2016,2.1,Rate per 1000 people,Rate per 1000 people,,,,
E06000040,Windsor and Maidenhead,County or Unitary Authority,Food outlets,15/03/2015,2.2,Rate per 1000 people,Rate per 1000 people,,,,
E06000041,Wokingham,County or Unitary Authority,Food outlets,15/03/2022,1.1,Rate per 1000 people,Rate per 1000 people,,,,
E06000041,Wokingham,County or Unitary Authority,Food outlets,15/03/2021,1.2,Rate per 1000 people,Rate per 1000 people,,,,
E06000041,Wokingham,County or Unitary Authority,Food outlets,15/03/2020,1.1,Rate per 1000 people,Rate per 1000 people,,,,
E06000041,Wokingham,County or Unitary Authority,Food outlets,15/03/2019,1.2,Rate per 1000 people,Rate per 1000 people,,,,
E06000041,Wokingham,County or Unitary Authority,Food outlets,15/03/2018,1.2,Rate per 1000 people,Rate per 1000 people,,,,
E06000041,Wokingham,County or Unitary Authority,Food outlets,15/03/2023,1.1,Rate per 1000 people,Rate per 1000 people,,,,
E06000041,Wokingham,County or Unitary Authority,Food outlets,15/03/2026,1.3,Rate per 1000 people,Rate per 1000 people,,,,
E06000041,Wokingham,County or Unitary Authority,Food outlets,15/03/2025,1.3,Rate per 1000 people,Rate per 1000 people,,,,
E06000041,Wokingham,County or Unitary Authority,Food outlets,15/03/2024,1.2,Rate per 1000 people,Rate per 1000 people,,,,
E06000041,Wokingham,County or Unitary Authority,Food outlets,15/03/2015,1.1,Rate per 1000 people,Rate per 1000 people,,,,
E06000041,Wokingham,County or Unitary Authority,Food outlets,15/03/2013,1.2,Rate per 1000 people,Rate per 1000 people,,,,
E06000041,Wokingham,County or Unitary Authority,Food outlets,15/03/2012,1.1,Rate per 1000 people,Rate per 1000 people,,,,
E06000041,Wokingham,County or Unitary Authority,Food outlets,15/03/2011,1.1,Rate per 1000 people,Rate per 1000 people,,,,
E06000041,Wokingham,County or Unitary Authority,Food outlets,15/03/2010,1.1,Rate per 1000 people,Rate per 1000 people,,,,
E06000041,Wokingham,County or Unitary Authority,Food outlets,15/03/2014,1.1,Rate per 1000 people,Rate per 1000 people,,,,
E06000041,Wokingham,County or Unitary Authority,Food outlets,15/03/2017,1.2,Rate per 1000 people,Rate per 1000 people,,,,
E06000041,Wokingham,County or Unitary Authority,Food outlets,15/03/2016,1.2,Rate per 1000 people,Rate per 1000 people,,,,
E10000011,East Sussex,County or Unitary Authority,Food outlets,15/03/2026,2.4,Rate per 1000 people,Rate per 1000 people,,,,
E10000011,East Sussex,County or Unitary Authority,Food outlets,15/03/2020,2.4,Rate per 1000 people,Rate per 1000 people,,,,
E10000011,East Sussex,County or Unitary Authority,Food outlets,15/03/2025,2.4,Rate per 1000 people,Rate per 1000 people,,,,
E10000011,East Sussex,County or Unitary Authority,Food outlets,15/03/2024,2.3,Rate per 1000 people,Rate per 1000 people,,,,
E10000011,East Sussex,County or Unitary Authority,Food outlets,15/03/2023,2.4,Rate per 1000 people,Rate per 1000 people,,,,
E10000011,East Sussex,County or Unitary Authority,Food outlets,15/03/2022,2.4,Rate per 1000 people,Rate per 1000 people,,,,
E10000011,East Sussex,County or Unitary Authority,Food outlets,15/03/2021,2.5,Rate per 1000 people,Rate per 1000 people,,,,
E10000011,East Sussex,County or Unitary Authority,Food outlets,15/03/2019,2.2,Rate per 1000 people,Rate per 1000 people,,,,
E10000011,East Sussex,County or Unitary Authority,Food outlets,15/03/2014,1.9,Rate per 1000 people,Rate per 1000 people,,,,
E10000011,East Sussex,County or Unitary Authority,Food outlets,15/03/2017,2.1,Rate per 1000 people,Rate per 1000 people,,,,
E10000011,East Sussex,County or Unitary Authority,Food outlets,15/03/2016,2.1,Rate per 1000 people,Rate per 1000 people,,,,
E10000011,East Sussex,County or Unitary Authority,Food outlets,15/03/2015,2.1,Rate per 1000 people,Rate per 1000 people,,,,
E10000011,East Sussex,County or Unitary Authority,Food outlets,15/03/2013,2,Rate per 1000 people,Rate per 1000 people,,,,
E10000011,East Sussex,County or Unitary Authority,Food outlets,15/03/2012,2,Rate per 1000 people,Rate per 1000 people,,,,
E10000011,East Sussex,County or Unitary Authority,Food outlets,15/03/2011,1.9,Rate per 1000 people,Rate per 1000 people,,,,
E10000011,East Sussex,County or Unitary Authority,Food outlets,15/03/2010,2,Rate per 1000 people,Rate per 1000 people,,,,
E10000011,East Sussex,County or Unitary Authority,Food outlets,15/03/2018,2.2,Rate per 1000 people,Rate per 1000 people,,,,
E07000061,Eastbourne,Local Authority District,Food outlets,15/03/2020,2.6,Rate per 1000 people,Rate per 1000 people,,,,
E07000061,Eastbourne,Local Authority District,Food outlets,15/03/2025,2.7,Rate per 1000 people,Rate per 1000 people,,,,
E07000061,Eastbourne,Local Authority District,Food outlets,15/03/2024,2.6,Rate per 1000 people,Rate per 1000 people,,,,
E07000061,Eastbourne,Local Authority District,Food outlets,15/03/2023,2.6,Rate per 1000 people,Rate per 1000 people,,,,
E07000061,Eastbourne,Local Authority District,Food outlets,15/03/2022,2.6,Rate per 1000 people,Rate per 1000 people,,,,
E07000061,Eastbourne,Local Authority District,Food outlets,15/03/2026,2.7,Rate per 1000 people,Rate per 1000 people,,,,
E07000061,Eastbourne,Local Authority District,Food outlets,15/03/2021,3.5,Rate per 1000 people,Rate per 1000 people,,,,
E07000061,Eastbourne,Local Authority District,Food outlets,15/03/2019,2.2,Rate per 1000 people,Rate per 1000 people,,,,
E07000061,Eastbourne,Local Authority District,Food outlets,15/03/2014,1.8,Rate per 1000 people,Rate per 1000 people,,,,
E07000061,Eastbourne,Local Authority District,Food outlets,15/03/2017,2.2,Rate per 1000 people,Rate per 1000 people,,,,
E07000061,Eastbourne,Local Authority District,Food outlets,15/03/2016,2.1,Rate per 1000 people,Rate per 1000 people,,,,
E07000061,Eastbourne,Local Authority District,Food outlets,15/03/2015,2,Rate per 1000 people,Rate per 1000 people,,,,
E07000061,Eastbourne,Local Authority District,Food outlets,15/03/2013,1.9,Rate per 1000 people,Rate per 1000 people,,,,
E07000061,Eastbourne,Local Authority District,Food outlets,15/03/2012,2,Rate per 1000 people,Rate per 1000 people,,,,
E07000061,Eastbourne,Local Authority District,Food outlets,15/03/2011,1.9,Rate per 1000 people,Rate per 1000 people,,,,
E07000061,Eastbourne,Local Authority District,Food outlets,15/03/2010,1.9,Rate per 1000 people,Rate per 1000 people,,,,
E07000061,Eastbourne,Local Authority District,Food outlets,15/03/2018,2.2,Rate per 1000 people,Rate per 1000 people,,,,
E07000062,Hastings,Local Authority District,Food outlets,15/03/2025,3,Rate per 1000 people,Rate per 1000 people,,,,
E07000062,Hastings,Local Authority District,Food outlets,15/03/2024,2.8,Rate per 1000 people,Rate per 1000 people,,,,
E07000062,Hastings,Local Authority District,Food outlets,15/03/2023,3,Rate per 1000 people,Rate per 1000 people,,,,
E07000062,Hastings,Local Authority District,Food outlets,15/03/2022,2.8,Rate per 1000 people,Rate per 1000 people,,,,
E07000062,Hastings,Local Authority District,Food outlets,15/03/2021,2.7,Rate per 1000 people,Rate per 1000 people,,,,
E07000062,Hastings,Local Authority District,Food outlets,15/03/2020,2.9,Rate per 1000 people,Rate per 1000 people,,,,
E07000062,Hastings,Local Authority District,Food outlets,15/03/2019,2.7,Rate per 1000 people,Rate per 1000 people,,,,
E07000062,Hastings,Local Authority District,Food outlets,15/03/2018,2.4,Rate per 1000 people,Rate per 1000 people,,,,
E07000062,Hastings,Local Authority District,Food outlets,15/03/2026,3,Rate per 1000 people,Rate per 1000 people,,,,
E07000062,Hastings,Local Authority District,Food outlets,15/03/2016,2.3,Rate per 1000 people,Rate per 1000 people,,,,
E07000062,Hastings,Local Authority District,Food outlets,15/03/2015,2.3,Rate per 1000 people,Rate per 1000 people,,,,
E07000062,Hastings,Local Authority District,Food outlets,15/03/2014,2,Rate per 1000 people,Rate per 1000 people,,,,
E07000062,Hastings,Local Authority District,Food outlets,15/03/2013,2.1,Rate per 1000 people,Rate per 1000 people,,,,
E07000062,Hastings,Local Authority District,Food outlets,15/03/2012,2,Rate per 1000 people,Rate per 1000 people,,,,
E07000062,Hastings,Local Authority District,Food outlets,15/03/2011,1.9,Rate per 1000 people,Rate per 1000 people,,,,
E07000062,Hastings,Local Authority District,Food outlets,15/03/2010,2.2,Rate per 1000 people,Rate per 1000 people,,,,
E07000062,Hastings,Local Authority District,Food outlets,15/03/2017,2.3,Rate per 1000 people,Rate per 1000 people,,,,
E07000063,Lewes,Local Authority District,Food outlets,15/03/2026,2,Rate per 1000 people,Rate per 1000 people,,,,
E07000063,Lewes,Local Authority District,Food outlets,15/03/2025,2,Rate per 1000 people,Rate per 1000 people,,,,
E07000063,Lewes,Local Authority District,Food outlets,15/03/2024,2,Rate per 1000 people,Rate per 1000 people,,,,
E07000063,Lewes,Local Authority District,Food outlets,15/03/2023,2.1,Rate per 1000 people,Rate per 1000 people,,,,
E07000063,Lewes,Local Authority District,Food outlets,15/03/2022,1.9,Rate per 1000 people,Rate per 1000 people,,,,
E07000063,Lewes,Local Authority District,Food outlets,15/03/2021,1.8,Rate per 1000 people,Rate per 1000 people,,,,
E07000063,Lewes,Local Authority District,Food outlets,15/03/2020,2.1,Rate per 1000 people,Rate per 1000 people,,,,
E07000063,Lewes,Local Authority District,Food outlets,15/03/2019,1.8,Rate per 1000 people,Rate per 1000 people,,,,
E07000063,Lewes,Local Authority District,Food outlets,15/03/2018,1.8,Rate per 1000 people,Rate per 1000 people,,,,
E07000063,Lewes,Local Authority District,Food outlets,15/03/2016,1.8,Rate per 1000 people,Rate per 1000 people,,,,
E07000063,Lewes,Local Authority District,Food outlets,15/03/2015,1.9,Rate per 1000 people,Rate per 1000 people,,,,
E07000063,Lewes,Local Authority District,Food outlets,15/03/2014,1.7,Rate per 1000 people,Rate per 1000 people,,,,
E07000063,Lewes,Local Authority District,Food outlets,15/03/2013,1.7,Rate per 1000 people,Rate per 1000 people,,,,
E07000063,Lewes,Local Authority District,Food outlets,15/03/2012,1.8,Rate per 1000 people,Rate per 1000 people,,,,
E07000063,Lewes,Local Authority District,Food outlets,15/03/2011,1.8,Rate per 1000 people,Rate per 1000 people,,,,
E07000063,Lewes,Local Authority District,Food outlets,15/03/2010,1.8,Rate per 1000 people,Rate per 1000 people,,,,
E07000063,Lewes,Local Authority District,Food outlets,15/03/2017,1.8,Rate per 1000 people,Rate per 1000 people,,,,
E07000064,Rother,Local Authority District,Food outlets,15/03/2019,2.5,Rate per 1000 people,Rate per 1000 people,,,,
E07000064,Rother,Local Authority District,Food outlets,15/03/2025,2.5,Rate per 1000 people,Rate per 1000 people,,,,
E07000064,Rother,Local Authority District,Food outlets,15/03/2024,2.7,Rate per 1000 people,Rate per 1000 people,,,,
E07000064,Rother,Local Authority District,Food outlets,15/03/2023,2.6,Rate per 1000 people,Rate per 1000 people,,,,
E07000064,Rother,Local Authority District,Food outlets,15/03/2026,2.5,Rate per 1000 people,Rate per 1000 people,,,,
E07000064,Rother,Local Authority District,Food outlets,15/03/2021,2.5,Rate per 1000 people,Rate per 1000 people,,,,
E07000064,Rother,Local Authority District,Food outlets,15/03/2020,2.6,Rate per 1000 people,Rate per 1000 people,,,,
E07000064,Rother,Local Authority District,Food outlets,15/03/2018,2.6,Rate per 1000 people,Rate per 1000 people,,,,
E07000064,Rother,Local Authority District,Food outlets,15/03/2022,2.7,Rate per 1000 people,Rate per 1000 people,,,,
E07000064,Rother,Local Authority District,Food outlets,15/03/2016,2.3,Rate per 1000 people,Rate per 1000 people,,,,
E07000064,Rother,Local Authority District,Food outlets,15/03/2015,2.4,Rate per 1000 people,Rate per 1000 people,,,,
E07000064,Rother,Local Authority District,Food outlets,15/03/2014,2.2,Rate per 1000 people,Rate per 1000 people,,,,
E07000064,Rother,Local Authority District,Food outlets,15/03/2013,2.2,Rate per 1000 people,Rate per 1000 people,,,,
E07000064,Rother,Local Authority District,Food outlets,15/03/2012,2.1,Rate per 1000 people,Rate per 1000 people,,,,
E07000064,Rother,Local Authority District,Food outlets,15/03/2011,2.1,Rate per 1000 people,Rate per 1000 people,,,,
E07000064,Rother,Local Authority District,Food outlets,15/03/2010,2.4,Rate per 1000 people,Rate per 1000 people,,,,
E07000064,Rother,Local Authority District,Food outlets,15/03/2017,2.5,Rate per 1000 people,Rate per 1000 people,,,,
E07000065,Wealden,Local Authority District,Food outlets,15/03/2025,2,Rate per 1000 people,Rate per 1000 people,,,,
E07000065,Wealden,Local Authority District,Food outlets,15/03/2024,2,Rate per 1000 people,Rate per 1000 people,,,,
E07000065,Wealden,Local Authority District,Food outlets,15/03/2023,2,Rate per 1000 people,Rate per 1000 people,,,,
E07000065,Wealden,Local Authority District,Food outlets,15/03/2022,2,Rate per 1000 people,Rate per 1000 people,,,,
E07000065,Wealden,Local Authority District,Food outlets,15/03/2021,2.1,Rate per 1000 people,Rate per 1000 people,,,,
E07000065,Wealden,Local Authority District,Food outlets,15/03/2020,2,Rate per 1000 people,Rate per 1000 people,,,,
E07000065,Wealden,Local Authority District,Food outlets,15/03/2019,2,Rate per 1000 people,Rate per 1000 people,,,,
E07000065,Wealden,Local Authority District,Food outlets,15/03/2018,2,Rate per 1000 people,Rate per 1000 people,,,,
E07000065,Wealden,Local Authority District,Food outlets,15/03/2026,2,Rate per 1000 people,Rate per 1000 people,,,,
E07000065,Wealden,Local Authority District,Food outlets,15/03/2016,2.1,Rate per 1000 people,Rate per 1000 people,,,,
E07000065,Wealden,Local Authority District,Food outlets,15/03/2015,2.1,Rate per 1000 people,Rate per 1000 people,,,,
E07000065,Wealden,Local Authority District,Food outlets,15/03/2014,1.9,Rate per 1000 people,Rate per 1000 people,,,,
E07000065,Wealden,Local Authority District,Food outlets,15/03/2013,1.9,Rate per 1000 people,Rate per 1000 people,,,,
E07000065,Wealden,Local Authority District,Food outlets,15/03/2012,1.9,Rate per 1000 people,Rate per 1000 people,,,,
E07000065,Wealden,Local Authority District,Food outlets,15/03/2011,1.9,Rate per 1000 people,Rate per 1000 people,,,,
E07000065,Wealden,Local Authority District,Food outlets,15/03/2010,1.9,Rate per 1000 people,Rate per 1000 people,,,,
E07000065,Wealden,Local Authority District,Food outlets,15/03/2017,2,Rate per 1000 people,Rate per 1000 people,,,,
E10000014,Hampshire,County or Unitary Authority,Food outlets,15/03/2026,1.7,Rate per 1000 people,Rate per 1000 people,,,,
E10000014,Hampshire,County or Unitary Authority,Food outlets,15/03/2025,1.7,Rate per 1000 people,Rate per 1000 people,,,,
E10000014,Hampshire,County or Unitary Authority,Food outlets,15/03/2024,1.7,Rate per 1000 people,Rate per 1000 people,,,,
E10000014,Hampshire,County or Unitary Authority,Food outlets,15/03/2023,1.7,Rate per 1000 people,Rate per 1000 people,,,,
E10000014,Hampshire,County or Unitary Authority,Food outlets,15/03/2022,1.7,Rate per 1000 people,Rate per 1000 people,,,,
E10000014,Hampshire,County or Unitary Authority,Food outlets,15/03/2021,1.7,Rate per 1000 people,Rate per 1000 people,,,,
E10000014,Hampshire,County or Unitary Authority,Food outlets,15/03/2020,1.6,Rate per 1000 people,Rate per 1000 people,,,,
E10000014,Hampshire,County or Unitary Authority,Food outlets,15/03/2019,1.6,Rate per 1000 people,Rate per 1000 people,,,,
E10000014,Hampshire,County or Unitary Authority,Food outlets,15/03/2018,1.6,Rate per 1000 people,Rate per 1000 people,,,,
E10000014,Hampshire,County or Unitary Authority,Food outlets,15/03/2016,1.6,Rate per 1000 people,Rate per 1000 people,,,,
E10000014,Hampshire,County or Unitary Authority,Food outlets,15/03/2015,1.6,Rate per 1000 people,Rate per 1000 people,,,,
E10000014,Hampshire,County or Unitary Authority,Food outlets,15/03/2014,1.6,Rate per 1000 people,Rate per 1000 people,,,,
E10000014,Hampshire,County or Unitary Authority,Food outlets,15/03/2013,1.5,Rate per 1000 people,Rate per 1000 people,,,,
E10000014,Hampshire,County or Unitary Authority,Food outlets,15/03/2012,1.6,Rate per 1000 people,Rate per 1000 people,,,,
E10000014,Hampshire,County or Unitary Authority,Food outlets,15/03/2011,1.6,Rate per 1000 people,Rate per 1000 people,,,,
E10000014,Hampshire,County or Unitary Authority,Food outlets,15/03/2010,1.6,Rate per 1000 people,Rate per 1000 people,,,,
E10000014,Hampshire,County or Unitary Authority,Food outlets,15/03/2017,1.6,Rate per 1000 people,Rate per 1000 people,,,,
E07000084,Basingstoke and Deane,Local Authority District,Food outlets,15/03/2019,1.2,Rate per 1000 people,Rate per 1000 people,,,,
E07000084,Basingstoke and Deane,Local Authority District,Food outlets,15/03/2025,1.3,Rate per 1000 people,Rate per 1000 people,,,,
E07000084,Basingstoke and Deane,Local Authority District,Food outlets,15/03/2024,1.3,Rate per 1000 people,Rate per 1000 people,,,,
E07000084,Basingstoke and Deane,Local Authority District,Food outlets,15/03/2023,1.3,Rate per 1000 people,Rate per 1000 people,,,,
E07000084,Basingstoke and Deane,Local Authority District,Food outlets,15/03/2022,1.2,Rate per 1000 people,Rate per 1000 people,,,,
E07000084,Basingstoke and Deane,Local Authority District,Food outlets,15/03/2021,1.2,Rate per 1000 people,Rate per 1000 people,,,,
E07000084,Basingstoke and Deane,Local Authority District,Food outlets,15/03/2020,1.2,Rate per 1000 people,Rate per 1000 people,,,,
E07000084,Basingstoke and Deane,Local Authority District,Food outlets,15/03/2018,1.3,Rate per 1000 people,Rate per 1000 people,,,,
E07000084,Basingstoke and Deane,Local Authority District,Food outlets,15/03/2026,1.3,Rate per 1000 people,Rate per 1000 people,,,,
E07000084,Basingstoke and Deane,Local Authority District,Food outlets,15/03/2016,1.2,Rate per 1000 people,Rate per 1000 people,,,,
E07000084,Basingstoke and Deane,Local Authority District,Food outlets,15/03/2010,1.3,Rate per 1000 people,Rate per 1000 people,,,,
E07000084,Basingstoke and Deane,Local Authority District,Food outlets,15/03/2011,1.3,Rate per 1000 people,Rate per 1000 people,,,,
E07000084,Basingstoke and Deane,Local Authority District,Food outlets,15/03/2012,1.3,Rate per 1000 people,Rate per 1000 people,,,,
E07000084,Basingstoke and Deane,Local Authority District,Food outlets,15/03/2017,1.2,Rate per 1000 people,Rate per 1000 people,,,,
E07000084,Basingstoke and Deane,Local Authority District,Food outlets,15/03/2014,1.2,Rate per 1000 people,Rate per 1000 people,,,,
E07000084,Basingstoke and Deane,Local Authority District,Food outlets,15/03/2015,1.3,Rate per 1000 people,Rate per 1000 people,,,,
E07000084,Basingstoke and Deane,Local Authority District,Food outlets,15/03/2013,1.2,Rate per 1000 people,Rate per 1000 people,,,,
E07000085,East Hampshire,Local Authority District,Food outlets,15/03/2026,1.9,Rate per 1000 people,Rate per 1000 people,,,,
E07000085,East Hampshire,Local Authority District,Food outlets,15/03/2025,1.8,Rate per 1000 people,Rate per 1000 people,,,,
E07000085,East Hampshire,Local Authority District,Food outlets,15/03/2024,1.7,Rate per 1000 people,Rate per 1000 people,,,,
E07000085,East Hampshire,Local Authority District,Food outlets,15/03/2023,1.7,Rate per 1000 people,Rate per 1000 people,,,,
E07000085,East Hampshire,Local Authority District,Food outlets,15/03/2022,1.7,Rate per 1000 people,Rate per 1000 people,,,,
E07000085,East Hampshire,Local Authority District,Food outlets,15/03/2021,1.6,Rate per 1000 people,Rate per 1000 people,,,,
E07000085,East Hampshire,Local Authority District,Food outlets,15/03/2019,1.7,Rate per 1000 people,Rate per 1000 people,,,,
E07000085,East Hampshire,Local Authority District,Food outlets,15/03/2020,1.6,Rate per 1000 people,Rate per 1000 people,,,,
E07000085,East Hampshire,Local Authority District,Food outlets,15/03/2018,1.7,Rate per 1000 people,Rate per 1000 people,,,,
E07000085,East Hampshire,Local Authority District,Food outlets,15/03/2016,1.6,Rate per 1000 people,Rate per 1000 people,,,,
E07000085,East Hampshire,Local Authority District,Food outlets,15/03/2015,1.6,Rate per 1000 people,Rate per 1000 people,,,,
E07000085,East Hampshire,Local Authority District,Food outlets,15/03/2014,1.7,Rate per 1000 people,Rate per 1000 people,,,,
E07000085,East Hampshire,Local Authority District,Food outlets,15/03/2013,1.6,Rate per 1000 people,Rate per 1000 people,,,,
E07000085,East Hampshire,Local Authority District,Food outlets,15/03/2012,1.6,Rate per 1000 people,Rate per 1000 people,,,,
E07000085,East Hampshire,Local Authority District,Food outlets,15/03/2011,1.7,Rate per 1000 people,Rate per 1000 people,,,,
E07000085,East Hampshire,Local Authority District,Food outlets,15/03/2010,1.8,Rate per 1000 people,Rate per 1000 people,,,,
E07000085,East Hampshire,Local Authority District,Food outlets,15/03/2017,1.6,Rate per 1000 people,Rate per 1000 people,,,,
E07000086,Eastleigh,Local Authority District,Food outlets,15/03/2020,1.5,Rate per 1000 people,Rate per 1000 people,,,,
E07000086,Eastleigh,Local Authority District,Food outlets,15/03/2021,1.5,Rate per 1000 people,Rate per 1000 people,,,,
E07000086,Eastleigh,Local Authority District,Food outlets,15/03/2022,1.5,Rate per 1000 people,Rate per 1000 people,,,,
E07000086,Eastleigh,Local Authority District,Food outlets,15/03/2019,1.5,Rate per 1000 people,Rate per 1000 people,,,,
E07000086,Eastleigh,Local Authority District,Food outlets,15/03/2024,1.4,Rate per 1000 people,Rate per 1000 people,,,,
E07000086,Eastleigh,Local Authority District,Food outlets,15/03/2025,1.5,Rate per 1000 people,Rate per 1000 people,,,,
E07000086,Eastleigh,Local Authority District,Food outlets,15/03/2023,1.4,Rate per 1000 people,Rate per 1000 people,,,,
E07000086,Eastleigh,Local Authority District,Food outlets,15/03/2026,1.4,Rate per 1000 people,Rate per 1000 people,,,,
E07000086,Eastleigh,Local Authority District,Food outlets,15/03/2018,1.5,Rate per 1000 people,Rate per 1000 people,,,,
E07000086,Eastleigh,Local Authority District,Food outlets,15/03/2016,1.6,Rate per 1000 people,Rate per 1000 people,,,,
E07000086,Eastleigh,Local Authority District,Food outlets,15/03/2015,1.6,Rate per 1000 people,Rate per 1000 people,,,,
E07000086,Eastleigh,Local Authority District,Food outlets,15/03/2014,1.4,Rate per 1000 people,Rate per 1000 people,,,,
E07000086,Eastleigh,Local Authority District,Food outlets,15/03/2013,1.4,Rate per 1000 people,Rate per 1000 people,,,,
E07000086,Eastleigh,Local Authority District,Food outlets,15/03/2012,1.4,Rate per 1000 people,Rate per 1000 people,,,,
E07000086,Eastleigh,Local Authority District,Food outlets,15/03/2011,1.4,Rate per 1000 people,Rate per 1000 people,,,,
E07000086,Eastleigh,Local Authority District,Food outlets,15/03/2010,1.4,Rate per 1000 people,Rate per 1000 people,,,,
E07000086,Eastleigh,Local Authority District,Food outlets,15/03/2017,1.5,Rate per 1000 people,Rate per 1000 people,,,,
E07000087,Fareham,Local Authority District,Food outlets,15/03/2026,1.5,Rate per 1000 people,Rate per 1000 people,,,,
E07000087,Fareham,Local Authority District,Food outlets,15/03/2025,1.5,Rate per 1000 people,Rate per 1000 people,,,,
E07000087,Fareham,Local Authority District,Food outlets,15/03/2024,1.5,Rate per 1000 people,Rate per 1000 people,,,,
E07000087,Fareham,Local Authority District,Food outlets,15/03/2023,1.5,Rate per 1000 people,Rate per 1000 people,,,,
E07000087,Fareham,Local Authority District,Food outlets,15/03/2022,1.4,Rate per 1000 people,Rate per 1000 people,,,,
E07000087,Fareham,Local Authority District,Food outlets,15/03/2021,1.3,Rate per 1000 people,Rate per 1000 people,,,,
E07000087,Fareham,Local Authority District,Food outlets,15/03/2020,1.4,Rate per 1000 people,Rate per 1000 people,,,,
E07000087,Fareham,Local Authority District,Food outlets,15/03/2019,1.4,Rate per 1000 people,Rate per 1000 people,,,,
E07000087,Fareham,Local Authority District,Food outlets,15/03/2018,1.4,Rate per 1000 people,Rate per 1000 people,,,,
E07000087,Fareham,Local Authority District,Food outlets,15/03/2016,1.6,Rate per 1000 people,Rate per 1000 people,,,,
E07000087,Fareham,Local Authority District,Food outlets,15/03/2015,1.5,Rate per 1000 people,Rate per 1000 people,,,,
E07000087,Fareham,Local Authority District,Food outlets,15/03/2014,1.4,Rate per 1000 people,Rate per 1000 people,,,,
E07000087,Fareham,Local Authority District,Food outlets,15/03/2013,1.3,Rate per 1000 people,Rate per 1000 people,,,,
E07000087,Fareham,Local Authority District,Food outlets,15/03/2012,1.3,Rate per 1000 people,Rate per 1000 people,,,,
E07000087,Fareham,Local Authority District,Food outlets,15/03/2011,1.3,Rate per 1000 people,Rate per 1000 people,,,,
E07000087,Fareham,Local Authority District,Food outlets,15/03/2010,1.3,Rate per 1000 people,Rate per 1000 people,,,,
E07000087,Fareham,Local Authority District,Food outlets,15/03/2017,1.6,Rate per 1000 people,Rate per 1000 people,,,,
E07000088,Gosport,Local Authority District,Food outlets,15/03/2019,1.9,Rate per 1000 people,Rate per 1000 people,,,,
E07000088,Gosport,Local Authority District,Food outlets,15/03/2025,1.9,Rate per 1000 people,Rate per 1000 people,,,,
E07000088,Gosport,Local Authority District,Food outlets,15/03/2024,1.9,Rate per 1000 people,Rate per 1000 people,,,,
E07000088,Gosport,Local Authority District,Food outlets,15/03/2023,2,Rate per 1000 people,Rate per 1000 people,,,,
E07000088,Gosport,Local Authority District,Food outlets,15/03/2022,2,Rate per 1000 people,Rate per 1000 people,,,,
E07000088,Gosport,Local Authority District,Food outlets,15/03/2021,1.9,Rate per 1000 people,Rate per 1000 people,,,,
E07000088,Gosport,Local Authority District,Food outlets,15/03/2020,1.9,Rate per 1000 people,Rate per 1000 people,,,,
E07000088,Gosport,Local Authority District,Food outlets,15/03/2018,1.9,Rate per 1000 people,Rate per 1000 people,,,,
E07000088,Gosport,Local Authority District,Food outlets,15/03/2026,1.9,Rate per 1000 people,Rate per 1000 people,,,,
E07000088,Gosport,Local Authority District,Food outlets,15/03/2016,1.8,Rate per 1000 people,Rate per 1000 people,,,,
E07000088,Gosport,Local Authority District,Food outlets,15/03/2010,1.8,Rate per 1000 people,Rate per 1000 people,,,,
E07000088,Gosport,Local Authority District,Food outlets,15/03/2011,1.6,Rate per 1000 people,Rate per 1000 people,,,,
E07000088,Gosport,Local Authority District,Food outlets,15/03/2012,1.6,Rate per 1000 people,Rate per 1000 people,,,,
E07000088,Gosport,Local Authority District,Food outlets,15/03/2017,1.8,Rate per 1000 people,Rate per 1000 people,,,,
E07000088,Gosport,Local Authority District,Food outlets,15/03/2014,1.7,Rate per 1000 people,Rate per 1000 people,,,,
E07000088,Gosport,Local Authority District,Food outlets,15/03/2015,1.8,Rate per 1000 people,Rate per 1000 people,,,,
E07000088,Gosport,Local Authority District,Food outlets,15/03/2013,1.5,Rate per 1000 people,Rate per 1000 people,,,,
E07000089,Hart,Local Authority District,Food outlets,15/03/2026,1.4,Rate per 1000 people,Rate per 1000 people,,,,
E07000089,Hart,Local Authority District,Food outlets,15/03/2025,1.4,Rate per 1000 people,Rate per 1000 people,,,,
E07000089,Hart,Local Authority District,Food outlets,15/03/2024,1.5,Rate per 1000 people,Rate per 1000 people,,,,
E07000089,Hart,Local Authority District,Food outlets,15/03/2023,1.4,Rate per 1000 people,Rate per 1000 people,,,,
E07000089,Hart,Local Authority District,Food outlets,15/03/2022,1.5,Rate per 1000 people,Rate per 1000 people,,,,
E07000089,Hart,Local Authority District,Food outlets,15/03/2021,1.5,Rate per 1000 people,Rate per 1000 people,,,,
E07000089,Hart,Local Authority District,Food outlets,15/03/2019,1.5,Rate per 1000 people,Rate per 1000 people,,,,
E07000089,Hart,Local Authority District,Food outlets,15/03/2018,1.6,Rate per 1000 people,Rate per 1000 people,,,,
E07000089,Hart,Local Authority District,Food outlets,15/03/2020,1.5,Rate per 1000 people,Rate per 1000 people,,,,
E07000089,Hart,Local Authority District,Food outlets,15/03/2016,1.6,Rate per 1000 people,Rate per 1000 people,,,,
E07000089,Hart,Local Authority District,Food outlets,15/03/2015,1.6,Rate per 1000 people,Rate per 1000 people,,,,
E07000089,Hart,Local Authority District,Food outlets,15/03/2014,1.5,Rate per 1000 people,Rate per 1000 people,,,,
E07000089,Hart,Local Authority District,Food outlets,15/03/2013,1.5,Rate per 1000 people,Rate per 1000 people,,,,
E07000089,Hart,Local Authority District,Food outlets,15/03/2012,1.6,Rate per 1000 people,Rate per 1000 people,,,,
E07000089,Hart,Local Authority District,Food outlets,15/03/2011,1.5,Rate per 1000 people,Rate per 1000 people,,,,
E07000089,Hart,Local Authority District,Food outlets,15/03/2010,1.5,Rate per 1000 people,Rate per 1000 people,,,,
E07000089,Hart,Local Authority District,Food outlets,15/03/2017,1.6,Rate per 1000 people,Rate per 1000 people,,,,
E07000090,Havant,Local Authority District,Food outlets,15/03/2026,1.8,Rate per 1000 people,Rate per 1000 people,,,,
E07000090,Havant,Local Authority District,Food outlets,15/03/2025,1.7,Rate per 1000 people,Rate per 1000 people,,,,
E07000090,Havant,Local Authority District,Food outlets,15/03/2024,1.6,Rate per 1000 people,Rate per 1000 people,,,,
E07000090,Havant,Local Authority District,Food outlets,15/03/2023,1.6,Rate per 1000 people,Rate per 1000 people,,,,
E07000090,Havant,Local Authority District,Food outlets,15/03/2022,1.6,Rate per 1000 people,Rate per 1000 people,,,,
E07000090,Havant,Local Authority District,Food outlets,15/03/2021,1.7,Rate per 1000 people,Rate per 1000 people,,,,
E07000090,Havant,Local Authority District,Food outlets,15/03/2019,1.5,Rate per 1000 people,Rate per 1000 people,,,,
E07000090,Havant,Local Authority District,Food outlets,15/03/2020,1.6,Rate per 1000 people,Rate per 1000 people,,,,
E07000090,Havant,Local Authority District,Food outlets,15/03/2018,1.5,Rate per 1000 people,Rate per 1000 people,,,,
E07000090,Havant,Local Authority District,Food outlets,15/03/2010,1.5,Rate per 1000 people,Rate per 1000 people,,,,
E07000090,Havant,Local Authority District,Food outlets,15/03/2011,1.4,Rate per 1000 people,Rate per 1000 people,,,,
E07000090,Havant,Local Authority District,Food outlets,15/03/2012,1.5,Rate per 1000 people,Rate per 1000 people,,,,
E07000090,Havant,Local Authority District,Food outlets,15/03/2017,1.6,Rate per 1000 people,Rate per 1000 people,,,,
E07000090,Havant,Local Authority District,Food outlets,15/03/2014,1.4,Rate per 1000 people,Rate per 1000 people,,,,
E07000090,Havant,Local Authority District,Food outlets,15/03/2015,1.6,Rate per 1000 people,Rate per 1000 people,,,,
E07000090,Havant,Local Authority District,Food outlets,15/03/2016,1.5,Rate per 1000 people,Rate per 1000 people,,,,
E07000090,Havant,Local Authority District,Food outlets,15/03/2013,1.4,Rate per 1000 people,Rate per 1000 people,,,,
E07000091,New Forest,Local Authority District,Food outlets,15/03/2019,2.1,Rate per 1000 people,Rate per 1000 people,,,,
E07000091,New Forest,Local Authority District,Food outlets,15/03/2025,2.1,Rate per 1000 people,Rate per 1000 people,,,,
E07000091,New Forest,Local Authority District,Food outlets,15/03/2024,2.1,Rate per 1000 people,Rate per 1000 people,,,,
E07000091,New Forest,Local Authority District,Food outlets,15/03/2023,2.2,Rate per 1000 people,Rate per 1000 people,,,,
E07000091,New Forest,Local Authority District,Food outlets,15/03/2022,2.2,Rate per 1000 people,Rate per 1000 people,,,,
E07000091,New Forest,Local Authority District,Food outlets,15/03/2021,2.1,Rate per 1000 people,Rate per 1000 people,,,,
E07000091,New Forest,Local Authority District,Food outlets,15/03/2020,2.1,Rate per 1000 people,Rate per 1000 people,,,,
E07000091,New Forest,Local Authority District,Food outlets,15/03/2026,2.2,Rate per 1000 people,Rate per 1000 people,,,,
E07000091,New Forest,Local Authority District,Food outlets,15/03/2017,2,Rate per 1000 people,Rate per 1000 people,,,,
E07000091,New Forest,Local Authority District,Food outlets,15/03/2016,2,Rate per 1000 people,Rate per 1000 people,,,,
E07000091,New Forest,Local Authority District,Food outlets,15/03/2015,2,Rate per 1000 people,Rate per 1000 people,,,,
E07000091,New Forest,Local Authority District,Food outlets,15/03/2014,1.9,Rate per 1000 people,Rate per 1000 people,,,,
E07000091,New Forest,Local Authority District,Food outlets,15/03/2013,1.9,Rate per 1000 people,Rate per 1000 people,,,,
E07000091,New Forest,Local Authority District,Food outlets,15/03/2012,1.9,Rate per 1000 people,Rate per 1000 people,,,,
E07000091,New Forest,Local Authority District,Food outlets,15/03/2011,1.8,Rate per 1000 people,Rate per 1000 people,,,,
E07000091,New Forest,Local Authority District,Food outlets,15/03/2010,1.9,Rate per 1000 people,Rate per 1000 people,,,,
E07000091,New Forest,Local Authority District,Food outlets,15/03/2018,2.1,Rate per 1000 people,Rate per 1000 people,,,,
E07000092,Rushmoor,Local Authority District,Food outlets,15/03/2026,2,Rate per 1000 people,Rate per 1000 people,,,,
E07000092,Rushmoor,Local Authority District,Food outlets,15/03/2025,1.9,Rate per 1000 people,Rate per 1000 people,,,,
E07000092,Rushmoor,Local Authority District,Food outlets,15/03/2024,1.8,Rate per 1000 people,Rate per 1000 people,,,,
E07000092,Rushmoor,Local Authority District,Food outlets,15/03/2023,1.7,Rate per 1000 people,Rate per 1000 people,,,,
E07000092,Rushmoor,Local Authority District,Food outlets,15/03/2022,1.7,Rate per 1000 people,Rate per 1000 people,,,,
E07000092,Rushmoor,Local Authority District,Food outlets,15/03/2021,2,Rate per 1000 people,Rate per 1000 people,,,,
E07000092,Rushmoor,Local Authority District,Food outlets,15/03/2020,1.6,Rate per 1000 people,Rate per 1000 people,,,,
E07000092,Rushmoor,Local Authority District,Food outlets,15/03/2019,1.6,Rate per 1000 people,Rate per 1000 people,,,,
E07000092,Rushmoor,Local Authority District,Food outlets,15/03/2018,1.5,Rate per 1000 people,Rate per 1000 people,,,,
E07000092,Rushmoor,Local Authority District,Food outlets,15/03/2016,1.5,Rate per 1000 people,Rate per 1000 people,,,,
E07000092,Rushmoor,Local Authority District,Food outlets,15/03/2010,1.6,Rate per 1000 people,Rate per 1000 people,,,,
E07000092,Rushmoor,Local Authority District,Food outlets,15/03/2011,1.4,Rate per 1000 people,Rate per 1000 people,,,,
E07000092,Rushmoor,Local Authority District,Food outlets,15/03/2012,1.5,Rate per 1000 people,Rate per 1000 people,,,,
E07000092,Rushmoor,Local Authority District,Food outlets,15/03/2017,1.6,Rate per 1000 people,Rate per 1000 people,,,,
E07000092,Rushmoor,Local Authority District,Food outlets,15/03/2014,1.3,Rate per 1000 people,Rate per 1000 people,,,,
E07000092,Rushmoor,Local Authority District,Food outlets,15/03/2015,1.5,Rate per 1000 people,Rate per 1000 people,,,,
E07000092,Rushmoor,Local Authority District,Food outlets,15/03/2013,1.5,Rate per 1000 people,Rate per 1000 people,,,,
E07000093,Test Valley,Local Authority District,Food outlets,15/03/2026,1.6,Rate per 1000 people,Rate per 1000 people,,,,
E07000093,Test Valley,Local Authority District,Food outlets,15/03/2025,1.6,Rate per 1000 people,Rate per 1000 people,,,,
E07000093,Test Valley,Local Authority District,Food outlets,15/03/2024,1.6,Rate per 1000 people,Rate per 1000 people,,,,
E07000093,Test Valley,Local Authority District,Food outlets,15/03/2023,1.6,Rate per 1000 people,Rate per 1000 people,,,,
E07000093,Test Valley,Local Authority District,Food outlets,15/03/2022,1.7,Rate per 1000 people,Rate per 1000 people,,,,
E07000093,Test Valley,Local Authority District,Food outlets,15/03/2021,1.8,Rate per 1000 people,Rate per 1000 people,,,,
E07000093,Test Valley,Local Authority District,Food outlets,15/03/2019,1.7,Rate per 1000 people,Rate per 1000 people,,,,
E07000093,Test Valley,Local Authority District,Food outlets,15/03/2020,1.8,Rate per 1000 people,Rate per 1000 people,,,,
E07000093,Test Valley,Local Authority District,Food outlets,15/03/2018,1.7,Rate per 1000 people,Rate per 1000 people,,,,
E07000093,Test Valley,Local Authority District,Food outlets,15/03/2016,1.7,Rate per 1000 people,Rate per 1000 people,,,,
E07000093,Test Valley,Local Authority District,Food outlets,15/03/2015,1.8,Rate per 1000 people,Rate per 1000 people,,,,
E07000093,Test Valley,Local Authority District,Food outlets,15/03/2014,1.7,Rate per 1000 people,Rate per 1000 people,,,,
E07000093,Test Valley,Local Authority District,Food outlets,15/03/2013,1.7,Rate per 1000 people,Rate per 1000 people,,,,
E07000093,Test Valley,Local Authority District,Food outlets,15/03/2012,1.8,Rate per 1000 people,Rate per 1000 people,,,,
E07000093,Test Valley,Local Authority District,Food outlets,15/03/2011,1.7,Rate per 1000 people,Rate per 1000 people,,,,
E07000093,Test Valley,Local Authority District,Food outlets,15/03/2010,1.8,Rate per 1000 people,Rate per 1000 people,,,,
E07000093,Test Valley,Local Authority District,Food outlets,15/03/2017,1.7,Rate per 1000 people,Rate per 1000 people,,,,
E07000094,Winchester,Local Authority District,Food outlets,15/03/2020,1.9,Rate per 1000 people,Rate per 1000 people,,,,
E07000094,Winchester,Local Authority District,Food outlets,15/03/2021,1.9,Rate per 1000 people,Rate per 1000 people,,,,
E07000094,Winchester,Local Authority District,Food outlets,15/03/2022,1.9,Rate per 1000 people,Rate per 1000 people,,,,
E07000094,Winchester,Local Authority District,Food outlets,15/03/2019,2,Rate per 1000 people,Rate per 1000 people,,,,
E07000094,Winchester,Local Authority District,Food outlets,15/03/2024,1.9,Rate per 1000 people,Rate per 1000 people,,,,
E07000094,Winchester,Local Authority District,Food outlets,15/03/2025,1.9,Rate per 1000 people,Rate per 1000 people,,,,
E07000094,Winchester,Local Authority District,Food outlets,15/03/2023,2.1,Rate per 1000 people,Rate per 1000 people,,,,
E07000094,Winchester,Local Authority District,Food outlets,15/03/2026,2,Rate per 1000 people,Rate per 1000 people,,,,
E07000094,Winchester,Local Authority District,Food outlets,15/03/2018,1.9,Rate per 1000 people,Rate per 1000 people,,,,
E07000094,Winchester,Local Authority District,Food outlets,15/03/2016,1.8,Rate per 1000 people,Rate per 1000 people,,,,
E07000094,Winchester,Local Authority District,Food outlets,15/03/2015,1.9,Rate per 1000 people,Rate per 1000 people,,,,
E07000094,Winchester,Local Authority District,Food outlets,15/03/2014,1.8,Rate per 1000 people,Rate per 1000 people,,,,
E07000094,Winchester,Local Authority District,Food outlets,15/03/2013,1.9,Rate per 1000 people,Rate per 1000 people,,,,
E07000094,Winchester,Local Authority District,Food outlets,15/03/2012,2,Rate per 1000 people,Rate per 1000 people,,,,
E07000094,Winchester,Local Authority District,Food outlets,15/03/2011,1.8,Rate per 1000 people,Rate per 1000 people,,,,
E07000094,Winchester,Local Authority District,Food outlets,15/03/2010,1.9,Rate per 1000 people,Rate per 1000 people,,,,
E07000094,Winchester,Local Authority District,Food outlets,15/03/2017,1.9,Rate per 1000 people,Rate per 1000 people,,,,
E10000016,Kent,County or Unitary Authority,Food outlets,15/03/2026,2.2,Rate per 1000 people,Rate per 1000 people,,,,
E10000016,Kent,County or Unitary Authority,Food outlets,15/03/2025,2.2,Rate per 1000 people,Rate per 1000 people,,,,
E10000016,Kent,County or Unitary Authority,Food outlets,15/03/2024,2.2,Rate per 1000 people,Rate per 1000 people,,,,
E10000016,Kent,County or Unitary Authority,Food outlets,15/03/2023,2.2,Rate per 1000 people,Rate per 1000 people,,,,
E10000016,Kent,County or Unitary Authority,Food outlets,15/03/2022,2.3,Rate per 1000 people,Rate per 1000 people,,,,
E10000016,Kent,County or Unitary Authority,Food outlets,15/03/2021,2.2,Rate per 1000 people,Rate per 1000 people,,,,
E10000016,Kent,County or Unitary Authority,Food outlets,15/03/2020,2.1,Rate per 1000 people,Rate per 1000 people,,,,
E10000016,Kent,County or Unitary Authority,Food outlets,15/03/2019,2.1,Rate per 1000 people,Rate per 1000 people,,,,
E10000016,Kent,County or Unitary Authority,Food outlets,15/03/2018,2.1,Rate per 1000 people,Rate per 1000 people,,,,
E10000016,Kent,County or Unitary Authority,Food outlets,15/03/2016,2,Rate per 1000 people,Rate per 1000 people,,,,
E10000016,Kent,County or Unitary Authority,Food outlets,15/03/2015,2,Rate per 1000 people,Rate per 1000 people,,,,
E10000016,Kent,County or Unitary Authority,Food outlets,15/03/2014,1.9,Rate per 1000 people,Rate per 1000 people,,,,
E10000016,Kent,County or Unitary Authority,Food outlets,15/03/2013,1.8,Rate per 1000 people,Rate per 1000 people,,,,
E10000016,Kent,County or Unitary Authority,Food outlets,15/03/2012,1.9,Rate per 1000 people,Rate per 1000 people,,,,
E10000016,Kent,County or Unitary Authority,Food outlets,15/03/2011,1.9,Rate per 1000 people,Rate per 1000 people,,,,
E10000016,Kent,County or Unitary Authority,Food outlets,15/03/2010,1.9,Rate per 1000 people,Rate per 1000 people,,,,
E10000016,Kent,County or Unitary Authority,Food outlets,15/03/2017,2,Rate per 1000 people,Rate per 1000 people,,,,
E07000105,Ashford,Local Authority District,Food outlets,15/03/2020,1.7,Rate per 1000 people,Rate per 1000 people,,,,
E07000105,Ashford,Local Authority District,Food outlets,15/03/2026,1.9,Rate per 1000 people,Rate per 1000 people,,,,
E07000105,Ashford,Local Authority District,Food outlets,15/03/2025,2,Rate per 1000 people,Rate per 1000 people,,,,
E07000105,Ashford,Local Authority District,Food outlets,15/03/2024,1.7,Rate per 1000 people,Rate per 1000 people,,,,
E07000105,Ashford,Local Authority District,Food outlets,15/03/2023,1.7,Rate per 1000 people,Rate per 1000 people,,,,
E07000105,Ashford,Local Authority District,Food outlets,15/03/2022,1.8,Rate per 1000 people,Rate per 1000 people,,,,
E07000105,Ashford,Local Authority District,Food outlets,15/03/2021,1.8,Rate per 1000 people,Rate per 1000 people,,,,
E07000105,Ashford,Local Authority District,Food outlets,15/03/2019,1.6,Rate per 1000 people,Rate per 1000 people,,,,
E07000105,Ashford,Local Authority District,Food outlets,15/03/2017,1.7,Rate per 1000 people,Rate per 1000 people,,,,
E07000105,Ashford,Local Authority District,Food outlets,15/03/2016,1.7,Rate per 1000 people,Rate per 1000 people,,,,
E07000105,Ashford,Local Authority District,Food outlets,15/03/2015,1.7,Rate per 1000 people,Rate per 1000 people,,,,
E07000105,Ashford,Local Authority District,Food outlets,15/03/2014,1.7,Rate per 1000 people,Rate per 1000 people,,,,
E07000105,Ashford,Local Authority District,Food outlets,15/03/2013,1.7,Rate per 1000 people,Rate per 1000 people,,,,
E07000105,Ashford,Local Authority District,Food outlets,15/03/2012,1.9,Rate per 1000 people,Rate per 1000 people,,,,
E07000105,Ashford,Local Authority District,Food outlets,15/03/2011,1.9,Rate per 1000 people,Rate per 1000 people,,,,
E07000105,Ashford,Local Authority District,Food outlets,15/03/2010,1.8,Rate per 1000 people,Rate per 1000 people,,,,
E07000105,Ashford,Local Authority District,Food outlets,15/03/2018,1.7,Rate per 1000 people,Rate per 1000 people,,,,
E07000106,Canterbury,Local Authority District,Food outlets,15/03/2026,2.7,Rate per 1000 people,Rate per 1000 people,,,,
E07000106,Canterbury,Local Authority District,Food outlets,15/03/2025,2.6,Rate per 1000 people,Rate per 1000 people,,,,
E07000106,Canterbury,Local Authority District,Food outlets,15/03/2023,2.6,Rate per 1000 people,Rate per 1000 people,,,,
E07000106,Canterbury,Local Authority District,Food outlets,15/03/2022,2.5,Rate per 1000 people,Rate per 1000 people,,,,
E07000106,Canterbury,Local Authority District,Food outlets,15/03/2021,2.4,Rate per 1000 people,Rate per 1000 people,,,,
E07000106,Canterbury,Local Authority District,Food outlets,15/03/2020,2.3,Rate per 1000 people,Rate per 1000 people,,,,
E07000106,Canterbury,Local Authority District,Food outlets,15/03/2019,2.3,Rate per 1000 people,Rate per 1000 people,,,,
E07000106,Canterbury,Local Authority District,Food outlets,15/03/2018,2.4,Rate per 1000 people,Rate per 1000 people,,,,
E07000106,Canterbury,Local Authority District,Food outlets,15/03/2024,2.4,Rate per 1000 people,Rate per 1000 people,,,,
E07000106,Canterbury,Local Authority District,Food outlets,15/03/2016,2.2,Rate per 1000 people,Rate per 1000 people,,,,
E07000106,Canterbury,Local Authority District,Food outlets,15/03/2015,2.3,Rate per 1000 people,Rate per 1000 people,,,,
E07000106,Canterbury,Local Authority District,Food outlets,15/03/2014,2,Rate per 1000 people,Rate per 1000 people,,,,
E07000106,Canterbury,Local Authority District,Food outlets,15/03/2013,2.1,Rate per 1000 people,Rate per 1000 people,,,,
E07000106,Canterbury,Local Authority District,Food outlets,15/03/2012,2.1,Rate per 1000 people,Rate per 1000 people,,,,
E07000106,Canterbury,Local Authority District,Food outlets,15/03/2010,2.2,Rate per 1000 people,Rate per 1000 people,,,,
E07000106,Canterbury,Local Authority District,Food outlets,15/03/2011,2,Rate per 1000 people,Rate per 1000 people,,,,
E07000106,Canterbury,Local Authority District,Food outlets,15/03/2017,2.3,Rate per 1000 people,Rate per 1000 people,,,,
E07000107,Dartford,Local Authority District,Food outlets,15/03/2026,2.2,Rate per 1000 people,Rate per 1000 people,,,,
E07000107,Dartford,Local Authority District,Food outlets,15/03/2025,1.9,Rate per 1000 people,Rate per 1000 people,,,,
E07000107,Dartford,Local Authority District,Food outlets,15/03/2024,1.6,Rate per 1000 people,Rate per 1000 people,,,,
E07000107,Dartford,Local Authority District,Food outlets,15/03/2023,1.8,Rate per 1000 people,Rate per 1000 people,,,,
E07000107,Dartford,Local Authority District,Food outlets,15/03/2022,1.8,Rate per 1000 people,Rate per 1000 people,,,,
E07000107,Dartford,Local Authority District,Food outlets,15/03/2021,2.2,Rate per 1000 people,Rate per 1000 people,,,,
E07000107,Dartford,Local Authority District,Food outlets,15/03/2020,2.3,Rate per 1000 people,Rate per 1000 people,,,,
E07000107,Dartford,Local Authority District,Food outlets,15/03/2019,1.8,Rate per 1000 people,Rate per 1000 people,,,,
E07000107,Dartford,Local Authority District,Food outlets,15/03/2015,1.6,Rate per 1000 people,Rate per 1000 people,,,,
E07000107,Dartford,Local Authority District,Food outlets,15/03/2017,1.7,Rate per 1000 people,Rate per 1000 people,,,,
E07000107,Dartford,Local Authority District,Food outlets,15/03/2016,1.7,Rate per 1000 people,Rate per 1000 people,,,,
E07000107,Dartford,Local Authority District,Food outlets,15/03/2014,1.5,Rate per 1000 people,Rate per 1000 people,,,,
E07000107,Dartford,Local Authority District,Food outlets,15/03/2013,1.5,Rate per 1000 people,Rate per 1000 people,,,,
E07000107,Dartford,Local Authority District,Food outlets,15/03/2012,1.6,Rate per 1000 people,Rate per 1000 people,,,,
E07000107,Dartford,Local Authority District,Food outlets,15/03/2011,1.4,Rate per 1000 people,Rate per 1000 people,,,,
E07000107,Dartford,Local Authority District,Food outlets,15/03/2010,1.6,Rate per 1000 people,Rate per 1000 people,,,,
E07000107,Dartford,Local Authority District,Food outlets,15/03/2018,1.8,Rate per 1000 people,Rate per 1000 people,,,,
E07000108,Dover,Local Authority District,Food outlets,15/03/2020,2.3,Rate per 1000 people,Rate per 1000 people,,,,
E07000108,Dover,Local Authority District,Food outlets,15/03/2021,2.6,Rate per 1000 people,Rate per 1000 people,,,,
E07000108,Dover,Local Authority District,Food outlets,15/03/2022,2.6,Rate per 1000 people,Rate per 1000 people,,,,
E07000108,Dover,Local Authority District,Food outlets,15/03/2026,2.4,Rate per 1000 people,Rate per 1000 people,,,,
E07000108,Dover,Local Authority District,Food outlets,15/03/2025,2.4,Rate per 1000 people,Rate per 1000 people,,,,
E07000108,Dover,Local Authority District,Food outlets,15/03/2019,2.1,Rate per 1000 people,Rate per 1000 people,,,,
E07000108,Dover,Local Authority District,Food outlets,15/03/2023,2.4,Rate per 1000 people,Rate per 1000 people,,,,
E07000108,Dover,Local Authority District,Food outlets,15/03/2018,2.1,Rate per 1000 people,Rate per 1000 people,,,,
E07000108,Dover,Local Authority District,Food outlets,15/03/2024,2.5,Rate per 1000 people,Rate per 1000 people,,,,
E07000108,Dover,Local Authority District,Food outlets,15/03/2016,2.1,Rate per 1000 people,Rate per 1000 people,,,,
E07000108,Dover,Local Authority District,Food outlets,15/03/2015,2.3,Rate per 1000 people,Rate per 1000 people,,,,
E07000108,Dover,Local Authority District,Food outlets,15/03/2014,2.1,Rate per 1000 people,Rate per 1000 people,,,,
E07000108,Dover,Local Authority District,Food outlets,15/03/2013,2.1,Rate per 1000 people,Rate per 1000 people,,,,
E07000108,Dover,Local Authority District,Food outlets,15/03/2012,2.1,Rate per 1000 people,Rate per 1000 people,,,,
E07000108,Dover,Local Authority District,Food outlets,15/03/2010,2.2,Rate per 1000 people,Rate per 1000 people,,,,
E07000108,Dover,Local Authority District,Food outlets,15/03/2011,2.1,Rate per 1000 people,Rate per 1000 people,,,,
E07000108,Dover,Local Authority District,Food outlets,15/03/2017,2.1,Rate per 1000 people,Rate per 1000 people,,,,
E07000112,Folkestone and Hythe,Local Authority District,Food outlets,15/03/2026,2.9,Rate per 1000 people,Rate per 1000 people,,,,
E07000112,Folkestone and Hythe,Local Authority District,Food outlets,15/03/2025,2.9,Rate per 1000 people,Rate per 1000 people,,,,
E07000112,Folkestone and Hythe,Local Authority District,Food outlets,15/03/2024,2.9,Rate per 1000 people,Rate per 1000 people,,,,
E07000112,Folkestone and Hythe,Local Authority District,Food outlets,15/03/2023,2.9,Rate per 1000 people,Rate per 1000 people,,,,
E07000112,Folkestone and Hythe,Local Authority District,Food outlets,15/03/2022,3,Rate per 1000 people,Rate per 1000 people,,,,
E07000112,Folkestone and Hythe,Local Authority District,Food outlets,15/03/2021,2.8,Rate per 1000 people,Rate per 1000 people,,,,
E07000112,Folkestone and Hythe,Local Authority District,Food outlets,15/03/2020,2.8,Rate per 1000 people,Rate per 1000 people,,,,
E07000112,Folkestone and Hythe,Local Authority District,Food outlets,15/03/2019,2.9,Rate per 1000 people,Rate per 1000 people,,,,
E07000112,Folkestone and Hythe,Local Authority District,Food outlets,15/03/2018,2.7,Rate per 1000 people,Rate per 1000 people,,,,
E07000112,Folkestone and Hythe,Local Authority District,Food outlets,15/03/2017,2.6,Rate per 1000 people,Rate per 1000 people,,,,
E07000112,Folkestone and Hythe,Local Authority District,Food outlets,15/03/2016,2.5,Rate per 1000 people,Rate per 1000 people,,,,
E07000112,Folkestone and Hythe,Local Authority District,Food outlets,15/03/2015,2.5,Rate per 1000 people,Rate per 1000 people,,,,
E07000112,Folkestone and Hythe,Local Authority District,Food outlets,15/03/2014,2.3,Rate per 1000 people,Rate per 1000 people,,,,
E07000112,Folkestone and Hythe,Local Authority District,Food outlets,15/03/2013,2.2,Rate per 1000 people,Rate per 1000 people,,,,
E07000112,Folkestone and Hythe,Local Authority District,Food outlets,15/03/2012,2.3,Rate per 1000 people,Rate per 1000 people,,,,
E07000112,Folkestone and Hythe,Local Authority District,Food outlets,15/03/2011,2.1,Rate per 1000 people,Rate per 1000 people,,,,
E07000112,Folkestone and Hythe,Local Authority District,Food outlets,15/03/2010,2.2,Rate per 1000 people,Rate per 1000 people,,,,
E07000109,Gravesham,Local Authority District,Food outlets,15/03/2025,2.2,Rate per 1000 people,Rate per 1000 people,,,,
E07000109,Gravesham,Local Authority District,Food outlets,15/03/2024,2.2,Rate per 1000 people,Rate per 1000 people,,,,
E07000109,Gravesham,Local Authority District,Food outlets,15/03/2023,2.5,Rate per 1000 people,Rate per 1000 people,,,,
E07000109,Gravesham,Local Authority District,Food outlets,15/03/2022,2.5,Rate per 1000 people,Rate per 1000 people,,,,
E07000109,Gravesham,Local Authority District,Food outlets,15/03/2021,2.2,Rate per 1000 people,Rate per 1000 people,,,,
E07000109,Gravesham,Local Authority District,Food outlets,15/03/2026,2.2,Rate per 1000 people,Rate per 1000 people,,,,
E07000109,Gravesham,Local Authority District,Food outlets,15/03/2020,2.2,Rate per 1000 people,Rate per 1000 people,,,,
E07000109,Gravesham,Local Authority District,Food outlets,15/03/2019,2,Rate per 1000 people,Rate per 1000 people,,,,
E07000109,Gravesham,Local Authority District,Food outlets,15/03/2015,1.9,Rate per 1000 people,Rate per 1000 people,,,,
E07000109,Gravesham,Local Authority District,Food outlets,15/03/2017,2,Rate per 1000 people,Rate per 1000 people,,,,
E07000109,Gravesham,Local Authority District,Food outlets,15/03/2016,1.9,Rate per 1000 people,Rate per 1000 people,,,,
E07000109,Gravesham,Local Authority District,Food outlets,15/03/2014,1.7,Rate per 1000 people,Rate per 1000 people,,,,
E07000109,Gravesham,Local Authority District,Food outlets,15/03/2013,1.7,Rate per 1000 people,Rate per 1000 people,,,,
E07000109,Gravesham,Local Authority District,Food outlets,15/03/2012,1.7,Rate per 1000 people,Rate per 1000 people,,,,
E07000109,Gravesham,Local Authority District,Food outlets,15/03/2011,1.7,Rate per 1000 people,Rate per 1000 people,,,,
E07000109,Gravesham,Local Authority District,Food outlets,15/03/2010,1.7,Rate per 1000 people,Rate per 1000 people,,,,
E07000109,Gravesham,Local Authority District,Food outlets,15/03/2018,2.1,Rate per 1000 people,Rate per 1000 people,,,,
E07000110,Maidstone,Local Authority District,Food outlets,15/03/2026,1.8,Rate per 1000 people,Rate per 1000 people,,,,
E07000110,Maidstone,Local Authority District,Food outlets,15/03/2025,1.8,Rate per 1000 people,Rate per 1000 people,,,,
E07000110,Maidstone,Local Authority District,Food outlets,15/03/2024,1.8,Rate per 1000 people,Rate per 1000 people,,,,
E07000110,Maidstone,Local Authority District,Food outlets,15/03/2023,1.9,Rate per 1000 people,Rate per 1000 people,,,,
E07000110,Maidstone,Local Authority District,Food outlets,15/03/2022,1.9,Rate per 1000 people,Rate per 1000 people,,,,
E07000110,Maidstone,Local Authority District,Food outlets,15/03/2021,1.9,Rate per 1000 people,Rate per 1000 people,,,,
E07000110,Maidstone,Local Authority District,Food outlets,15/03/2020,1.9,Rate per 1000 people,Rate per 1000 people,,,,
E07000110,Maidstone,Local Authority District,Food outlets,15/03/2019,1.9,Rate per 1000 people,Rate per 1000 people,,,,
E07000110,Maidstone,Local Authority District,Food outlets,15/03/2015,1.8,Rate per 1000 people,Rate per 1000 people,,,,
E07000110,Maidstone,Local Authority District,Food outlets,15/03/2017,1.7,Rate per 1000 people,Rate per 1000 people,,,,
E07000110,Maidstone,Local Authority District,Food outlets,15/03/2016,1.7,Rate per 1000 people,Rate per 1000 people,,,,
E07000110,Maidstone,Local Authority District,Food outlets,15/03/2014,1.7,Rate per 1000 people,Rate per 1000 people,,,,
E07000110,Maidstone,Local Authority District,Food outlets,15/03/2013,1.7,Rate per 1000 people,Rate per 1000 people,,,,
E07000110,Maidstone,Local Authority District,Food outlets,15/03/2012,1.7,Rate per 1000 people,Rate per 1000 people,,,,
E07000110,Maidstone,Local Authority District,Food outlets,15/03/2011,1.7,Rate per 1000 people,Rate per 1000 people,,,,
E07000110,Maidstone,Local Authority District,Food outlets,15/03/2010,1.8,Rate per 1000 people,Rate per 1000 people,,,,
E07000110,Maidstone,Local Authority District,Food outlets,15/03/2018,1.8,Rate per 1000 people,Rate per 1000 people,,,,
E07000111,Sevenoaks,Local Authority District,Food outlets,15/03/2020,2,Rate per 1000 people,Rate per 1000 people,,,,
E07000111,Sevenoaks,Local Authority District,Food outlets,15/03/2021,2.1,Rate per 1000 people,Rate per 1000 people,,,,
E07000111,Sevenoaks,Local Authority District,Food outlets,15/03/2022,2.1,Rate per 1000 people,Rate per 1000 people,,,,
E07000111,Sevenoaks,Local Authority District,Food outlets,15/03/2026,1.9,Rate per 1000 people,Rate per 1000 people,,,,
E07000111,Sevenoaks,Local Authority District,Food outlets,15/03/2025,2,Rate per 1000 people,Rate per 1000 people,,,,
E07000111,Sevenoaks,Local Authority District,Food outlets,15/03/2019,2,Rate per 1000 people,Rate per 1000 people,,,,
E07000111,Sevenoaks,Local Authority District,Food outlets,15/03/2023,1.9,Rate per 1000 people,Rate per 1000 people,,,,
E07000111,Sevenoaks,Local Authority District,Food outlets,15/03/2018,1.9,Rate per 1000 people,Rate per 1000 people,,,,
E07000111,Sevenoaks,Local Authority District,Food outlets,15/03/2024,2,Rate per 1000 people,Rate per 1000 people,,,,
E07000111,Sevenoaks,Local Authority District,Food outlets,15/03/2016,1.9,Rate per 1000 people,Rate per 1000 people,,,,
E07000111,Sevenoaks,Local Authority District,Food outlets,15/03/2015,2,Rate per 1000 people,Rate per 1000 people,,,,
E07000111,Sevenoaks,Local Authority District,Food outlets,15/03/2014,1.9,Rate per 1000 people,Rate per 1000 people,,,,
E07000111,Sevenoaks,Local Authority District,Food outlets,15/03/2013,1.8,Rate per 1000 people,Rate per 1000 people,,,,
E07000111,Sevenoaks,Local Authority District,Food outlets,15/03/2012,1.8,Rate per 1000 people,Rate per 1000 people,,,,
E07000111,Sevenoaks,Local Authority District,Food outlets,15/03/2010,1.9,Rate per 1000 people,Rate per 1000 people,,,,
E07000111,Sevenoaks,Local Authority District,Food outlets,15/03/2011,2,Rate per 1000 people,Rate per 1000 people,,,,
E07000111,Sevenoaks,Local Authority District,Food outlets,15/03/2017,2,Rate per 1000 people,Rate per 1000 people,,,,
E07000113,Swale,Local Authority District,Food outlets,15/03/2026,1.8,Rate per 1000 people,Rate per 1000 people,,,,
E07000113,Swale,Local Authority District,Food outlets,15/03/2025,1.8,Rate per 1000 people,Rate per 1000 people,,,,
E07000113,Swale,Local Authority District,Food outlets,15/03/2024,1.9,Rate per 1000 people,Rate per 1000 people,,,,
E07000113,Swale,Local Authority District,Food outlets,15/03/2023,2,Rate per 1000 people,Rate per 1000 people,,,,
E07000113,Swale,Local Authority District,Food outlets,15/03/2022,1.9,Rate per 1000 people,Rate per 1000 people,,,,
E07000113,Swale,Local Authority District,Food outlets,15/03/2021,1.8,Rate per 1000 people,Rate per 1000 people,,,,
E07000113,Swale,Local Authority District,Food outlets,15/03/2020,1.9,Rate per 1000 people,Rate per 1000 people,,,,
E07000113,Swale,Local Authority District,Food outlets,15/03/2019,1.9,Rate per 1000 people,Rate per 1000 people,,,,
E07000113,Swale,Local Authority District,Food outlets,15/03/2018,1.9,Rate per 1000 people,Rate per 1000 people,,,,
E07000113,Swale,Local Authority District,Food outlets,15/03/2017,1.9,Rate per 1000 people,Rate per 1000 people,,,,
E07000113,Swale,Local Authority District,Food outlets,15/03/2016,1.9,Rate per 1000 people,Rate per 1000 people,,,,
E07000113,Swale,Local Authority District,Food outlets,15/03/2015,1.9,Rate per 1000 people,Rate per 1000 people,,,,
E07000113,Swale,Local Authority District,Food outlets,15/03/2014,1.8,Rate per 1000 people,Rate per 1000 people,,,,
E07000113,Swale,Local Authority District,Food outlets,15/03/2013,1.8,Rate per 1000 people,Rate per 1000 people,,,,
E07000113,Swale,Local Authority District,Food outlets,15/03/2012,1.9,Rate per 1000 people,Rate per 1000 people,,,,
E07000113,Swale,Local Authority District,Food outlets,15/03/2011,1.8,Rate per 1000 people,Rate per 1000 people,,,,
E07000113,Swale,Local Authority District,Food outlets,15/03/2010,1.9,Rate per 1000 people,Rate per 1000 people,,,,
E07000114,Thanet,Local Authority District,Food outlets,15/03/2026,3.4,Rate per 1000 people,Rate per 1000 people,,,,
E07000114,Thanet,Local Authority District,Food outlets,15/03/2025,3.3,Rate per 1000 people,Rate per 1000 people,,,,
E07000114,Thanet,Local Authority District,Food outlets,15/03/2024,3.1,Rate per 1000 people,Rate per 1000 people,,,,
E07000114,Thanet,Local Authority District,Food outlets,15/03/2023,3.2,Rate per 1000 people,Rate per 1000 people,,,,
E07000114,Thanet,Local Authority District,Food outlets,15/03/2022,3.1,Rate per 1000 people,Rate per 1000 people,,,,
E07000114,Thanet,Local Authority District,Food outlets,15/03/2021,2.9,Rate per 1000 people,Rate per 1000 people,,,,
E07000114,Thanet,Local Authority District,Food outlets,15/03/2020,2.7,Rate per 1000 people,Rate per 1000 people,,,,
E07000114,Thanet,Local Authority District,Food outlets,15/03/2019,2.6,Rate per 1000 people,Rate per 1000 people,,,,
E07000114,Thanet,Local Authority District,Food outlets,15/03/2018,2.6,Rate per 1000 people,Rate per 1000 people,,,,
E07000114,Thanet,Local Authority District,Food outlets,15/03/2017,2.5,Rate per 1000 people,Rate per 1000 people,,,,
E07000114,Thanet,Local Authority District,Food outlets,15/03/2016,2.6,Rate per 1000 people,Rate per 1000 people,,,,
E07000114,Thanet,Local Authority District,Food outlets,15/03/2015,2.4,Rate per 1000 people,Rate per 1000 people,,,,
E07000114,Thanet,Local Authority District,Food outlets,15/03/2014,2,Rate per 1000 people,Rate per 1000 people,,,,
E07000114,Thanet,Local Authority District,Food outlets,15/03/2013,1.9,Rate per 1000 people,Rate per 1000 people,,,,
E07000114,Thanet,Local Authority District,Food outlets,15/03/2012,2,Rate per 1000 people,Rate per 1000 people,,,,
E07000114,Thanet,Local Authority District,Food outlets,15/03/2011,2,Rate per 1000 people,Rate per 1000 people,,,,
E07000114,Thanet,Local Authority District,Food outlets,15/03/2010,2.2,Rate per 1000 people,Rate per 1000 people,,,,
E07000115,Tonbridge and Malling,Local Authority District,Food outlets,15/03/2026,1.8,Rate per 1000 people,Rate per 1000 people,,,,
E07000115,Tonbridge and Malling,Local Authority District,Food outlets,15/03/2025,1.7,Rate per 1000 people,Rate per 1000 people,,,,
E07000115,Tonbridge and Malling,Local Authority District,Food outlets,15/03/2024,2,Rate per 1000 people,Rate per 1000 people,,,,
E07000115,Tonbridge and Malling,Local Authority District,Food outlets,15/03/2023,1.7,Rate per 1000 people,Rate per 1000 people,,,,
E07000115,Tonbridge and Malling,Local Authority District,Food outlets,15/03/2022,1.9,Rate per 1000 people,Rate per 1000 people,,,,
E07000115,Tonbridge and Malling,Local Authority District,Food outlets,15/03/2021,1.9,Rate per 1000 people,Rate per 1000 people,,,,
E07000115,Tonbridge and Malling,Local Authority District,Food outlets,15/03/2020,1.8,Rate per 1000 people,Rate per 1000 people,,,,
E07000115,Tonbridge and Malling,Local Authority District,Food outlets,15/03/2019,1.6,Rate per 1000 people,Rate per 1000 people,,,,
E07000115,Tonbridge and Malling,Local Authority District,Food outlets,15/03/2018,1.7,Rate per 1000 people,Rate per 1000 people,,,,
E07000115,Tonbridge and Malling,Local Authority District,Food outlets,15/03/2017,1.6,Rate per 1000 people,Rate per 1000 people,,,,
E07000115,Tonbridge and Malling,Local Authority District,Food outlets,15/03/2016,1.6,Rate per 1000 people,Rate per 1000 people,,,,
E07000115,Tonbridge and Malling,Local Authority District,Food outlets,15/03/2015,1.8,Rate per 1000 people,Rate per 1000 people,,,,
E07000115,Tonbridge and Malling,Local Authority District,Food outlets,15/03/2014,1.6,Rate per 1000 people,Rate per 1000 people,,,,
E07000115,Tonbridge and Malling,Local Authority District,Food outlets,15/03/2013,1.6,Rate per 1000 people,Rate per 1000 people,,,,
E07000115,Tonbridge and Malling,Local Authority District,Food outlets,15/03/2012,1.7,Rate per 1000 people,Rate per 1000 people,,,,
E07000115,Tonbridge and Malling,Local Authority District,Food outlets,15/03/2011,1.7,Rate per 1000 people,Rate per 1000 people,,,,
E07000115,Tonbridge and Malling,Local Authority District,Food outlets,15/03/2010,1.7,Rate per 1000 people,Rate per 1000 people,,,,
E07000116,Tunbridge Wells,Local Authority District,Food outlets,15/03/2025,2.2,Rate per 1000 people,Rate per 1000 people,,,,
E07000116,Tunbridge Wells,Local Authority District,Food outlets,15/03/2024,2.3,Rate per 1000 people,Rate per 1000 people,,,,
E07000116,Tunbridge Wells,Local Authority District,Food outlets,15/03/2023,2.3,Rate per 1000 people,Rate per 1000 people,,,,
E07000116,Tunbridge Wells,Local Authority District,Food outlets,15/03/2022,2.4,Rate per 1000 people,Rate per 1000 people,,,,
E07000116,Tunbridge Wells,Local Authority District,Food outlets,15/03/2021,2.2,Rate per 1000 people,Rate per 1000 people,,,,
E07000116,Tunbridge Wells,Local Authority District,Food outlets,15/03/2026,2.2,Rate per 1000 people,Rate per 1000 people,,,,
E07000116,Tunbridge Wells,Local Authority District,Food outlets,15/03/2020,2.1,Rate per 1000 people,Rate per 1000 people,,,,
E07000116,Tunbridge Wells,Local Authority District,Food outlets,15/03/2019,2.2,Rate per 1000 people,Rate per 1000 people,,,,
E07000116,Tunbridge Wells,Local Authority District,Food outlets,15/03/2015,2.4,Rate per 1000 people,Rate per 1000 people,,,,
E07000116,Tunbridge Wells,Local Authority District,Food outlets,15/03/2017,2.2,Rate per 1000 people,Rate per 1000 people,,,,
E07000116,Tunbridge Wells,Local Authority District,Food outlets,15/03/2016,2.1,Rate per 1000 people,Rate per 1000 people,,,,
E07000116,Tunbridge Wells,Local Authority District,Food outlets,15/03/2014,2.2,Rate per 1000 people,Rate per 1000 people,,,,
E07000116,Tunbridge Wells,Local Authority District,Food outlets,15/03/2013,2,Rate per 1000 people,Rate per 1000 people,,,,
E07000116,Tunbridge Wells,Local Authority District,Food outlets,15/03/2012,2,Rate per 1000 people,Rate per 1000 people,,,,
E07000116,Tunbridge Wells,Local Authority District,Food outlets,15/03/2011,2,Rate per 1000 people,Rate per 1000 people,,,,
E07000116,Tunbridge Wells,Local Authority District,Food outlets,15/03/2010,2.1,Rate per 1000 people,Rate per 1000 people,,,,
E07000116,Tunbridge Wells,Local Authority District,Food outlets,15/03/2018,2,Rate per 1000 people,Rate per 1000 people,,,,
E10000025,Oxfordshire,County or Unitary Authority,Food outlets,15/03/2026,2,Rate per 1000 people,Rate per 1000 people,,,,
E10000025,Oxfordshire,County or Unitary Authority,Food outlets,15/03/2025,2,Rate per 1000 people,Rate per 1000 people,,,,
E10000025,Oxfordshire,County or Unitary Authority,Food outlets,15/03/2024,1.9,Rate per 1000 people,Rate per 1000 people,,,,
E10000025,Oxfordshire,County or Unitary Authority,Food outlets,15/03/2023,1.9,Rate per 1000 people,Rate per 1000 people,,,,
E10000025,Oxfordshire,County or Unitary Authority,Food outlets,15/03/2022,1.9,Rate per 1000 people,Rate per 1000 people,,,,
E10000025,Oxfordshire,County or Unitary Authority,Food outlets,15/03/2021,1.9,Rate per 1000 people,Rate per 1000 people,,,,
E10000025,Oxfordshire,County or Unitary Authority,Food outlets,15/03/2020,2,Rate per 1000 people,Rate per 1000 people,,,,
E10000025,Oxfordshire,County or Unitary Authority,Food outlets,15/03/2019,1.9,Rate per 1000 people,Rate per 1000 people,,,,
E10000025,Oxfordshire,County or Unitary Authority,Food outlets,15/03/2018,1.9,Rate per 1000 people,Rate per 1000 people,,,,
E10000025,Oxfordshire,County or Unitary Authority,Food outlets,15/03/2017,1.9,Rate per 1000 people,Rate per 1000 people,,,,
E10000025,Oxfordshire,County or Unitary Authority,Food outlets,15/03/2016,1.9,Rate per 1000 people,Rate per 1000 people,,,,
E10000025,Oxfordshire,County or Unitary Authority,Food outlets,15/03/2015,2,Rate per 1000 people,Rate per 1000 people,,,,
E10000025,Oxfordshire,County or Unitary Authority,Food outlets,15/03/2014,2,Rate per 1000 people,Rate per 1000 people,,,,
E10000025,Oxfordshire,County or Unitary Authority,Food outlets,15/03/2013,1.9,Rate per 1000 people,Rate per 1000 people,,,,
E10000025,Oxfordshire,County or Unitary Authority,Food outlets,15/03/2012,2,Rate per 1000 people,Rate per 1000 people,,,,
E10000025,Oxfordshire,County or Unitary Authority,Food outlets,15/03/2011,2,Rate per 1000 people,Rate per 1000 people,,,,
E10000025,Oxfordshire,County or Unitary Authority,Food outlets,15/03/2010,2,Rate per 1000 people,Rate per 1000 people,,,,
E07000177,Cherwell,Local Authority District,Food outlets,15/03/2025,1.9,Rate per 1000 people,Rate per 1000 people,,,,
E07000177,Cherwell,Local Authority District,Food outlets,15/03/2024,1.8,Rate per 1000 people,Rate per 1000 people,,,,
E07000177,Cherwell,Local Authority District,Food outlets,15/03/2023,1.9,Rate per 1000 people,Rate per 1000 people,,,,
E07000177,Cherwell,Local Authority District,Food outlets,15/03/2022,1.9,Rate per 1000 people,Rate per 1000 people,,,,
E07000177,Cherwell,Local Authority District,Food outlets,15/03/2021,1.8,Rate per 1000 people,Rate per 1000 people,,,,
E07000177,Cherwell,Local Authority District,Food outlets,15/03/2026,1.9,Rate per 1000 people,Rate per 1000 people,,,,
E07000177,Cherwell,Local Authority District,Food outlets,15/03/2020,2,Rate per 1000 people,Rate per 1000 people,,,,
E07000177,Cherwell,Local Authority District,Food outlets,15/03/2019,1.8,Rate per 1000 people,Rate per 1000 people,,,,
E07000177,Cherwell,Local Authority District,Food outlets,15/03/2015,2,Rate per 1000 people,Rate per 1000 people,,,,
E07000177,Cherwell,Local Authority District,Food outlets,15/03/2017,1.9,Rate per 1000 people,Rate per 1000 people,,,,
E07000177,Cherwell,Local Authority District,Food outlets,15/03/2016,1.9,Rate per 1000 people,Rate per 1000 people,,,,
E07000177,Cherwell,Local Authority District,Food outlets,15/03/2014,1.9,Rate per 1000 people,Rate per 1000 people,,,,
E07000177,Cherwell,Local Authority District,Food outlets,15/03/2013,1.8,Rate per 1000 people,Rate per 1000 people,,,,
E07000177,Cherwell,Local Authority District,Food outlets,15/03/2012,1.8,Rate per 1000 people,Rate per 1000 people,,,,
E07000177,Cherwell,Local Authority District,Food outlets,15/03/2011,1.9,Rate per 1000 people,Rate per 1000 people,,,,
E07000177,Cherwell,Local Authority District,Food outlets,15/03/2010,2,Rate per 1000 people,Rate per 1000 people,,,,
E07000177,Cherwell,Local Authority District,Food outlets,15/03/2018,1.8,Rate per 1000 people,Rate per 1000 people,,,,
E07000178,Oxford,Local Authority District,Food outlets,15/03/2026,2.4,Rate per 1000 people,Rate per 1000 people,,,,
E07000178,Oxford,Local Authority District,Food outlets,15/03/2025,2.4,Rate per 1000 people,Rate per 1000 people,,,,
E07000178,Oxford,Local Authority District,Food outlets,15/03/2024,2.2,Rate per 1000 people,Rate per 1000 people,,,,
E07000178,Oxford,Local Authority District,Food outlets,15/03/2023,2.1,Rate per 1000 people,Rate per 1000 people,,,,
E07000178,Oxford,Local Authority District,Food outlets,15/03/2022,2.1,Rate per 1000 people,Rate per 1000 people,,,,
E07000178,Oxford,Local Authority District,Food outlets,15/03/2021,2.1,Rate per 1000 people,Rate per 1000 people,,,,
E07000178,Oxford,Local Authority District,Food outlets,15/03/2020,2,Rate per 1000 people,Rate per 1000 people,,,,
E07000178,Oxford,Local Authority District,Food outlets,15/03/2019,2.1,Rate per 1000 people,Rate per 1000 people,,,,
E07000178,Oxford,Local Authority District,Food outlets,15/03/2015,2.1,Rate per 1000 people,Rate per 1000 people,,,,
E07000178,Oxford,Local Authority District,Food outlets,15/03/2017,1.9,Rate per 1000 people,Rate per 1000 people,,,,
E07000178,Oxford,Local Authority District,Food outlets,15/03/2016,2,Rate per 1000 people,Rate per 1000 people,,,,
E07000178,Oxford,Local Authority District,Food outlets,15/03/2014,2,Rate per 1000 people,Rate per 1000 people,,,,
E07000178,Oxford,Local Authority District,Food outlets,15/03/2013,2,Rate per 1000 people,Rate per 1000 people,,,,
E07000178,Oxford,Local Authority District,Food outlets,15/03/2012,2.1,Rate per 1000 people,Rate per 1000 people,,,,
E07000178,Oxford,Local Authority District,Food outlets,15/03/2011,2,Rate per 1000 people,Rate per 1000 people,,,,
E07000178,Oxford,Local Authority District,Food outlets,15/03/2010,2,Rate per 1000 people,Rate per 1000 people,,,,
E07000178,Oxford,Local Authority District,Food outlets,15/03/2018,1.9,Rate per 1000 people,Rate per 1000 people,,,,
E07000179,South Oxfordshire,Local Authority District,Food outlets,15/03/2020,2.4,Rate per 1000 people,Rate per 1000 people,,,,
E07000179,South Oxfordshire,Local Authority District,Food outlets,15/03/2021,2.2,Rate per 1000 people,Rate per 1000 people,,,,
E07000179,South Oxfordshire,Local Authority District,Food outlets,15/03/2022,2,Rate per 1000 people,Rate per 1000 people,,,,
E07000179,South Oxfordshire,Local Authority District,Food outlets,15/03/2026,2,Rate per 1000 people,Rate per 1000 people,,,,
E07000179,South Oxfordshire,Local Authority District,Food outlets,15/03/2025,2,Rate per 1000 people,Rate per 1000 people,,,,
E07000179,South Oxfordshire,Local Authority District,Food outlets,15/03/2019,2.2,Rate per 1000 people,Rate per 1000 people,,,,
E07000179,South Oxfordshire,Local Authority District,Food outlets,15/03/2023,2,Rate per 1000 people,Rate per 1000 people,,,,
E07000179,South Oxfordshire,Local Authority District,Food outlets,15/03/2018,2.2,Rate per 1000 people,Rate per 1000 people,,,,
E07000179,South Oxfordshire,Local Authority District,Food outlets,15/03/2024,2,Rate per 1000 people,Rate per 1000 people,,,,
E07000179,South Oxfordshire,Local Authority District,Food outlets,15/03/2016,2.2,Rate per 1000 people,Rate per 1000 people,,,,
E07000179,South Oxfordshire,Local Authority District,Food outlets,15/03/2015,2.4,Rate per 1000 people,Rate per 1000 people,,,,
E07000179,South Oxfordshire,Local Authority District,Food outlets,15/03/2014,2.3,Rate per 1000 people,Rate per 1000 people,,,,
E07000179,South Oxfordshire,Local Authority District,Food outlets,15/03/2013,2.2,Rate per 1000 people,Rate per 1000 people,,,,
E07000179,South Oxfordshire,Local Authority District,Food outlets,15/03/2012,2.3,Rate per 1000 people,Rate per 1000 people,,,,
E07000179,South Oxfordshire,Local Authority District,Food outlets,15/03/2010,2.4,Rate per 1000 people,Rate per 1000 people,,,,
E07000179,South Oxfordshire,Local Authority District,Food outlets,15/03/2011,2.2,Rate per 1000 people,Rate per 1000 people,,,,
E07000179,South Oxfordshire,Local Authority District,Food outlets,15/03/2017,2.2,Rate per 1000 people,Rate per 1000 people,,,,
E07000180,Vale of White Horse,Local Authority District,Food outlets,15/03/2026,1.5,Rate per 1000 people,Rate per 1000 people,,,,
E07000180,Vale of White Horse,Local Authority District,Food outlets,15/03/2025,1.5,Rate per 1000 people,Rate per 1000 people,,,,
E07000180,Vale of White Horse,Local Authority District,Food outlets,15/03/2024,1.5,Rate per 1000 people,Rate per 1000 people,,,,
E07000180,Vale of White Horse,Local Authority District,Food outlets,15/03/2023,1.5,Rate per 1000 people,Rate per 1000 people,,,,
E07000180,Vale of White Horse,Local Authority District,Food outlets,15/03/2022,1.5,Rate per 1000 people,Rate per 1000 people,,,,
E07000180,Vale of White Horse,Local Authority District,Food outlets,15/03/2021,1.4,Rate per 1000 people,Rate per 1000 people,,,,
E07000180,Vale of White Horse,Local Authority District,Food outlets,15/03/2020,1.5,Rate per 1000 people,Rate per 1000 people,,,,
E07000180,Vale of White Horse,Local Authority District,Food outlets,15/03/2019,1.5,Rate per 1000 people,Rate per 1000 people,,,,
E07000180,Vale of White Horse,Local Authority District,Food outlets,15/03/2018,1.5,Rate per 1000 people,Rate per 1000 people,,,,
E07000180,Vale of White Horse,Local Authority District,Food outlets,15/03/2017,1.6,Rate per 1000 people,Rate per 1000 people,,,,
E07000180,Vale of White Horse,Local Authority District,Food outlets,15/03/2016,1.6,Rate per 1000 people,Rate per 1000 people,,,,
E07000180,Vale of White Horse,Local Authority District,Food outlets,15/03/2015,1.7,Rate per 1000 people,Rate per 1000 people,,,,
E07000180,Vale of White Horse,Local Authority District,Food outlets,15/03/2014,1.6,Rate per 1000 people,Rate per 1000 people,,,,
E07000180,Vale of White Horse,Local Authority District,Food outlets,15/03/2013,1.6,Rate per 1000 people,Rate per 1000 people,,,,
E07000180,Vale of White Horse,Local Authority District,Food outlets,15/03/2012,1.8,Rate per 1000 people,Rate per 1000 people,,,,
E07000180,Vale of White Horse,Local Authority District,Food outlets,15/03/2011,1.7,Rate per 1000 people,Rate per 1000 people,,,,
E07000180,Vale of White Horse,Local Authority District,Food outlets,15/03/2010,1.7,Rate per 1000 people,Rate per 1000 people,,,,
E07000181,West Oxfordshire,Local Authority District,Food outlets,15/03/2026,2.2,Rate per 1000 people,Rate per 1000 people,,,,
E07000181,West Oxfordshire,Local Authority District,Food outlets,15/03/2025,2.2,Rate per 1000 people,Rate per 1000 people,,,,
E07000181,West Oxfordshire,Local Authority District,Food outlets,15/03/2024,2.1,Rate per 1000 people,Rate per 1000 people,,,,
E07000181,West Oxfordshire,Local Authority District,Food outlets,15/03/2023,2.1,Rate per 1000 people,Rate per 1000 people,,,,
E07000181,West Oxfordshire,Local Authority District,Food outlets,15/03/2022,2.1,Rate per 1000 people,Rate per 1000 people,,,,
E07000181,West Oxfordshire,Local Authority District,Food outlets,15/03/2021,2.1,Rate per 1000 people,Rate per 1000 people,,,,
E07000181,West Oxfordshire,Local Authority District,Food outlets,15/03/2020,2.1,Rate per 1000 people,Rate per 1000 people,,,,
E07000181,West Oxfordshire,Local Authority District,Food outlets,15/03/2019,2.1,Rate per 1000 people,Rate per 1000 people,,,,
E07000181,West Oxfordshire,Local Authority District,Food outlets,15/03/2018,2,Rate per 1000 people,Rate per 1000 people,,,,
E07000181,West Oxfordshire,Local Authority District,Food outlets,15/03/2017,2,Rate per 1000 people,Rate per 1000 people,,,,
E07000181,West Oxfordshire,Local Authority District,Food outlets,15/03/2016,2,Rate per 1000 people,Rate per 1000 people,,,,
E07000181,West Oxfordshire,Local Authority District,Food outlets,15/03/2015,2,Rate per 1000 people,Rate per 1000 people,,,,
E07000181,West Oxfordshire,Local Authority District,Food outlets,15/03/2014,2,Rate per 1000 people,Rate per 1000 people,,,,
E07000181,West Oxfordshire,Local Authority District,Food outlets,15/03/2013,2,Rate per 1000 people,Rate per 1000 people,,,,
E07000181,West Oxfordshire,Local Authority District,Food outlets,15/03/2012,2,Rate per 1000 people,Rate per 1000 people,,,,
E07000181,West Oxfordshire,Local Authority District,Food outlets,15/03/2011,2.1,Rate per 1000 people,Rate per 1000 people,,,,
E07000181,West Oxfordshire,Local Authority District,Food outlets,15/03/2010,2.1,Rate per 1000 people,Rate per 1000 people,,,,
E10000030,Surrey,County or Unitary Authority,Food outlets,15/03/2026,2,Rate per 1000 people,Rate per 1000 people,,,,
E10000030,Surrey,County or Unitary Authority,Food outlets,15/03/2025,1.9,Rate per 1000 people,Rate per 1000 people,,,,
E10000030,Surrey,County or Unitary Authority,Food outlets,15/03/2024,1.9,Rate per 1000 people,Rate per 1000 people,,,,
E10000030,Surrey,County or Unitary Authority,Food outlets,15/03/2023,1.9,Rate per 1000 people,Rate per 1000 people,,,,
E10000030,Surrey,County or Unitary Authority,Food outlets,15/03/2022,1.9,Rate per 1000 people,Rate per 1000 people,,,,
E10000030,Surrey,County or Unitary Authority,Food outlets,15/03/2021,1.8,Rate per 1000 people,Rate per 1000 people,,,,
E10000030,Surrey,County or Unitary Authority,Food outlets,15/03/2020,1.7,Rate per 1000 people,Rate per 1000 people,,,,
E10000030,Surrey,County or Unitary Authority,Food outlets,15/03/2019,1.7,Rate per 1000 people,Rate per 1000 people,,,,
E10000030,Surrey,County or Unitary Authority,Food outlets,15/03/2018,1.8,Rate per 1000 people,Rate per 1000 people,,,,
E10000030,Surrey,County or Unitary Authority,Food outlets,15/03/2017,1.8,Rate per 1000 people,Rate per 1000 people,,,,
E10000030,Surrey,County or Unitary Authority,Food outlets,15/03/2016,1.8,Rate per 1000 people,Rate per 1000 people,,,,
E10000030,Surrey,County or Unitary Authority,Food outlets,15/03/2015,1.8,Rate per 1000 people,Rate per 1000 people,,,,
E10000030,Surrey,County or Unitary Authority,Food outlets,15/03/2014,1.7,Rate per 1000 people,Rate per 1000 people,,,,
E10000030,Surrey,County or Unitary Authority,Food outlets,15/03/2013,1.7,Rate per 1000 people,Rate per 1000 people,,,,
E10000030,Surrey,County or Unitary Authority,Food outlets,15/03/2012,1.8,Rate per 1000 people,Rate per 1000 people,,,,
E10000030,Surrey,County or Unitary Authority,Food outlets,15/03/2011,1.8,Rate per 1000 people,Rate per 1000 people,,,,
E10000030,Surrey,County or Unitary Authority,Food outlets,15/03/2010,1.8,Rate per 1000 people,Rate per 1000 people,,,,
E07000207,Elmbridge,Local Authority District,Food outlets,15/03/2026,2.1,Rate per 1000 people,Rate per 1000 people,,,,
E07000207,Elmbridge,Local Authority District,Food outlets,15/03/2025,2,Rate per 1000 people,Rate per 1000 people,,,,
E07000207,Elmbridge,Local Authority District,Food outlets,15/03/2024,2,Rate per 1000 people,Rate per 1000 people,,,,
E07000207,Elmbridge,Local Authority District,Food outlets,15/03/2023,1.9,Rate per 1000 people,Rate per 1000 people,,,,
E07000207,Elmbridge,Local Authority District,Food outlets,15/03/2022,1.8,Rate per 1000 people,Rate per 1000 people,,,,
E07000207,Elmbridge,Local Authority District,Food outlets,15/03/2021,1.9,Rate per 1000 people,Rate per 1000 people,,,,
E07000207,Elmbridge,Local Authority District,Food outlets,15/03/2020,1.8,Rate per 1000 people,Rate per 1000 people,,,,
E07000207,Elmbridge,Local Authority District,Food outlets,15/03/2019,1.9,Rate per 1000 people,Rate per 1000 people,,,,
E07000207,Elmbridge,Local Authority District,Food outlets,15/03/2018,1.9,Rate per 1000 people,Rate per 1000 people,,,,
E07000207,Elmbridge,Local Authority District,Food outlets,15/03/2017,1.8,Rate per 1000 people,Rate per 1000 people,,,,
E07000207,Elmbridge,Local Authority District,Food outlets,15/03/2016,1.8,Rate per 1000 people,Rate per 1000 people,,,,
E07000207,Elmbridge,Local Authority District,Food outlets,15/03/2015,1.8,Rate per 1000 people,Rate per 1000 people,,,,
E07000207,Elmbridge,Local Authority District,Food outlets,15/03/2014,1.7,Rate per 1000 people,Rate per 1000 people,,,,
E07000207,Elmbridge,Local Authority District,Food outlets,15/03/2013,1.6,Rate per 1000 people,Rate per 1000 people,,,,
E07000207,Elmbridge,Local Authority District,Food outlets,15/03/2012,1.7,Rate per 1000 people,Rate per 1000 people,,,,
E07000207,Elmbridge,Local Authority District,Food outlets,15/03/2011,1.6,Rate per 1000 people,Rate per 1000 people,,,,
E07000207,Elmbridge,Local Authority District,Food outlets,15/03/2010,1.7,Rate per 1000 people,Rate per 1000 people,,,,
E07000208,Epsom and Ewell,Local Authority District,Food outlets,15/03/2026,2.1,Rate per 1000 people,Rate per 1000 people,,,,
E07000208,Epsom and Ewell,Local Authority District,Food outlets,15/03/2025,2.1,Rate per 1000 people,Rate per 1000 people,,,,
E07000208,Epsom and Ewell,Local Authority District,Food outlets,15/03/2024,2,Rate per 1000 people,Rate per 1000 people,,,,
E07000208,Epsom and Ewell,Local Authority District,Food outlets,15/03/2023,1.9,Rate per 1000 people,Rate per 1000 people,,,,
E07000208,Epsom and Ewell,Local Authority District,Food outlets,15/03/2022,1.9,Rate per 1000 people,Rate per 1000 people,,,,
E07000208,Epsom and Ewell,Local Authority District,Food outlets,15/03/2021,1.8,Rate per 1000 people,Rate per 1000 people,,,,
E07000208,Epsom and Ewell,Local Authority District,Food outlets,15/03/2020,1.7,Rate per 1000 people,Rate per 1000 people,,,,
E07000208,Epsom and Ewell,Local Authority District,Food outlets,15/03/2019,1.7,Rate per 1000 people,Rate per 1000 people,,,,
E07000208,Epsom and Ewell,Local Authority District,Food outlets,15/03/2018,1.9,Rate per 1000 people,Rate per 1000 people,,,,
E07000208,Epsom and Ewell,Local Authority District,Food outlets,15/03/2017,1.8,Rate per 1000 people,Rate per 1000 people,,,,
E07000208,Epsom and Ewell,Local Authority District,Food outlets,15/03/2016,1.7,Rate per 1000 people,Rate per 1000 people,,,,
E07000208,Epsom and Ewell,Local Authority District,Food outlets,15/03/2015,1.7,Rate per 1000 people,Rate per 1000 people,,,,
E07000208,Epsom and Ewell,Local Authority District,Food outlets,15/03/2014,1.5,Rate per 1000 people,Rate per 1000 people,,,,
E07000208,Epsom and Ewell,Local Authority District,Food outlets,15/03/2013,1.5,Rate per 1000 people,Rate per 1000 people,,,,
E07000208,Epsom and Ewell,Local Authority District,Food outlets,15/03/2012,1.5,Rate per 1000 people,Rate per 1000 people,,,,
E07000208,Epsom and Ewell,Local Authority District,Food outlets,15/03/2011,1.5,Rate per 1000 people,Rate per 1000 people,,,,
E07000208,Epsom and Ewell,Local Authority District,Food outlets,15/03/2010,1.7,Rate per 1000 people,Rate per 1000 people,,,,
E07000209,Guildford,Local Authority District,Food outlets,15/03/2026,1.8,Rate per 1000 people,Rate per 1000 people,,,,
E07000209,Guildford,Local Authority District,Food outlets,15/03/2025,1.7,Rate per 1000 people,Rate per 1000 people,,,,
E07000209,Guildford,Local Authority District,Food outlets,15/03/2024,1.8,Rate per 1000 people,Rate per 1000 people,,,,
E07000209,Guildford,Local Authority District,Food outlets,15/03/2023,1.7,Rate per 1000 people,Rate per 1000 people,,,,
E07000209,Guildford,Local Authority District,Food outlets,15/03/2022,1.7,Rate per 1000 people,Rate per 1000 people,,,,
E07000209,Guildford,Local Authority District,Food outlets,15/03/2021,1.6,Rate per 1000 people,Rate per 1000 people,,,,
E07000209,Guildford,Local Authority District,Food outlets,15/03/2020,1.5,Rate per 1000 people,Rate per 1000 people,,,,
E07000209,Guildford,Local Authority District,Food outlets,15/03/2019,1.5,Rate per 1000 people,Rate per 1000 people,,,,
E07000209,Guildford,Local Authority District,Food outlets,15/03/2018,1.5,Rate per 1000 people,Rate per 1000 people,,,,
E07000209,Guildford,Local Authority District,Food outlets,15/03/2017,1.5,Rate per 1000 people,Rate per 1000 people,,,,
E07000209,Guildford,Local Authority District,Food outlets,15/03/2016,1.6,Rate per 1000 people,Rate per 1000 people,,,,
E07000209,Guildford,Local Authority District,Food outlets,15/03/2015,1.6,Rate per 1000 people,Rate per 1000 people,,,,
E07000209,Guildford,Local Authority District,Food outlets,15/03/2014,1.5,Rate per 1000 people,Rate per 1000 people,,,,
E07000209,Guildford,Local Authority District,Food outlets,15/03/2013,1.6,Rate per 1000 people,Rate per 1000 people,,,,
E07000209,Guildford,Local Authority District,Food outlets,15/03/2012,1.7,Rate per 1000 people,Rate per 1000 people,,,,
E07000209,Guildford,Local Authority District,Food outlets,15/03/2011,1.6,Rate per 1000 people,Rate per 1000 people,,,,
E07000209,Guildford,Local Authority District,Food outlets,15/03/2010,1.6,Rate per 1000 people,Rate per 1000 people,,,,
E07000210,Mole Valley,Local Authority District,Food outlets,15/03/2026,2.1,Rate per 1000 people,Rate per 1000 people,,,,
E07000210,Mole Valley,Local Authority District,Food outlets,15/03/2025,2,Rate per 1000 people,Rate per 1000 people,,,,
E07000210,Mole Valley,Local Authority District,Food outlets,15/03/2024,2,Rate per 1000 people,Rate per 1000 people,,,,
E07000210,Mole Valley,Local Authority District,Food outlets,15/03/2023,1.9,Rate per 1000 people,Rate per 1000 people,,,,
E07000210,Mole Valley,Local Authority District,Food outlets,15/03/2022,2,Rate per 1000 people,Rate per 1000 people,,,,
E07000210,Mole Valley,Local Authority District,Food outlets,15/03/2021,1.8,Rate per 1000 people,Rate per 1000 people,,,,
E07000210,Mole Valley,Local Authority District,Food outlets,15/03/2020,1.8,Rate per 1000 people,Rate per 1000 people,,,,
E07000210,Mole Valley,Local Authority District,Food outlets,15/03/2019,1.9,Rate per 1000 people,Rate per 1000 people,,,,
E07000210,Mole Valley,Local Authority District,Food outlets,15/03/2018,1.8,Rate per 1000 people,Rate per 1000 people,,,,
E07000210,Mole Valley,Local Authority District,Food outlets,15/03/2017,1.9,Rate per 1000 people,Rate per 1000 people,,,,
E07000210,Mole Valley,Local Authority District,Food outlets,15/03/2016,1.9,Rate per 1000 people,Rate per 1000 people,,,,
E07000210,Mole Valley,Local Authority District,Food outlets,15/03/2015,1.9,Rate per 1000 people,Rate per 1000 people,,,,
E07000210,Mole Valley,Local Authority District,Food outlets,15/03/2014,1.9,Rate per 1000 people,Rate per 1000 people,,,,
E07000210,Mole Valley,Local Authority District,Food outlets,15/03/2013,2,Rate per 1000 people,Rate per 1000 people,,,,
E07000210,Mole Valley,Local Authority District,Food outlets,15/03/2012,1.9,Rate per 1000 people,Rate per 1000 people,,,,
E07000210,Mole Valley,Local Authority District,Food outlets,15/03/2011,1.9,Rate per 1000 people,Rate per 1000 people,,,,
E07000210,Mole Valley,Local Authority District,Food outlets,15/03/2010,1.8,Rate per 1000 people,Rate per 1000 people,,,,
E07000211,Reigate and Banstead,Local Authority District,Food outlets,15/03/2025,1.6,Rate per 1000 people,Rate per 1000 people,,,,
E07000211,Reigate and Banstead,Local Authority District,Food outlets,15/03/2024,1.6,Rate per 1000 people,Rate per 1000 people,,,,
E07000211,Reigate and Banstead,Local Authority District,Food outlets,15/03/2023,1.7,Rate per 1000 people,Rate per 1000 people,,,,
E07000211,Reigate and Banstead,Local Authority District,Food outlets,15/03/2022,1.8,Rate per 1000 people,Rate per 1000 people,,,,
E07000211,Reigate and Banstead,Local Authority District,Food outlets,15/03/2021,1.6,Rate per 1000 people,Rate per 1000 people,,,,
E07000211,Reigate and Banstead,Local Authority District,Food outlets,15/03/2026,1.7,Rate per 1000 people,Rate per 1000 people,,,,
E07000211,Reigate and Banstead,Local Authority District,Food outlets,15/03/2020,1.6,Rate per 1000 people,Rate per 1000 people,,,,
E07000211,Reigate and Banstead,Local Authority District,Food outlets,15/03/2019,1.6,Rate per 1000 people,Rate per 1000 people,,,,
E07000211,Reigate and Banstead,Local Authority District,Food outlets,15/03/2015,1.6,Rate per 1000 people,Rate per 1000 people,,,,
E07000211,Reigate and Banstead,Local Authority District,Food outlets,15/03/2017,1.6,Rate per 1000 people,Rate per 1000 people,,,,
E07000211,Reigate and Banstead,Local Authority District,Food outlets,15/03/2016,1.5,Rate per 1000 people,Rate per 1000 people,,,,
E07000211,Reigate and Banstead,Local Authority District,Food outlets,15/03/2014,1.6,Rate per 1000 people,Rate per 1000 people,,,,
E07000211,Reigate and Banstead,Local Authority District,Food outlets,15/03/2013,1.6,Rate per 1000 people,Rate per 1000 people,,,,
E07000211,Reigate and Banstead,Local Authority District,Food outlets,15/03/2012,1.6,Rate per 1000 people,Rate per 1000 people,,,,
E07000211,Reigate and Banstead,Local Authority District,Food outlets,15/03/2011,1.6,Rate per 1000 people,Rate per 1000 people,,,,
E07000211,Reigate and Banstead,Local Authority District,Food outlets,15/03/2010,1.6,Rate per 1000 people,Rate per 1000 people,,,,
E07000211,Reigate and Banstead,Local Authority District,Food outlets,15/03/2018,1.6,Rate per 1000 people,Rate per 1000 people,,,,
E07000212,Runnymede,Local Authority District,Food outlets,15/03/2026,2,Rate per 1000 people,Rate per 1000 people,,,,
E07000212,Runnymede,Local Authority District,Food outlets,15/03/2025,1.9,Rate per 1000 people,Rate per 1000 people,,,,
E07000212,Runnymede,Local Authority District,Food outlets,15/03/2024,1.9,Rate per 1000 people,Rate per 1000 people,,,,
E07000212,Runnymede,Local Authority District,Food outlets,15/03/2023,2,Rate per 1000 people,Rate per 1000 people,,,,
E07000212,Runnymede,Local Authority District,Food outlets,15/03/2022,2,Rate per 1000 people,Rate per 1000 people,,,,
E07000212,Runnymede,Local Authority District,Food outlets,15/03/2021,1.9,Rate per 1000 people,Rate per 1000 people,,,,
E07000212,Runnymede,Local Authority District,Food outlets,15/03/2020,1.9,Rate per 1000 people,Rate per 1000 people,,,,
E07000212,Runnymede,Local Authority District,Food outlets,15/03/2019,1.8,Rate per 1000 people,Rate per 1000 people,,,,
E07000212,Runnymede,Local Authority District,Food outlets,15/03/2018,1.8,Rate per 1000 people,Rate per 1000 people,,,,
E07000212,Runnymede,Local Authority District,Food outlets,15/03/2017,1.8,Rate per 1000 people,Rate per 1000 people,,,,
E07000212,Runnymede,Local Authority District,Food outlets,15/03/2016,1.9,Rate per 1000 people,Rate per 1000 people,,,,
E07000212,Runnymede,Local Authority District,Food outlets,15/03/2015,1.9,Rate per 1000 people,Rate per 1000 people,,,,
E07000212,Runnymede,Local Authority District,Food outlets,15/03/2014,1.9,Rate per 1000 people,Rate per 1000 people,,,,
E07000212,Runnymede,Local Authority District,Food outlets,15/03/2013,1.8,Rate per 1000 people,Rate per 1000 people,,,,
E07000212,Runnymede,Local Authority District,Food outlets,15/03/2012,2.1,Rate per 1000 people,Rate per 1000 people,,,,
E07000212,Runnymede,Local Authority District,Food outlets,15/03/2011,2.2,Rate per 1000 people,Rate per 1000 people,,,,
E07000212,Runnymede,Local Authority District,Food outlets,15/03/2010,2.2,Rate per 1000 people,Rate per 1000 people,,,,
E07000213,Spelthorne,Local Authority District,Food outlets,15/03/2026,2,Rate per 1000 people,Rate per 1000 people,,,,
E07000213,Spelthorne,Local Authority District,Food outlets,15/03/2025,1.9,Rate per 1000 people,Rate per 1000 people,,,,
E07000213,Spelthorne,Local Authority District,Food outlets,15/03/2024,2,Rate per 1000 people,Rate per 1000 people,,,,
E07000213,Spelthorne,Local Authority District,Food outlets,15/03/2023,1.9,Rate per 1000 people,Rate per 1000 people,,,,
E07000213,Spelthorne,Local Authority District,Food outlets,15/03/2022,1.9,Rate per 1000 people,Rate per 1000 people,,,,
E07000213,Spelthorne,Local Authority District,Food outlets,15/03/2021,1.8,Rate per 1000 people,Rate per 1000 people,,,,
E07000213,Spelthorne,Local Authority District,Food outlets,15/03/2020,1.8,Rate per 1000 people,Rate per 1000 people,,,,
E07000213,Spelthorne,Local Authority District,Food outlets,15/03/2019,1.6,Rate per 1000 people,Rate per 1000 people,,,,
E07000213,Spelthorne,Local Authority District,Food outlets,15/03/2018,1.5,Rate per 1000 people,Rate per 1000 people,,,,
E07000213,Spelthorne,Local Authority District,Food outlets,15/03/2017,1.5,Rate per 1000 people,Rate per 1000 people,,,,
E07000213,Spelthorne,Local Authority District,Food outlets,15/03/2016,1.7,Rate per 1000 people,Rate per 1000 people,,,,
E07000213,Spelthorne,Local Authority District,Food outlets,15/03/2015,1.7,Rate per 1000 people,Rate per 1000 people,,,,
E07000213,Spelthorne,Local Authority District,Food outlets,15/03/2014,1.6,Rate per 1000 people,Rate per 1000 people,,,,
E07000213,Spelthorne,Local Authority District,Food outlets,15/03/2013,1.6,Rate per 1000 people,Rate per 1000 people,,,,
E07000213,Spelthorne,Local Authority District,Food outlets,15/03/2012,1.6,Rate per 1000 people,Rate per 1000 people,,,,
E07000213,Spelthorne,Local Authority District,Food outlets,15/03/2011,1.6,Rate per 1000 people,Rate per 1000 people,,,,
E07000213,Spelthorne,Local Authority District,Food outlets,15/03/2010,1.6,Rate per 1000 people,Rate per 1000 people,,,,
E07000214,Surrey Heath,Local Authority District,Food outlets,15/03/2026,2.2,Rate per 1000 people,Rate per 1000 people,,,,
E07000214,Surrey Heath,Local Authority District,Food outlets,15/03/2025,2.1,Rate per 1000 people,Rate per 1000 people,,,,
E07000214,Surrey Heath,Local Authority District,Food outlets,15/03/2024,1.9,Rate per 1000 people,Rate per 1000 people,,,,
E07000214,Surrey Heath,Local Authority District,Food outlets,15/03/2023,2,Rate per 1000 people,Rate per 1000 people,,,,
E07000214,Surrey Heath,Local Authority District,Food outlets,15/03/2022,2.1,Rate per 1000 people,Rate per 1000 people,,,,
E07000214,Surrey Heath,Local Authority District,Food outlets,15/03/2021,2,Rate per 1000 people,Rate per 1000 people,,,,
E07000214,Surrey Heath,Local Authority District,Food outlets,15/03/2020,1.9,Rate per 1000 people,Rate per 1000 people,,,,
E07000214,Surrey Heath,Local Authority District,Food outlets,15/03/2019,2,Rate per 1000 people,Rate per 1000 people,,,,
E07000214,Surrey Heath,Local Authority District,Food outlets,15/03/2018,2.1,Rate per 1000 people,Rate per 1000 people,,,,
E07000214,Surrey Heath,Local Authority District,Food outlets,15/03/2017,2.1,Rate per 1000 people,Rate per 1000 people,,,,
E07000214,Surrey Heath,Local Authority District,Food outlets,15/03/2016,2.1,Rate per 1000 people,Rate per 1000 people,,,,
E07000214,Surrey Heath,Local Authority District,Food outlets,15/03/2015,2,Rate per 1000 people,Rate per 1000 people,,,,
E07000214,Surrey Heath,Local Authority District,Food outlets,15/03/2014,1.9,Rate per 1000 people,Rate per 1000 people,,,,
E07000214,Surrey Heath,Local Authority District,Food outlets,15/03/2013,1.9,Rate per 1000 people,Rate per 1000 people,,,,
E07000214,Surrey Heath,Local Authority District,Food outlets,15/03/2012,2,Rate per 1000 people,Rate per 1000 people,,,,
E07000214,Surrey Heath,Local Authority District,Food outlets,15/03/2011,1.9,Rate per 1000 people,Rate per 1000 people,,,,
E07000214,Surrey Heath,Local Authority District,Food outlets,15/03/2010,1.8,Rate per 1000 people,Rate per 1000 people,,,,
E07000215,Tandridge,Local Authority District,Food outlets,15/03/2025,2,Rate per 1000 people,Rate per 1000 people,,,,
E07000215,Tandridge,Local Authority District,Food outlets,15/03/2024,1.9,Rate per 1000 people,Rate per 1000 people,,,,
E07000215,Tandridge,Local Authority District,Food outlets,15/03/2023,1.7,Rate per 1000 people,Rate per 1000 people,,,,
E07000215,Tandridge,Local Authority District,Food outlets,15/03/2022,1.7,Rate per 1000 people,Rate per 1000 people,,,,
E07000215,Tandridge,Local Authority District,Food outlets,15/03/2021,1.6,Rate per 1000 people,Rate per 1000 people,,,,
E07000215,Tandridge,Local Authority District,Food outlets,15/03/2026,2.2,Rate per 1000 people,Rate per 1000 people,,,,
E07000215,Tandridge,Local Authority District,Food outlets,15/03/2020,1.5,Rate per 1000 people,Rate per 1000 people,,,,
E07000215,Tandridge,Local Authority District,Food outlets,15/03/2019,1.6,Rate per 1000 people,Rate per 1000 people,,,,
E07000215,Tandridge,Local Authority District,Food outlets,15/03/2015,1.6,Rate per 1000 people,Rate per 1000 people,,,,
E07000215,Tandridge,Local Authority District,Food outlets,15/03/2017,1.6,Rate per 1000 people,Rate per 1000 people,,,,
E07000215,Tandridge,Local Authority District,Food outlets,15/03/2016,1.6,Rate per 1000 people,Rate per 1000 people,,,,
E07000215,Tandridge,Local Authority District,Food outlets,15/03/2014,1.6,Rate per 1000 people,Rate per 1000 people,,,,
E07000215,Tandridge,Local Authority District,Food outlets,15/03/2013,1.6,Rate per 1000 people,Rate per 1000 people,,,,
E07000215,Tandridge,Local Authority District,Food outlets,15/03/2012,1.6,Rate per 1000 people,Rate per 1000 people,,,,
E07000215,Tandridge,Local Authority District,Food outlets,15/03/2011,1.7,Rate per 1000 people,Rate per 1000 people,,,,
E07000215,Tandridge,Local Authority District,Food outlets,15/03/2010,1.7,Rate per 1000 people,Rate per 1000 people,,,,
E07000215,Tandridge,Local Authority District,Food outlets,15/03/2018,1.6,Rate per 1000 people,Rate per 1000 people,,,,
E07000216,Waverley,Local Authority District,Food outlets,15/03/2026,1.8,Rate per 1000 people,Rate per 1000 people,,,,
E07000216,Waverley,Local Authority District,Food outlets,15/03/2025,1.9,Rate per 1000 people,Rate per 1000 people,,,,
E07000216,Waverley,Local Authority District,Food outlets,15/03/2024,1.9,Rate per 1000 people,Rate per 1000 people,,,,
E07000216,Waverley,Local Authority District,Food outlets,15/03/2023,1.8,Rate per 1000 people,Rate per 1000 people,,,,
E07000216,Waverley,Local Authority District,Food outlets,15/03/2022,2,Rate per 1000 people,Rate per 1000 people,,,,
E07000216,Waverley,Local Authority District,Food outlets,15/03/2021,1.8,Rate per 1000 people,Rate per 1000 people,,,,
E07000216,Waverley,Local Authority District,Food outlets,15/03/2020,1.8,Rate per 1000 people,Rate per 1000 people,,,,
E07000216,Waverley,Local Authority District,Food outlets,15/03/2019,1.9,Rate per 1000 people,Rate per 1000 people,,,,
E07000216,Waverley,Local Authority District,Food outlets,15/03/2018,2,Rate per 1000 people,Rate per 1000 people,,,,
E07000216,Waverley,Local Authority District,Food outlets,15/03/2017,2.1,Rate per 1000 people,Rate per 1000 people,,,,
E07000216,Waverley,Local Authority District,Food outlets,15/03/2016,2.2,Rate per 1000 people,Rate per 1000 people,,,,
E07000216,Waverley,Local Authority District,Food outlets,15/03/2015,2.1,Rate per 1000 people,Rate per 1000 people,,,,
E07000216,Waverley,Local Authority District,Food outlets,15/03/2014,2,Rate per 1000 people,Rate per 1000 people,,,,
E07000216,Waverley,Local Authority District,Food outlets,15/03/2013,2.1,Rate per 1000 people,Rate per 1000 people,,,,
E07000216,Waverley,Local Authority District,Food outlets,15/03/2012,2.1,Rate per 1000 people,Rate per 1000 people,,,,
E07000216,Waverley,Local Authority District,Food outlets,15/03/2011,2.1,Rate per 1000 people,Rate per 1000 people,,,,
E07000216,Waverley,Local Authority District,Food outlets,15/03/2010,2,Rate per 1000 people,Rate per 1000 people,,,,
E07000217,Woking,Local Authority District,Food outlets,15/03/2025,1.9,Rate per 1000 people,Rate per 1000 people,,,,
E07000217,Woking,Local Authority District,Food outlets,15/03/2024,1.9,Rate per 1000 people,Rate per 1000 people,,,,
E07000217,Woking,Local Authority District,Food outlets,15/03/2023,2,Rate per 1000 people,Rate per 1000 people,,,,
E07000217,Woking,Local Authority District,Food outlets,15/03/2022,2,Rate per 1000 people,Rate per 1000 people,,,,
E07000217,Woking,Local Authority District,Food outlets,15/03/2021,1.9,Rate per 1000 people,Rate per 1000 people,,,,
E07000217,Woking,Local Authority District,Food outlets,15/03/2026,2,Rate per 1000 people,Rate per 1000 people,,,,
E07000217,Woking,Local Authority District,Food outlets,15/03/2020,1.9,Rate per 1000 people,Rate per 1000 people,,,,
E07000217,Woking,Local Authority District,Food outlets,15/03/2019,1.8,Rate per 1000 people,Rate per 1000 people,,,,
E07000217,Woking,Local Authority District,Food outlets,15/03/2015,1.7,Rate per 1000 people,Rate per 1000 people,,,,
E07000217,Woking,Local Authority District,Food outlets,15/03/2017,1.8,Rate per 1000 people,Rate per 1000 people,,,,
E07000217,Woking,Local Authority District,Food outlets,15/03/2016,1.9,Rate per 1000 people,Rate per 1000 people,,,,
E07000217,Woking,Local Authority District,Food outlets,15/03/2014,1.5,Rate per 1000 people,Rate per 1000 people,,,,
E07000217,Woking,Local Authority District,Food outlets,15/03/2013,1.5,Rate per 1000 people,Rate per 1000 people,,,,
E07000217,Woking,Local Authority District,Food outlets,15/03/2012,1.7,Rate per 1000 people,Rate per 1000 people,,,,
E07000217,Woking,Local Authority District,Food outlets,15/03/2011,1.7,Rate per 1000 people,Rate per 1000 people,,,,
E07000217,Woking,Local Authority District,Food outlets,15/03/2010,1.7,Rate per 1000 people,Rate per 1000 people,,,,
E07000217,Woking,Local Authority District,Food outlets,15/03/2018,1.9,Rate per 1000 people,Rate per 1000 people,,,,
E10000032,West Sussex,County or Unitary Authority,Food outlets,15/03/2026,2,Rate per 1000 people,Rate per 1000 people,,,,
E10000032,West Sussex,County or Unitary Authority,Food outlets,15/03/2025,2,Rate per 1000 people,Rate per 1000 people,,,,
E10000032,West Sussex,County or Unitary Authority,Food outlets,15/03/2024,1.9,Rate per 1000 people,Rate per 1000 people,,,,
E10000032,West Sussex,County or Unitary Authority,Food outlets,15/03/2023,1.9,Rate per 1000 people,Rate per 1000 people,,,,
E10000032,West Sussex,County or Unitary Authority,Food outlets,15/03/2022,2,Rate per 1000 people,Rate per 1000 people,,,,
E10000032,West Sussex,County or Unitary Authority,Food outlets,15/03/2021,1.9,Rate per 1000 people,Rate per 1000 people,,,,
E10000032,West Sussex,County or Unitary Authority,Food outlets,15/03/2020,1.8,Rate per 1000 people,Rate per 1000 people,,,,
E10000032,West Sussex,County or Unitary Authority,Food outlets,15/03/2019,1.8,Rate per 1000 people,Rate per 1000 people,,,,
E10000032,West Sussex,County or Unitary Authority,Food outlets,15/03/2015,1.8,Rate per 1000 people,Rate per 1000 people,,,,
E10000032,West Sussex,County or Unitary Authority,Food outlets,15/03/2017,1.8,Rate per 1000 people,Rate per 1000 people,,,,
E10000032,West Sussex,County or Unitary Authority,Food outlets,15/03/2016,1.8,Rate per 1000 people,Rate per 1000 people,,,,
E10000032,West Sussex,County or Unitary Authority,Food outlets,15/03/2014,1.7,Rate per 1000 people,Rate per 1000 people,,,,
E10000032,West Sussex,County or Unitary Authority,Food outlets,15/03/2013,1.7,Rate per 1000 people,Rate per 1000 people,,,,
E10000032,West Sussex,County or Unitary Authority,Food outlets,15/03/2012,1.7,Rate per 1000 people,Rate per 1000 people,,,,
E10000032,West Sussex,County or Unitary Authority,Food outlets,15/03/2011,1.7,Rate per 1000 people,Rate per 1000 people,,,,
E10000032,West Sussex,County or Unitary Authority,Food outlets,15/03/2010,1.8,Rate per 1000 people,Rate per 1000 people,,,,
E10000032,West Sussex,County or Unitary Authority,Food outlets,15/03/2018,1.8,Rate per 1000 people,Rate per 1000 people,,,,
E07000223,Adur,Local Authority District,Food outlets,15/03/2021,1.9,Rate per 1000 people,Rate per 1000 people,,,,
E07000223,Adur,Local Authority District,Food outlets,15/03/2023,1.8,Rate per 1000 people,Rate per 1000 people,,,,
E07000223,Adur,Local Authority District,Food outlets,15/03/2024,1.7,Rate per 1000 people,Rate per 1000 people,,,,
E07000223,Adur,Local Authority District,Food outlets,15/03/2022,1.8,Rate per 1000 people,Rate per 1000 people,,,,
E07000223,Adur,Local Authority District,Food outlets,15/03/2026,1.9,Rate per 1000 people,Rate per 1000 people,,,,
E07000223,Adur,Local Authority District,Food outlets,15/03/2020,1.9,Rate per 1000 people,Rate per 1000 people,,,,
E07000223,Adur,Local Authority District,Food outlets,15/03/2025,1.9,Rate per 1000 people,Rate per 1000 people,,,,
E07000223,Adur,Local Authority District,Food outlets,15/03/2019,1.9,Rate per 1000 people,Rate per 1000 people,,,,
E07000223,Adur,Local Authority District,Food outlets,15/03/2013,1.5,Rate per 1000 people,Rate per 1000 people,,,,
E07000223,Adur,Local Authority District,Food outlets,15/03/2017,1.7,Rate per 1000 people,Rate per 1000 people,,,,
E07000223,Adur,Local Authority District,Food outlets,15/03/2016,1.8,Rate per 1000 people,Rate per 1000 people,,,,
E07000223,Adur,Local Authority District,Food outlets,15/03/2015,1.6,Rate per 1000 people,Rate per 1000 people,,,,
E07000223,Adur,Local Authority District,Food outlets,15/03/2010,1.6,Rate per 1000 people,Rate per 1000 people,,,,
E07000223,Adur,Local Authority District,Food outlets,15/03/2014,1.5,Rate per 1000 people,Rate per 1000 people,,,,
E07000223,Adur,Local Authority District,Food outlets,15/03/2018,1.8,Rate per 1000 people,Rate per 1000 people,,,,
E07000223,Adur,Local Authority District,Food outlets,15/03/2012,1.5,Rate per 1000 people,Rate per 1000 people,,,,
E07000223,Adur,Local Authority District,Food outlets,15/03/2011,1.5,Rate per 1000 people,Rate per 1000 people,,,,
E07000224,Arun,Local Authority District,Food outlets,15/03/2026,1.9,Rate per 1000 people,Rate per 1000 people,,,,
E07000224,Arun,Local Authority District,Food outlets,15/03/2025,1.8,Rate per 1000 people,Rate per 1000 people,,,,
E07000224,Arun,Local Authority District,Food outlets,15/03/2024,1.9,Rate per 1000 people,Rate per 1000 people,,,,
E07000224,Arun,Local Authority District,Food outlets,15/03/2023,1.9,Rate per 1000 people,Rate per 1000 people,,,,
E07000224,Arun,Local Authority District,Food outlets,15/03/2022,2,Rate per 1000 people,Rate per 1000 people,,,,
E07000224,Arun,Local Authority District,Food outlets,15/03/2021,1.9,Rate per 1000 people,Rate per 1000 people,,,,
E07000224,Arun,Local Authority District,Food outlets,15/03/2020,1.9,Rate per 1000 people,Rate per 1000 people,,,,
E07000224,Arun,Local Authority District,Food outlets,15/03/2019,1.8,Rate per 1000 people,Rate per 1000 people,,,,
E07000224,Arun,Local Authority District,Food outlets,15/03/2018,1.8,Rate per 1000 people,Rate per 1000 people,,,,
E07000224,Arun,Local Authority District,Food outlets,15/03/2017,1.8,Rate per 1000 people,Rate per 1000 people,,,,
E07000224,Arun,Local Authority District,Food outlets,15/03/2016,1.8,Rate per 1000 people,Rate per 1000 people,,,,
E07000224,Arun,Local Authority District,Food outlets,15/03/2015,1.8,Rate per 1000 people,Rate per 1000 people,,,,
E07000224,Arun,Local Authority District,Food outlets,15/03/2014,1.6,Rate per 1000 people,Rate per 1000 people,,,,
E07000224,Arun,Local Authority District,Food outlets,15/03/2013,1.7,Rate per 1000 people,Rate per 1000 people,,,,
E07000224,Arun,Local Authority District,Food outlets,15/03/2012,1.7,Rate per 1000 people,Rate per 1000 people,,,,
E07000224,Arun,Local Authority District,Food outlets,15/03/2011,1.7,Rate per 1000 people,Rate per 1000 people,,,,
E07000224,Arun,Local Authority District,Food outlets,15/03/2010,1.7,Rate per 1000 people,Rate per 1000 people,,,,
E07000225,Chichester,Local Authority District,Food outlets,15/03/2026,2.6,Rate per 1000 people,Rate per 1000 people,,,,
E07000225,Chichester,Local Authority District,Food outlets,15/03/2025,2.5,Rate per 1000 people,Rate per 1000 people,,,,
E07000225,Chichester,Local Authority District,Food outlets,15/03/2024,2.4,Rate per 1000 people,Rate per 1000 people,,,,
E07000225,Chichester,Local Authority District,Food outlets,15/03/2023,2.4,Rate per 1000 people,Rate per 1000 people,,,,
E07000225,Chichester,Local Authority District,Food outlets,15/03/2022,2.4,Rate per 1000 people,Rate per 1000 people,,,,
E07000225,Chichester,Local Authority District,Food outlets,15/03/2021,2.2,Rate per 1000 people,Rate per 1000 people,,,,
E07000225,Chichester,Local Authority District,Food outlets,15/03/2020,2.2,Rate per 1000 people,Rate per 1000 people,,,,
E07000225,Chichester,Local Authority District,Food outlets,15/03/2019,2.3,Rate per 1000 people,Rate per 1000 people,,,,
E07000225,Chichester,Local Authority District,Food outlets,15/03/2018,2.3,Rate per 1000 people,Rate per 1000 people,,,,
E07000225,Chichester,Local Authority District,Food outlets,15/03/2017,2.3,Rate per 1000 people,Rate per 1000 people,,,,
E07000225,Chichester,Local Authority District,Food outlets,15/03/2016,2.5,Rate per 1000 people,Rate per 1000 people,,,,
E07000225,Chichester,Local Authority District,Food outlets,15/03/2015,2.6,Rate per 1000 people,Rate per 1000 people,,,,
E07000225,Chichester,Local Authority District,Food outlets,15/03/2014,2.4,Rate per 1000 people,Rate per 1000 people,,,,
E07000225,Chichester,Local Authority District,Food outlets,15/03/2013,2.4,Rate per 1000 people,Rate per 1000 people,,,,
E07000225,Chichester,Local Authority District,Food outlets,15/03/2012,2.4,Rate per 1000 people,Rate per 1000 people,,,,
E07000225,Chichester,Local Authority District,Food outlets,15/03/2011,2.5,Rate per 1000 people,Rate per 1000 people,,,,
E07000225,Chichester,Local Authority District,Food outlets,15/03/2010,2.5,Rate per 1000 people,Rate per 1000 people,,,,
E07000226,Crawley,Local Authority District,Food outlets,15/03/2026,1.6,Rate per 1000 people,Rate per 1000 people,,,,
E07000226,Crawley,Local Authority District,Food outlets,15/03/2025,1.4,Rate per 1000 people,Rate per 1000 people,,,,
E07000226,Crawley,Local Authority District,Food outlets,15/03/2024,1.4,Rate per 1000 people,Rate per 1000 people,,,,
E07000226,Crawley,Local Authority District,Food outlets,15/03/2023,1.4,Rate per 1000 people,Rate per 1000 people,,,,
E07000226,Crawley,Local Authority District,Food outlets,15/03/2022,1.5,Rate per 1000 people,Rate per 1000 people,,,,
E07000226,Crawley,Local Authority District,Food outlets,15/03/2021,1.3,Rate per 1000 people,Rate per 1000 people,,,,
E07000226,Crawley,Local Authority District,Food outlets,15/03/2020,1.3,Rate per 1000 people,Rate per 1000 people,,,,
E07000226,Crawley,Local Authority District,Food outlets,15/03/2019,1.3,Rate per 1000 people,Rate per 1000 people,,,,
E07000226,Crawley,Local Authority District,Food outlets,15/03/2018,1.3,Rate per 1000 people,Rate per 1000 people,,,,
E07000226,Crawley,Local Authority District,Food outlets,15/03/2017,1.2,Rate per 1000 people,Rate per 1000 people,,,,
E07000226,Crawley,Local Authority District,Food outlets,15/03/2016,1.3,Rate per 1000 people,Rate per 1000 people,,,,
E07000226,Crawley,Local Authority District,Food outlets,15/03/2015,1.2,Rate per 1000 people,Rate per 1000 people,,,,
E07000226,Crawley,Local Authority District,Food outlets,15/03/2014,1.2,Rate per 1000 people,Rate per 1000 people,,,,
E07000226,Crawley,Local Authority District,Food outlets,15/03/2013,1,Rate per 1000 people,Rate per 1000 people,,,,
E07000226,Crawley,Local Authority District,Food outlets,15/03/2012,1.1,Rate per 1000 people,Rate per 1000 people,,,,
E07000226,Crawley,Local Authority District,Food outlets,15/03/2011,1.1,Rate per 1000 people,Rate per 1000 people,,,,
E07000226,Crawley,Local Authority District,Food outlets,15/03/2010,1.2,Rate per 1000 people,Rate per 1000 people,,,,
E07000227,Horsham,Local Authority District,Food outlets,15/03/2026,1.8,Rate per 1000 people,Rate per 1000 people,,,,
E07000227,Horsham,Local Authority District,Food outlets,15/03/2025,1.8,Rate per 1000 people,Rate per 1000 people,,,,
E07000227,Horsham,Local Authority District,Food outlets,15/03/2024,1.8,Rate per 1000 people,Rate per 1000 people,,,,
E07000227,Horsham,Local Authority District,Food outlets,15/03/2023,1.8,Rate per 1000 people,Rate per 1000 people,,,,
E07000227,Horsham,Local Authority District,Food outlets,15/03/2022,1.8,Rate per 1000 people,Rate per 1000 people,,,,
E07000227,Horsham,Local Authority District,Food outlets,15/03/2021,1.9,Rate per 1000 people,Rate per 1000 people,,,,
E07000227,Horsham,Local Authority District,Food outlets,15/03/2020,1.7,Rate per 1000 people,Rate per 1000 people,,,,
E07000227,Horsham,Local Authority District,Food outlets,15/03/2019,1.6,Rate per 1000 people,Rate per 1000 people,,,,
E07000227,Horsham,Local Authority District,Food outlets,15/03/2018,1.6,Rate per 1000 people,Rate per 1000 people,,,,
E07000227,Horsham,Local Authority District,Food outlets,15/03/2017,1.7,Rate per 1000 people,Rate per 1000 people,,,,
E07000227,Horsham,Local Authority District,Food outlets,15/03/2016,1.7,Rate per 1000 people,Rate per 1000 people,,,,
E07000227,Horsham,Local Authority District,Food outlets,15/03/2015,1.7,Rate per 1000 people,Rate per 1000 people,,,,
E07000227,Horsham,Local Authority District,Food outlets,15/03/2014,1.7,Rate per 1000 people,Rate per 1000 people,,,,
E07000227,Horsham,Local Authority District,Food outlets,15/03/2013,1.6,Rate per 1000 people,Rate per 1000 people,,,,
E07000227,Horsham,Local Authority District,Food outlets,15/03/2012,1.7,Rate per 1000 people,Rate per 1000 people,,,,
E07000227,Horsham,Local Authority District,Food outlets,15/03/2011,1.6,Rate per 1000 people,Rate per 1000 people,,,,
E07000227,Horsham,Local Authority District,Food outlets,15/03/2010,1.7,Rate per 1000 people,Rate per 1000 people,,,,
E07000228,Mid Sussex,Local Authority District,Food outlets,15/03/2026,1.8,Rate per 1000 people,Rate per 1000 people,,,,
E07000228,Mid Sussex,Local Authority District,Food outlets,15/03/2025,1.7,Rate per 1000 people,Rate per 1000 people,,,,
E07000228,Mid Sussex,Local Authority District,Food outlets,15/03/2024,1.7,Rate per 1000 people,Rate per 1000 people,,,,
E07000228,Mid Sussex,Local Authority District,Food outlets,15/03/2023,1.8,Rate per 1000 people,Rate per 1000 people,,,,
E07000228,Mid Sussex,Local Authority District,Food outlets,15/03/2022,1.9,Rate per 1000 people,Rate per 1000 people,,,,
E07000228,Mid Sussex,Local Authority District,Food outlets,15/03/2021,1.7,Rate per 1000 people,Rate per 1000 people,,,,
E07000228,Mid Sussex,Local Authority District,Food outlets,15/03/2020,1.7,Rate per 1000 people,Rate per 1000 people,,,,
E07000228,Mid Sussex,Local Authority District,Food outlets,15/03/2019,1.6,Rate per 1000 people,Rate per 1000 people,,,,
E07000228,Mid Sussex,Local Authority District,Food outlets,15/03/2018,1.6,Rate per 1000 people,Rate per 1000 people,,,,
E07000228,Mid Sussex,Local Authority District,Food outlets,15/03/2017,1.7,Rate per 1000 people,Rate per 1000 people,,,,
E07000228,Mid Sussex,Local Authority District,Food outlets,15/03/2016,1.6,Rate per 1000 people,Rate per 1000 people,,,,
E07000228,Mid Sussex,Local Authority District,Food outlets,15/03/2015,1.6,Rate per 1000 people,Rate per 1000 people,,,,
E07000228,Mid Sussex,Local Authority District,Food outlets,15/03/2014,1.7,Rate per 1000 people,Rate per 1000 people,,,,
E07000228,Mid Sussex,Local Authority District,Food outlets,15/03/2013,1.6,Rate per 1000 people,Rate per 1000 people,,,,
E07000228,Mid Sussex,Local Authority District,Food outlets,15/03/2012,1.6,Rate per 1000 people,Rate per 1000 people,,,,
E07000228,Mid Sussex,Local Authority District,Food outlets,15/03/2011,1.7,Rate per 1000 people,Rate per 1000 people,,,,
E07000228,Mid Sussex,Local Authority District,Food outlets,15/03/2010,1.7,Rate per 1000 people,Rate per 1000 people,,,,
E07000229,Worthing,Local Authority District,Food outlets,15/03/2026,2.5,Rate per 1000 people,Rate per 1000 people,,,,
E07000229,Worthing,Local Authority District,Food outlets,15/03/2025,2.6,Rate per 1000 people,Rate per 1000 people,,,,
E07000229,Worthing,Local Authority District,Food outlets,15/03/2024,2.6,Rate per 1000 people,Rate per 1000 people,,,,
E07000229,Worthing,Local Authority District,Food outlets,15/03/2023,2.7,Rate per 1000 people,Rate per 1000 people,,,,
E07000229,Worthing,Local Authority District,Food outlets,15/03/2022,2.5,Rate per 1000 people,Rate per 1000 people,,,,
E07000229,Worthing,Local Authority District,Food outlets,15/03/2021,2.3,Rate per 1000 people,Rate per 1000 people,,,,
E07000229,Worthing,Local Authority District,Food outlets,15/03/2020,2.3,Rate per 1000 people,Rate per 1000 people,,,,
E07000229,Worthing,Local Authority District,Food outlets,15/03/2019,2.3,Rate per 1000 people,Rate per 1000 people,,,,
E07000229,Worthing,Local Authority District,Food outlets,15/03/2018,2.3,Rate per 1000 people,Rate per 1000 people,,,,
E07000229,Worthing,Local Authority District,Food outlets,15/03/2017,2.2,Rate per 1000 people,Rate per 1000 people,,,,
E07000229,Worthing,Local Authority District,Food outlets,15/03/2016,2.2,Rate per 1000 people,Rate per 1000 people,,,,
E07000229,Worthing,Local Authority District,Food outlets,15/03/2015,2.3,Rate per 1000 people,Rate per 1000 people,,,,
E07000229,Worthing,Local Authority District,Food outlets,15/03/2014,2.1,Rate per 1000 people,Rate per 1000 people,,,,
E07000229,Worthing,Local Authority District,Food outlets,15/03/2013,2.1,Rate per 1000 people,Rate per 1000 people,,,,
E07000229,Worthing,Local Authority District,Food outlets,15/03/2012,2,Rate per 1000 people,Rate per 1000 people,,,,
E07000229,Worthing,Local Authority District,Food outlets,15/03/2011,2,Rate per 1000 people,Rate per 1000 people,,,,
E07000229,Worthing,Local Authority District,Food outlets,15/03/2010,2,Rate per 1000 people,Rate per 1000 people,,,,
E12000009,South West,Region,Food outlets,15/03/2026,2.3,Rate per 1000 people,Rate per 1000 people,,,,
E12000009,South West,Region,Food outlets,15/03/2025,2.3,Rate per 1000 people,Rate per 1000 people,,,,
E12000009,South West,Region,Food outlets,15/03/2024,2.3,Rate per 1000 people,Rate per 1000 people,,,,
E12000009,South West,Region,Food outlets,15/03/2023,2.4,Rate per 1000 people,Rate per 1000 people,,,,
E12000009,South West,Region,Food outlets,15/03/2022,2.3,Rate per 1000 people,Rate per 1000 people,,,,
E12000009,South West,Region,Food outlets,15/03/2021,2.3,Rate per 1000 people,Rate per 1000 people,,,,
E12000009,South West,Region,Food outlets,15/03/2020,2.3,Rate per 1000 people,Rate per 1000 people,,,,
E12000009,South West,Region,Food outlets,15/03/2019,2.2,Rate per 1000 people,Rate per 1000 people,,,,
E12000009,South West,Region,Food outlets,15/03/2018,2.2,Rate per 1000 people,Rate per 1000 people,,,,
E12000009,South West,Region,Food outlets,15/03/2017,2.2,Rate per 1000 people,Rate per 1000 people,,,,
E12000009,South West,Region,Food outlets,15/03/2016,2.2,Rate per 1000 people,Rate per 1000 people,,,,
E12000009,South West,Region,Food outlets,15/03/2015,2.2,Rate per 1000 people,Rate per 1000 people,,,,
E12000009,South West,Region,Food outlets,15/03/2014,2.1,Rate per 1000 people,Rate per 1000 people,,,,
E12000009,South West,Region,Food outlets,15/03/2013,2.1,Rate per 1000 people,Rate per 1000 people,,,,
E12000009,South West,Region,Food outlets,15/03/2012,2.1,Rate per 1000 people,Rate per 1000 people,,,,
E12000009,South West,Region,Food outlets,15/03/2011,2.1,Rate per 1000 people,Rate per 1000 people,,,,
E12000009,South West,Region,Food outlets,15/03/2010,2.2,Rate per 1000 people,Rate per 1000 people,,,,
E47000009,West of England,Combined Authority or City Region,Food outlets,15/03/2026,2.2,Rate per 1000 people,Rate per 1000 people,,,,
E47000009,West of England,Combined Authority or City Region,Food outlets,15/03/2025,2.2,Rate per 1000 people,Rate per 1000 people,,,,
E47000009,West of England,Combined Authority or City Region,Food outlets,15/03/2024,2.2,Rate per 1000 people,Rate per 1000 people,,,,
E47000009,West of England,Combined Authority or City Region,Food outlets,15/03/2023,2.2,Rate per 1000 people,Rate per 1000 people,,,,
E47000009,West of England,Combined Authority or City Region,Food outlets,15/03/2022,2.2,Rate per 1000 people,Rate per 1000 people,,,,
E47000009,West of England,Combined Authority or City Region,Food outlets,15/03/2021,2.2,Rate per 1000 people,Rate per 1000 people,,,,
E47000009,West of England,Combined Authority or City Region,Food outlets,15/03/2020,2.2,Rate per 1000 people,Rate per 1000 people,,,,
E47000009,West of England,Combined Authority or City Region,Food outlets,15/03/2019,2,Rate per 1000 people,Rate per 1000 people,,,,
E47000009,West of England,Combined Authority or City Region,Food outlets,15/03/2014,1.8,Rate per 1000 people,Rate per 1000 people,,,,
E47000009,West of England,Combined Authority or City Region,Food outlets,15/03/2017,2,Rate per 1000 people,Rate per 1000 people,,,,
E47000009,West of England,Combined Authority or City Region,Food outlets,15/03/2016,2,Rate per 1000 people,Rate per 1000 people,,,,
E47000009,West of England,Combined Authority or City Region,Food outlets,15/03/2015,2,Rate per 1000 people,Rate per 1000 people,,,,
E47000009,West of England,Combined Authority or City Region,Food outlets,15/03/2018,2,Rate per 1000 people,Rate per 1000 people,,,,
E47000009,West of England,Combined Authority or City Region,Food outlets,15/03/2013,1.8,Rate per 1000 people,Rate per 1000 people,,,,
E47000009,West of England,Combined Authority or City Region,Food outlets,15/03/2012,1.8,Rate per 1000 people,Rate per 1000 people,,,,
E47000009,West of England,Combined Authority or City Region,Food outlets,15/03/2011,1.8,Rate per 1000 people,Rate per 1000 people,,,,
E47000009,West of England,Combined Authority or City Region,Food outlets,15/03/2010,1.9,Rate per 1000 people,Rate per 1000 people,,,,
E47000015,Devon and Torbay,Combined Authority or City Region,Food outlets,15/03/2026,2.5,Rate per 1000 people,Rate per 1000 people,,,,
E47000015,Devon and Torbay,Combined Authority or City Region,Food outlets,15/03/2025,2.5,Rate per 1000 people,Rate per 1000 people,,,,
E47000015,Devon and Torbay,Combined Authority or City Region,Food outlets,15/03/2024,2.5,Rate per 1000 people,Rate per 1000 people,,,,
E47000015,Devon and Torbay,Combined Authority or City Region,Food outlets,15/03/2023,2.6,Rate per 1000 people,Rate per 1000 people,,,,
E47000015,Devon and Torbay,Combined Authority or City Region,Food outlets,15/03/2022,2.6,Rate per 1000 people,Rate per 1000 people,,,,
E47000015,Devon and Torbay,Combined Authority or City Region,Food outlets,15/03/2020,2.5,Rate per 1000 people,Rate per 1000 people,,,,
E47000015,Devon and Torbay,Combined Authority or City Region,Food outlets,15/03/2019,2.6,Rate per 1000 people,Rate per 1000 people,,,,
E47000015,Devon and Torbay,Combined Authority or City Region,Food outlets,15/03/2018,2.6,Rate per 1000 people,Rate per 1000 people,,,,
E47000015,Devon and Torbay,Combined Authority or City Region,Food outlets,15/03/2021,2.6,Rate per 1000 people,Rate per 1000 people,,,,
E47000015,Devon and Torbay,Combined Authority or City Region,Food outlets,15/03/2016,2.5,Rate per 1000 people,Rate per 1000 people,,,,
E47000015,Devon and Torbay,Combined Authority or City Region,Food outlets,15/03/2015,2.6,Rate per 1000 people,Rate per 1000 people,,,,
E47000015,Devon and Torbay,Combined Authority or City Region,Food outlets,15/03/2014,2.4,Rate per 1000 people,Rate per 1000 people,,,,
E47000015,Devon and Torbay,Combined Authority or City Region,Food outlets,15/03/2013,2.4,Rate per 1000 people,Rate per 1000 people,,,,
E47000015,Devon and Torbay,Combined Authority or City Region,Food outlets,15/03/2012,2.5,Rate per 1000 people,Rate per 1000 people,,,,
E47000015,Devon and Torbay,Combined Authority or City Region,Food outlets,15/03/2011,2.5,Rate per 1000 people,Rate per 1000 people,,,,
E47000015,Devon and Torbay,Combined Authority or City Region,Food outlets,15/03/2010,2.5,Rate per 1000 people,Rate per 1000 people,,,,
E47000015,Devon and Torbay,Combined Authority or City Region,Food outlets,15/03/2017,2.5,Rate per 1000 people,Rate per 1000 people,,,,
E06000022,Bath and North East Somerset,County or Unitary Authority,Food outlets,15/03/2022,2.3,Rate per 1000 people,Rate per 1000 people,,,,
E06000022,Bath and North East Somerset,County or Unitary Authority,Food outlets,15/03/2021,2.7,Rate per 1000 people,Rate per 1000 people,,,,
E06000022,Bath and North East Somerset,County or Unitary Authority,Food outlets,15/03/2020,2.4,Rate per 1000 people,Rate per 1000 people,,,,
E06000022,Bath and North East Somerset,County or Unitary Authority,Food outlets,15/03/2019,2.3,Rate per 1000 people,Rate per 1000 people,,,,
E06000022,Bath and North East Somerset,County or Unitary Authority,Food outlets,15/03/2025,2.3,Rate per 1000 people,Rate per 1000 people,,,,
E06000022,Bath and North East Somerset,County or Unitary Authority,Food outlets,15/03/2023,2.3,Rate per 1000 people,Rate per 1000 people,,,,
E06000022,Bath and North East Somerset,County or Unitary Authority,Food outlets,15/03/2026,2.4,Rate per 1000 people,Rate per 1000 people,,,,
E06000022,Bath and North East Somerset,County or Unitary Authority,Food outlets,15/03/2018,2.3,Rate per 1000 people,Rate per 1000 people,,,,
E06000022,Bath and North East Somerset,County or Unitary Authority,Food outlets,15/03/2024,2.3,Rate per 1000 people,Rate per 1000 people,,,,
E06000022,Bath and North East Somerset,County or Unitary Authority,Food outlets,15/03/2013,2.3,Rate per 1000 people,Rate per 1000 people,,,,
E06000022,Bath and North East Somerset,County or Unitary Authority,Food outlets,15/03/2012,2.4,Rate per 1000 people,Rate per 1000 people,,,,
E06000022,Bath and North East Somerset,County or Unitary Authority,Food outlets,15/03/2011,2.4,Rate per 1000 people,Rate per 1000 people,,,,
E06000022,Bath and North East Somerset,County or Unitary Authority,Food outlets,15/03/2010,2.4,Rate per 1000 people,Rate per 1000 people,,,,
E06000022,Bath and North East Somerset,County or Unitary Authority,Food outlets,15/03/2014,2.3,Rate per 1000 people,Rate per 1000 people,,,,
E06000022,Bath and North East Somerset,County or Unitary Authority,Food outlets,15/03/2017,2.4,Rate per 1000 people,Rate per 1000 people,,,,
E06000022,Bath and North East Somerset,County or Unitary Authority,Food outlets,15/03/2016,2.3,Rate per 1000 people,Rate per 1000 people,,,,
E06000022,Bath and North East Somerset,County or Unitary Authority,Food outlets,15/03/2015,2.4,Rate per 1000 people,Rate per 1000 people,,,,
E06000058,"Bournemouth, Christchurch and Poole",County or Unitary Authority,Food outlets,15/03/2022,2.2,Rate per 1000 people,Rate per 1000 people,,,,
E06000058,"Bournemouth, Christchurch and Poole",County or Unitary Authority,Food outlets,15/03/2021,2.1,Rate per 1000 people,Rate per 1000 people,,,,
E06000058,"Bournemouth, Christchurch and Poole",County or Unitary Authority,Food outlets,15/03/2020,2.1,Rate per 1000 people,Rate per 1000 people,,,,
E06000058,"Bournemouth, Christchurch and Poole",County or Unitary Authority,Food outlets,15/03/2019,2,Rate per 1000 people,Rate per 1000 people,,,,
E06000058,"Bournemouth, Christchurch and Poole",County or Unitary Authority,Food outlets,15/03/2026,2.2,Rate per 1000 people,Rate per 1000 people,,,,
E06000058,"Bournemouth, Christchurch and Poole",County or Unitary Authority,Food outlets,15/03/2018,1.9,Rate per 1000 people,Rate per 1000 people,,,,
E06000058,"Bournemouth, Christchurch and Poole",County or Unitary Authority,Food outlets,15/03/2023,2.2,Rate per 1000 people,Rate per 1000 people,,,,
E06000058,"Bournemouth, Christchurch and Poole",County or Unitary Authority,Food outlets,15/03/2025,2.2,Rate per 1000 people,Rate per 1000 people,,,,
E06000058,"Bournemouth, Christchurch and Poole",County or Unitary Authority,Food outlets,15/03/2024,2.2,Rate per 1000 people,Rate per 1000 people,,,,
E06000058,"Bournemouth, Christchurch and Poole",County or Unitary Authority,Food outlets,15/03/2017,2,Rate per 1000 people,Rate per 1000 people,,,,
E06000058,"Bournemouth, Christchurch and Poole",County or Unitary Authority,Food outlets,15/03/2010,1.8,Rate per 1000 people,Rate per 1000 people,,,,
E06000058,"Bournemouth, Christchurch and Poole",County or Unitary Authority,Food outlets,15/03/2011,1.7,Rate per 1000 people,Rate per 1000 people,,,,
E06000058,"Bournemouth, Christchurch and Poole",County or Unitary Authority,Food outlets,15/03/2012,1.8,Rate per 1000 people,Rate per 1000 people,,,,
E06000058,"Bournemouth, Christchurch and Poole",County or Unitary Authority,Food outlets,15/03/2013,1.7,Rate per 1000 people,Rate per 1000 people,,,,
E06000058,"Bournemouth, Christchurch and Poole",County or Unitary Authority,Food outlets,15/03/2014,1.8,Rate per 1000 people,Rate per 1000 people,,,,
E06000058,"Bournemouth, Christchurch and Poole",County or Unitary Authority,Food outlets,15/03/2016,2,Rate per 1000 people,Rate per 1000 people,,,,
E06000058,"Bournemouth, Christchurch and Poole",County or Unitary Authority,Food outlets,15/03/2015,1.9,Rate per 1000 people,Rate per 1000 people,,,,
E06000023,"Bristol, City of",County or Unitary Authority,Food outlets,15/03/2021,2.6,Rate per 1000 people,Rate per 1000 people,,,,
E06000023,"Bristol, City of",County or Unitary Authority,Food outlets,15/03/2022,2.6,Rate per 1000 people,Rate per 1000 people,,,,
E06000023,"Bristol, City of",County or Unitary Authority,Food outlets,15/03/2019,2.4,Rate per 1000 people,Rate per 1000 people,,,,
E06000023,"Bristol, City of",County or Unitary Authority,Food outlets,15/03/2020,2.6,Rate per 1000 people,Rate per 1000 people,,,,
E06000023,"Bristol, City of",County or Unitary Authority,Food outlets,15/03/2024,2.6,Rate per 1000 people,Rate per 1000 people,,,,
E06000023,"Bristol, City of",County or Unitary Authority,Food outlets,15/03/2023,2.6,Rate per 1000 people,Rate per 1000 people,,,,
E06000023,"Bristol, City of",County or Unitary Authority,Food outlets,15/03/2026,2.6,Rate per 1000 people,Rate per 1000 people,,,,
E06000023,"Bristol, City of",County or Unitary Authority,Food outlets,15/03/2025,2.6,Rate per 1000 people,Rate per 1000 people,,,,
E06000023,"Bristol, City of",County or Unitary Authority,Food outlets,15/03/2018,2.3,Rate per 1000 people,Rate per 1000 people,,,,
E06000023,"Bristol, City of",County or Unitary Authority,Food outlets,15/03/2010,2,Rate per 1000 people,Rate per 1000 people,,,,
E06000023,"Bristol, City of",County or Unitary Authority,Food outlets,15/03/2013,1.9,Rate per 1000 people,Rate per 1000 people,,,,
E06000023,"Bristol, City of",County or Unitary Authority,Food outlets,15/03/2012,1.9,Rate per 1000 people,Rate per 1000 people,,,,
E06000023,"Bristol, City of",County or Unitary Authority,Food outlets,15/03/2011,1.9,Rate per 1000 people,Rate per 1000 people,,,,
E06000023,"Bristol, City of",County or Unitary Authority,Food outlets,15/03/2014,2,Rate per 1000 people,Rate per 1000 people,,,,
E06000023,"Bristol, City of",County or Unitary Authority,Food outlets,15/03/2017,2.2,Rate per 1000 people,Rate per 1000 people,,,,
E06000023,"Bristol, City of",County or Unitary Authority,Food outlets,15/03/2016,2.2,Rate per 1000 people,Rate per 1000 people,,,,
E06000023,"Bristol, City of",County or Unitary Authority,Food outlets,15/03/2015,2.2,Rate per 1000 people,Rate per 1000 people,,,,
E06000052,Cornwall,County or Unitary Authority,Food outlets,15/03/2022,3.1,Rate per 1000 people,Rate per 1000 people,,,,
E06000052,Cornwall,County or Unitary Authority,Food outlets,15/03/2021,3,Rate per 1000 people,Rate per 1000 people,,,,
E06000052,Cornwall,County or Unitary Authority,Food outlets,15/03/2020,3.1,Rate per 1000 people,Rate per 1000 people,,,,
E06000052,Cornwall,County or Unitary Authority,Food outlets,15/03/2026,3.1,Rate per 1000 people,Rate per 1000 people,,,,
E06000052,Cornwall,County or Unitary Authority,Food outlets,15/03/2019,3,Rate per 1000 people,Rate per 1000 people,,,,
E06000052,Cornwall,County or Unitary Authority,Food outlets,15/03/2018,3,Rate per 1000 people,Rate per 1000 people,,,,
E06000052,Cornwall,County or Unitary Authority,Food outlets,15/03/2023,3.1,Rate per 1000 people,Rate per 1000 people,,,,
E06000052,Cornwall,County or Unitary Authority,Food outlets,15/03/2025,3,Rate per 1000 people,Rate per 1000 people,,,,
E06000052,Cornwall,County or Unitary Authority,Food outlets,15/03/2024,3,Rate per 1000 people,Rate per 1000 people,,,,
E06000052,Cornwall,County or Unitary Authority,Food outlets,15/03/2016,2.9,Rate per 1000 people,Rate per 1000 people,,,,
E06000052,Cornwall,County or Unitary Authority,Food outlets,15/03/2010,2.8,Rate per 1000 people,Rate per 1000 people,,,,
E06000052,Cornwall,County or Unitary Authority,Food outlets,15/03/2011,2.7,Rate per 1000 people,Rate per 1000 people,,,,
E06000052,Cornwall,County or Unitary Authority,Food outlets,15/03/2012,2.7,Rate per 1000 people,Rate per 1000 people,,,,
E06000052,Cornwall,County or Unitary Authority,Food outlets,15/03/2013,2.7,Rate per 1000 people,Rate per 1000 people,,,,
E06000052,Cornwall,County or Unitary Authority,Food outlets,15/03/2014,2.8,Rate per 1000 people,Rate per 1000 people,,,,
E06000052,Cornwall,County or Unitary Authority,Food outlets,15/03/2017,2.9,Rate per 1000 people,Rate per 1000 people,,,,
E06000052,Cornwall,County or Unitary Authority,Food outlets,15/03/2015,3,Rate per 1000 people,Rate per 1000 people,,,,
E06000059,Dorset,County or Unitary Authority,Food outlets,15/03/2022,2.5,Rate per 1000 people,Rate per 1000 people,,,,
E06000059,Dorset,County or Unitary Authority,Food outlets,15/03/2020,2.4,Rate per 1000 people,Rate per 1000 people,,,,
E06000059,Dorset,County or Unitary Authority,Food outlets,15/03/2021,2.5,Rate per 1000 people,Rate per 1000 people,,,,
E06000059,Dorset,County or Unitary Authority,Food outlets,15/03/2019,2.4,Rate per 1000 people,Rate per 1000 people,,,,
E06000059,Dorset,County or Unitary Authority,Food outlets,15/03/2026,2.6,Rate per 1000 people,Rate per 1000 people,,,,
E06000059,Dorset,County or Unitary Authority,Food outlets,15/03/2023,2.6,Rate per 1000 people,Rate per 1000 people,,,,
E06000059,Dorset,County or Unitary Authority,Food outlets,15/03/2018,2.4,Rate per 1000 people,Rate per 1000 people,,,,
E06000059,Dorset,County or Unitary Authority,Food outlets,15/03/2025,2.6,Rate per 1000 people,Rate per 1000 people,,,,
E06000059,Dorset,County or Unitary Authority,Food outlets,15/03/2024,2.6,Rate per 1000 people,Rate per 1000 people,,,,
E06000059,Dorset,County or Unitary Authority,Food outlets,15/03/2016,2.4,Rate per 1000 people,Rate per 1000 people,,,,
E06000059,Dorset,County or Unitary Authority,Food outlets,15/03/2010,2.3,Rate per 1000 people,Rate per 1000 people,,,,
E06000059,Dorset,County or Unitary Authority,Food outlets,15/03/2011,2.2,Rate per 1000 people,Rate per 1000 people,,,,
E06000059,Dorset,County or Unitary Authority,Food outlets,15/03/2012,2.2,Rate per 1000 people,Rate per 1000 people,,,,
E06000059,Dorset,County or Unitary Authority,Food outlets,15/03/2013,2.2,Rate per 1000 people,Rate per 1000 people,,,,
E06000059,Dorset,County or Unitary Authority,Food outlets,15/03/2014,2.3,Rate per 1000 people,Rate per 1000 people,,,,
E06000059,Dorset,County or Unitary Authority,Food outlets,15/03/2017,2.4,Rate per 1000 people,Rate per 1000 people,,,,
E06000059,Dorset,County or Unitary Authority,Food outlets,15/03/2015,2.3,Rate per 1000 people,Rate per 1000 people,,,,
E06000053,Isles of Scilly,County or Unitary Authority,Food outlets,15/03/2019,11.9,Rate per 1000 people,Rate per 1000 people,,,,
E06000053,Isles of Scilly,County or Unitary Authority,Food outlets,15/03/2022,12.8,Rate per 1000 people,Rate per 1000 people,,,,
E06000053,Isles of Scilly,County or Unitary Authority,Food outlets,15/03/2021,8.8,Rate per 1000 people,Rate per 1000 people,,,,
E06000053,Isles of Scilly,County or Unitary Authority,Food outlets,15/03/2020,12.3,Rate per 1000 people,Rate per 1000 people,,,,
E06000053,Isles of Scilly,County or Unitary Authority,Food outlets,15/03/2023,12.2,Rate per 1000 people,Rate per 1000 people,,,,
E06000053,Isles of Scilly,County or Unitary Authority,Food outlets,15/03/2018,13.9,Rate per 1000 people,Rate per 1000 people,,,,
E06000053,Isles of Scilly,County or Unitary Authority,Food outlets,15/03/2026,13,Rate per 1000 people,Rate per 1000 people,,,,
E06000053,Isles of Scilly,County or Unitary Authority,Food outlets,15/03/2025,13,Rate per 1000 people,Rate per 1000 people,,,,
E06000053,Isles of Scilly,County or Unitary Authority,Food outlets,15/03/2024,10.5,Rate per 1000 people,Rate per 1000 people,,,,
E06000053,Isles of Scilly,County or Unitary Authority,Food outlets,15/03/2013,9,Rate per 1000 people,Rate per 1000 people,,,,
E06000053,Isles of Scilly,County or Unitary Authority,Food outlets,15/03/2012,11.1,Rate per 1000 people,Rate per 1000 people,,,,
E06000053,Isles of Scilly,County or Unitary Authority,Food outlets,15/03/2011,9,Rate per 1000 people,Rate per 1000 people,,,,
E06000053,Isles of Scilly,County or Unitary Authority,Food outlets,15/03/2010,9,Rate per 1000 people,Rate per 1000 people,,,,
E06000053,Isles of Scilly,County or Unitary Authority,Food outlets,15/03/2014,11.4,Rate per 1000 people,Rate per 1000 people,,,,
E06000053,Isles of Scilly,County or Unitary Authority,Food outlets,15/03/2017,13.8,Rate per 1000 people,Rate per 1000 people,,,,
E06000053,Isles of Scilly,County or Unitary Authority,Food outlets,15/03/2016,13.4,Rate per 1000 people,Rate per 1000 people,,,,
E06000053,Isles of Scilly,County or Unitary Authority,Food outlets,15/03/2015,13.4,Rate per 1000 people,Rate per 1000 people,,,,
E06000024,North Somerset,County or Unitary Authority,Food outlets,15/03/2022,2.1,Rate per 1000 people,Rate per 1000 people,,,,
E06000024,North Somerset,County or Unitary Authority,Food outlets,15/03/2021,1.9,Rate per 1000 people,Rate per 1000 people,,,,
E06000024,North Somerset,County or Unitary Authority,Food outlets,15/03/2019,1.9,Rate per 1000 people,Rate per 1000 people,,,,
E06000024,North Somerset,County or Unitary Authority,Food outlets,15/03/2020,2,Rate per 1000 people,Rate per 1000 people,,,,
E06000024,North Somerset,County or Unitary Authority,Food outlets,15/03/2024,1.9,Rate per 1000 people,Rate per 1000 people,,,,
E06000024,North Somerset,County or Unitary Authority,Food outlets,15/03/2023,2.3,Rate per 1000 people,Rate per 1000 people,,,,
E06000024,North Somerset,County or Unitary Authority,Food outlets,15/03/2026,2,Rate per 1000 people,Rate per 1000 people,,,,
E06000024,North Somerset,County or Unitary Authority,Food outlets,15/03/2025,1.9,Rate per 1000 people,Rate per 1000 people,,,,
E06000024,North Somerset,County or Unitary Authority,Food outlets,15/03/2018,1.8,Rate per 1000 people,Rate per 1000 people,,,,
E06000024,North Somerset,County or Unitary Authority,Food outlets,15/03/2013,1.7,Rate per 1000 people,Rate per 1000 people,,,,
E06000024,North Somerset,County or Unitary Authority,Food outlets,15/03/2012,1.9,Rate per 1000 people,Rate per 1000 people,,,,
E06000024,North Somerset,County or Unitary Authority,Food outlets,15/03/2011,1.8,Rate per 1000 people,Rate per 1000 people,,,,
E06000024,North Somerset,County or Unitary Authority,Food outlets,15/03/2010,1.9,Rate per 1000 people,Rate per 1000 people,,,,
E06000024,North Somerset,County or Unitary Authority,Food outlets,15/03/2014,1.7,Rate per 1000 people,Rate per 1000 people,,,,
E06000024,North Somerset,County or Unitary Authority,Food outlets,15/03/2017,1.8,Rate per 1000 people,Rate per 1000 people,,,,
E06000024,North Somerset,County or Unitary Authority,Food outlets,15/03/2016,1.8,Rate per 1000 people,Rate per 1000 people,,,,
E06000024,North Somerset,County or Unitary Authority,Food outlets,15/03/2015,1.9,Rate per 1000 people,Rate per 1000 people,,,,
E06000026,Plymouth,County or Unitary Authority,Food outlets,15/03/2022,2.1,Rate per 1000 people,Rate per 1000 people,,,,
E06000026,Plymouth,County or Unitary Authority,Food outlets,15/03/2021,2,Rate per 1000 people,Rate per 1000 people,,,,
E06000026,Plymouth,County or Unitary Authority,Food outlets,15/03/2020,1.9,Rate per 1000 people,Rate per 1000 people,,,,
E06000026,Plymouth,County or Unitary Authority,Food outlets,15/03/2019,1.9,Rate per 1000 people,Rate per 1000 people,,,,
E06000026,Plymouth,County or Unitary Authority,Food outlets,15/03/2024,2.1,Rate per 1000 people,Rate per 1000 people,,,,
E06000026,Plymouth,County or Unitary Authority,Food outlets,15/03/2023,2.1,Rate per 1000 people,Rate per 1000 people,,,,
E06000026,Plymouth,County or Unitary Authority,Food outlets,15/03/2018,1.9,Rate per 1000 people,Rate per 1000 people,,,,
E06000026,Plymouth,County or Unitary Authority,Food outlets,15/03/2026,2,Rate per 1000 people,Rate per 1000 people,,,,
E06000026,Plymouth,County or Unitary Authority,Food outlets,15/03/2025,2,Rate per 1000 people,Rate per 1000 people,,,,
E06000026,Plymouth,County or Unitary Authority,Food outlets,15/03/2013,1.8,Rate per 1000 people,Rate per 1000 people,,,,
E06000026,Plymouth,County or Unitary Authority,Food outlets,15/03/2012,1.9,Rate per 1000 people,Rate per 1000 people,,,,
E06000026,Plymouth,County or Unitary Authority,Food outlets,15/03/2011,1.8,Rate per 1000 people,Rate per 1000 people,,,,
E06000026,Plymouth,County or Unitary Authority,Food outlets,15/03/2010,1.9,Rate per 1000 people,Rate per 1000 people,,,,
E06000026,Plymouth,County or Unitary Authority,Food outlets,15/03/2014,1.8,Rate per 1000 people,Rate per 1000 people,,,,
E06000026,Plymouth,County or Unitary Authority,Food outlets,15/03/2017,1.9,Rate per 1000 people,Rate per 1000 people,,,,
E06000026,Plymouth,County or Unitary Authority,Food outlets,15/03/2016,1.9,Rate per 1000 people,Rate per 1000 people,,,,
E06000026,Plymouth,County or Unitary Authority,Food outlets,15/03/2015,1.9,Rate per 1000 people,Rate per 1000 people,,,,
E06000066,Somerset,County or Unitary Authority,Food outlets,15/03/2026,2.2,Rate per 1000 people,Rate per 1000 people,,,,
E06000066,Somerset,County or Unitary Authority,Food outlets,15/03/2021,2.2,Rate per 1000 people,Rate per 1000 people,,,,
E06000066,Somerset,County or Unitary Authority,Food outlets,15/03/2020,2.2,Rate per 1000 people,Rate per 1000 people,,,,
E06000066,Somerset,County or Unitary Authority,Food outlets,15/03/2022,2.4,Rate per 1000 people,Rate per 1000 people,,,,
E06000066,Somerset,County or Unitary Authority,Food outlets,15/03/2019,2.2,Rate per 1000 people,Rate per 1000 people,,,,
E06000066,Somerset,County or Unitary Authority,Food outlets,15/03/2018,2.2,Rate per 1000 people,Rate per 1000 people,,,,
E06000066,Somerset,County or Unitary Authority,Food outlets,15/03/2023,2.5,Rate per 1000 people,Rate per 1000 people,,,,
E06000066,Somerset,County or Unitary Authority,Food outlets,15/03/2025,2.2,Rate per 1000 people,Rate per 1000 people,,,,
E06000066,Somerset,County or Unitary Authority,Food outlets,15/03/2024,2.2,Rate per 1000 people,Rate per 1000 people,,,,
E06000066,Somerset,County or Unitary Authority,Food outlets,15/03/2017,2.2,Rate per 1000 people,Rate per 1000 people,,,,
E06000066,Somerset,County or Unitary Authority,Food outlets,15/03/2010,2.2,Rate per 1000 people,Rate per 1000 people,,,,
E06000066,Somerset,County or Unitary Authority,Food outlets,15/03/2011,2.2,Rate per 1000 people,Rate per 1000 people,,,,
E06000066,Somerset,County or Unitary Authority,Food outlets,15/03/2012,2.1,Rate per 1000 people,Rate per 1000 people,,,,
E06000066,Somerset,County or Unitary Authority,Food outlets,15/03/2013,2.1,Rate per 1000 people,Rate per 1000 people,,,,
E06000066,Somerset,County or Unitary Authority,Food outlets,15/03/2014,2.1,Rate per 1000 people,Rate per 1000 people,,,,
E06000066,Somerset,County or Unitary Authority,Food outlets,15/03/2016,2.2,Rate per 1000 people,Rate per 1000 people,,,,
E06000066,Somerset,County or Unitary Authority,Food outlets,15/03/2015,2.2,Rate per 1000 people,Rate per 1000 people,,,,
E06000025,South Gloucestershire,County or Unitary Authority,Food outlets,15/03/2022,1.4,Rate per 1000 people,Rate per 1000 people,,,,
E06000025,South Gloucestershire,County or Unitary Authority,Food outlets,15/03/2021,1.4,Rate per 1000 people,Rate per 1000 people,,,,
E06000025,South Gloucestershire,County or Unitary Authority,Food outlets,15/03/2020,1.4,Rate per 1000 people,Rate per 1000 people,,,,
E06000025,South Gloucestershire,County or Unitary Authority,Food outlets,15/03/2019,1.3,Rate per 1000 people,Rate per 1000 people,,,,
E06000025,South Gloucestershire,County or Unitary Authority,Food outlets,15/03/2026,1.6,Rate per 1000 people,Rate per 1000 people,,,,
E06000025,South Gloucestershire,County or Unitary Authority,Food outlets,15/03/2018,1.3,Rate per 1000 people,Rate per 1000 people,,,,
E06000025,South Gloucestershire,County or Unitary Authority,Food outlets,15/03/2023,1.4,Rate per 1000 people,Rate per 1000 people,,,,
E06000025,South Gloucestershire,County or Unitary Authority,Food outlets,15/03/2025,1.5,Rate per 1000 people,Rate per 1000 people,,,,
E06000025,South Gloucestershire,County or Unitary Authority,Food outlets,15/03/2024,1.4,Rate per 1000 people,Rate per 1000 people,,,,
E06000025,South Gloucestershire,County or Unitary Authority,Food outlets,15/03/2013,1.2,Rate per 1000 people,Rate per 1000 people,,,,
E06000025,South Gloucestershire,County or Unitary Authority,Food outlets,15/03/2012,1.2,Rate per 1000 people,Rate per 1000 people,,,,
E06000025,South Gloucestershire,County or Unitary Authority,Food outlets,15/03/2011,1.3,Rate per 1000 people,Rate per 1000 people,,,,
E06000025,South Gloucestershire,County or Unitary Authority,Food outlets,15/03/2010,1.3,Rate per 1000 people,Rate per 1000 people,,,,
E06000025,South Gloucestershire,County or Unitary Authority,Food outlets,15/03/2017,1.3,Rate per 1000 people,Rate per 1000 people,,,,
E06000025,South Gloucestershire,County or Unitary Authority,Food outlets,15/03/2014,1.3,Rate per 1000 people,Rate per 1000 people,,,,
E06000025,South Gloucestershire,County or Unitary Authority,Food outlets,15/03/2016,1.3,Rate per 1000 people,Rate per 1000 people,,,,
E06000025,South Gloucestershire,County or Unitary Authority,Food outlets,15/03/2015,1.3,Rate per 1000 people,Rate per 1000 people,,,,
E06000030,Swindon,County or Unitary Authority,Food outlets,15/03/2022,1.5,Rate per 1000 people,Rate per 1000 people,,,,
E06000030,Swindon,County or Unitary Authority,Food outlets,15/03/2021,1.6,Rate per 1000 people,Rate per 1000 people,,,,
E06000030,Swindon,County or Unitary Authority,Food outlets,15/03/2019,1.6,Rate per 1000 people,Rate per 1000 people,,,,
E06000030,Swindon,County or Unitary Authority,Food outlets,15/03/2020,1.5,Rate per 1000 people,Rate per 1000 people,,,,
E06000030,Swindon,County or Unitary Authority,Food outlets,15/03/2024,1.6,Rate per 1000 people,Rate per 1000 people,,,,
E06000030,Swindon,County or Unitary Authority,Food outlets,15/03/2023,1.6,Rate per 1000 people,Rate per 1000 people,,,,
E06000030,Swindon,County or Unitary Authority,Food outlets,15/03/2026,1.8,Rate per 1000 people,Rate per 1000 people,,,,
E06000030,Swindon,County or Unitary Authority,Food outlets,15/03/2025,1.7,Rate per 1000 people,Rate per 1000 people,,,,
E06000030,Swindon,County or Unitary Authority,Food outlets,15/03/2018,1.6,Rate per 1000 people,Rate per 1000 people,,,,
E06000030,Swindon,County or Unitary Authority,Food outlets,15/03/2013,1.3,Rate per 1000 people,Rate per 1000 people,,,,
E06000030,Swindon,County or Unitary Authority,Food outlets,15/03/2012,1.5,Rate per 1000 people,Rate per 1000 people,,,,
E06000030,Swindon,County or Unitary Authority,Food outlets,15/03/2011,1.5,Rate per 1000 people,Rate per 1000 people,,,,
E06000030,Swindon,County or Unitary Authority,Food outlets,15/03/2010,1.5,Rate per 1000 people,Rate per 1000 people,,,,
E06000030,Swindon,County or Unitary Authority,Food outlets,15/03/2014,1.5,Rate per 1000 people,Rate per 1000 people,,,,
E06000030,Swindon,County or Unitary Authority,Food outlets,15/03/2017,1.5,Rate per 1000 people,Rate per 1000 people,,,,
E06000030,Swindon,County or Unitary Authority,Food outlets,15/03/2016,1.5,Rate per 1000 people,Rate per 1000 people,,,,
E06000030,Swindon,County or Unitary Authority,Food outlets,15/03/2015,1.6,Rate per 1000 people,Rate per 1000 people,,,,
E06000027,Torbay,County or Unitary Authority,Food outlets,15/03/2021,2.8,Rate per 1000 people,Rate per 1000 people,,,,
E06000027,Torbay,County or Unitary Authority,Food outlets,15/03/2020,2.8,Rate per 1000 people,Rate per 1000 people,,,,
E06000027,Torbay,County or Unitary Authority,Food outlets,15/03/2019,2.7,Rate per 1000 people,Rate per 1000 people,,,,
E06000027,Torbay,County or Unitary Authority,Food outlets,15/03/2026,2.7,Rate per 1000 people,Rate per 1000 people,,,,
E06000027,Torbay,County or Unitary Authority,Food outlets,15/03/2022,2.9,Rate per 1000 people,Rate per 1000 people,,,,
E06000027,Torbay,County or Unitary Authority,Food outlets,15/03/2024,2.7,Rate per 1000 people,Rate per 1000 people,,,,
E06000027,Torbay,County or Unitary Authority,Food outlets,15/03/2018,2.6,Rate per 1000 people,Rate per 1000 people,,,,
E06000027,Torbay,County or Unitary Authority,Food outlets,15/03/2025,2.7,Rate per 1000 people,Rate per 1000 people,,,,
E06000027,Torbay,County or Unitary Authority,Food outlets,15/03/2023,2.8,Rate per 1000 people,Rate per 1000 people,,,,
E06000027,Torbay,County or Unitary Authority,Food outlets,15/03/2013,2.6,Rate per 1000 people,Rate per 1000 people,,,,
E06000027,Torbay,County or Unitary Authority,Food outlets,15/03/2012,2.7,Rate per 1000 people,Rate per 1000 people,,,,
E06000027,Torbay,County or Unitary Authority,Food outlets,15/03/2011,2.7,Rate per 1000 people,Rate per 1000 people,,,,
E06000027,Torbay,County or Unitary Authority,Food outlets,15/03/2010,2.7,Rate per 1000 people,Rate per 1000 people,,,,
E06000027,Torbay,County or Unitary Authority,Food outlets,15/03/2017,2.6,Rate per 1000 people,Rate per 1000 people,,,,
E06000027,Torbay,County or Unitary Authority,Food outlets,15/03/2014,2.5,Rate per 1000 people,Rate per 1000 people,,,,
E06000027,Torbay,County or Unitary Authority,Food outlets,15/03/2016,2.7,Rate per 1000 people,Rate per 1000 people,,,,
E06000027,Torbay,County or Unitary Authority,Food outlets,15/03/2015,2.7,Rate per 1000 people,Rate per 1000 people,,,,
E06000054,Wiltshire,County or Unitary Authority,Food outlets,15/03/2021,1.9,Rate per 1000 people,Rate per 1000 people,,,,
E06000054,Wiltshire,County or Unitary Authority,Food outlets,15/03/2022,1.9,Rate per 1000 people,Rate per 1000 people,,,,
E06000054,Wiltshire,County or Unitary Authority,Food outlets,15/03/2020,1.9,Rate per 1000 people,Rate per 1000 people,,,,
E06000054,Wiltshire,County or Unitary Authority,Food outlets,15/03/2019,1.9,Rate per 1000 people,Rate per 1000 people,,,,
E06000054,Wiltshire,County or Unitary Authority,Food outlets,15/03/2024,1.9,Rate per 1000 people,Rate per 1000 people,,,,
E06000054,Wiltshire,County or Unitary Authority,Food outlets,15/03/2023,1.9,Rate per 1000 people,Rate per 1000 people,,,,
E06000054,Wiltshire,County or Unitary Authority,Food outlets,15/03/2026,2,Rate per 1000 people,Rate per 1000 people,,,,
E06000054,Wiltshire,County or Unitary Authority,Food outlets,15/03/2025,1.9,Rate per 1000 people,Rate per 1000 people,,,,
E06000054,Wiltshire,County or Unitary Authority,Food outlets,15/03/2018,1.9,Rate per 1000 people,Rate per 1000 people,,,,
E06000054,Wiltshire,County or Unitary Authority,Food outlets,15/03/2010,2.1,Rate per 1000 people,Rate per 1000 people,,,,
E06000054,Wiltshire,County or Unitary Authority,Food outlets,15/03/2011,2.1,Rate per 1000 people,Rate per 1000 people,,,,
E06000054,Wiltshire,County or Unitary Authority,Food outlets,15/03/2012,2,Rate per 1000 people,Rate per 1000 people,,,,
E06000054,Wiltshire,County or Unitary Authority,Food outlets,15/03/2013,2,Rate per 1000 people,Rate per 1000 people,,,,
E06000054,Wiltshire,County or Unitary Authority,Food outlets,15/03/2014,2,Rate per 1000 people,Rate per 1000 people,,,,
E06000054,Wiltshire,County or Unitary Authority,Food outlets,15/03/2017,2,Rate per 1000 people,Rate per 1000 people,,,,
E06000054,Wiltshire,County or Unitary Authority,Food outlets,15/03/2016,2,Rate per 1000 people,Rate per 1000 people,,,,
E06000054,Wiltshire,County or Unitary Authority,Food outlets,15/03/2015,2,Rate per 1000 people,Rate per 1000 people,,,,
E10000008,Devon,County or Unitary Authority,Food outlets,15/03/2026,2.5,Rate per 1000 people,Rate per 1000 people,,,,
E10000008,Devon,County or Unitary Authority,Food outlets,15/03/2025,2.4,Rate per 1000 people,Rate per 1000 people,,,,
E10000008,Devon,County or Unitary Authority,Food outlets,15/03/2024,2.4,Rate per 1000 people,Rate per 1000 people,,,,
E10000008,Devon,County or Unitary Authority,Food outlets,15/03/2023,2.5,Rate per 1000 people,Rate per 1000 people,,,,
E10000008,Devon,County or Unitary Authority,Food outlets,15/03/2022,2.5,Rate per 1000 people,Rate per 1000 people,,,,
E10000008,Devon,County or Unitary Authority,Food outlets,15/03/2021,2.5,Rate per 1000 people,Rate per 1000 people,,,,
E10000008,Devon,County or Unitary Authority,Food outlets,15/03/2020,2.5,Rate per 1000 people,Rate per 1000 people,,,,
E10000008,Devon,County or Unitary Authority,Food outlets,15/03/2019,2.5,Rate per 1000 people,Rate per 1000 people,,,,
E10000008,Devon,County or Unitary Authority,Food outlets,15/03/2018,2.6,Rate per 1000 people,Rate per 1000 people,,,,
E10000008,Devon,County or Unitary Authority,Food outlets,15/03/2016,2.5,Rate per 1000 people,Rate per 1000 people,,,,
E10000008,Devon,County or Unitary Authority,Food outlets,15/03/2015,2.6,Rate per 1000 people,Rate per 1000 people,,,,
E10000008,Devon,County or Unitary Authority,Food outlets,15/03/2014,2.4,Rate per 1000 people,Rate per 1000 people,,,,
E10000008,Devon,County or Unitary Authority,Food outlets,15/03/2012,2.5,Rate per 1000 people,Rate per 1000 people,,,,
E10000008,Devon,County or Unitary Authority,Food outlets,15/03/2011,2.4,Rate per 1000 people,Rate per 1000 people,,,,
E10000008,Devon,County or Unitary Authority,Food outlets,15/03/2010,2.5,Rate per 1000 people,Rate per 1000 people,,,,
E10000008,Devon,County or Unitary Authority,Food outlets,15/03/2017,2.5,Rate per 1000 people,Rate per 1000 people,,,,
E10000008,Devon,County or Unitary Authority,Food outlets,15/03/2013,2.4,Rate per 1000 people,Rate per 1000 people,,,,
E07000040,East Devon,Local Authority District,Food outlets,15/03/2026,2.4,Rate per 1000 people,Rate per 1000 people,,,,
E07000040,East Devon,Local Authority District,Food outlets,15/03/2019,2.3,Rate per 1000 people,Rate per 1000 people,,,,
E07000040,East Devon,Local Authority District,Food outlets,15/03/2025,2.3,Rate per 1000 people,Rate per 1000 people,,,,
E07000040,East Devon,Local Authority District,Food outlets,15/03/2024,2.2,Rate per 1000 people,Rate per 1000 people,,,,
E07000040,East Devon,Local Authority District,Food outlets,15/03/2023,2.2,Rate per 1000 people,Rate per 1000 people,,,,
E07000040,East Devon,Local Authority District,Food outlets,15/03/2022,2.3,Rate per 1000 people,Rate per 1000 people,,,,
E07000040,East Devon,Local Authority District,Food outlets,15/03/2021,2.2,Rate per 1000 people,Rate per 1000 people,,,,
E07000040,East Devon,Local Authority District,Food outlets,15/03/2020,2.3,Rate per 1000 people,Rate per 1000 people,,,,
E07000040,East Devon,Local Authority District,Food outlets,15/03/2017,2.3,Rate per 1000 people,Rate per 1000 people,,,,
E07000040,East Devon,Local Authority District,Food outlets,15/03/2016,2.4,Rate per 1000 people,Rate per 1000 people,,,,
E07000040,East Devon,Local Authority District,Food outlets,15/03/2015,2.6,Rate per 1000 people,Rate per 1000 people,,,,
E07000040,East Devon,Local Authority District,Food outlets,15/03/2014,2.3,Rate per 1000 people,Rate per 1000 people,,,,
E07000040,East Devon,Local Authority District,Food outlets,15/03/2013,2.3,Rate per 1000 people,Rate per 1000 people,,,,
E07000040,East Devon,Local Authority District,Food outlets,15/03/2012,2.4,Rate per 1000 people,Rate per 1000 people,,,,
E07000040,East Devon,Local Authority District,Food outlets,15/03/2011,2.4,Rate per 1000 people,Rate per 1000 people,,,,
E07000040,East Devon,Local Authority District,Food outlets,15/03/2010,2.4,Rate per 1000 people,Rate per 1000 people,,,,
E07000040,East Devon,Local Authority District,Food outlets,15/03/2018,2.3,Rate per 1000 people,Rate per 1000 people,,,,
E07000041,Exeter,Local Authority District,Food outlets,15/03/2026,2,Rate per 1000 people,Rate per 1000 people,,,,
E07000041,Exeter,Local Authority District,Food outlets,15/03/2025,2,Rate per 1000 people,Rate per 1000 people,,,,
E07000041,Exeter,Local Authority District,Food outlets,15/03/2024,1.9,Rate per 1000 people,Rate per 1000 people,,,,
E07000041,Exeter,Local Authority District,Food outlets,15/03/2023,2.2,Rate per 1000 people,Rate per 1000 people,,,,
E07000041,Exeter,Local Authority District,Food outlets,15/03/2022,2,Rate per 1000 people,Rate per 1000 people,,,,
E07000041,Exeter,Local Authority District,Food outlets,15/03/2021,2,Rate per 1000 people,Rate per 1000 people,,,,
E07000041,Exeter,Local Authority District,Food outlets,15/03/2020,2,Rate per 1000 people,Rate per 1000 people,,,,
E07000041,Exeter,Local Authority District,Food outlets,15/03/2019,2,Rate per 1000 people,Rate per 1000 people,,,,
E07000041,Exeter,Local Authority District,Food outlets,15/03/2018,2.1,Rate per 1000 people,Rate per 1000 people,,,,
E07000041,Exeter,Local Authority District,Food outlets,15/03/2017,1.8,Rate per 1000 people,Rate per 1000 people,,,,
E07000041,Exeter,Local Authority District,Food outlets,15/03/2016,1.9,Rate per 1000 people,Rate per 1000 people,,,,
E07000041,Exeter,Local Authority District,Food outlets,15/03/2015,2,Rate per 1000 people,Rate per 1000 people,,,,
E07000041,Exeter,Local Authority District,Food outlets,15/03/2014,1.8,Rate per 1000 people,Rate per 1000 people,,,,
E07000041,Exeter,Local Authority District,Food outlets,15/03/2013,1.8,Rate per 1000 people,Rate per 1000 people,,,,
E07000041,Exeter,Local Authority District,Food outlets,15/03/2012,1.9,Rate per 1000 people,Rate per 1000 people,,,,
E07000041,Exeter,Local Authority District,Food outlets,15/03/2011,1.8,Rate per 1000 people,Rate per 1000 people,,,,
E07000041,Exeter,Local Authority District,Food outlets,15/03/2010,2,Rate per 1000 people,Rate per 1000 people,,,,
E07000042,Mid Devon,Local Authority District,Food outlets,15/03/2026,1.9,Rate per 1000 people,Rate per 1000 people,,,,
E07000042,Mid Devon,Local Authority District,Food outlets,15/03/2025,1.8,Rate per 1000 people,Rate per 1000 people,,,,
E07000042,Mid Devon,Local Authority District,Food outlets,15/03/2024,1.8,Rate per 1000 people,Rate per 1000 people,,,,
E07000042,Mid Devon,Local Authority District,Food outlets,15/03/2023,1.9,Rate per 1000 people,Rate per 1000 people,,,,
E07000042,Mid Devon,Local Authority District,Food outlets,15/03/2022,1.9,Rate per 1000 people,Rate per 1000 people,,,,
E07000042,Mid Devon,Local Authority District,Food outlets,15/03/2021,2,Rate per 1000 people,Rate per 1000 people,,,,
E07000042,Mid Devon,Local Authority District,Food outlets,15/03/2020,2,Rate per 1000 people,Rate per 1000 people,,,,
E07000042,Mid Devon,Local Authority District,Food outlets,15/03/2019,2.1,Rate per 1000 people,Rate per 1000 people,,,,
E07000042,Mid Devon,Local Authority District,Food outlets,15/03/2018,2,Rate per 1000 people,Rate per 1000 people,,,,
E07000042,Mid Devon,Local Authority District,Food outlets,15/03/2017,2.2,Rate per 1000 people,Rate per 1000 people,,,,
E07000042,Mid Devon,Local Authority District,Food outlets,15/03/2016,2,Rate per 1000 people,Rate per 1000 people,,,,
E07000042,Mid Devon,Local Authority District,Food outlets,15/03/2015,2,Rate per 1000 people,Rate per 1000 people,,,,
E07000042,Mid Devon,Local Authority District,Food outlets,15/03/2014,2,Rate per 1000 people,Rate per 1000 people,,,,
E07000042,Mid Devon,Local Authority District,Food outlets,15/03/2013,1.9,Rate per 1000 people,Rate per 1000 people,,,,
E07000042,Mid Devon,Local Authority District,Food outlets,15/03/2012,2,Rate per 1000 people,Rate per 1000 people,,,,
E07000042,Mid Devon,Local Authority District,Food outlets,15/03/2011,1.9,Rate per 1000 people,Rate per 1000 people,,,,
E07000042,Mid Devon,Local Authority District,Food outlets,15/03/2010,2.1,Rate per 1000 people,Rate per 1000 people,,,,
E07000043,North Devon,Local Authority District,Food outlets,15/03/2026,3.1,Rate per 1000 people,Rate per 1000 people,,,,
E07000043,North Devon,Local Authority District,Food outlets,15/03/2025,3,Rate per 1000 people,Rate per 1000 people,,,,
E07000043,North Devon,Local Authority District,Food outlets,15/03/2024,3,Rate per 1000 people,Rate per 1000 people,,,,
E07000043,North Devon,Local Authority District,Food outlets,15/03/2023,3.2,Rate per 1000 people,Rate per 1000 people,,,,
E07000043,North Devon,Local Authority District,Food outlets,15/03/2022,3.2,Rate per 1000 people,Rate per 1000 people,,,,
E07000043,North Devon,Local Authority District,Food outlets,15/03/2021,3,Rate per 1000 people,Rate per 1000 people,,,,
E07000043,North Devon,Local Authority District,Food outlets,15/03/2020,3.2,Rate per 1000 people,Rate per 1000 people,,,,
E07000043,North Devon,Local Authority District,Food outlets,15/03/2019,3.1,Rate per 1000 people,Rate per 1000 people,,,,
E07000043,North Devon,Local Authority District,Food outlets,15/03/2018,3.3,Rate per 1000 people,Rate per 1000 people,,,,
E07000043,North Devon,Local Authority District,Food outlets,15/03/2017,3.2,Rate per 1000 people,Rate per 1000 people,,,,
E07000043,North Devon,Local Authority District,Food outlets,15/03/2016,3.2,Rate per 1000 people,Rate per 1000 people,,,,
E07000043,North Devon,Local Authority District,Food outlets,15/03/2015,3.2,Rate per 1000 people,Rate per 1000 people,,,,
E07000043,North Devon,Local Authority District,Food outlets,15/03/2014,3.1,Rate per 1000 people,Rate per 1000 people,,,,
E07000043,North Devon,Local Authority District,Food outlets,15/03/2013,3,Rate per 1000 people,Rate per 1000 people,,,,
E07000043,North Devon,Local Authority District,Food outlets,15/03/2012,3.2,Rate per 1000 people,Rate per 1000 people,,,,
E07000043,North Devon,Local Authority District,Food outlets,15/03/2011,3,Rate per 1000 people,Rate per 1000 people,,,,
E07000043,North Devon,Local Authority District,Food outlets,15/03/2010,3.1,Rate per 1000 people,Rate per 1000 people,,,,
E07000044,South Hams,Local Authority District,Food outlets,15/03/2026,3.3,Rate per 1000 people,Rate per 1000 people,,,,
E07000044,South Hams,Local Authority District,Food outlets,15/03/2025,3.2,Rate per 1000 people,Rate per 1000 people,,,,
E07000044,South Hams,Local Authority District,Food outlets,15/03/2024,3.3,Rate per 1000 people,Rate per 1000 people,,,,
E07000044,South Hams,Local Authority District,Food outlets,15/03/2023,3.4,Rate per 1000 people,Rate per 1000 people,,,,
E07000044,South Hams,Local Authority District,Food outlets,15/03/2022,3.5,Rate per 1000 people,Rate per 1000 people,,,,
E07000044,South Hams,Local Authority District,Food outlets,15/03/2021,3.3,Rate per 1000 people,Rate per 1000 people,,,,
E07000044,South Hams,Local Authority District,Food outlets,15/03/2020,3.4,Rate per 1000 people,Rate per 1000 people,,,,
E07000044,South Hams,Local Authority District,Food outlets,15/03/2019,3.5,Rate per 1000 people,Rate per 1000 people,,,,
E07000044,South Hams,Local Authority District,Food outlets,15/03/2018,3.5,Rate per 1000 people,Rate per 1000 people,,,,
E07000044,South Hams,Local Authority District,Food outlets,15/03/2017,3.3,Rate per 1000 people,Rate per 1000 people,,,,
E07000044,South Hams,Local Authority District,Food outlets,15/03/2016,3.3,Rate per 1000 people,Rate per 1000 people,,,,
E07000044,South Hams,Local Authority District,Food outlets,15/03/2015,3.5,Rate per 1000 people,Rate per 1000 people,,,,
E07000044,South Hams,Local Authority District,Food outlets,15/03/2014,3.1,Rate per 1000 people,Rate per 1000 people,,,,
E07000044,South Hams,Local Authority District,Food outlets,15/03/2013,3.3,Rate per 1000 people,Rate per 1000 people,,,,
E07000044,South Hams,Local Authority District,Food outlets,15/03/2012,3.4,Rate per 1000 people,Rate per 1000 people,,,,
E07000044,South Hams,Local Authority District,Food outlets,15/03/2011,3.2,Rate per 1000 people,Rate per 1000 people,,,,
E07000044,South Hams,Local Authority District,Food outlets,15/03/2010,3.2,Rate per 1000 people,Rate per 1000 people,,,,
E07000045,Teignbridge,Local Authority District,Food outlets,15/03/2026,2.5,Rate per 1000 people,Rate per 1000 people,,,,
E07000045,Teignbridge,Local Authority District,Food outlets,15/03/2025,2.6,Rate per 1000 people,Rate per 1000 people,,,,
E07000045,Teignbridge,Local Authority District,Food outlets,15/03/2024,2.6,Rate per 1000 people,Rate per 1000 people,,,,
E07000045,Teignbridge,Local Authority District,Food outlets,15/03/2023,2.6,Rate per 1000 people,Rate per 1000 people,,,,
E07000045,Teignbridge,Local Authority District,Food outlets,15/03/2022,2.6,Rate per 1000 people,Rate per 1000 people,,,,
E07000045,Teignbridge,Local Authority District,Food outlets,15/03/2021,2.6,Rate per 1000 people,Rate per 1000 people,,,,
E07000045,Teignbridge,Local Authority District,Food outlets,15/03/2020,2.5,Rate per 1000 people,Rate per 1000 people,,,,
E07000045,Teignbridge,Local Authority District,Food outlets,15/03/2019,2.5,Rate per 1000 people,Rate per 1000 people,,,,
E07000045,Teignbridge,Local Authority District,Food outlets,15/03/2018,2.6,Rate per 1000 people,Rate per 1000 people,,,,
E07000045,Teignbridge,Local Authority District,Food outlets,15/03/2017,2.5,Rate per 1000 people,Rate per 1000 people,,,,
E07000045,Teignbridge,Local Authority District,Food outlets,15/03/2016,2.5,Rate per 1000 people,Rate per 1000 people,,,,
E07000045,Teignbridge,Local Authority District,Food outlets,15/03/2015,2.5,Rate per 1000 people,Rate per 1000 people,,,,
E07000045,Teignbridge,Local Authority District,Food outlets,15/03/2014,2.4,Rate per 1000 people,Rate per 1000 people,,,,
E07000045,Teignbridge,Local Authority District,Food outlets,15/03/2013,2.4,Rate per 1000 people,Rate per 1000 people,,,,
E07000045,Teignbridge,Local Authority District,Food outlets,15/03/2012,2.4,Rate per 1000 people,Rate per 1000 people,,,,
E07000045,Teignbridge,Local Authority District,Food outlets,15/03/2011,2.4,Rate per 1000 people,Rate per 1000 people,,,,
E07000045,Teignbridge,Local Authority District,Food outlets,15/03/2010,2.5,Rate per 1000 people,Rate per 1000 people,,,,
E07000046,Torridge,Local Authority District,Food outlets,15/03/2026,2.1,Rate per 1000 people,Rate per 1000 people,,,,
E07000046,Torridge,Local Authority District,Food outlets,15/03/2025,2.1,Rate per 1000 people,Rate per 1000 people,,,,
E07000046,Torridge,Local Authority District,Food outlets,15/03/2024,2.2,Rate per 1000 people,Rate per 1000 people,,,,
E07000046,Torridge,Local Authority District,Food outlets,15/03/2023,2.3,Rate per 1000 people,Rate per 1000 people,,,,
E07000046,Torridge,Local Authority District,Food outlets,15/03/2022,2.4,Rate per 1000 people,Rate per 1000 people,,,,
E07000046,Torridge,Local Authority District,Food outlets,15/03/2021,2.8,Rate per 1000 people,Rate per 1000 people,,,,
E07000046,Torridge,Local Authority District,Food outlets,15/03/2020,2.3,Rate per 1000 people,Rate per 1000 people,,,,
E07000046,Torridge,Local Authority District,Food outlets,15/03/2019,2.4,Rate per 1000 people,Rate per 1000 people,,,,
E07000046,Torridge,Local Authority District,Food outlets,15/03/2018,2.4,Rate per 1000 people,Rate per 1000 people,,,,
E07000046,Torridge,Local Authority District,Food outlets,15/03/2017,2.4,Rate per 1000 people,Rate per 1000 people,,,,
E07000046,Torridge,Local Authority District,Food outlets,15/03/2016,2.3,Rate per 1000 people,Rate per 1000 people,,,,
E07000046,Torridge,Local Authority District,Food outlets,15/03/2015,2.4,Rate per 1000 people,Rate per 1000 people,,,,
E07000046,Torridge,Local Authority District,Food outlets,15/03/2014,2.1,Rate per 1000 people,Rate per 1000 people,,,,
E07000046,Torridge,Local Authority District,Food outlets,15/03/2013,2.2,Rate per 1000 people,Rate per 1000 people,,,,
E07000046,Torridge,Local Authority District,Food outlets,15/03/2012,2.3,Rate per 1000 people,Rate per 1000 people,,,,
E07000046,Torridge,Local Authority District,Food outlets,15/03/2011,2.2,Rate per 1000 people,Rate per 1000 people,,,,
E07000046,Torridge,Local Authority District,Food outlets,15/03/2010,2.4,Rate per 1000 people,Rate per 1000 people,,,,
E07000047,West Devon,Local Authority District,Food outlets,15/03/2026,2.6,Rate per 1000 people,Rate per 1000 people,,,,
E07000047,West Devon,Local Authority District,Food outlets,15/03/2025,2.6,Rate per 1000 people,Rate per 1000 people,,,,
E07000047,West Devon,Local Authority District,Food outlets,15/03/2024,2.7,Rate per 1000 people,Rate per 1000 people,,,,
E07000047,West Devon,Local Authority District,Food outlets,15/03/2023,2.5,Rate per 1000 people,Rate per 1000 people,,,,
E07000047,West Devon,Local Authority District,Food outlets,15/03/2022,2.6,Rate per 1000 people,Rate per 1000 people,,,,
E07000047,West Devon,Local Authority District,Food outlets,15/03/2021,2.5,Rate per 1000 people,Rate per 1000 people,,,,
E07000047,West Devon,Local Authority District,Food outlets,15/03/2020,2.6,Rate per 1000 people,Rate per 1000 people,,,,
E07000047,West Devon,Local Authority District,Food outlets,15/03/2019,2.5,Rate per 1000 people,Rate per 1000 people,,,,
E07000047,West Devon,Local Authority District,Food outlets,15/03/2018,2.6,Rate per 1000 people,Rate per 1000 people,,,,
E07000047,West Devon,Local Authority District,Food outlets,15/03/2017,2.7,Rate per 1000 people,Rate per 1000 people,,,,
E07000047,West Devon,Local Authority District,Food outlets,15/03/2016,2.7,Rate per 1000 people,Rate per 1000 people,,,,
E07000047,West Devon,Local Authority District,Food outlets,15/03/2015,2.7,Rate per 1000 people,Rate per 1000 people,,,,
E07000047,West Devon,Local Authority District,Food outlets,15/03/2014,2.7,Rate per 1000 people,Rate per 1000 people,,,,
E07000047,West Devon,Local Authority District,Food outlets,15/03/2013,2.6,Rate per 1000 people,Rate per 1000 people,,,,
E07000047,West Devon,Local Authority District,Food outlets,15/03/2012,2.5,Rate per 1000 people,Rate per 1000 people,,,,
E07000047,West Devon,Local Authority District,Food outlets,15/03/2011,2.6,Rate per 1000 people,Rate per 1000 people,,,,
E07000047,West Devon,Local Authority District,Food outlets,15/03/2010,2.6,Rate per 1000 people,Rate per 1000 people,,,,
E10000013,Gloucestershire,County or Unitary Authority,Food outlets,15/03/2026,2.3,Rate per 1000 people,Rate per 1000 people,,,,
E10000013,Gloucestershire,County or Unitary Authority,Food outlets,15/03/2025,2.3,Rate per 1000 people,Rate per 1000 people,,,,
E10000013,Gloucestershire,County or Unitary Authority,Food outlets,15/03/2024,2.2,Rate per 1000 people,Rate per 1000 people,,,,
E10000013,Gloucestershire,County or Unitary Authority,Food outlets,15/03/2023,2.2,Rate per 1000 people,Rate per 1000 people,,,,
E10000013,Gloucestershire,County or Unitary Authority,Food outlets,15/03/2021,2.2,Rate per 1000 people,Rate per 1000 people,,,,
E10000013,Gloucestershire,County or Unitary Authority,Food outlets,15/03/2020,2.1,Rate per 1000 people,Rate per 1000 people,,,,
E10000013,Gloucestershire,County or Unitary Authority,Food outlets,15/03/2019,2.1,Rate per 1000 people,Rate per 1000 people,,,,
E10000013,Gloucestershire,County or Unitary Authority,Food outlets,15/03/2018,2.1,Rate per 1000 people,Rate per 1000 people,,,,
E10000013,Gloucestershire,County or Unitary Authority,Food outlets,15/03/2022,2.3,Rate per 1000 people,Rate per 1000 people,,,,
E10000013,Gloucestershire,County or Unitary Authority,Food outlets,15/03/2016,2.1,Rate per 1000 people,Rate per 1000 people,,,,
E10000013,Gloucestershire,County or Unitary Authority,Food outlets,15/03/2015,2.1,Rate per 1000 people,Rate per 1000 people,,,,
E10000013,Gloucestershire,County or Unitary Authority,Food outlets,15/03/2014,2,Rate per 1000 people,Rate per 1000 people,,,,
E10000013,Gloucestershire,County or Unitary Authority,Food outlets,15/03/2017,2.1,Rate per 1000 people,Rate per 1000 people,,,,
E10000013,Gloucestershire,County or Unitary Authority,Food outlets,15/03/2013,2,Rate per 1000 people,Rate per 1000 people,,,,
E10000013,Gloucestershire,County or Unitary Authority,Food outlets,15/03/2012,2,Rate per 1000 people,Rate per 1000 people,,,,
E10000013,Gloucestershire,County or Unitary Authority,Food outlets,15/03/2011,2,Rate per 1000 people,Rate per 1000 people,,,,
E10000013,Gloucestershire,County or Unitary Authority,Food outlets,15/03/2010,2.1,Rate per 1000 people,Rate per 1000 people,,,,
E07000078,Cheltenham,Local Authority District,Food outlets,15/03/2026,2.8,Rate per 1000 people,Rate per 1000 people,,,,
E07000078,Cheltenham,Local Authority District,Food outlets,15/03/2025,2.6,Rate per 1000 people,Rate per 1000 people,,,,
E07000078,Cheltenham,Local Authority District,Food outlets,15/03/2024,2.3,Rate per 1000 people,Rate per 1000 people,,,,
E07000078,Cheltenham,Local Authority District,Food outlets,15/03/2023,2.2,Rate per 1000 people,Rate per 1000 people,,,,
E07000078,Cheltenham,Local Authority District,Food outlets,15/03/2022,2.3,Rate per 1000 people,Rate per 1000 people,,,,
E07000078,Cheltenham,Local Authority District,Food outlets,15/03/2021,2.1,Rate per 1000 people,Rate per 1000 people,,,,
E07000078,Cheltenham,Local Authority District,Food outlets,15/03/2020,2.2,Rate per 1000 people,Rate per 1000 people,,,,
E07000078,Cheltenham,Local Authority District,Food outlets,15/03/2019,2.1,Rate per 1000 people,Rate per 1000 people,,,,
E07000078,Cheltenham,Local Authority District,Food outlets,15/03/2018,2.1,Rate per 1000 people,Rate per 1000 people,,,,
E07000078,Cheltenham,Local Authority District,Food outlets,15/03/2017,2.2,Rate per 1000 people,Rate per 1000 people,,,,
E07000078,Cheltenham,Local Authority District,Food outlets,15/03/2016,2.1,Rate per 1000 people,Rate per 1000 people,,,,
E07000078,Cheltenham,Local Authority District,Food outlets,15/03/2015,2.3,Rate per 1000 people,Rate per 1000 people,,,,
E07000078,Cheltenham,Local Authority District,Food outlets,15/03/2014,2.2,Rate per 1000 people,Rate per 1000 people,,,,
E07000078,Cheltenham,Local Authority District,Food outlets,15/03/2013,2.2,Rate per 1000 people,Rate per 1000 people,,,,
E07000078,Cheltenham,Local Authority District,Food outlets,15/03/2012,2.1,Rate per 1000 people,Rate per 1000 people,,,,
E07000078,Cheltenham,Local Authority District,Food outlets,15/03/2011,1.9,Rate per 1000 people,Rate per 1000 people,,,,
E07000078,Cheltenham,Local Authority District,Food outlets,15/03/2010,2.1,Rate per 1000 people,Rate per 1000 people,,,,
E07000079,Cotswold,Local Authority District,Food outlets,15/03/2026,3.2,Rate per 1000 people,Rate per 1000 people,,,,
E07000079,Cotswold,Local Authority District,Food outlets,15/03/2025,3.1,Rate per 1000 people,Rate per 1000 people,,,,
E07000079,Cotswold,Local Authority District,Food outlets,15/03/2024,3.1,Rate per 1000 people,Rate per 1000 people,,,,
E07000079,Cotswold,Local Authority District,Food outlets,15/03/2023,3.3,Rate per 1000 people,Rate per 1000 people,,,,
E07000079,Cotswold,Local Authority District,Food outlets,15/03/2022,3.2,Rate per 1000 people,Rate per 1000 people,,,,
E07000079,Cotswold,Local Authority District,Food outlets,15/03/2021,3.1,Rate per 1000 people,Rate per 1000 people,,,,
E07000079,Cotswold,Local Authority District,Food outlets,15/03/2020,3,Rate per 1000 people,Rate per 1000 people,,,,
E07000079,Cotswold,Local Authority District,Food outlets,15/03/2019,3.1,Rate per 1000 people,Rate per 1000 people,,,,
E07000079,Cotswold,Local Authority District,Food outlets,15/03/2018,3.2,Rate per 1000 people,Rate per 1000 people,,,,
E07000079,Cotswold,Local Authority District,Food outlets,15/03/2017,3.2,Rate per 1000 people,Rate per 1000 people,,,,
E07000079,Cotswold,Local Authority District,Food outlets,15/03/2016,3.2,Rate per 1000 people,Rate per 1000 people,,,,
E07000079,Cotswold,Local Authority District,Food outlets,15/03/2015,3.1,Rate per 1000 people,Rate per 1000 people,,,,
E07000079,Cotswold,Local Authority District,Food outlets,15/03/2014,2.8,Rate per 1000 people,Rate per 1000 people,,,,
E07000079,Cotswold,Local Authority District,Food outlets,15/03/2013,3,Rate per 1000 people,Rate per 1000 people,,,,
E07000079,Cotswold,Local Authority District,Food outlets,15/03/2012,3.1,Rate per 1000 people,Rate per 1000 people,,,,
E07000079,Cotswold,Local Authority District,Food outlets,15/03/2011,3.1,Rate per 1000 people,Rate per 1000 people,,,,
E07000079,Cotswold,Local Authority District,Food outlets,15/03/2010,3,Rate per 1000 people,Rate per 1000 people,,,,
E07000080,Forest of Dean,Local Authority District,Food outlets,15/03/2026,2.2,Rate per 1000 people,Rate per 1000 people,,,,
E07000080,Forest of Dean,Local Authority District,Food outlets,15/03/2025,2.2,Rate per 1000 people,Rate per 1000 people,,,,
E07000080,Forest of Dean,Local Authority District,Food outlets,15/03/2024,2.2,Rate per 1000 people,Rate per 1000 people,,,,
E07000080,Forest of Dean,Local Authority District,Food outlets,15/03/2023,2.1,Rate per 1000 people,Rate per 1000 people,,,,
E07000080,Forest of Dean,Local Authority District,Food outlets,15/03/2022,2.3,Rate per 1000 people,Rate per 1000 people,,,,
E07000080,Forest of Dean,Local Authority District,Food outlets,15/03/2021,2.2,Rate per 1000 people,Rate per 1000 people,,,,
E07000080,Forest of Dean,Local Authority District,Food outlets,15/03/2020,2.1,Rate per 1000 people,Rate per 1000 people,,,,
E07000080,Forest of Dean,Local Authority District,Food outlets,15/03/2019,2.2,Rate per 1000 people,Rate per 1000 people,,,,
E07000080,Forest of Dean,Local Authority District,Food outlets,15/03/2018,2,Rate per 1000 people,Rate per 1000 people,,,,
E07000080,Forest of Dean,Local Authority District,Food outlets,15/03/2017,2,Rate per 1000 people,Rate per 1000 people,,,,
E07000080,Forest of Dean,Local Authority District,Food outlets,15/03/2016,2.1,Rate per 1000 people,Rate per 1000 people,,,,
E07000080,Forest of Dean,Local Authority District,Food outlets,15/03/2015,2.1,Rate per 1000 people,Rate per 1000 people,,,,
E07000080,Forest of Dean,Local Authority District,Food outlets,15/03/2014,2,Rate per 1000 people,Rate per 1000 people,,,,
E07000080,Forest of Dean,Local Authority District,Food outlets,15/03/2013,2.1,Rate per 1000 people,Rate per 1000 people,,,,
E07000080,Forest of Dean,Local Authority District,Food outlets,15/03/2012,2.1,Rate per 1000 people,Rate per 1000 people,,,,
E07000080,Forest of Dean,Local Authority District,Food outlets,15/03/2011,2,Rate per 1000 people,Rate per 1000 people,,,,
E07000080,Forest of Dean,Local Authority District,Food outlets,15/03/2010,2.2,Rate per 1000 people,Rate per 1000 people,,,,
E07000081,Gloucester,Local Authority District,Food outlets,15/03/2025,2.1,Rate per 1000 people,Rate per 1000 people,,,,
E07000081,Gloucester,Local Authority District,Food outlets,15/03/2024,2,Rate per 1000 people,Rate per 1000 people,,,,
E07000081,Gloucester,Local Authority District,Food outlets,15/03/2023,2.2,Rate per 1000 people,Rate per 1000 people,,,,
E07000081,Gloucester,Local Authority District,Food outlets,15/03/2026,2.1,Rate per 1000 people,Rate per 1000 people,,,,
E07000081,Gloucester,Local Authority District,Food outlets,15/03/2021,2.3,Rate per 1000 people,Rate per 1000 people,,,,
E07000081,Gloucester,Local Authority District,Food outlets,15/03/2020,1.9,Rate per 1000 people,Rate per 1000 people,,,,
E07000081,Gloucester,Local Authority District,Food outlets,15/03/2019,1.8,Rate per 1000 people,Rate per 1000 people,,,,
E07000081,Gloucester,Local Authority District,Food outlets,15/03/2018,1.8,Rate per 1000 people,Rate per 1000 people,,,,
E07000081,Gloucester,Local Authority District,Food outlets,15/03/2022,2.3,Rate per 1000 people,Rate per 1000 people,,,,
E07000081,Gloucester,Local Authority District,Food outlets,15/03/2016,1.8,Rate per 1000 people,Rate per 1000 people,,,,
E07000081,Gloucester,Local Authority District,Food outlets,15/03/2015,1.7,Rate per 1000 people,Rate per 1000 people,,,,
E07000081,Gloucester,Local Authority District,Food outlets,15/03/2014,1.5,Rate per 1000 people,Rate per 1000 people,,,,
E07000081,Gloucester,Local Authority District,Food outlets,15/03/2013,1.6,Rate per 1000 people,Rate per 1000 people,,,,
E07000081,Gloucester,Local Authority District,Food outlets,15/03/2012,1.6,Rate per 1000 people,Rate per 1000 people,,,,
E07000081,Gloucester,Local Authority District,Food outlets,15/03/2011,1.6,Rate per 1000 people,Rate per 1000 people,,,,
E07000081,Gloucester,Local Authority District,Food outlets,15/03/2010,1.7,Rate per 1000 people,Rate per 1000 people,,,,
E07000081,Gloucester,Local Authority District,Food outlets,15/03/2017,1.7,Rate per 1000 people,Rate per 1000 people,,,,
E07000082,Stroud,Local Authority District,Food outlets,15/03/2026,2.1,Rate per 1000 people,Rate per 1000 people,,,,
E07000082,Stroud,Local Authority District,Food outlets,15/03/2025,2.1,Rate per 1000 people,Rate per 1000 people,,,,
E07000082,Stroud,Local Authority District,Food outlets,15/03/2024,2,Rate per 1000 people,Rate per 1000 people,,,,
E07000082,Stroud,Local Authority District,Food outlets,15/03/2023,2,Rate per 1000 people,Rate per 1000 people,,,,
E07000082,Stroud,Local Authority District,Food outlets,15/03/2022,2,Rate per 1000 people,Rate per 1000 people,,,,
E07000082,Stroud,Local Authority District,Food outlets,15/03/2021,2,Rate per 1000 people,Rate per 1000 people,,,,
E07000082,Stroud,Local Authority District,Food outlets,15/03/2020,2.1,Rate per 1000 people,Rate per 1000 people,,,,
E07000082,Stroud,Local Authority District,Food outlets,15/03/2019,2,Rate per 1000 people,Rate per 1000 people,,,,
E07000082,Stroud,Local Authority District,Food outlets,15/03/2018,2.1,Rate per 1000 people,Rate per 1000 people,,,,
E07000082,Stroud,Local Authority District,Food outlets,15/03/2017,2.1,Rate per 1000 people,Rate per 1000 people,,,,
E07000082,Stroud,Local Authority District,Food outlets,15/03/2016,2.1,Rate per 1000 people,Rate per 1000 people,,,,
E07000082,Stroud,Local Authority District,Food outlets,15/03/2015,2.1,Rate per 1000 people,Rate per 1000 people,,,,
E07000082,Stroud,Local Authority District,Food outlets,15/03/2014,2,Rate per 1000 people,Rate per 1000 people,,,,
E07000082,Stroud,Local Authority District,Food outlets,15/03/2013,1.9,Rate per 1000 people,Rate per 1000 people,,,,
E07000082,Stroud,Local Authority District,Food outlets,15/03/2012,1.9,Rate per 1000 people,Rate per 1000 people,,,,
E07000082,Stroud,Local Authority District,Food outlets,15/03/2011,1.9,Rate per 1000 people,Rate per 1000 people,,,,
E07000082,Stroud,Local Authority District,Food outlets,15/03/2010,2,Rate per 1000 people,Rate per 1000 people,,,,
E07000083,Tewkesbury,Local Authority District,Food outlets,15/03/2025,1.6,Rate per 1000 people,Rate per 1000 people,,,,
E07000083,Tewkesbury,Local Authority District,Food outlets,15/03/2024,1.6,Rate per 1000 people,Rate per 1000 people,,,,
E07000083,Tewkesbury,Local Authority District,Food outlets,15/03/2023,1.6,Rate per 1000 people,Rate per 1000 people,,,,
E07000083,Tewkesbury,Local Authority District,Food outlets,15/03/2026,1.6,Rate per 1000 people,Rate per 1000 people,,,,
E07000083,Tewkesbury,Local Authority District,Food outlets,15/03/2021,1.5,Rate per 1000 people,Rate per 1000 people,,,,
E07000083,Tewkesbury,Local Authority District,Food outlets,15/03/2020,1.5,Rate per 1000 people,Rate per 1000 people,,,,
E07000083,Tewkesbury,Local Authority District,Food outlets,15/03/2019,1.5,Rate per 1000 people,Rate per 1000 people,,,,
E07000083,Tewkesbury,Local Authority District,Food outlets,15/03/2018,1.4,Rate per 1000 people,Rate per 1000 people,,,,
E07000083,Tewkesbury,Local Authority District,Food outlets,15/03/2022,1.5,Rate per 1000 people,Rate per 1000 people,,,,
E07000083,Tewkesbury,Local Authority District,Food outlets,15/03/2016,1.5,Rate per 1000 people,Rate per 1000 people,,,,
E07000083,Tewkesbury,Local Authority District,Food outlets,15/03/2015,1.6,Rate per 1000 people,Rate per 1000 people,,,,
E07000083,Tewkesbury,Local Authority District,Food outlets,15/03/2014,1.4,Rate per 1000 people,Rate per 1000 people,,,,
E07000083,Tewkesbury,Local Authority District,Food outlets,15/03/2013,1.4,Rate per 1000 people,Rate per 1000 people,,,,
E07000083,Tewkesbury,Local Authority District,Food outlets,15/03/2012,1.6,Rate per 1000 people,Rate per 1000 people,,,,
E07000083,Tewkesbury,Local Authority District,Food outlets,15/03/2011,1.8,Rate per 1000 people,Rate per 1000 people,,,,
E07000083,Tewkesbury,Local Authority District,Food outlets,15/03/2010,1.7,Rate per 1000 people,Rate per 1000 people,,,,
E07000083,Tewkesbury,Local Authority District,Food outlets,15/03/2017,1.4,Rate per 1000 people,Rate per 1000 people,,,,
W92000004,Wales,Nation,Food outlets,15/03/2022,2.5,Rate per 1000 people,Rate per 1000 people,,,,
W92000004,Wales,Nation,Food outlets,15/03/2021,2.4,Rate per 1000 people,Rate per 1000 people,,,,
W92000004,Wales,Nation,Food outlets,15/03/2026,2.4,Rate per 1000 people,Rate per 1000 people,,,,
W92000004,Wales,Nation,Food outlets,15/03/2020,2.4,Rate per 1000 people,Rate per 1000 people,,,,
W92000004,Wales,Nation,Food outlets,15/03/2019,2.3,Rate per 1000 people,Rate per 1000 people,,,,
W92000004,Wales,Nation,Food outlets,15/03/2023,2.5,Rate per 1000 people,Rate per 1000 people,,,,
W92000004,Wales,Nation,Food outlets,15/03/2018,2.3,Rate per 1000 people,Rate per 1000 people,,,,
W92000004,Wales,Nation,Food outlets,15/03/2025,2.4,Rate per 1000 people,Rate per 1000 people,,,,
W92000004,Wales,Nation,Food outlets,15/03/2024,2.3,Rate per 1000 people,Rate per 1000 people,,,,
W92000004,Wales,Nation,Food outlets,15/03/2015,2.2,Rate per 1000 people,Rate per 1000 people,,,,
W92000004,Wales,Nation,Food outlets,15/03/2010,2,Rate per 1000 people,Rate per 1000 people,,,,
W92000004,Wales,Nation,Food outlets,15/03/2011,2,Rate per 1000 people,Rate per 1000 people,,,,
W92000004,Wales,Nation,Food outlets,15/03/2012,2,Rate per 1000 people,Rate per 1000 people,,,,
W92000004,Wales,Nation,Food outlets,15/03/2013,2,Rate per 1000 people,Rate per 1000 people,,,,
W92000004,Wales,Nation,Food outlets,15/03/2014,2,Rate per 1000 people,Rate per 1000 people,,,,
W92000004,Wales,Nation,Food outlets,15/03/2017,2.3,Rate per 1000 people,Rate per 1000 people,,,,
W92000004,Wales,Nation,Food outlets,15/03/2016,2.3,Rate per 1000 people,Rate per 1000 people,,,,
W06000001,Isle of Anglesey,Local Authority District,Food outlets,15/03/2021,2.7,Rate per 1000 people,Rate per 1000 people,,,,
W06000001,Isle of Anglesey,Local Authority District,Food outlets,15/03/2022,2.8,Rate per 1000 people,Rate per 1000 people,,,,
W06000001,Isle of Anglesey,Local Authority District,Food outlets,15/03/2019,2.6,Rate per 1000 people,Rate per 1000 people,,,,
W06000001,Isle of Anglesey,Local Authority District,Food outlets,15/03/2020,2.6,Rate per 1000 people,Rate per 1000 people,,,,
W06000001,Isle of Anglesey,Local Authority District,Food outlets,15/03/2024,2.8,Rate per 1000 people,Rate per 1000 people,,,,
W06000001,Isle of Anglesey,Local Authority District,Food outlets,15/03/2023,3,Rate per 1000 people,Rate per 1000 people,,,,
W06000001,Isle of Anglesey,Local Authority District,Food outlets,15/03/2026,3.1,Rate per 1000 people,Rate per 1000 people,,,,
W06000001,Isle of Anglesey,Local Authority District,Food outlets,15/03/2025,3.1,Rate per 1000 people,Rate per 1000 people,,,,
W06000001,Isle of Anglesey,Local Authority District,Food outlets,15/03/2018,2.6,Rate per 1000 people,Rate per 1000 people,,,,
W06000001,Isle of Anglesey,Local Authority District,Food outlets,15/03/2010,2.1,Rate per 1000 people,Rate per 1000 people,,,,
W06000001,Isle of Anglesey,Local Authority District,Food outlets,15/03/2013,2.1,Rate per 1000 people,Rate per 1000 people,,,,
W06000001,Isle of Anglesey,Local Authority District,Food outlets,15/03/2012,2.3,Rate per 1000 people,Rate per 1000 people,,,,
W06000001,Isle of Anglesey,Local Authority District,Food outlets,15/03/2011,2.1,Rate per 1000 people,Rate per 1000 people,,,,
W06000001,Isle of Anglesey,Local Authority District,Food outlets,15/03/2014,2.1,Rate per 1000 people,Rate per 1000 people,,,,
W06000001,Isle of Anglesey,Local Authority District,Food outlets,15/03/2017,2.6,Rate per 1000 people,Rate per 1000 people,,,,
W06000001,Isle of Anglesey,Local Authority District,Food outlets,15/03/2016,2.6,Rate per 1000 people,Rate per 1000 people,,,,
W06000001,Isle of Anglesey,Local Authority District,Food outlets,15/03/2015,2.4,Rate per 1000 people,Rate per 1000 people,,,,
W06000002,Gwynedd,Local Authority District,Food outlets,15/03/2022,3.7,Rate per 1000 people,Rate per 1000 people,,,,
W06000002,Gwynedd,Local Authority District,Food outlets,15/03/2021,3.5,Rate per 1000 people,Rate per 1000 people,,,,
W06000002,Gwynedd,Local Authority District,Food outlets,15/03/2020,3.6,Rate per 1000 people,Rate per 1000 people,,,,
W06000002,Gwynedd,Local Authority District,Food outlets,15/03/2026,3.7,Rate per 1000 people,Rate per 1000 people,,,,
W06000002,Gwynedd,Local Authority District,Food outlets,15/03/2019,3.6,Rate per 1000 people,Rate per 1000 people,,,,
W06000002,Gwynedd,Local Authority District,Food outlets,15/03/2018,3.6,Rate per 1000 people,Rate per 1000 people,,,,
W06000002,Gwynedd,Local Authority District,Food outlets,15/03/2023,3.7,Rate per 1000 people,Rate per 1000 people,,,,
W06000002,Gwynedd,Local Authority District,Food outlets,15/03/2025,3.6,Rate per 1000 people,Rate per 1000 people,,,,
W06000002,Gwynedd,Local Authority District,Food outlets,15/03/2024,3.6,Rate per 1000 people,Rate per 1000 people,,,,
W06000002,Gwynedd,Local Authority District,Food outlets,15/03/2016,3.4,Rate per 1000 people,Rate per 1000 people,,,,
W06000002,Gwynedd,Local Authority District,Food outlets,15/03/2010,3,Rate per 1000 people,Rate per 1000 people,,,,
W06000002,Gwynedd,Local Authority District,Food outlets,15/03/2011,3,Rate per 1000 people,Rate per 1000 people,,,,
W06000002,Gwynedd,Local Authority District,Food outlets,15/03/2012,3.1,Rate per 1000 people,Rate per 1000 people,,,,
W06000002,Gwynedd,Local Authority District,Food outlets,15/03/2013,3.2,Rate per 1000 people,Rate per 1000 people,,,,
W06000002,Gwynedd,Local Authority District,Food outlets,15/03/2014,3.2,Rate per 1000 people,Rate per 1000 people,,,,
W06000002,Gwynedd,Local Authority District,Food outlets,15/03/2017,3.5,Rate per 1000 people,Rate per 1000 people,,,,
W06000002,Gwynedd,Local Authority District,Food outlets,15/03/2015,3.4,Rate per 1000 people,Rate per 1000 people,,,,
W06000003,Conwy,Local Authority District,Food outlets,15/03/2022,3.3,Rate per 1000 people,Rate per 1000 people,,,,
W06000003,Conwy,Local Authority District,Food outlets,15/03/2020,3.3,Rate per 1000 people,Rate per 1000 people,,,,
W06000003,Conwy,Local Authority District,Food outlets,15/03/2021,3.3,Rate per 1000 people,Rate per 1000 people,,,,
W06000003,Conwy,Local Authority District,Food outlets,15/03/2019,3,Rate per 1000 people,Rate per 1000 people,,,,
W06000003,Conwy,Local Authority District,Food outlets,15/03/2026,3.3,Rate per 1000 people,Rate per 1000 people,,,,
W06000003,Conwy,Local Authority District,Food outlets,15/03/2023,3.3,Rate per 1000 people,Rate per 1000 people,,,,
W06000003,Conwy,Local Authority District,Food outlets,15/03/2018,3.1,Rate per 1000 people,Rate per 1000 people,,,,
W06000003,Conwy,Local Authority District,Food outlets,15/03/2025,3.3,Rate per 1000 people,Rate per 1000 people,,,,
W06000003,Conwy,Local Authority District,Food outlets,15/03/2024,3.2,Rate per 1000 people,Rate per 1000 people,,,,
W06000003,Conwy,Local Authority District,Food outlets,15/03/2016,2.9,Rate per 1000 people,Rate per 1000 people,,,,
W06000003,Conwy,Local Authority District,Food outlets,15/03/2010,2.5,Rate per 1000 people,Rate per 1000 people,,,,
W06000003,Conwy,Local Authority District,Food outlets,15/03/2011,2.5,Rate per 1000 people,Rate per 1000 people,,,,
W06000003,Conwy,Local Authority District,Food outlets,15/03/2012,2.6,Rate per 1000 people,Rate per 1000 people,,,,
W06000003,Conwy,Local Authority District,Food outlets,15/03/2013,2.4,Rate per 1000 people,Rate per 1000 people,,,,
W06000003,Conwy,Local Authority District,Food outlets,15/03/2014,2.5,Rate per 1000 people,Rate per 1000 people,,,,
W06000003,Conwy,Local Authority District,Food outlets,15/03/2017,3,Rate per 1000 people,Rate per 1000 people,,,,
W06000003,Conwy,Local Authority District,Food outlets,15/03/2015,2.9,Rate per 1000 people,Rate per 1000 people,,,,
W06000004,Denbighshire,Local Authority District,Food outlets,15/03/2021,3.1,Rate per 1000 people,Rate per 1000 people,,,,
W06000004,Denbighshire,Local Authority District,Food outlets,15/03/2022,2.8,Rate per 1000 people,Rate per 1000 people,,,,
W06000004,Denbighshire,Local Authority District,Food outlets,15/03/2020,3.5,Rate per 1000 people,Rate per 1000 people,,,,
W06000004,Denbighshire,Local Authority District,Food outlets,15/03/2019,2.7,Rate per 1000 people,Rate per 1000 people,,,,
W06000004,Denbighshire,Local Authority District,Food outlets,15/03/2026,2.7,Rate per 1000 people,Rate per 1000 people,,,,
W06000004,Denbighshire,Local Authority District,Food outlets,15/03/2018,2.7,Rate per 1000 people,Rate per 1000 people,,,,
W06000004,Denbighshire,Local Authority District,Food outlets,15/03/2023,2.8,Rate per 1000 people,Rate per 1000 people,,,,
W06000004,Denbighshire,Local Authority District,Food outlets,15/03/2025,2.6,Rate per 1000 people,Rate per 1000 people,,,,
W06000004,Denbighshire,Local Authority District,Food outlets,15/03/2024,2.7,Rate per 1000 people,Rate per 1000 people,,,,
W06000004,Denbighshire,Local Authority District,Food outlets,15/03/2013,2.5,Rate per 1000 people,Rate per 1000 people,,,,
W06000004,Denbighshire,Local Authority District,Food outlets,15/03/2012,2.4,Rate per 1000 people,Rate per 1000 people,,,,
W06000004,Denbighshire,Local Authority District,Food outlets,15/03/2011,2.2,Rate per 1000 people,Rate per 1000 people,,,,
W06000004,Denbighshire,Local Authority District,Food outlets,15/03/2010,2.4,Rate per 1000 people,Rate per 1000 people,,,,
W06000004,Denbighshire,Local Authority District,Food outlets,15/03/2014,2.6,Rate per 1000 people,Rate per 1000 people,,,,
W06000004,Denbighshire,Local Authority District,Food outlets,15/03/2017,2.6,Rate per 1000 people,Rate per 1000 people,,,,
W06000004,Denbighshire,Local Authority District,Food outlets,15/03/2016,2.9,Rate per 1000 people,Rate per 1000 people,,,,
W06000004,Denbighshire,Local Authority District,Food outlets,15/03/2015,3,Rate per 1000 people,Rate per 1000 people,,,,
W06000005,Flintshire,Local Authority District,Food outlets,15/03/2022,1.7,Rate per 1000 people,Rate per 1000 people,,,,
W06000005,Flintshire,Local Authority District,Food outlets,15/03/2021,1.7,Rate per 1000 people,Rate per 1000 people,,,,
W06000005,Flintshire,Local Authority District,Food outlets,15/03/2019,1.6,Rate per 1000 people,Rate per 1000 people,,,,
W06000005,Flintshire,Local Authority District,Food outlets,15/03/2020,1.6,Rate per 1000 people,Rate per 1000 people,,,,
W06000005,Flintshire,Local Authority District,Food outlets,15/03/2024,1.8,Rate per 1000 people,Rate per 1000 people,,,,
W06000005,Flintshire,Local Authority District,Food outlets,15/03/2023,1.7,Rate per 1000 people,Rate per 1000 people,,,,
W06000005,Flintshire,Local Authority District,Food outlets,15/03/2018,1.6,Rate per 1000 people,Rate per 1000 people,,,,
W06000005,Flintshire,Local Authority District,Food outlets,15/03/2026,1.8,Rate per 1000 people,Rate per 1000 people,,,,
W06000005,Flintshire,Local Authority District,Food outlets,15/03/2025,1.8,Rate per 1000 people,Rate per 1000 people,,,,
W06000005,Flintshire,Local Authority District,Food outlets,15/03/2010,1.6,Rate per 1000 people,Rate per 1000 people,,,,
W06000005,Flintshire,Local Authority District,Food outlets,15/03/2011,1.6,Rate per 1000 people,Rate per 1000 people,,,,
W06000005,Flintshire,Local Authority District,Food outlets,15/03/2012,1.6,Rate per 1000 people,Rate per 1000 people,,,,
W06000005,Flintshire,Local Authority District,Food outlets,15/03/2013,1.6,Rate per 1000 people,Rate per 1000 people,,,,
W06000005,Flintshire,Local Authority District,Food outlets,15/03/2014,1.5,Rate per 1000 people,Rate per 1000 people,,,,
W06000005,Flintshire,Local Authority District,Food outlets,15/03/2017,1.6,Rate per 1000 people,Rate per 1000 people,,,,
W06000005,Flintshire,Local Authority District,Food outlets,15/03/2016,1.6,Rate per 1000 people,Rate per 1000 people,,,,
W06000005,Flintshire,Local Authority District,Food outlets,15/03/2015,1.6,Rate per 1000 people,Rate per 1000 people,,,,
W06000006,Wrexham,Local Authority District,Food outlets,15/03/2022,1.7,Rate per 1000 people,Rate per 1000 people,,,,
W06000006,Wrexham,Local Authority District,Food outlets,15/03/2021,1.7,Rate per 1000 people,Rate per 1000 people,,,,
W06000006,Wrexham,Local Authority District,Food outlets,15/03/2020,1.7,Rate per 1000 people,Rate per 1000 people,,,,
W06000006,Wrexham,Local Authority District,Food outlets,15/03/2019,1.7,Rate per 1000 people,Rate per 1000 people,,,,
W06000006,Wrexham,Local Authority District,Food outlets,15/03/2026,1.9,Rate per 1000 people,Rate per 1000 people,,,,
W06000006,Wrexham,Local Authority District,Food outlets,15/03/2023,1.7,Rate per 1000 people,Rate per 1000 people,,,,
W06000006,Wrexham,Local Authority District,Food outlets,15/03/2018,1.8,Rate per 1000 people,Rate per 1000 people,,,,
W06000006,Wrexham,Local Authority District,Food outlets,15/03/2025,1.7,Rate per 1000 people,Rate per 1000 people,,,,
W06000006,Wrexham,Local Authority District,Food outlets,15/03/2024,1.7,Rate per 1000 people,Rate per 1000 people,,,,
W06000006,Wrexham,Local Authority District,Food outlets,15/03/2010,1.6,Rate per 1000 people,Rate per 1000 people,,,,
W06000006,Wrexham,Local Authority District,Food outlets,15/03/2011,1.7,Rate per 1000 people,Rate per 1000 people,,,,
W06000006,Wrexham,Local Authority District,Food outlets,15/03/2012,1.5,Rate per 1000 people,Rate per 1000 people,,,,
W06000006,Wrexham,Local Authority District,Food outlets,15/03/2013,1.5,Rate per 1000 people,Rate per 1000 people,,,,
W06000006,Wrexham,Local Authority District,Food outlets,15/03/2014,1.6,Rate per 1000 people,Rate per 1000 people,,,,
W06000006,Wrexham,Local Authority District,Food outlets,15/03/2017,1.7,Rate per 1000 people,Rate per 1000 people,,,,
W06000006,Wrexham,Local Authority District,Food outlets,15/03/2016,1.7,Rate per 1000 people,Rate per 1000 people,,,,
W06000006,Wrexham,Local Authority District,Food outlets,15/03/2015,1.7,Rate per 1000 people,Rate per 1000 people,,,,
W06000023,Powys,Local Authority District,Food outlets,15/03/2021,2.8,Rate per 1000 people,Rate per 1000 people,,,,
W06000023,Powys,Local Authority District,Food outlets,15/03/2022,2.8,Rate per 1000 people,Rate per 1000 people,,,,
W06000023,Powys,Local Authority District,Food outlets,15/03/2019,3,Rate per 1000 people,Rate per 1000 people,,,,
W06000023,Powys,Local Authority District,Food outlets,15/03/2020,3,Rate per 1000 people,Rate per 1000 people,,,,
W06000023,Powys,Local Authority District,Food outlets,15/03/2024,2.7,Rate per 1000 people,Rate per 1000 people,,,,
W06000023,Powys,Local Authority District,Food outlets,15/03/2023,2.8,Rate per 1000 people,Rate per 1000 people,,,,
W06000023,Powys,Local Authority District,Food outlets,15/03/2026,2.9,Rate per 1000 people,Rate per 1000 people,,,,
W06000023,Powys,Local Authority District,Food outlets,15/03/2025,2.8,Rate per 1000 people,Rate per 1000 people,,,,
W06000023,Powys,Local Authority District,Food outlets,15/03/2018,3,Rate per 1000 people,Rate per 1000 people,,,,
W06000023,Powys,Local Authority District,Food outlets,15/03/2010,2.8,Rate per 1000 people,Rate per 1000 people,,,,
W06000023,Powys,Local Authority District,Food outlets,15/03/2013,2.8,Rate per 1000 people,Rate per 1000 people,,,,
W06000023,Powys,Local Authority District,Food outlets,15/03/2012,2.9,Rate per 1000 people,Rate per 1000 people,,,,
W06000023,Powys,Local Authority District,Food outlets,15/03/2011,2.8,Rate per 1000 people,Rate per 1000 people,,,,
W06000023,Powys,Local Authority District,Food outlets,15/03/2014,2.7,Rate per 1000 people,Rate per 1000 people,,,,
W06000023,Powys,Local Authority District,Food outlets,15/03/2017,2.9,Rate per 1000 people,Rate per 1000 people,,,,
W06000023,Powys,Local Authority District,Food outlets,15/03/2016,3,Rate per 1000 people,Rate per 1000 people,,,,
W06000023,Powys,Local Authority District,Food outlets,15/03/2015,3,Rate per 1000 people,Rate per 1000 people,,,,
W06000008,Ceredigion,Local Authority District,Food outlets,15/03/2022,3.3,Rate per 1000 people,Rate per 1000 people,,,,
W06000008,Ceredigion,Local Authority District,Food outlets,15/03/2021,3.2,Rate per 1000 people,Rate per 1000 people,,,,
W06000008,Ceredigion,Local Authority District,Food outlets,15/03/2020,3.2,Rate per 1000 people,Rate per 1000 people,,,,
W06000008,Ceredigion,Local Authority District,Food outlets,15/03/2019,3.2,Rate per 1000 people,Rate per 1000 people,,,,
W06000008,Ceredigion,Local Authority District,Food outlets,15/03/2018,3.3,Rate per 1000 people,Rate per 1000 people,,,,
W06000008,Ceredigion,Local Authority District,Food outlets,15/03/2023,3.2,Rate per 1000 people,Rate per 1000 people,,,,
W06000008,Ceredigion,Local Authority District,Food outlets,15/03/2026,3.2,Rate per 1000 people,Rate per 1000 people,,,,
W06000008,Ceredigion,Local Authority District,Food outlets,15/03/2025,3.1,Rate per 1000 people,Rate per 1000 people,,,,
W06000008,Ceredigion,Local Authority District,Food outlets,15/03/2024,3.2,Rate per 1000 people,Rate per 1000 people,,,,
W06000008,Ceredigion,Local Authority District,Food outlets,15/03/2010,2.9,Rate per 1000 people,Rate per 1000 people,,,,
W06000008,Ceredigion,Local Authority District,Food outlets,15/03/2011,2.8,Rate per 1000 people,Rate per 1000 people,,,,
W06000008,Ceredigion,Local Authority District,Food outlets,15/03/2012,3,Rate per 1000 people,Rate per 1000 people,,,,
W06000008,Ceredigion,Local Authority District,Food outlets,15/03/2013,2.8,Rate per 1000 people,Rate per 1000 people,,,,
W06000008,Ceredigion,Local Authority District,Food outlets,15/03/2014,2.7,Rate per 1000 people,Rate per 1000 people,,,,
W06000008,Ceredigion,Local Authority District,Food outlets,15/03/2017,3.2,Rate per 1000 people,Rate per 1000 people,,,,
W06000008,Ceredigion,Local Authority District,Food outlets,15/03/2016,3.2,Rate per 1000 people,Rate per 1000 people,,,,
W06000008,Ceredigion,Local Authority District,Food outlets,15/03/2015,3.1,Rate per 1000 people,Rate per 1000 people,,,,
W06000009,Pembrokeshire,Local Authority District,Food outlets,15/03/2022,3.9,Rate per 1000 people,Rate per 1000 people,,,,
W06000009,Pembrokeshire,Local Authority District,Food outlets,15/03/2021,4,Rate per 1000 people,Rate per 1000 people,,,,
W06000009,Pembrokeshire,Local Authority District,Food outlets,15/03/2020,3.8,Rate per 1000 people,Rate per 1000 people,,,,
W06000009,Pembrokeshire,Local Authority District,Food outlets,15/03/2019,3.8,Rate per 1000 people,Rate per 1000 people,,,,
W06000009,Pembrokeshire,Local Authority District,Food outlets,15/03/2026,3.6,Rate per 1000 people,Rate per 1000 people,,,,
W06000009,Pembrokeshire,Local Authority District,Food outlets,15/03/2023,3.8,Rate per 1000 people,Rate per 1000 people,,,,
W06000009,Pembrokeshire,Local Authority District,Food outlets,15/03/2018,3.6,Rate per 1000 people,Rate per 1000 people,,,,
W06000009,Pembrokeshire,Local Authority District,Food outlets,15/03/2025,3.7,Rate per 1000 people,Rate per 1000 people,,,,
W06000009,Pembrokeshire,Local Authority District,Food outlets,15/03/2024,3.7,Rate per 1000 people,Rate per 1000 people,,,,
W06000009,Pembrokeshire,Local Authority District,Food outlets,15/03/2010,3.5,Rate per 1000 people,Rate per 1000 people,,,,
W06000009,Pembrokeshire,Local Authority District,Food outlets,15/03/2011,3.3,Rate per 1000 people,Rate per 1000 people,,,,
W06000009,Pembrokeshire,Local Authority District,Food outlets,15/03/2012,3.4,Rate per 1000 people,Rate per 1000 people,,,,
W06000009,Pembrokeshire,Local Authority District,Food outlets,15/03/2013,3.2,Rate per 1000 people,Rate per 1000 people,,,,
W06000009,Pembrokeshire,Local Authority District,Food outlets,15/03/2014,3.3,Rate per 1000 people,Rate per 1000 people,,,,
W06000009,Pembrokeshire,Local Authority District,Food outlets,15/03/2017,3.7,Rate per 1000 people,Rate per 1000 people,,,,
W06000009,Pembrokeshire,Local Authority District,Food outlets,15/03/2016,3.7,Rate per 1000 people,Rate per 1000 people,,,,
W06000009,Pembrokeshire,Local Authority District,Food outlets,15/03/2015,3.6,Rate per 1000 people,Rate per 1000 people,,,,
W06000010,Carmarthenshire,Local Authority District,Food outlets,15/03/2021,2.6,Rate per 1000 people,Rate per 1000 people,,,,
W06000010,Carmarthenshire,Local Authority District,Food outlets,15/03/2022,2.7,Rate per 1000 people,Rate per 1000 people,,,,
W06000010,Carmarthenshire,Local Authority District,Food outlets,15/03/2019,2.6,Rate per 1000 people,Rate per 1000 people,,,,
W06000010,Carmarthenshire,Local Authority District,Food outlets,15/03/2020,2.6,Rate per 1000 people,Rate per 1000 people,,,,
W06000010,Carmarthenshire,Local Authority District,Food outlets,15/03/2024,2.4,Rate per 1000 people,Rate per 1000 people,,,,
W06000010,Carmarthenshire,Local Authority District,Food outlets,15/03/2023,2.5,Rate per 1000 people,Rate per 1000 people,,,,
W06000010,Carmarthenshire,Local Authority District,Food outlets,15/03/2026,2.4,Rate per 1000 people,Rate per 1000 people,,,,
W06000010,Carmarthenshire,Local Authority District,Food outlets,15/03/2025,2.3,Rate per 1000 people,Rate per 1000 people,,,,
W06000010,Carmarthenshire,Local Authority District,Food outlets,15/03/2018,2.5,Rate per 1000 people,Rate per 1000 people,,,,
W06000010,Carmarthenshire,Local Authority District,Food outlets,15/03/2010,2.1,Rate per 1000 people,Rate per 1000 people,,,,
W06000010,Carmarthenshire,Local Authority District,Food outlets,15/03/2013,2.1,Rate per 1000 people,Rate per 1000 people,,,,
W06000010,Carmarthenshire,Local Authority District,Food outlets,15/03/2012,2.1,Rate per 1000 people,Rate per 1000 people,,,,
W06000010,Carmarthenshire,Local Authority District,Food outlets,15/03/2011,2,Rate per 1000 people,Rate per 1000 people,,,,
W06000010,Carmarthenshire,Local Authority District,Food outlets,15/03/2014,2.1,Rate per 1000 people,Rate per 1000 people,,,,
W06000010,Carmarthenshire,Local Authority District,Food outlets,15/03/2017,2.5,Rate per 1000 people,Rate per 1000 people,,,,
W06000010,Carmarthenshire,Local Authority District,Food outlets,15/03/2016,2.5,Rate per 1000 people,Rate per 1000 people,,,,
W06000010,Carmarthenshire,Local Authority District,Food outlets,15/03/2015,2.5,Rate per 1000 people,Rate per 1000 people,,,,
W06000011,Swansea,Local Authority District,Food outlets,15/03/2022,2.5,Rate per 1000 people,Rate per 1000 people,,,,
W06000011,Swansea,Local Authority District,Food outlets,15/03/2021,2.5,Rate per 1000 people,Rate per 1000 people,,,,
W06000011,Swansea,Local Authority District,Food outlets,15/03/2019,2.3,Rate per 1000 people,Rate per 1000 people,,,,
W06000011,Swansea,Local Authority District,Food outlets,15/03/2020,2.3,Rate per 1000 people,Rate per 1000 people,,,,
W06000011,Swansea,Local Authority District,Food outlets,15/03/2024,2.4,Rate per 1000 people,Rate per 1000 people,,,,
W06000011,Swansea,Local Authority District,Food outlets,15/03/2023,2.5,Rate per 1000 people,Rate per 1000 people,,,,
W06000011,Swansea,Local Authority District,Food outlets,15/03/2018,2.3,Rate per 1000 people,Rate per 1000 people,,,,
W06000011,Swansea,Local Authority District,Food outlets,15/03/2026,2.5,Rate per 1000 people,Rate per 1000 people,,,,
W06000011,Swansea,Local Authority District,Food outlets,15/03/2025,2.5,Rate per 1000 people,Rate per 1000 people,,,,
W06000011,Swansea,Local Authority District,Food outlets,15/03/2016,2.2,Rate per 1000 people,Rate per 1000 people,,,,
W06000011,Swansea,Local Authority District,Food outlets,15/03/2013,1.8,Rate per 1000 people,Rate per 1000 people,,,,
W06000011,Swansea,Local Authority District,Food outlets,15/03/2012,1.9,Rate per 1000 people,Rate per 1000 people,,,,
W06000011,Swansea,Local Authority District,Food outlets,15/03/2011,1.9,Rate per 1000 people,Rate per 1000 people,,,,
W06000011,Swansea,Local Authority District,Food outlets,15/03/2010,2.1,Rate per 1000 people,Rate per 1000 people,,,,
W06000011,Swansea,Local Authority District,Food outlets,15/03/2014,2,Rate per 1000 people,Rate per 1000 people,,,,
W06000011,Swansea,Local Authority District,Food outlets,15/03/2017,2.3,Rate per 1000 people,Rate per 1000 people,,,,
W06000011,Swansea,Local Authority District,Food outlets,15/03/2015,2.2,Rate per 1000 people,Rate per 1000 people,,,,
W06000012,Neath Port Talbot,Local Authority District,Food outlets,15/03/2021,2.1,Rate per 1000 people,Rate per 1000 people,,,,
W06000012,Neath Port Talbot,Local Authority District,Food outlets,15/03/2022,2.2,Rate per 1000 people,Rate per 1000 people,,,,
W06000012,Neath Port Talbot,Local Authority District,Food outlets,15/03/2020,2.1,Rate per 1000 people,Rate per 1000 people,,,,
W06000012,Neath Port Talbot,Local Authority District,Food outlets,15/03/2019,2.2,Rate per 1000 people,Rate per 1000 people,,,,
W06000012,Neath Port Talbot,Local Authority District,Food outlets,15/03/2018,2.1,Rate per 1000 people,Rate per 1000 people,,,,
W06000012,Neath Port Talbot,Local Authority District,Food outlets,15/03/2023,2.2,Rate per 1000 people,Rate per 1000 people,,,,
W06000012,Neath Port Talbot,Local Authority District,Food outlets,15/03/2026,1.9,Rate per 1000 people,Rate per 1000 people,,,,
W06000012,Neath Port Talbot,Local Authority District,Food outlets,15/03/2025,1.9,Rate per 1000 people,Rate per 1000 people,,,,
W06000012,Neath Port Talbot,Local Authority District,Food outlets,15/03/2024,1.8,Rate per 1000 people,Rate per 1000 people,,,,
W06000012,Neath Port Talbot,Local Authority District,Food outlets,15/03/2010,1.6,Rate per 1000 people,Rate per 1000 people,,,,
W06000012,Neath Port Talbot,Local Authority District,Food outlets,15/03/2011,1.7,Rate per 1000 people,Rate per 1000 people,,,,
W06000012,Neath Port Talbot,Local Authority District,Food outlets,15/03/2012,1.7,Rate per 1000 people,Rate per 1000 people,,,,
W06000012,Neath Port Talbot,Local Authority District,Food outlets,15/03/2013,1.7,Rate per 1000 people,Rate per 1000 people,,,,
W06000012,Neath Port Talbot,Local Authority District,Food outlets,15/03/2014,1.8,Rate per 1000 people,Rate per 1000 people,,,,
W06000012,Neath Port Talbot,Local Authority District,Food outlets,15/03/2017,2.1,Rate per 1000 people,Rate per 1000 people,,,,
W06000012,Neath Port Talbot,Local Authority District,Food outlets,15/03/2016,2.1,Rate per 1000 people,Rate per 1000 people,,,,
W06000012,Neath Port Talbot,Local Authority District,Food outlets,15/03/2015,2,Rate per 1000 people,Rate per 1000 people,,,,
W06000013,Bridgend,Local Authority District,Food outlets,15/03/2021,2.2,Rate per 1000 people,Rate per 1000 people,,,,
W06000013,Bridgend,Local Authority District,Food outlets,15/03/2022,2.6,Rate per 1000 people,Rate per 1000 people,,,,
W06000013,Bridgend,Local Authority District,Food outlets,15/03/2019,2,Rate per 1000 people,Rate per 1000 people,,,,
W06000013,Bridgend,Local Authority District,Food outlets,15/03/2020,2.1,Rate per 1000 people,Rate per 1000 people,,,,
W06000013,Bridgend,Local Authority District,Food outlets,15/03/2024,2.2,Rate per 1000 people,Rate per 1000 people,,,,
W06000013,Bridgend,Local Authority District,Food outlets,15/03/2023,2.5,Rate per 1000 people,Rate per 1000 people,,,,
W06000013,Bridgend,Local Authority District,Food outlets,15/03/2026,2.1,Rate per 1000 people,Rate per 1000 people,,,,
W06000013,Bridgend,Local Authority District,Food outlets,15/03/2025,2.1,Rate per 1000 people,Rate per 1000 people,,,,
W06000013,Bridgend,Local Authority District,Food outlets,15/03/2018,2,Rate per 1000 people,Rate per 1000 people,,,,
W06000013,Bridgend,Local Authority District,Food outlets,15/03/2010,2.1,Rate per 1000 people,Rate per 1000 people,,,,
W06000013,Bridgend,Local Authority District,Food outlets,15/03/2013,1.8,Rate per 1000 people,Rate per 1000 people,,,,
W06000013,Bridgend,Local Authority District,Food outlets,15/03/2012,1.9,Rate per 1000 people,Rate per 1000 people,,,,
W06000013,Bridgend,Local Authority District,Food outlets,15/03/2011,1.9,Rate per 1000 people,Rate per 1000 people,,,,
W06000013,Bridgend,Local Authority District,Food outlets,15/03/2014,1.8,Rate per 1000 people,Rate per 1000 people,,,,
W06000013,Bridgend,Local Authority District,Food outlets,15/03/2017,2,Rate per 1000 people,Rate per 1000 people,,,,
W06000013,Bridgend,Local Authority District,Food outlets,15/03/2016,2,Rate per 1000 people,Rate per 1000 people,,,,
W06000013,Bridgend,Local Authority District,Food outlets,15/03/2015,2,Rate per 1000 people,Rate per 1000 people,,,,
W06000014,Vale of Glamorgan,Local Authority District,Food outlets,15/03/2022,2.3,Rate per 1000 people,Rate per 1000 people,,,,
W06000014,Vale of Glamorgan,Local Authority District,Food outlets,15/03/2021,2.1,Rate per 1000 people,Rate per 1000 people,,,,
W06000014,Vale of Glamorgan,Local Authority District,Food outlets,15/03/2020,2,Rate per 1000 people,Rate per 1000 people,,,,
W06000014,Vale of Glamorgan,Local Authority District,Food outlets,15/03/2019,2,Rate per 1000 people,Rate per 1000 people,,,,
W06000014,Vale of Glamorgan,Local Authority District,Food outlets,15/03/2018,2.1,Rate per 1000 people,Rate per 1000 people,,,,
W06000014,Vale of Glamorgan,Local Authority District,Food outlets,15/03/2023,2.2,Rate per 1000 people,Rate per 1000 people,,,,
W06000014,Vale of Glamorgan,Local Authority District,Food outlets,15/03/2026,2.3,Rate per 1000 people,Rate per 1000 people,,,,
W06000014,Vale of Glamorgan,Local Authority District,Food outlets,15/03/2025,2.3,Rate per 1000 people,Rate per 1000 people,,,,
W06000014,Vale of Glamorgan,Local Authority District,Food outlets,15/03/2024,2.2,Rate per 1000 people,Rate per 1000 people,,,,
W06000014,Vale of Glamorgan,Local Authority District,Food outlets,15/03/2010,1.7,Rate per 1000 people,Rate per 1000 people,,,,
W06000014,Vale of Glamorgan,Local Authority District,Food outlets,15/03/2011,1.7,Rate per 1000 people,Rate per 1000 people,,,,
W06000014,Vale of Glamorgan,Local Authority District,Food outlets,15/03/2012,1.8,Rate per 1000 people,Rate per 1000 people,,,,
W06000014,Vale of Glamorgan,Local Authority District,Food outlets,15/03/2013,1.8,Rate per 1000 people,Rate per 1000 people,,,,
W06000014,Vale of Glamorgan,Local Authority District,Food outlets,15/03/2014,1.8,Rate per 1000 people,Rate per 1000 people,,,,
W06000014,Vale of Glamorgan,Local Authority District,Food outlets,15/03/2017,2,Rate per 1000 people,Rate per 1000 people,,,,
W06000014,Vale of Glamorgan,Local Authority District,Food outlets,15/03/2016,2,Rate per 1000 people,Rate per 1000 people,,,,
W06000014,Vale of Glamorgan,Local Authority District,Food outlets,15/03/2015,2,Rate per 1000 people,Rate per 1000 people,,,,
W06000015,Cardiff,Local Authority District,Food outlets,15/03/2022,2.5,Rate per 1000 people,Rate per 1000 people,,,,
W06000015,Cardiff,Local Authority District,Food outlets,15/03/2021,2.3,Rate per 1000 people,Rate per 1000 people,,,,
W06000015,Cardiff,Local Authority District,Food outlets,15/03/2020,2.2,Rate per 1000 people,Rate per 1000 people,,,,
W06000015,Cardiff,Local Authority District,Food outlets,15/03/2019,2.1,Rate per 1000 people,Rate per 1000 people,,,,
W06000015,Cardiff,Local Authority District,Food outlets,15/03/2026,2.5,Rate per 1000 people,Rate per 1000 people,,,,
W06000015,Cardiff,Local Authority District,Food outlets,15/03/2023,2.5,Rate per 1000 people,Rate per 1000 people,,,,
W06000015,Cardiff,Local Authority District,Food outlets,15/03/2018,2.1,Rate per 1000 people,Rate per 1000 people,,,,
W06000015,Cardiff,Local Authority District,Food outlets,15/03/2025,2.3,Rate per 1000 people,Rate per 1000 people,,,,
W06000015,Cardiff,Local Authority District,Food outlets,15/03/2024,2.2,Rate per 1000 people,Rate per 1000 people,,,,
W06000015,Cardiff,Local Authority District,Food outlets,15/03/2010,1.6,Rate per 1000 people,Rate per 1000 people,,,,
W06000015,Cardiff,Local Authority District,Food outlets,15/03/2011,1.5,Rate per 1000 people,Rate per 1000 people,,,,
W06000015,Cardiff,Local Authority District,Food outlets,15/03/2012,1.6,Rate per 1000 people,Rate per 1000 people,,,,
W06000015,Cardiff,Local Authority District,Food outlets,15/03/2013,1.6,Rate per 1000 people,Rate per 1000 people,,,,
W06000015,Cardiff,Local Authority District,Food outlets,15/03/2014,1.6,Rate per 1000 people,Rate per 1000 people,,,,
W06000015,Cardiff,Local Authority District,Food outlets,15/03/2017,2,Rate per 1000 people,Rate per 1000 people,,,,
W06000015,Cardiff,Local Authority District,Food outlets,15/03/2016,2,Rate per 1000 people,Rate per 1000 people,,,,
W06000015,Cardiff,Local Authority District,Food outlets,15/03/2015,1.9,Rate per 1000 people,Rate per 1000 people,,,,
W06000016,Rhondda Cynon Taf,Local Authority District,Food outlets,15/03/2021,2.2,Rate per 1000 people,Rate per 1000 people,,,,
W06000016,Rhondda Cynon Taf,Local Authority District,Food outlets,15/03/2022,2.3,Rate per 1000 people,Rate per 1000 people,,,,
W06000016,Rhondda Cynon Taf,Local Authority District,Food outlets,15/03/2019,2,Rate per 1000 people,Rate per 1000 people,,,,
W06000016,Rhondda Cynon Taf,Local Authority District,Food outlets,15/03/2020,2,Rate per 1000 people,Rate per 1000 people,,,,
W06000016,Rhondda Cynon Taf,Local Authority District,Food outlets,15/03/2024,2.2,Rate per 1000 people,Rate per 1000 people,,,,
W06000016,Rhondda Cynon Taf,Local Authority District,Food outlets,15/03/2023,2.3,Rate per 1000 people,Rate per 1000 people,,,,
W06000016,Rhondda Cynon Taf,Local Authority District,Food outlets,15/03/2026,2.2,Rate per 1000 people,Rate per 1000 people,,,,
W06000016,Rhondda Cynon Taf,Local Authority District,Food outlets,15/03/2025,2.1,Rate per 1000 people,Rate per 1000 people,,,,
W06000016,Rhondda Cynon Taf,Local Authority District,Food outlets,15/03/2018,1.9,Rate per 1000 people,Rate per 1000 people,,,,
W06000016,Rhondda Cynon Taf,Local Authority District,Food outlets,15/03/2013,1.8,Rate per 1000 people,Rate per 1000 people,,,,
W06000016,Rhondda Cynon Taf,Local Authority District,Food outlets,15/03/2012,1.9,Rate per 1000 people,Rate per 1000 people,,,,
W06000016,Rhondda Cynon Taf,Local Authority District,Food outlets,15/03/2011,1.8,Rate per 1000 people,Rate per 1000 people,,,,
W06000016,Rhondda Cynon Taf,Local Authority District,Food outlets,15/03/2010,1.9,Rate per 1000 people,Rate per 1000 people,,,,
W06000016,Rhondda Cynon Taf,Local Authority District,Food outlets,15/03/2014,1.8,Rate per 1000 people,Rate per 1000 people,,,,
W06000016,Rhondda Cynon Taf,Local Authority District,Food outlets,15/03/2017,1.9,Rate per 1000 people,Rate per 1000 people,,,,
W06000016,Rhondda Cynon Taf,Local Authority District,Food outlets,15/03/2016,2,Rate per 1000 people,Rate per 1000 people,,,,
W06000016,Rhondda Cynon Taf,Local Authority District,Food outlets,15/03/2015,2,Rate per 1000 people,Rate per 1000 people,,,,
W06000024,Merthyr Tydfil,Local Authority District,Food outlets,15/03/2022,2.6,Rate per 1000 people,Rate per 1000 people,,,,
W06000024,Merthyr Tydfil,Local Authority District,Food outlets,15/03/2021,2.2,Rate per 1000 people,Rate per 1000 people,,,,
W06000024,Merthyr Tydfil,Local Authority District,Food outlets,15/03/2019,2.2,Rate per 1000 people,Rate per 1000 people,,,,
W06000024,Merthyr Tydfil,Local Authority District,Food outlets,15/03/2020,2.2,Rate per 1000 people,Rate per 1000 people,,,,
W06000024,Merthyr Tydfil,Local Authority District,Food outlets,15/03/2024,2.3,Rate per 1000 people,Rate per 1000 people,,,,
W06000024,Merthyr Tydfil,Local Authority District,Food outlets,15/03/2023,2.6,Rate per 1000 people,Rate per 1000 people,,,,
W06000024,Merthyr Tydfil,Local Authority District,Food outlets,15/03/2018,2.2,Rate per 1000 people,Rate per 1000 people,,,,
W06000024,Merthyr Tydfil,Local Authority District,Food outlets,15/03/2026,2.1,Rate per 1000 people,Rate per 1000 people,,,,
W06000024,Merthyr Tydfil,Local Authority District,Food outlets,15/03/2025,2.1,Rate per 1000 people,Rate per 1000 people,,,,
W06000024,Merthyr Tydfil,Local Authority District,Food outlets,15/03/2010,1.8,Rate per 1000 people,Rate per 1000 people,,,,
W06000024,Merthyr Tydfil,Local Authority District,Food outlets,15/03/2011,1.9,Rate per 1000 people,Rate per 1000 people,,,,
W06000024,Merthyr Tydfil,Local Authority District,Food outlets,15/03/2012,2,Rate per 1000 people,Rate per 1000 people,,,,
W06000024,Merthyr Tydfil,Local Authority District,Food outlets,15/03/2013,2,Rate per 1000 people,Rate per 1000 people,,,,
W06000024,Merthyr Tydfil,Local Authority District,Food outlets,15/03/2014,2,Rate per 1000 people,Rate per 1000 people,,,,
W06000024,Merthyr Tydfil,Local Authority District,Food outlets,15/03/2017,2.2,Rate per 1000 people,Rate per 1000 people,,,,
W06000024,Merthyr Tydfil,Local Authority District,Food outlets,15/03/2016,2.2,Rate per 1000 people,Rate per 1000 people,,,,
W06000024,Merthyr Tydfil,Local Authority District,Food outlets,15/03/2015,2.1,Rate per 1000 people,Rate per 1000 people,,,,
W06000018,Caerphilly,Local Authority District,Food outlets,15/03/2022,1.9,Rate per 1000 people,Rate per 1000 people,,,,
W06000018,Caerphilly,Local Authority District,Food outlets,15/03/2021,2,Rate per 1000 people,Rate per 1000 people,,,,
W06000018,Caerphilly,Local Authority District,Food outlets,15/03/2020,1.9,Rate per 1000 people,Rate per 1000 people,,,,
W06000018,Caerphilly,Local Authority District,Food outlets,15/03/2019,1.8,Rate per 1000 people,Rate per 1000 people,,,,
W06000018,Caerphilly,Local Authority District,Food outlets,15/03/2026,2,Rate per 1000 people,Rate per 1000 people,,,,
W06000018,Caerphilly,Local Authority District,Food outlets,15/03/2023,2,Rate per 1000 people,Rate per 1000 people,,,,
W06000018,Caerphilly,Local Authority District,Food outlets,15/03/2018,1.8,Rate per 1000 people,Rate per 1000 people,,,,
W06000018,Caerphilly,Local Authority District,Food outlets,15/03/2025,1.9,Rate per 1000 people,Rate per 1000 people,,,,
W06000018,Caerphilly,Local Authority District,Food outlets,15/03/2024,1.9,Rate per 1000 people,Rate per 1000 people,,,,
W06000018,Caerphilly,Local Authority District,Food outlets,15/03/2016,1.8,Rate per 1000 people,Rate per 1000 people,,,,
W06000018,Caerphilly,Local Authority District,Food outlets,15/03/2013,1.5,Rate per 1000 people,Rate per 1000 people,,,,
W06000018,Caerphilly,Local Authority District,Food outlets,15/03/2012,1.5,Rate per 1000 people,Rate per 1000 people,,,,
W06000018,Caerphilly,Local Authority District,Food outlets,15/03/2011,1.5,Rate per 1000 people,Rate per 1000 people,,,,
W06000018,Caerphilly,Local Authority District,Food outlets,15/03/2010,1.6,Rate per 1000 people,Rate per 1000 people,,,,
W06000018,Caerphilly,Local Authority District,Food outlets,15/03/2014,1.7,Rate per 1000 people,Rate per 1000 people,,,,
W06000018,Caerphilly,Local Authority District,Food outlets,15/03/2017,1.8,Rate per 1000 people,Rate per 1000 people,,,,
W06000018,Caerphilly,Local Authority District,Food outlets,15/03/2015,1.8,Rate per 1000 people,Rate per 1000 people,,,,
W06000019,Blaenau Gwent,Local Authority District,Food outlets,15/03/2022,1.9,Rate per 1000 people,Rate per 1000 people,,,,
W06000019,Blaenau Gwent,Local Authority District,Food outlets,15/03/2021,1.8,Rate per 1000 people,Rate per 1000 people,,,,
W06000019,Blaenau Gwent,Local Authority District,Food outlets,15/03/2020,1.7,Rate per 1000 people,Rate per 1000 people,,,,
W06000019,Blaenau Gwent,Local Authority District,Food outlets,15/03/2019,1.7,Rate per 1000 people,Rate per 1000 people,,,,
W06000019,Blaenau Gwent,Local Authority District,Food outlets,15/03/2026,1.8,Rate per 1000 people,Rate per 1000 people,,,,
W06000019,Blaenau Gwent,Local Authority District,Food outlets,15/03/2023,1.8,Rate per 1000 people,Rate per 1000 people,,,,
W06000019,Blaenau Gwent,Local Authority District,Food outlets,15/03/2018,1.8,Rate per 1000 people,Rate per 1000 people,,,,
W06000019,Blaenau Gwent,Local Authority District,Food outlets,15/03/2025,1.7,Rate per 1000 people,Rate per 1000 people,,,,
W06000019,Blaenau Gwent,Local Authority District,Food outlets,15/03/2024,1.8,Rate per 1000 people,Rate per 1000 people,,,,
W06000019,Blaenau Gwent,Local Authority District,Food outlets,15/03/2016,1.9,Rate per 1000 people,Rate per 1000 people,,,,
W06000019,Blaenau Gwent,Local Authority District,Food outlets,15/03/2010,1.8,Rate per 1000 people,Rate per 1000 people,,,,
W06000019,Blaenau Gwent,Local Authority District,Food outlets,15/03/2011,1.8,Rate per 1000 people,Rate per 1000 people,,,,
W06000019,Blaenau Gwent,Local Authority District,Food outlets,15/03/2012,1.7,Rate per 1000 people,Rate per 1000 people,,,,
W06000019,Blaenau Gwent,Local Authority District,Food outlets,15/03/2013,1.7,Rate per 1000 people,Rate per 1000 people,,,,
W06000019,Blaenau Gwent,Local Authority District,Food outlets,15/03/2014,1.9,Rate per 1000 people,Rate per 1000 people,,,,
W06000019,Blaenau Gwent,Local Authority District,Food outlets,15/03/2017,1.8,Rate per 1000 people,Rate per 1000 people,,,,
W06000019,Blaenau Gwent,Local Authority District,Food outlets,15/03/2015,2.1,Rate per 1000 people,Rate per 1000 people,,,,
W06000020,Torfaen,Local Authority District,Food outlets,15/03/2021,1.7,Rate per 1000 people,Rate per 1000 people,,,,
W06000020,Torfaen,Local Authority District,Food outlets,15/03/2022,1.7,Rate per 1000 people,Rate per 1000 people,,,,
W06000020,Torfaen,Local Authority District,Food outlets,15/03/2020,1.7,Rate per 1000 people,Rate per 1000 people,,,,
W06000020,Torfaen,Local Authority District,Food outlets,15/03/2019,1.6,Rate per 1000 people,Rate per 1000 people,,,,
W06000020,Torfaen,Local Authority District,Food outlets,15/03/2018,1.7,Rate per 1000 people,Rate per 1000 people,,,,
W06000020,Torfaen,Local Authority District,Food outlets,15/03/2023,1.8,Rate per 1000 people,Rate per 1000 people,,,,
W06000020,Torfaen,Local Authority District,Food outlets,15/03/2026,1.6,Rate per 1000 people,Rate per 1000 people,,,,
W06000020,Torfaen,Local Authority District,Food outlets,15/03/2025,1.6,Rate per 1000 people,Rate per 1000 people,,,,
W06000020,Torfaen,Local Authority District,Food outlets,15/03/2024,1.6,Rate per 1000 people,Rate per 1000 people,,,,
W06000020,Torfaen,Local Authority District,Food outlets,15/03/2010,1.6,Rate per 1000 people,Rate per 1000 people,,,,
W06000020,Torfaen,Local Authority District,Food outlets,15/03/2011,1.5,Rate per 1000 people,Rate per 1000 people,,,,
W06000020,Torfaen,Local Authority District,Food outlets,15/03/2012,1.5,Rate per 1000 people,Rate per 1000 people,,,,
W06000020,Torfaen,Local Authority District,Food outlets,15/03/2013,1.5,Rate per 1000 people,Rate per 1000 people,,,,
W06000020,Torfaen,Local Authority District,Food outlets,15/03/2014,1.5,Rate per 1000 people,Rate per 1000 people,,,,
W06000020,Torfaen,Local Authority District,Food outlets,15/03/2017,1.7,Rate per 1000 people,Rate per 1000 people,,,,
W06000020,Torfaen,Local Authority District,Food outlets,15/03/2016,1.8,Rate per 1000 people,Rate per 1000 people,,,,
W06000020,Torfaen,Local Authority District,Food outlets,15/03/2015,1.7,Rate per 1000 people,Rate per 1000 people,,,,
W06000021,Monmouthshire,Local Authority District,Food outlets,15/03/2022,3.1,Rate per 1000 people,Rate per 1000 people,,,,
W06000021,Monmouthshire,Local Authority District,Food outlets,15/03/2021,2.7,Rate per 1000 people,Rate per 1000 people,,,,
W06000021,Monmouthshire,Local Authority District,Food outlets,15/03/2020,2.6,Rate per 1000 people,Rate per 1000 people,,,,
W06000021,Monmouthshire,Local Authority District,Food outlets,15/03/2019,2.6,Rate per 1000 people,Rate per 1000 people,,,,
W06000021,Monmouthshire,Local Authority District,Food outlets,15/03/2026,2.8,Rate per 1000 people,Rate per 1000 people,,,,
W06000021,Monmouthshire,Local Authority District,Food outlets,15/03/2023,2.9,Rate per 1000 people,Rate per 1000 people,,,,
W06000021,Monmouthshire,Local Authority District,Food outlets,15/03/2018,2.6,Rate per 1000 people,Rate per 1000 people,,,,
W06000021,Monmouthshire,Local Authority District,Food outlets,15/03/2025,2.6,Rate per 1000 people,Rate per 1000 people,,,,
W06000021,Monmouthshire,Local Authority District,Food outlets,15/03/2024,2.7,Rate per 1000 people,Rate per 1000 people,,,,
W06000021,Monmouthshire,Local Authority District,Food outlets,15/03/2010,2.5,Rate per 1000 people,Rate per 1000 people,,,,
W06000021,Monmouthshire,Local Authority District,Food outlets,15/03/2011,2.2,Rate per 1000 people,Rate per 1000 people,,,,
W06000021,Monmouthshire,Local Authority District,Food outlets,15/03/2012,2.3,Rate per 1000 people,Rate per 1000 people,,,,
W06000021,Monmouthshire,Local Authority District,Food outlets,15/03/2013,2.3,Rate per 1000 people,Rate per 1000 people,,,,
W06000021,Monmouthshire,Local Authority District,Food outlets,15/03/2014,2.4,Rate per 1000 people,Rate per 1000 people,,,,
W06000021,Monmouthshire,Local Authority District,Food outlets,15/03/2017,2.5,Rate per 1000 people,Rate per 1000 people,,,,
W06000021,Monmouthshire,Local Authority District,Food outlets,15/03/2016,2.6,Rate per 1000 people,Rate per 1000 people,,,,
W06000021,Monmouthshire,Local Authority District,Food outlets,15/03/2015,2.4,Rate per 1000 people,Rate per 1000 people,,,,
W06000022,Newport,Local Authority District,Food outlets,15/03/2021,2.4,Rate per 1000 people,Rate per 1000 people,,,,
W06000022,Newport,Local Authority District,Food outlets,15/03/2022,1.9,Rate per 1000 people,Rate per 1000 people,,,,
W06000022,Newport,Local Authority District,Food outlets,15/03/2019,1.8,Rate per 1000 people,Rate per 1000 people,,,,
W06000022,Newport,Local Authority District,Food outlets,15/03/2020,1.9,Rate per 1000 people,Rate per 1000 people,,,,
W06000022,Newport,Local Authority District,Food outlets,15/03/2024,1.7,Rate per 1000 people,Rate per 1000 people,,,,
W06000022,Newport,Local Authority District,Food outlets,15/03/2023,1.8,Rate per 1000 people,Rate per 1000 people,,,,
W06000022,Newport,Local Authority District,Food outlets,15/03/2026,1.7,Rate per 1000 people,Rate per 1000 people,,,,
W06000022,Newport,Local Authority District,Food outlets,15/03/2025,1.7,Rate per 1000 people,Rate per 1000 people,,,,
W06000022,Newport,Local Authority District,Food outlets,15/03/2018,1.7,Rate per 1000 people,Rate per 1000 people,,,,
W06000022,Newport,Local Authority District,Food outlets,15/03/2010,1.6,Rate per 1000 people,Rate per 1000 people,,,,
W06000022,Newport,Local Authority District,Food outlets,15/03/2013,1.5,Rate per 1000 people,Rate per 1000 people,,,,
W06000022,Newport,Local Authority District,Food outlets,15/03/2012,1.6,Rate per 1000 people,Rate per 1000 people,,,,
W06000022,Newport,Local Authority District,Food outlets,15/03/2011,1.5,Rate per 1000 people,Rate per 1000 people,,,,
W06000022,Newport,Local Authority District,Food outlets,15/03/2014,1.5,Rate per 1000 people,Rate per 1000 people,,,,
W06000022,Newport,Local Authority District,Food outlets,15/03/2017,1.8,Rate per 1000 people,Rate per 1000 people,,,,
W06000022,Newport,Local Authority District,Food outlets,15/03/2016,1.7,Rate per 1000 people,Rate per 1000 people,,,,
W06000022,Newport,Local Authority District,Food outlets,15/03/2015,1.7,Rate per 1000 people,Rate per 1000 people,,,,
S92000003,Scotland,Nation,Food outlets,15/03/2022,2.2,Rate per 1000 people,Rate per 1000 people,,,,
S92000003,Scotland,Nation,Food outlets,15/03/2021,2.1,Rate per 1000 people,Rate per 1000 people,,,,
S92000003,Scotland,Nation,Food outlets,15/03/2019,2.1,Rate per 1000 people,Rate per 1000 people,,,,
S92000003,Scotland,Nation,Food outlets,15/03/2020,2.1,Rate per 1000 people,Rate per 1000 people,,,,
S92000003,Scotland,Nation,Food outlets,15/03/2024,2.2,Rate per 1000 people,Rate per 1000 people,,,,
S92000003,Scotland,Nation,Food outlets,15/03/2023,2.2,Rate per 1000 people,Rate per 1000 people,,,,
S92000003,Scotland,Nation,Food outlets,15/03/2018,2.1,Rate per 1000 people,Rate per 1000 people,,,,
S92000003,Scotland,Nation,Food outlets,15/03/2026,2.2,Rate per 1000 people,Rate per 1000 people,,,,
S92000003,Scotland,Nation,Food outlets,15/03/2025,2.2,Rate per 1000 people,Rate per 1000 people,,,,
S92000003,Scotland,Nation,Food outlets,15/03/2016,2,Rate per 1000 people,Rate per 1000 people,,,,
S92000003,Scotland,Nation,Food outlets,15/03/2013,1.8,Rate per 1000 people,Rate per 1000 people,,,,
S92000003,Scotland,Nation,Food outlets,15/03/2012,1.8,Rate per 1000 people,Rate per 1000 people,,,,
S92000003,Scotland,Nation,Food outlets,15/03/2011,1.8,Rate per 1000 people,Rate per 1000 people,,,,
S92000003,Scotland,Nation,Food outlets,15/03/2010,1.8,Rate per 1000 people,Rate per 1000 people,,,,
S92000003,Scotland,Nation,Food outlets,15/03/2014,1.9,Rate per 1000 people,Rate per 1000 people,,,,
S92000003,Scotland,Nation,Food outlets,15/03/2017,2,Rate per 1000 people,Rate per 1000 people,,,,
S92000003,Scotland,Nation,Food outlets,15/03/2015,2,Rate per 1000 people,Rate per 1000 people,,,,
S12000033,Aberdeen City,Local Authority District,Food outlets,15/03/2021,1.9,Rate per 1000 people,Rate per 1000 people,,,,
S12000033,Aberdeen City,Local Authority District,Food outlets,15/03/2022,2,Rate per 1000 people,Rate per 1000 people,,,,
S12000033,Aberdeen City,Local Authority District,Food outlets,15/03/2020,1.9,Rate per 1000 people,Rate per 1000 people,,,,
S12000033,Aberdeen City,Local Authority District,Food outlets,15/03/2019,1.8,Rate per 1000 people,Rate per 1000 people,,,,
S12000033,Aberdeen City,Local Authority District,Food outlets,15/03/2018,1.8,Rate per 1000 people,Rate per 1000 people,,,,
S12000033,Aberdeen City,Local Authority District,Food outlets,15/03/2023,1.9,Rate per 1000 people,Rate per 1000 people,,,,
S12000033,Aberdeen City,Local Authority District,Food outlets,15/03/2026,2.1,Rate per 1000 people,Rate per 1000 people,,,,
S12000033,Aberdeen City,Local Authority District,Food outlets,15/03/2025,2,Rate per 1000 people,Rate per 1000 people,,,,
S12000033,Aberdeen City,Local Authority District,Food outlets,15/03/2024,1.9,Rate per 1000 people,Rate per 1000 people,,,,
S12000033,Aberdeen City,Local Authority District,Food outlets,15/03/2010,1.8,Rate per 1000 people,Rate per 1000 people,,,,
S12000033,Aberdeen City,Local Authority District,Food outlets,15/03/2011,1.7,Rate per 1000 people,Rate per 1000 people,,,,
S12000033,Aberdeen City,Local Authority District,Food outlets,15/03/2012,1.7,Rate per 1000 people,Rate per 1000 people,,,,
S12000033,Aberdeen City,Local Authority District,Food outlets,15/03/2013,1.7,Rate per 1000 people,Rate per 1000 people,,,,
S12000033,Aberdeen City,Local Authority District,Food outlets,15/03/2014,1.7,Rate per 1000 people,Rate per 1000 people,,,,
S12000033,Aberdeen City,Local Authority District,Food outlets,15/03/2017,1.8,Rate per 1000 people,Rate per 1000 people,,,,
S12000033,Aberdeen City,Local Authority District,Food outlets,15/03/2016,1.8,Rate per 1000 people,Rate per 1000 people,,,,
S12000033,Aberdeen City,Local Authority District,Food outlets,15/03/2015,1.7,Rate per 1000 people,Rate per 1000 people,,,,
S12000034,Aberdeenshire,Local Authority District,Food outlets,15/03/2021,1.7,Rate per 1000 people,Rate per 1000 people,,,,
S12000034,Aberdeenshire,Local Authority District,Food outlets,15/03/2022,1.8,Rate per 1000 people,Rate per 1000 people,,,,
S12000034,Aberdeenshire,Local Authority District,Food outlets,15/03/2019,1.7,Rate per 1000 people,Rate per 1000 people,,,,
S12000034,Aberdeenshire,Local Authority District,Food outlets,15/03/2020,1.8,Rate per 1000 people,Rate per 1000 people,,,,
S12000034,Aberdeenshire,Local Authority District,Food outlets,15/03/2024,1.7,Rate per 1000 people,Rate per 1000 people,,,,
S12000034,Aberdeenshire,Local Authority District,Food outlets,15/03/2023,1.7,Rate per 1000 people,Rate per 1000 people,,,,
S12000034,Aberdeenshire,Local Authority District,Food outlets,15/03/2026,1.8,Rate per 1000 people,Rate per 1000 people,,,,
S12000034,Aberdeenshire,Local Authority District,Food outlets,15/03/2025,1.7,Rate per 1000 people,Rate per 1000 people,,,,
S12000034,Aberdeenshire,Local Authority District,Food outlets,15/03/2018,1.7,Rate per 1000 people,Rate per 1000 people,,,,
S12000034,Aberdeenshire,Local Authority District,Food outlets,15/03/2010,1.4,Rate per 1000 people,Rate per 1000 people,,,,
S12000034,Aberdeenshire,Local Authority District,Food outlets,15/03/2013,1.5,Rate per 1000 people,Rate per 1000 people,,,,
S12000034,Aberdeenshire,Local Authority District,Food outlets,15/03/2012,1.5,Rate per 1000 people,Rate per 1000 people,,,,
S12000034,Aberdeenshire,Local Authority District,Food outlets,15/03/2011,1.5,Rate per 1000 people,Rate per 1000 people,,,,
S12000034,Aberdeenshire,Local Authority District,Food outlets,15/03/2014,1.5,Rate per 1000 people,Rate per 1000 people,,,,
S12000034,Aberdeenshire,Local Authority District,Food outlets,15/03/2017,1.7,Rate per 1000 people,Rate per 1000 people,,,,
S12000034,Aberdeenshire,Local Authority District,Food outlets,15/03/2016,1.6,Rate per 1000 people,Rate per 1000 people,,,,
S12000034,Aberdeenshire,Local Authority District,Food outlets,15/03/2015,1.6,Rate per 1000 people,Rate per 1000 people,,,,
S12000041,Angus,Local Authority District,Food outlets,15/03/2022,2.2,Rate per 1000 people,Rate per 1000 people,,,,
S12000041,Angus,Local Authority District,Food outlets,15/03/2021,2,Rate per 1000 people,Rate per 1000 people,,,,
S12000041,Angus,Local Authority District,Food outlets,15/03/2020,2.1,Rate per 1000 people,Rate per 1000 people,,,,
S12000041,Angus,Local Authority District,Food outlets,15/03/2019,2.2,Rate per 1000 people,Rate per 1000 people,,,,
S12000041,Angus,Local Authority District,Food outlets,15/03/2018,2.1,Rate per 1000 people,Rate per 1000 people,,,,
S12000041,Angus,Local Authority District,Food outlets,15/03/2023,2.1,Rate per 1000 people,Rate per 1000 people,,,,
S12000041,Angus,Local Authority District,Food outlets,15/03/2026,2.1,Rate per 1000 people,Rate per 1000 people,,,,
S12000041,Angus,Local Authority District,Food outlets,15/03/2025,2.1,Rate per 1000 people,Rate per 1000 people,,,,
S12000041,Angus,Local Authority District,Food outlets,15/03/2024,2.1,Rate per 1000 people,Rate per 1000 people,,,,
S12000041,Angus,Local Authority District,Food outlets,15/03/2010,1.8,Rate per 1000 people,Rate per 1000 people,,,,
S12000041,Angus,Local Authority District,Food outlets,15/03/2011,1.7,Rate per 1000 people,Rate per 1000 people,,,,
S12000041,Angus,Local Authority District,Food outlets,15/03/2012,1.8,Rate per 1000 people,Rate per 1000 people,,,,
S12000041,Angus,Local Authority District,Food outlets,15/03/2013,1.9,Rate per 1000 people,Rate per 1000 people,,,,
S12000041,Angus,Local Authority District,Food outlets,15/03/2014,2,Rate per 1000 people,Rate per 1000 people,,,,
S12000041,Angus,Local Authority District,Food outlets,15/03/2017,1.9,Rate per 1000 people,Rate per 1000 people,,,,
S12000041,Angus,Local Authority District,Food outlets,15/03/2016,1.9,Rate per 1000 people,Rate per 1000 people,,,,
S12000041,Angus,Local Authority District,Food outlets,15/03/2015,2.1,Rate per 1000 people,Rate per 1000 people,,,,
S12000035,Argyll and Bute,Local Authority District,Food outlets,15/03/2022,3.1,Rate per 1000 people,Rate per 1000 people,,,,
S12000035,Argyll and Bute,Local Authority District,Food outlets,15/03/2021,2.8,Rate per 1000 people,Rate per 1000 people,,,,
S12000035,Argyll and Bute,Local Authority District,Food outlets,15/03/2020,3,Rate per 1000 people,Rate per 1000 people,,,,
S12000035,Argyll and Bute,Local Authority District,Food outlets,15/03/2019,3,Rate per 1000 people,Rate per 1000 people,,,,
S12000035,Argyll and Bute,Local Authority District,Food outlets,15/03/2026,3,Rate per 1000 people,Rate per 1000 people,,,,
S12000035,Argyll and Bute,Local Authority District,Food outlets,15/03/2023,3,Rate per 1000 people,Rate per 1000 people,,,,
S12000035,Argyll and Bute,Local Authority District,Food outlets,15/03/2018,2.8,Rate per 1000 people,Rate per 1000 people,,,,
S12000035,Argyll and Bute,Local Authority District,Food outlets,15/03/2025,3,Rate per 1000 people,Rate per 1000 people,,,,
S12000035,Argyll and Bute,Local Authority District,Food outlets,15/03/2024,3.1,Rate per 1000 people,Rate per 1000 people,,,,
S12000035,Argyll and Bute,Local Authority District,Food outlets,15/03/2010,2.6,Rate per 1000 people,Rate per 1000 people,,,,
S12000035,Argyll and Bute,Local Authority District,Food outlets,15/03/2011,2.6,Rate per 1000 people,Rate per 1000 people,,,,
S12000035,Argyll and Bute,Local Authority District,Food outlets,15/03/2012,2.7,Rate per 1000 people,Rate per 1000 people,,,,
S12000035,Argyll and Bute,Local Authority District,Food outlets,15/03/2013,2.6,Rate per 1000 people,Rate per 1000 people,,,,
S12000035,Argyll and Bute,Local Authority District,Food outlets,15/03/2014,2.6,Rate per 1000 people,Rate per 1000 people,,,,
S12000035,Argyll and Bute,Local Authority District,Food outlets,15/03/2017,2.9,Rate per 1000 people,Rate per 1000 people,,,,
S12000035,Argyll and Bute,Local Authority District,Food outlets,15/03/2016,2.8,Rate per 1000 people,Rate per 1000 people,,,,
S12000035,Argyll and Bute,Local Authority District,Food outlets,15/03/2015,2.9,Rate per 1000 people,Rate per 1000 people,,,,
S12000036,City of Edinburgh,Local Authority District,Food outlets,15/03/2021,2.9,Rate per 1000 people,Rate per 1000 people,,,,
S12000036,City of Edinburgh,Local Authority District,Food outlets,15/03/2022,3,Rate per 1000 people,Rate per 1000 people,,,,
S12000036,City of Edinburgh,Local Authority District,Food outlets,15/03/2019,2.8,Rate per 1000 people,Rate per 1000 people,,,,
S12000036,City of Edinburgh,Local Authority District,Food outlets,15/03/2020,2.8,Rate per 1000 people,Rate per 1000 people,,,,
S12000036,City of Edinburgh,Local Authority District,Food outlets,15/03/2024,2.9,Rate per 1000 people,Rate per 1000 people,,,,
S12000036,City of Edinburgh,Local Authority District,Food outlets,15/03/2023,2.9,Rate per 1000 people,Rate per 1000 people,,,,
S12000036,City of Edinburgh,Local Authority District,Food outlets,15/03/2026,3.1,Rate per 1000 people,Rate per 1000 people,,,,
S12000036,City of Edinburgh,Local Authority District,Food outlets,15/03/2025,3,Rate per 1000 people,Rate per 1000 people,,,,
S12000036,City of Edinburgh,Local Authority District,Food outlets,15/03/2018,2.8,Rate per 1000 people,Rate per 1000 people,,,,
S12000036,City of Edinburgh,Local Authority District,Food outlets,15/03/2013,2.2,Rate per 1000 people,Rate per 1000 people,,,,
S12000036,City of Edinburgh,Local Authority District,Food outlets,15/03/2012,2.3,Rate per 1000 people,Rate per 1000 people,,,,
S12000036,City of Edinburgh,Local Authority District,Food outlets,15/03/2011,2.2,Rate per 1000 people,Rate per 1000 people,,,,
S12000036,City of Edinburgh,Local Authority District,Food outlets,15/03/2010,2.2,Rate per 1000 people,Rate per 1000 people,,,,
S12000036,City of Edinburgh,Local Authority District,Food outlets,15/03/2014,2.4,Rate per 1000 people,Rate per 1000 people,,,,
S12000036,City of Edinburgh,Local Authority District,Food outlets,15/03/2017,2.7,Rate per 1000 people,Rate per 1000 people,,,,
S12000036,City of Edinburgh,Local Authority District,Food outlets,15/03/2016,2.7,Rate per 1000 people,Rate per 1000 people,,,,
S12000036,City of Edinburgh,Local Authority District,Food outlets,15/03/2015,2.6,Rate per 1000 people,Rate per 1000 people,,,,
S12000005,Clackmannanshire,Local Authority District,Food outlets,15/03/2022,1.7,Rate per 1000 people,Rate per 1000 people,,,,
S12000005,Clackmannanshire,Local Authority District,Food outlets,15/03/2021,1.8,Rate per 1000 people,Rate per 1000 people,,,,
S12000005,Clackmannanshire,Local Authority District,Food outlets,15/03/2019,1.8,Rate per 1000 people,Rate per 1000 people,,,,
S12000005,Clackmannanshire,Local Authority District,Food outlets,15/03/2020,1.8,Rate per 1000 people,Rate per 1000 people,,,,
S12000005,Clackmannanshire,Local Authority District,Food outlets,15/03/2024,1.6,Rate per 1000 people,Rate per 1000 people,,,,
S12000005,Clackmannanshire,Local Authority District,Food outlets,15/03/2023,1.7,Rate per 1000 people,Rate per 1000 people,,,,
S12000005,Clackmannanshire,Local Authority District,Food outlets,15/03/2018,1.9,Rate per 1000 people,Rate per 1000 people,,,,
S12000005,Clackmannanshire,Local Authority District,Food outlets,15/03/2026,1.8,Rate per 1000 people,Rate per 1000 people,,,,
S12000005,Clackmannanshire,Local Authority District,Food outlets,15/03/2025,2,Rate per 1000 people,Rate per 1000 people,,,,
S12000005,Clackmannanshire,Local Authority District,Food outlets,15/03/2010,1.5,Rate per 1000 people,Rate per 1000 people,,,,
S12000005,Clackmannanshire,Local Authority District,Food outlets,15/03/2011,1.5,Rate per 1000 people,Rate per 1000 people,,,,
S12000005,Clackmannanshire,Local Authority District,Food outlets,15/03/2012,1.5,Rate per 1000 people,Rate per 1000 people,,,,
S12000005,Clackmannanshire,Local Authority District,Food outlets,15/03/2013,1.6,Rate per 1000 people,Rate per 1000 people,,,,
S12000005,Clackmannanshire,Local Authority District,Food outlets,15/03/2014,1.7,Rate per 1000 people,Rate per 1000 people,,,,
S12000005,Clackmannanshire,Local Authority District,Food outlets,15/03/2017,1.7,Rate per 1000 people,Rate per 1000 people,,,,
S12000005,Clackmannanshire,Local Authority District,Food outlets,15/03/2016,1.9,Rate per 1000 people,Rate per 1000 people,,,,
S12000005,Clackmannanshire,Local Authority District,Food outlets,15/03/2015,1.7,Rate per 1000 people,Rate per 1000 people,,,,
S12000006,Dumfries and Galloway,Local Authority District,Food outlets,15/03/2022,2.6,Rate per 1000 people,Rate per 1000 people,,,,
S12000006,Dumfries and Galloway,Local Authority District,Food outlets,15/03/2021,2.5,Rate per 1000 people,Rate per 1000 people,,,,
S12000006,Dumfries and Galloway,Local Authority District,Food outlets,15/03/2020,2.6,Rate per 1000 people,Rate per 1000 people,,,,
S12000006,Dumfries and Galloway,Local Authority District,Food outlets,15/03/2019,2.6,Rate per 1000 people,Rate per 1000 people,,,,
S12000006,Dumfries and Galloway,Local Authority District,Food outlets,15/03/2026,2.7,Rate per 1000 people,Rate per 1000 people,,,,
S12000006,Dumfries and Galloway,Local Authority District,Food outlets,15/03/2023,2.5,Rate per 1000 people,Rate per 1000 people,,,,
S12000006,Dumfries and Galloway,Local Authority District,Food outlets,15/03/2018,2.5,Rate per 1000 people,Rate per 1000 people,,,,
S12000006,Dumfries and Galloway,Local Authority District,Food outlets,15/03/2025,2.6,Rate per 1000 people,Rate per 1000 people,,,,
S12000006,Dumfries and Galloway,Local Authority District,Food outlets,15/03/2024,2.5,Rate per 1000 people,Rate per 1000 people,,,,
S12000006,Dumfries and Galloway,Local Authority District,Food outlets,15/03/2010,2,Rate per 1000 people,Rate per 1000 people,,,,
S12000006,Dumfries and Galloway,Local Authority District,Food outlets,15/03/2011,2,Rate per 1000 people,Rate per 1000 people,,,,
S12000006,Dumfries and Galloway,Local Authority District,Food outlets,15/03/2012,2.1,Rate per 1000 people,Rate per 1000 people,,,,
S12000006,Dumfries and Galloway,Local Authority District,Food outlets,15/03/2013,2,Rate per 1000 people,Rate per 1000 people,,,,
S12000006,Dumfries and Galloway,Local Authority District,Food outlets,15/03/2014,2.1,Rate per 1000 people,Rate per 1000 people,,,,
S12000006,Dumfries and Galloway,Local Authority District,Food outlets,15/03/2017,2.5,Rate per 1000 people,Rate per 1000 people,,,,
S12000006,Dumfries and Galloway,Local Authority District,Food outlets,15/03/2016,2.5,Rate per 1000 people,Rate per 1000 people,,,,
S12000006,Dumfries and Galloway,Local Authority District,Food outlets,15/03/2015,2.4,Rate per 1000 people,Rate per 1000 people,,,,
S12000042,Dundee City,Local Authority District,Food outlets,15/03/2021,2.2,Rate per 1000 people,Rate per 1000 people,,,,
S12000042,Dundee City,Local Authority District,Food outlets,15/03/2022,2.3,Rate per 1000 people,Rate per 1000 people,,,,
S12000042,Dundee City,Local Authority District,Food outlets,15/03/2019,2.2,Rate per 1000 people,Rate per 1000 people,,,,
S12000042,Dundee City,Local Authority District,Food outlets,15/03/2020,2.3,Rate per 1000 people,Rate per 1000 people,,,,
S12000042,Dundee City,Local Authority District,Food outlets,15/03/2024,2.3,Rate per 1000 people,Rate per 1000 people,,,,
S12000042,Dundee City,Local Authority District,Food outlets,15/03/2023,2.3,Rate per 1000 people,Rate per 1000 people,,,,
S12000042,Dundee City,Local Authority District,Food outlets,15/03/2026,2.5,Rate per 1000 people,Rate per 1000 people,,,,
S12000042,Dundee City,Local Authority District,Food outlets,15/03/2025,2.3,Rate per 1000 people,Rate per 1000 people,,,,
S12000042,Dundee City,Local Authority District,Food outlets,15/03/2018,2.1,Rate per 1000 people,Rate per 1000 people,,,,
S12000042,Dundee City,Local Authority District,Food outlets,15/03/2010,1.8,Rate per 1000 people,Rate per 1000 people,,,,
S12000042,Dundee City,Local Authority District,Food outlets,15/03/2013,2,Rate per 1000 people,Rate per 1000 people,,,,
S12000042,Dundee City,Local Authority District,Food outlets,15/03/2012,2,Rate per 1000 people,Rate per 1000 people,,,,
S12000042,Dundee City,Local Authority District,Food outlets,15/03/2011,1.8,Rate per 1000 people,Rate per 1000 people,,,,
S12000042,Dundee City,Local Authority District,Food outlets,15/03/2014,2,Rate per 1000 people,Rate per 1000 people,,,,
S12000042,Dundee City,Local Authority District,Food outlets,15/03/2017,2.2,Rate per 1000 people,Rate per 1000 people,,,,
S12000042,Dundee City,Local Authority District,Food outlets,15/03/2016,2.2,Rate per 1000 people,Rate per 1000 people,,,,
S12000042,Dundee City,Local Authority District,Food outlets,15/03/2015,2.1,Rate per 1000 people,Rate per 1000 people,,,,
S12000008,East Ayrshire,Local Authority District,Food outlets,15/03/2022,2,Rate per 1000 people,Rate per 1000 people,,,,
S12000008,East Ayrshire,Local Authority District,Food outlets,15/03/2021,2,Rate per 1000 people,Rate per 1000 people,,,,
S12000008,East Ayrshire,Local Authority District,Food outlets,15/03/2020,2,Rate per 1000 people,Rate per 1000 people,,,,
S12000008,East Ayrshire,Local Authority District,Food outlets,15/03/2019,1.9,Rate per 1000 people,Rate per 1000 people,,,,
S12000008,East Ayrshire,Local Authority District,Food outlets,15/03/2018,1.9,Rate per 1000 people,Rate per 1000 people,,,,
S12000008,East Ayrshire,Local Authority District,Food outlets,15/03/2023,2.1,Rate per 1000 people,Rate per 1000 people,,,,
S12000008,East Ayrshire,Local Authority District,Food outlets,15/03/2026,1.9,Rate per 1000 people,Rate per 1000 people,,,,
S12000008,East Ayrshire,Local Authority District,Food outlets,15/03/2025,2,Rate per 1000 people,Rate per 1000 people,,,,
S12000008,East Ayrshire,Local Authority District,Food outlets,15/03/2024,2,Rate per 1000 people,Rate per 1000 people,,,,
S12000008,East Ayrshire,Local Authority District,Food outlets,15/03/2016,1.9,Rate per 1000 people,Rate per 1000 people,,,,
S12000008,East Ayrshire,Local Authority District,Food outlets,15/03/2010,1.7,Rate per 1000 people,Rate per 1000 people,,,,
S12000008,East Ayrshire,Local Authority District,Food outlets,15/03/2011,1.7,Rate per 1000 people,Rate per 1000 people,,,,
S12000008,East Ayrshire,Local Authority District,Food outlets,15/03/2012,1.7,Rate per 1000 people,Rate per 1000 people,,,,
S12000008,East Ayrshire,Local Authority District,Food outlets,15/03/2013,1.6,Rate per 1000 people,Rate per 1000 people,,,,
S12000008,East Ayrshire,Local Authority District,Food outlets,15/03/2014,1.7,Rate per 1000 people,Rate per 1000 people,,,,
S12000008,East Ayrshire,Local Authority District,Food outlets,15/03/2017,1.8,Rate per 1000 people,Rate per 1000 people,,,,
S12000008,East Ayrshire,Local Authority District,Food outlets,15/03/2015,1.8,Rate per 1000 people,Rate per 1000 people,,,,
S12000045,East Dunbartonshire,Local Authority District,Food outlets,15/03/2021,1.4,Rate per 1000 people,Rate per 1000 people,,,,
S12000045,East Dunbartonshire,Local Authority District,Food outlets,15/03/2022,1.5,Rate per 1000 people,Rate per 1000 people,,,,
S12000045,East Dunbartonshire,Local Authority District,Food outlets,15/03/2019,1.3,Rate per 1000 people,Rate per 1000 people,,,,
S12000045,East Dunbartonshire,Local Authority District,Food outlets,15/03/2020,1.4,Rate per 1000 people,Rate per 1000 people,,,,
S12000045,East Dunbartonshire,Local Authority District,Food outlets,15/03/2024,1.5,Rate per 1000 people,Rate per 1000 people,,,,
S12000045,East Dunbartonshire,Local Authority District,Food outlets,15/03/2023,1.5,Rate per 1000 people,Rate per 1000 people,,,,
S12000045,East Dunbartonshire,Local Authority District,Food outlets,15/03/2026,1.5,Rate per 1000 people,Rate per 1000 people,,,,
S12000045,East Dunbartonshire,Local Authority District,Food outlets,15/03/2025,1.5,Rate per 1000 people,Rate per 1000 people,,,,
S12000045,East Dunbartonshire,Local Authority District,Food outlets,15/03/2018,1.3,Rate per 1000 people,Rate per 1000 people,,,,
S12000045,East Dunbartonshire,Local Authority District,Food outlets,15/03/2010,1.2,Rate per 1000 people,Rate per 1000 people,,,,
S12000045,East Dunbartonshire,Local Authority District,Food outlets,15/03/2013,1.1,Rate per 1000 people,Rate per 1000 people,,,,
S12000045,East Dunbartonshire,Local Authority District,Food outlets,15/03/2012,1.2,Rate per 1000 people,Rate per 1000 people,,,,
S12000045,East Dunbartonshire,Local Authority District,Food outlets,15/03/2011,1.1,Rate per 1000 people,Rate per 1000 people,,,,
S12000045,East Dunbartonshire,Local Authority District,Food outlets,15/03/2014,1.2,Rate per 1000 people,Rate per 1000 people,,,,
S12000045,East Dunbartonshire,Local Authority District,Food outlets,15/03/2017,1.2,Rate per 1000 people,Rate per 1000 people,,,,
S12000045,East Dunbartonshire,Local Authority District,Food outlets,15/03/2016,1.3,Rate per 1000 people,Rate per 1000 people,,,,
S12000045,East Dunbartonshire,Local Authority District,Food outlets,15/03/2015,1.4,Rate per 1000 people,Rate per 1000 people,,,,
S12000010,East Lothian,Local Authority District,Food outlets,15/03/2022,1.8,Rate per 1000 people,Rate per 1000 people,,,,
S12000010,East Lothian,Local Authority District,Food outlets,15/03/2021,1.8,Rate per 1000 people,Rate per 1000 people,,,,
S12000010,East Lothian,Local Authority District,Food outlets,15/03/2020,1.9,Rate per 1000 people,Rate per 1000 people,,,,
S12000010,East Lothian,Local Authority District,Food outlets,15/03/2019,1.8,Rate per 1000 people,Rate per 1000 people,,,,
S12000010,East Lothian,Local Authority District,Food outlets,15/03/2026,1.8,Rate per 1000 people,Rate per 1000 people,,,,
S12000010,East Lothian,Local Authority District,Food outlets,15/03/2018,1.8,Rate per 1000 people,Rate per 1000 people,,,,
S12000010,East Lothian,Local Authority District,Food outlets,15/03/2023,1.8,Rate per 1000 people,Rate per 1000 people,,,,
S12000010,East Lothian,Local Authority District,Food outlets,15/03/2025,1.8,Rate per 1000 people,Rate per 1000 people,,,,
S12000010,East Lothian,Local Authority District,Food outlets,15/03/2024,1.7,Rate per 1000 people,Rate per 1000 people,,,,
S12000010,East Lothian,Local Authority District,Food outlets,15/03/2016,1.9,Rate per 1000 people,Rate per 1000 people,,,,
S12000010,East Lothian,Local Authority District,Food outlets,15/03/2010,1.8,Rate per 1000 people,Rate per 1000 people,,,,
S12000010,East Lothian,Local Authority District,Food outlets,15/03/2011,1.8,Rate per 1000 people,Rate per 1000 people,,,,
S12000010,East Lothian,Local Authority District,Food outlets,15/03/2012,1.7,Rate per 1000 people,Rate per 1000 people,,,,
S12000010,East Lothian,Local Authority District,Food outlets,15/03/2013,1.8,Rate per 1000 people,Rate per 1000 people,,,,
S12000010,East Lothian,Local Authority District,Food outlets,15/03/2014,1.7,Rate per 1000 people,Rate per 1000 people,,,,
S12000010,East Lothian,Local Authority District,Food outlets,15/03/2017,1.8,Rate per 1000 people,Rate per 1000 people,,,,
S12000010,East Lothian,Local Authority District,Food outlets,15/03/2015,1.8,Rate per 1000 people,Rate per 1000 people,,,,
S12000011,East Renfrewshire,Local Authority District,Food outlets,15/03/2022,1.5,Rate per 1000 people,Rate per 1000 people,,,,
S12000011,East Renfrewshire,Local Authority District,Food outlets,15/03/2020,1.3,Rate per 1000 people,Rate per 1000 people,,,,
S12000011,East Renfrewshire,Local Authority District,Food outlets,15/03/2021,1.3,Rate per 1000 people,Rate per 1000 people,,,,
S12000011,East Renfrewshire,Local Authority District,Food outlets,15/03/2019,1.3,Rate per 1000 people,Rate per 1000 people,,,,
S12000011,East Renfrewshire,Local Authority District,Food outlets,15/03/2026,1.6,Rate per 1000 people,Rate per 1000 people,,,,
S12000011,East Renfrewshire,Local Authority District,Food outlets,15/03/2023,1.5,Rate per 1000 people,Rate per 1000 people,,,,
S12000011,East Renfrewshire,Local Authority District,Food outlets,15/03/2018,1.2,Rate per 1000 people,Rate per 1000 people,,,,
S12000011,East Renfrewshire,Local Authority District,Food outlets,15/03/2025,1.6,Rate per 1000 people,Rate per 1000 people,,,,
S12000011,East Renfrewshire,Local Authority District,Food outlets,15/03/2024,1.5,Rate per 1000 people,Rate per 1000 people,,,,
S12000011,East Renfrewshire,Local Authority District,Food outlets,15/03/2016,1.3,Rate per 1000 people,Rate per 1000 people,,,,
S12000011,East Renfrewshire,Local Authority District,Food outlets,15/03/2010,1.3,Rate per 1000 people,Rate per 1000 people,,,,
S12000011,East Renfrewshire,Local Authority District,Food outlets,15/03/2011,1.3,Rate per 1000 people,Rate per 1000 people,,,,
S12000011,East Renfrewshire,Local Authority District,Food outlets,15/03/2012,1.3,Rate per 1000 people,Rate per 1000 people,,,,
S12000011,East Renfrewshire,Local Authority District,Food outlets,15/03/2013,1.3,Rate per 1000 people,Rate per 1000 people,,,,
S12000011,East Renfrewshire,Local Authority District,Food outlets,15/03/2014,1.1,Rate per 1000 people,Rate per 1000 people,,,,
S12000011,East Renfrewshire,Local Authority District,Food outlets,15/03/2017,1.3,Rate per 1000 people,Rate per 1000 people,,,,
S12000011,East Renfrewshire,Local Authority District,Food outlets,15/03/2015,1.3,Rate per 1000 people,Rate per 1000 people,,,,
S12000014,Falkirk,Local Authority District,Food outlets,15/03/2021,1.7,Rate per 1000 people,Rate per 1000 people,,,,
S12000014,Falkirk,Local Authority District,Food outlets,15/03/2022,1.8,Rate per 1000 people,Rate per 1000 people,,,,
S12000014,Falkirk,Local Authority District,Food outlets,15/03/2020,1.7,Rate per 1000 people,Rate per 1000 people,,,,
S12000014,Falkirk,Local Authority District,Food outlets,15/03/2019,1.6,Rate per 1000 people,Rate per 1000 people,,,,
S12000014,Falkirk,Local Authority District,Food outlets,15/03/2026,1.7,Rate per 1000 people,Rate per 1000 people,,,,
S12000014,Falkirk,Local Authority District,Food outlets,15/03/2018,1.7,Rate per 1000 people,Rate per 1000 people,,,,
S12000014,Falkirk,Local Authority District,Food outlets,15/03/2023,1.7,Rate per 1000 people,Rate per 1000 people,,,,
S12000014,Falkirk,Local Authority District,Food outlets,15/03/2025,1.7,Rate per 1000 people,Rate per 1000 people,,,,
S12000014,Falkirk,Local Authority District,Food outlets,15/03/2024,1.7,Rate per 1000 people,Rate per 1000 people,,,,
S12000014,Falkirk,Local Authority District,Food outlets,15/03/2014,1.5,Rate per 1000 people,Rate per 1000 people,,,,
S12000014,Falkirk,Local Authority District,Food outlets,15/03/2010,1.4,Rate per 1000 people,Rate per 1000 people,,,,
S12000014,Falkirk,Local Authority District,Food outlets,15/03/2011,1.4,Rate per 1000 people,Rate per 1000 people,,,,
S12000014,Falkirk,Local Authority District,Food outlets,15/03/2012,1.4,Rate per 1000 people,Rate per 1000 people,,,,
S12000014,Falkirk,Local Authority District,Food outlets,15/03/2013,1.4,Rate per 1000 people,Rate per 1000 people,,,,
S12000014,Falkirk,Local Authority District,Food outlets,15/03/2017,1.7,Rate per 1000 people,Rate per 1000 people,,,,
S12000014,Falkirk,Local Authority District,Food outlets,15/03/2016,1.6,Rate per 1000 people,Rate per 1000 people,,,,
S12000014,Falkirk,Local Authority District,Food outlets,15/03/2015,1.6,Rate per 1000 people,Rate per 1000 people,,,,
S12000047,Fife,Local Authority District,Food outlets,15/03/2022,1.8,Rate per 1000 people,Rate per 1000 people,,,,
S12000047,Fife,Local Authority District,Food outlets,15/03/2021,1.8,Rate per 1000 people,Rate per 1000 people,,,,
S12000047,Fife,Local Authority District,Food outlets,15/03/2020,1.8,Rate per 1000 people,Rate per 1000 people,,,,
S12000047,Fife,Local Authority District,Food outlets,15/03/2019,1.7,Rate per 1000 people,Rate per 1000 people,,,,
S12000047,Fife,Local Authority District,Food outlets,15/03/2026,1.8,Rate per 1000 people,Rate per 1000 people,,,,
S12000047,Fife,Local Authority District,Food outlets,15/03/2023,1.8,Rate per 1000 people,Rate per 1000 people,,,,
S12000047,Fife,Local Authority District,Food outlets,15/03/2018,1.7,Rate per 1000 people,Rate per 1000 people,,,,
S12000047,Fife,Local Authority District,Food outlets,15/03/2025,1.7,Rate per 1000 people,Rate per 1000 people,,,,
S12000047,Fife,Local Authority District,Food outlets,15/03/2024,1.8,Rate per 1000 people,Rate per 1000 people,,,,
S12000047,Fife,Local Authority District,Food outlets,15/03/2010,1.7,Rate per 1000 people,Rate per 1000 people,,,,
S12000047,Fife,Local Authority District,Food outlets,15/03/2011,1.6,Rate per 1000 people,Rate per 1000 people,,,,
S12000047,Fife,Local Authority District,Food outlets,15/03/2012,1.6,Rate per 1000 people,Rate per 1000 people,,,,
S12000047,Fife,Local Authority District,Food outlets,15/03/2013,1.6,Rate per 1000 people,Rate per 1000 people,,,,
S12000047,Fife,Local Authority District,Food outlets,15/03/2014,1.6,Rate per 1000 people,Rate per 1000 people,,,,
S12000047,Fife,Local Authority District,Food outlets,15/03/2017,1.7,Rate per 1000 people,Rate per 1000 people,,,,
S12000047,Fife,Local Authority District,Food outlets,15/03/2016,1.7,Rate per 1000 people,Rate per 1000 people,,,,
S12000047,Fife,Local Authority District,Food outlets,15/03/2015,1.8,Rate per 1000 people,Rate per 1000 people,,,,
S12000049,Glasgow City,Local Authority District,Food outlets,15/03/2021,2.9,Rate per 1000 people,Rate per 1000 people,,,,
S12000049,Glasgow City,Local Authority District,Food outlets,15/03/2022,3,Rate per 1000 people,Rate per 1000 people,,,,
S12000049,Glasgow City,Local Authority District,Food outlets,15/03/2019,2.8,Rate per 1000 people,Rate per 1000 people,,,,
S12000049,Glasgow City,Local Authority District,Food outlets,15/03/2020,2.8,Rate per 1000 people,Rate per 1000 people,,,,
S12000049,Glasgow City,Local Authority District,Food outlets,15/03/2024,3,Rate per 1000 people,Rate per 1000 people,,,,
S12000049,Glasgow City,Local Authority District,Food outlets,15/03/2023,3,Rate per 1000 people,Rate per 1000 people,,,,
S12000049,Glasgow City,Local Authority District,Food outlets,15/03/2026,3.1,Rate per 1000 people,Rate per 1000 people,,,,
S12000049,Glasgow City,Local Authority District,Food outlets,15/03/2025,3,Rate per 1000 people,Rate per 1000 people,,,,
S12000049,Glasgow City,Local Authority District,Food outlets,15/03/2018,2.7,Rate per 1000 people,Rate per 1000 people,,,,
S12000049,Glasgow City,Local Authority District,Food outlets,15/03/2010,2.2,Rate per 1000 people,Rate per 1000 people,,,,
S12000049,Glasgow City,Local Authority District,Food outlets,15/03/2013,2.2,Rate per 1000 people,Rate per 1000 people,,,,
S12000049,Glasgow City,Local Authority District,Food outlets,15/03/2012,2.2,Rate per 1000 people,Rate per 1000 people,,,,
S12000049,Glasgow City,Local Authority District,Food outlets,15/03/2011,2.1,Rate per 1000 people,Rate per 1000 people,,,,
S12000049,Glasgow City,Local Authority District,Food outlets,15/03/2014,2.3,Rate per 1000 people,Rate per 1000 people,,,,
S12000049,Glasgow City,Local Authority District,Food outlets,15/03/2017,2.6,Rate per 1000 people,Rate per 1000 people,,,,
S12000049,Glasgow City,Local Authority District,Food outlets,15/03/2016,2.6,Rate per 1000 people,Rate per 1000 people,,,,
S12000049,Glasgow City,Local Authority District,Food outlets,15/03/2015,2.5,Rate per 1000 people,Rate per 1000 people,,,,
S12000017,Highland,Local Authority District,Food outlets,15/03/2022,2.6,Rate per 1000 people,Rate per 1000 people,,,,
S12000017,Highland,Local Authority District,Food outlets,15/03/2021,2.5,Rate per 1000 people,Rate per 1000 people,,,,
S12000017,Highland,Local Authority District,Food outlets,15/03/2019,2.6,Rate per 1000 people,Rate per 1000 people,,,,
S12000017,Highland,Local Authority District,Food outlets,15/03/2020,2.5,Rate per 1000 people,Rate per 1000 people,,,,
S12000017,Highland,Local Authority District,Food outlets,15/03/2024,2.6,Rate per 1000 people,Rate per 1000 people,,,,
S12000017,Highland,Local Authority District,Food outlets,15/03/2023,2.7,Rate per 1000 people,Rate per 1000 people,,,,
S12000017,Highland,Local Authority District,Food outlets,15/03/2018,2.3,Rate per 1000 people,Rate per 1000 people,,,,
S12000017,Highland,Local Authority District,Food outlets,15/03/2026,2.8,Rate per 1000 people,Rate per 1000 people,,,,
S12000017,Highland,Local Authority District,Food outlets,15/03/2025,2.7,Rate per 1000 people,Rate per 1000 people,,,,
S12000017,Highland,Local Authority District,Food outlets,15/03/2016,2.3,Rate per 1000 people,Rate per 1000 people,,,,
S12000017,Highland,Local Authority District,Food outlets,15/03/2013,2,Rate per 1000 people,Rate per 1000 people,,,,
S12000017,Highland,Local Authority District,Food outlets,15/03/2012,2,Rate per 1000 people,Rate per 1000 people,,,,
S12000017,Highland,Local Authority District,Food outlets,15/03/2011,1.9,Rate per 1000 people,Rate per 1000 people,,,,
S12000017,Highland,Local Authority District,Food outlets,15/03/2010,2,Rate per 1000 people,Rate per 1000 people,,,,
S12000017,Highland,Local Authority District,Food outlets,15/03/2014,2.1,Rate per 1000 people,Rate per 1000 people,,,,
S12000017,Highland,Local Authority District,Food outlets,15/03/2017,2.3,Rate per 1000 people,Rate per 1000 people,,,,
S12000017,Highland,Local Authority District,Food outlets,15/03/2015,2.3,Rate per 1000 people,Rate per 1000 people,,,,
S12000018,Inverclyde,Local Authority District,Food outlets,15/03/2021,1.7,Rate per 1000 people,Rate per 1000 people,,,,
S12000018,Inverclyde,Local Authority District,Food outlets,15/03/2022,1.8,Rate per 1000 people,Rate per 1000 people,,,,
S12000018,Inverclyde,Local Authority District,Food outlets,15/03/2020,1.7,Rate per 1000 people,Rate per 1000 people,,,,
S12000018,Inverclyde,Local Authority District,Food outlets,15/03/2019,1.7,Rate per 1000 people,Rate per 1000 people,,,,
S12000018,Inverclyde,Local Authority District,Food outlets,15/03/2018,1.8,Rate per 1000 people,Rate per 1000 people,,,,
S12000018,Inverclyde,Local Authority District,Food outlets,15/03/2023,1.9,Rate per 1000 people,Rate per 1000 people,,,,
S12000018,Inverclyde,Local Authority District,Food outlets,15/03/2026,1.9,Rate per 1000 people,Rate per 1000 people,,,,
S12000018,Inverclyde,Local Authority District,Food outlets,15/03/2025,1.8,Rate per 1000 people,Rate per 1000 people,,,,
S12000018,Inverclyde,Local Authority District,Food outlets,15/03/2024,1.9,Rate per 1000 people,Rate per 1000 people,,,,
S12000018,Inverclyde,Local Authority District,Food outlets,15/03/2010,1.7,Rate per 1000 people,Rate per 1000 people,,,,
S12000018,Inverclyde,Local Authority District,Food outlets,15/03/2011,1.6,Rate per 1000 people,Rate per 1000 people,,,,
S12000018,Inverclyde,Local Authority District,Food outlets,15/03/2012,1.7,Rate per 1000 people,Rate per 1000 people,,,,
S12000018,Inverclyde,Local Authority District,Food outlets,15/03/2013,1.7,Rate per 1000 people,Rate per 1000 people,,,,
S12000018,Inverclyde,Local Authority District,Food outlets,15/03/2014,1.7,Rate per 1000 people,Rate per 1000 people,,,,
S12000018,Inverclyde,Local Authority District,Food outlets,15/03/2017,1.7,Rate per 1000 people,Rate per 1000 people,,,,
S12000018,Inverclyde,Local Authority District,Food outlets,15/03/2016,1.7,Rate per 1000 people,Rate per 1000 people,,,,
S12000018,Inverclyde,Local Authority District,Food outlets,15/03/2015,1.9,Rate per 1000 people,Rate per 1000 people,,,,
S12000019,Midlothian,Local Authority District,Food outlets,15/03/2021,1.4,Rate per 1000 people,Rate per 1000 people,,,,
S12000019,Midlothian,Local Authority District,Food outlets,15/03/2022,1.5,Rate per 1000 people,Rate per 1000 people,,,,
S12000019,Midlothian,Local Authority District,Food outlets,15/03/2019,1.5,Rate per 1000 people,Rate per 1000 people,,,,
S12000019,Midlothian,Local Authority District,Food outlets,15/03/2020,1.4,Rate per 1000 people,Rate per 1000 people,,,,
S12000019,Midlothian,Local Authority District,Food outlets,15/03/2024,1.5,Rate per 1000 people,Rate per 1000 people,,,,
S12000019,Midlothian,Local Authority District,Food outlets,15/03/2023,1.5,Rate per 1000 people,Rate per 1000 people,,,,
S12000019,Midlothian,Local Authority District,Food outlets,15/03/2026,1.4,Rate per 1000 people,Rate per 1000 people,,,,
S12000019,Midlothian,Local Authority District,Food outlets,15/03/2025,1.4,Rate per 1000 people,Rate per 1000 people,,,,
S12000019,Midlothian,Local Authority District,Food outlets,15/03/2018,1.6,Rate per 1000 people,Rate per 1000 people,,,,
S12000019,Midlothian,Local Authority District,Food outlets,15/03/2010,1.4,Rate per 1000 people,Rate per 1000 people,,,,
S12000019,Midlothian,Local Authority District,Food outlets,15/03/2013,1.4,Rate per 1000 people,Rate per 1000 people,,,,
S12000019,Midlothian,Local Authority District,Food outlets,15/03/2012,1.4,Rate per 1000 people,Rate per 1000 people,,,,
S12000019,Midlothian,Local Authority District,Food outlets,15/03/2011,1.3,Rate per 1000 people,Rate per 1000 people,,,,
S12000019,Midlothian,Local Authority District,Food outlets,15/03/2014,1.4,Rate per 1000 people,Rate per 1000 people,,,,
S12000019,Midlothian,Local Authority District,Food outlets,15/03/2017,1.5,Rate per 1000 people,Rate per 1000 people,,,,
S12000019,Midlothian,Local Authority District,Food outlets,15/03/2016,1.5,Rate per 1000 people,Rate per 1000 people,,,,
S12000019,Midlothian,Local Authority District,Food outlets,15/03/2015,1.5,Rate per 1000 people,Rate per 1000 people,,,,
S12000020,Moray,Local Authority District,Food outlets,15/03/2022,2.1,Rate per 1000 people,Rate per 1000 people,,,,
S12000020,Moray,Local Authority District,Food outlets,15/03/2021,2,Rate per 1000 people,Rate per 1000 people,,,,
S12000020,Moray,Local Authority District,Food outlets,15/03/2020,2.1,Rate per 1000 people,Rate per 1000 people,,,,
S12000020,Moray,Local Authority District,Food outlets,15/03/2019,2,Rate per 1000 people,Rate per 1000 people,,,,
S12000020,Moray,Local Authority District,Food outlets,15/03/2018,2.1,Rate per 1000 people,Rate per 1000 people,,,,
S12000020,Moray,Local Authority District,Food outlets,15/03/2023,2,Rate per 1000 people,Rate per 1000 people,,,,
S12000020,Moray,Local Authority District,Food outlets,15/03/2026,2.2,Rate per 1000 people,Rate per 1000 people,,,,
S12000020,Moray,Local Authority District,Food outlets,15/03/2025,2,Rate per 1000 people,Rate per 1000 people,,,,
S12000020,Moray,Local Authority District,Food outlets,15/03/2024,1.9,Rate per 1000 people,Rate per 1000 people,,,,
S12000020,Moray,Local Authority District,Food outlets,15/03/2010,1.8,Rate per 1000 people,Rate per 1000 people,,,,
S12000020,Moray,Local Authority District,Food outlets,15/03/2011,1.8,Rate per 1000 people,Rate per 1000 people,,,,
S12000020,Moray,Local Authority District,Food outlets,15/03/2012,1.8,Rate per 1000 people,Rate per 1000 people,,,,
S12000020,Moray,Local Authority District,Food outlets,15/03/2013,1.8,Rate per 1000 people,Rate per 1000 people,,,,
S12000020,Moray,Local Authority District,Food outlets,15/03/2014,1.8,Rate per 1000 people,Rate per 1000 people,,,,
S12000020,Moray,Local Authority District,Food outlets,15/03/2017,2,Rate per 1000 people,Rate per 1000 people,,,,
S12000020,Moray,Local Authority District,Food outlets,15/03/2016,1.9,Rate per 1000 people,Rate per 1000 people,,,,
S12000020,Moray,Local Authority District,Food outlets,15/03/2015,1.8,Rate per 1000 people,Rate per 1000 people,,,,
S12000013,Na h-Eileanan Siar,Local Authority District,Food outlets,15/03/2022,2.3,Rate per 1000 people,Rate per 1000 people,,,,
S12000013,Na h-Eileanan Siar,Local Authority District,Food outlets,15/03/2021,2.3,Rate per 1000 people,Rate per 1000 people,,,,
S12000013,Na h-Eileanan Siar,Local Authority District,Food outlets,15/03/2020,2.1,Rate per 1000 people,Rate per 1000 people,,,,
S12000013,Na h-Eileanan Siar,Local Authority District,Food outlets,15/03/2019,2.1,Rate per 1000 people,Rate per 1000 people,,,,
S12000013,Na h-Eileanan Siar,Local Authority District,Food outlets,15/03/2026,2.5,Rate per 1000 people,Rate per 1000 people,,,,
S12000013,Na h-Eileanan Siar,Local Authority District,Food outlets,15/03/2023,2.5,Rate per 1000 people,Rate per 1000 people,,,,
S12000013,Na h-Eileanan Siar,Local Authority District,Food outlets,15/03/2018,2.3,Rate per 1000 people,Rate per 1000 people,,,,
S12000013,Na h-Eileanan Siar,Local Authority District,Food outlets,15/03/2025,2.5,Rate per 1000 people,Rate per 1000 people,,,,
S12000013,Na h-Eileanan Siar,Local Authority District,Food outlets,15/03/2024,2.7,Rate per 1000 people,Rate per 1000 people,,,,
S12000013,Na h-Eileanan Siar,Local Authority District,Food outlets,15/03/2010,1.6,Rate per 1000 people,Rate per 1000 people,,,,
S12000013,Na h-Eileanan Siar,Local Authority District,Food outlets,15/03/2011,1.8,Rate per 1000 people,Rate per 1000 people,,,,
S12000013,Na h-Eileanan Siar,Local Authority District,Food outlets,15/03/2012,1.8,Rate per 1000 people,Rate per 1000 people,,,,
S12000013,Na h-Eileanan Siar,Local Authority District,Food outlets,15/03/2013,1.6,Rate per 1000 people,Rate per 1000 people,,,,
S12000013,Na h-Eileanan Siar,Local Authority District,Food outlets,15/03/2014,1.8,Rate per 1000 people,Rate per 1000 people,,,,
S12000013,Na h-Eileanan Siar,Local Authority District,Food outlets,15/03/2017,2.2,Rate per 1000 people,Rate per 1000 people,,,,
S12000013,Na h-Eileanan Siar,Local Authority District,Food outlets,15/03/2016,2.2,Rate per 1000 people,Rate per 1000 people,,,,
S12000013,Na h-Eileanan Siar,Local Authority District,Food outlets,15/03/2015,2.2,Rate per 1000 people,Rate per 1000 people,,,,
S12000021,North Ayrshire,Local Authority District,Food outlets,15/03/2021,2.2,Rate per 1000 people,Rate per 1000 people,,,,
S12000021,North Ayrshire,Local Authority District,Food outlets,15/03/2022,2.2,Rate per 1000 people,Rate per 1000 people,,,,
S12000021,North Ayrshire,Local Authority District,Food outlets,15/03/2019,2.1,Rate per 1000 people,Rate per 1000 people,,,,
S12000021,North Ayrshire,Local Authority District,Food outlets,15/03/2020,2.2,Rate per 1000 people,Rate per 1000 people,,,,
S12000021,North Ayrshire,Local Authority District,Food outlets,15/03/2024,2.3,Rate per 1000 people,Rate per 1000 people,,,,
S12000021,North Ayrshire,Local Authority District,Food outlets,15/03/2023,2.2,Rate per 1000 people,Rate per 1000 people,,,,
S12000021,North Ayrshire,Local Authority District,Food outlets,15/03/2026,2.1,Rate per 1000 people,Rate per 1000 people,,,,
S12000021,North Ayrshire,Local Authority District,Food outlets,15/03/2025,2.2,Rate per 1000 people,Rate per 1000 people,,,,
S12000021,North Ayrshire,Local Authority District,Food outlets,15/03/2018,2,Rate per 1000 people,Rate per 1000 people,,,,
S12000021,North Ayrshire,Local Authority District,Food outlets,15/03/2013,1.7,Rate per 1000 people,Rate per 1000 people,,,,
S12000021,North Ayrshire,Local Authority District,Food outlets,15/03/2012,1.8,Rate per 1000 people,Rate per 1000 people,,,,
S12000021,North Ayrshire,Local Authority District,Food outlets,15/03/2011,1.7,Rate per 1000 people,Rate per 1000 people,,,,
S12000021,North Ayrshire,Local Authority District,Food outlets,15/03/2010,1.9,Rate per 1000 people,Rate per 1000 people,,,,
S12000021,North Ayrshire,Local Authority District,Food outlets,15/03/2014,1.8,Rate per 1000 people,Rate per 1000 people,,,,
S12000021,North Ayrshire,Local Authority District,Food outlets,15/03/2017,2,Rate per 1000 people,Rate per 1000 people,,,,
S12000021,North Ayrshire,Local Authority District,Food outlets,15/03/2016,2.1,Rate per 1000 people,Rate per 1000 people,,,,
S12000021,North Ayrshire,Local Authority District,Food outlets,15/03/2015,2.1,Rate per 1000 people,Rate per 1000 people,,,,
S12000050,North Lanarkshire,Local Authority District,Food outlets,15/03/2022,1.8,Rate per 1000 people,Rate per 1000 people,,,,
S12000050,North Lanarkshire,Local Authority District,Food outlets,15/03/2021,1.7,Rate per 1000 people,Rate per 1000 people,,,,
S12000050,North Lanarkshire,Local Authority District,Food outlets,15/03/2019,1.7,Rate per 1000 people,Rate per 1000 people,,,,
S12000050,North Lanarkshire,Local Authority District,Food outlets,15/03/2020,1.7,Rate per 1000 people,Rate per 1000 people,,,,
S12000050,North Lanarkshire,Local Authority District,Food outlets,15/03/2024,1.7,Rate per 1000 people,Rate per 1000 people,,,,
S12000050,North Lanarkshire,Local Authority District,Food outlets,15/03/2023,1.7,Rate per 1000 people,Rate per 1000 people,,,,
S12000050,North Lanarkshire,Local Authority District,Food outlets,15/03/2018,1.7,Rate per 1000 people,Rate per 1000 people,,,,
S12000050,North Lanarkshire,Local Authority District,Food outlets,15/03/2026,1.6,Rate per 1000 people,Rate per 1000 people,,,,
S12000050,North Lanarkshire,Local Authority District,Food outlets,15/03/2025,1.6,Rate per 1000 people,Rate per 1000 people,,,,
S12000050,North Lanarkshire,Local Authority District,Food outlets,15/03/2010,1.4,Rate per 1000 people,Rate per 1000 people,,,,
S12000050,North Lanarkshire,Local Authority District,Food outlets,15/03/2011,1.4,Rate per 1000 people,Rate per 1000 people,,,,
S12000050,North Lanarkshire,Local Authority District,Food outlets,15/03/2012,1.4,Rate per 1000 people,Rate per 1000 people,,,,
S12000050,North Lanarkshire,Local Authority District,Food outlets,15/03/2013,1.4,Rate per 1000 people,Rate per 1000 people,,,,
S12000050,North Lanarkshire,Local Authority District,Food outlets,15/03/2014,1.5,Rate per 1000 people,Rate per 1000 people,,,,
S12000050,North Lanarkshire,Local Authority District,Food outlets,15/03/2017,1.7,Rate per 1000 people,Rate per 1000 people,,,,
S12000050,North Lanarkshire,Local Authority District,Food outlets,15/03/2016,1.6,Rate per 1000 people,Rate per 1000 people,,,,
S12000050,North Lanarkshire,Local Authority District,Food outlets,15/03/2015,1.6,Rate per 1000 people,Rate per 1000 people,,,,
S12000023,Orkney Islands,Local Authority District,Food outlets,15/03/2022,1.8,Rate per 1000 people,Rate per 1000 people,,,,
S12000023,Orkney Islands,Local Authority District,Food outlets,15/03/2021,2,Rate per 1000 people,Rate per 1000 people,,,,
S12000023,Orkney Islands,Local Authority District,Food outlets,15/03/2020,2,Rate per 1000 people,Rate per 1000 people,,,,
S12000023,Orkney Islands,Local Authority District,Food outlets,15/03/2019,2.1,Rate per 1000 people,Rate per 1000 people,,,,
S12000023,Orkney Islands,Local Authority District,Food outlets,15/03/2026,2.3,Rate per 1000 people,Rate per 1000 people,,,,
S12000023,Orkney Islands,Local Authority District,Food outlets,15/03/2023,1.8,Rate per 1000 people,Rate per 1000 people,,,,
S12000023,Orkney Islands,Local Authority District,Food outlets,15/03/2018,2.1,Rate per 1000 people,Rate per 1000 people,,,,
S12000023,Orkney Islands,Local Authority District,Food outlets,15/03/2025,2.3,Rate per 1000 people,Rate per 1000 people,,,,
S12000023,Orkney Islands,Local Authority District,Food outlets,15/03/2024,1.8,Rate per 1000 people,Rate per 1000 people,,,,
S12000023,Orkney Islands,Local Authority District,Food outlets,15/03/2010,1.9,Rate per 1000 people,Rate per 1000 people,,,,
S12000023,Orkney Islands,Local Authority District,Food outlets,15/03/2011,1.9,Rate per 1000 people,Rate per 1000 people,,,,
S12000023,Orkney Islands,Local Authority District,Food outlets,15/03/2012,1.9,Rate per 1000 people,Rate per 1000 people,,,,
S12000023,Orkney Islands,Local Authority District,Food outlets,15/03/2013,1.9,Rate per 1000 people,Rate per 1000 people,,,,
S12000023,Orkney Islands,Local Authority District,Food outlets,15/03/2014,1.9,Rate per 1000 people,Rate per 1000 people,,,,
S12000023,Orkney Islands,Local Authority District,Food outlets,15/03/2017,1.8,Rate per 1000 people,Rate per 1000 people,,,,
S12000023,Orkney Islands,Local Authority District,Food outlets,15/03/2016,1.8,Rate per 1000 people,Rate per 1000 people,,,,
S12000023,Orkney Islands,Local Authority District,Food outlets,15/03/2015,2.1,Rate per 1000 people,Rate per 1000 people,,,,
S12000048,Perth and Kinross,Local Authority District,Food outlets,15/03/2021,2.3,Rate per 1000 people,Rate per 1000 people,,,,
S12000048,Perth and Kinross,Local Authority District,Food outlets,15/03/2022,2.4,Rate per 1000 people,Rate per 1000 people,,,,
S12000048,Perth and Kinross,Local Authority District,Food outlets,15/03/2019,2.2,Rate per 1000 people,Rate per 1000 people,,,,
S12000048,Perth and Kinross,Local Authority District,Food outlets,15/03/2020,2.3,Rate per 1000 people,Rate per 1000 people,,,,
S12000048,Perth and Kinross,Local Authority District,Food outlets,15/03/2024,2.4,Rate per 1000 people,Rate per 1000 people,,,,
S12000048,Perth and Kinross,Local Authority District,Food outlets,15/03/2023,2.5,Rate per 1000 people,Rate per 1000 people,,,,
S12000048,Perth and Kinross,Local Authority District,Food outlets,15/03/2026,2.4,Rate per 1000 people,Rate per 1000 people,,,,
S12000048,Perth and Kinross,Local Authority District,Food outlets,15/03/2025,2.3,Rate per 1000 people,Rate per 1000 people,,,,
S12000048,Perth and Kinross,Local Authority District,Food outlets,15/03/2018,2.2,Rate per 1000 people,Rate per 1000 people,,,,
S12000048,Perth and Kinross,Local Authority District,Food outlets,15/03/2010,2.1,Rate per 1000 people,Rate per 1000 people,,,,
S12000048,Perth and Kinross,Local Authority District,Food outlets,15/03/2013,1.9,Rate per 1000 people,Rate per 1000 people,,,,
S12000048,Perth and Kinross,Local Authority District,Food outlets,15/03/2012,2,Rate per 1000 people,Rate per 1000 people,,,,
S12000048,Perth and Kinross,Local Authority District,Food outlets,15/03/2011,2,Rate per 1000 people,Rate per 1000 people,,,,
S12000048,Perth and Kinross,Local Authority District,Food outlets,15/03/2014,2,Rate per 1000 people,Rate per 1000 people,,,,
S12000048,Perth and Kinross,Local Authority District,Food outlets,15/03/2017,2.2,Rate per 1000 people,Rate per 1000 people,,,,
S12000048,Perth and Kinross,Local Authority District,Food outlets,15/03/2016,2.1,Rate per 1000 people,Rate per 1000 people,,,,
S12000048,Perth and Kinross,Local Authority District,Food outlets,15/03/2015,2.2,Rate per 1000 people,Rate per 1000 people,,,,
S12000038,Renfrewshire,Local Authority District,Food outlets,15/03/2022,1.8,Rate per 1000 people,Rate per 1000 people,,,,
S12000038,Renfrewshire,Local Authority District,Food outlets,15/03/2021,1.8,Rate per 1000 people,Rate per 1000 people,,,,
S12000038,Renfrewshire,Local Authority District,Food outlets,15/03/2020,1.8,Rate per 1000 people,Rate per 1000 people,,,,
S12000038,Renfrewshire,Local Authority District,Food outlets,15/03/2019,1.7,Rate per 1000 people,Rate per 1000 people,,,,
S12000038,Renfrewshire,Local Authority District,Food outlets,15/03/2018,1.7,Rate per 1000 people,Rate per 1000 people,,,,
S12000038,Renfrewshire,Local Authority District,Food outlets,15/03/2023,1.8,Rate per 1000 people,Rate per 1000 people,,,,
S12000038,Renfrewshire,Local Authority District,Food outlets,15/03/2026,2,Rate per 1000 people,Rate per 1000 people,,,,
S12000038,Renfrewshire,Local Authority District,Food outlets,15/03/2025,1.8,Rate per 1000 people,Rate per 1000 people,,,,
S12000038,Renfrewshire,Local Authority District,Food outlets,15/03/2024,1.9,Rate per 1000 people,Rate per 1000 people,,,,
S12000038,Renfrewshire,Local Authority District,Food outlets,15/03/2016,1.6,Rate per 1000 people,Rate per 1000 people,,,,
S12000038,Renfrewshire,Local Authority District,Food outlets,15/03/2010,1.7,Rate per 1000 people,Rate per 1000 people,,,,
S12000038,Renfrewshire,Local Authority District,Food outlets,15/03/2011,1.5,Rate per 1000 people,Rate per 1000 people,,,,
S12000038,Renfrewshire,Local Authority District,Food outlets,15/03/2012,1.5,Rate per 1000 people,Rate per 1000 people,,,,
S12000038,Renfrewshire,Local Authority District,Food outlets,15/03/2013,1.5,Rate per 1000 people,Rate per 1000 people,,,,
S12000038,Renfrewshire,Local Authority District,Food outlets,15/03/2014,1.5,Rate per 1000 people,Rate per 1000 people,,,,
S12000038,Renfrewshire,Local Authority District,Food outlets,15/03/2017,1.7,Rate per 1000 people,Rate per 1000 people,,,,
S12000038,Renfrewshire,Local Authority District,Food outlets,15/03/2015,1.6,Rate per 1000 people,Rate per 1000 people,,,,
S12000026,Scottish Borders,Local Authority District,Food outlets,15/03/2021,2.2,Rate per 1000 people,Rate per 1000 people,,,,
S12000026,Scottish Borders,Local Authority District,Food outlets,15/03/2022,2.2,Rate per 1000 people,Rate per 1000 people,,,,
S12000026,Scottish Borders,Local Authority District,Food outlets,15/03/2019,2.1,Rate per 1000 people,Rate per 1000 people,,,,
S12000026,Scottish Borders,Local Authority District,Food outlets,15/03/2020,2.1,Rate per 1000 people,Rate per 1000 people,,,,
S12000026,Scottish Borders,Local Authority District,Food outlets,15/03/2024,2.2,Rate per 1000 people,Rate per 1000 people,,,,
S12000026,Scottish Borders,Local Authority District,Food outlets,15/03/2023,2.2,Rate per 1000 people,Rate per 1000 people,,,,
S12000026,Scottish Borders,Local Authority District,Food outlets,15/03/2026,2.2,Rate per 1000 people,Rate per 1000 people,,,,
S12000026,Scottish Borders,Local Authority District,Food outlets,15/03/2025,2.2,Rate per 1000 people,Rate per 1000 people,,,,
S12000026,Scottish Borders,Local Authority District,Food outlets,15/03/2018,2.2,Rate per 1000 people,Rate per 1000 people,,,,
S12000026,Scottish Borders,Local Authority District,Food outlets,15/03/2010,2.1,Rate per 1000 people,Rate per 1000 people,,,,
S12000026,Scottish Borders,Local Authority District,Food outlets,15/03/2013,1.8,Rate per 1000 people,Rate per 1000 people,,,,
S12000026,Scottish Borders,Local Authority District,Food outlets,15/03/2012,2,Rate per 1000 people,Rate per 1000 people,,,,
S12000026,Scottish Borders,Local Authority District,Food outlets,15/03/2011,2,Rate per 1000 people,Rate per 1000 people,,,,
S12000026,Scottish Borders,Local Authority District,Food outlets,15/03/2014,2,Rate per 1000 people,Rate per 1000 people,,,,
S12000026,Scottish Borders,Local Authority District,Food outlets,15/03/2017,2.2,Rate per 1000 people,Rate per 1000 people,,,,
S12000026,Scottish Borders,Local Authority District,Food outlets,15/03/2016,2.2,Rate per 1000 people,Rate per 1000 people,,,,
S12000026,Scottish Borders,Local Authority District,Food outlets,15/03/2015,2.2,Rate per 1000 people,Rate per 1000 people,,,,
S12000027,Shetland Islands,Local Authority District,Food outlets,15/03/2022,2.4,Rate per 1000 people,Rate per 1000 people,,,,
S12000027,Shetland Islands,Local Authority District,Food outlets,15/03/2021,2.4,Rate per 1000 people,Rate per 1000 people,,,,
S12000027,Shetland Islands,Local Authority District,Food outlets,15/03/2020,2.4,Rate per 1000 people,Rate per 1000 people,,,,
S12000027,Shetland Islands,Local Authority District,Food outlets,15/03/2019,2.4,Rate per 1000 people,Rate per 1000 people,,,,
S12000027,Shetland Islands,Local Authority District,Food outlets,15/03/2026,2.6,Rate per 1000 people,Rate per 1000 people,,,,
S12000027,Shetland Islands,Local Authority District,Food outlets,15/03/2018,2.4,Rate per 1000 people,Rate per 1000 people,,,,
S12000027,Shetland Islands,Local Authority District,Food outlets,15/03/2023,2.6,Rate per 1000 people,Rate per 1000 people,,,,
S12000027,Shetland Islands,Local Authority District,Food outlets,15/03/2025,2.6,Rate per 1000 people,Rate per 1000 people,,,,
S12000027,Shetland Islands,Local Authority District,Food outlets,15/03/2024,2.9,Rate per 1000 people,Rate per 1000 people,,,,
S12000027,Shetland Islands,Local Authority District,Food outlets,15/03/2016,2.4,Rate per 1000 people,Rate per 1000 people,,,,
S12000027,Shetland Islands,Local Authority District,Food outlets,15/03/2010,2,Rate per 1000 people,Rate per 1000 people,,,,
S12000027,Shetland Islands,Local Authority District,Food outlets,15/03/2011,2.2,Rate per 1000 people,Rate per 1000 people,,,,
S12000027,Shetland Islands,Local Authority District,Food outlets,15/03/2012,2.4,Rate per 1000 people,Rate per 1000 people,,,,
S12000027,Shetland Islands,Local Authority District,Food outlets,15/03/2013,2.2,Rate per 1000 people,Rate per 1000 people,,,,
S12000027,Shetland Islands,Local Authority District,Food outlets,15/03/2014,2.4,Rate per 1000 people,Rate per 1000 people,,,,
S12000027,Shetland Islands,Local Authority District,Food outlets,15/03/2017,2.6,Rate per 1000 people,Rate per 1000 people,,,,
S12000027,Shetland Islands,Local Authority District,Food outlets,15/03/2015,2.4,Rate per 1000 people,Rate per 1000 people,,,,
S12000028,South Ayrshire,Local Authority District,Food outlets,15/03/2022,2.3,Rate per 1000 people,Rate per 1000 people,,,,
S12000028,South Ayrshire,Local Authority District,Food outlets,15/03/2020,2.2,Rate per 1000 people,Rate per 1000 people,,,,
S12000028,South Ayrshire,Local Authority District,Food outlets,15/03/2021,2.2,Rate per 1000 people,Rate per 1000 people,,,,
S12000028,South Ayrshire,Local Authority District,Food outlets,15/03/2019,2.2,Rate per 1000 people,Rate per 1000 people,,,,
S12000028,South Ayrshire,Local Authority District,Food outlets,15/03/2026,2.1,Rate per 1000 people,Rate per 1000 people,,,,
S12000028,South Ayrshire,Local Authority District,Food outlets,15/03/2023,2.4,Rate per 1000 people,Rate per 1000 people,,,,
S12000028,South Ayrshire,Local Authority District,Food outlets,15/03/2018,2.2,Rate per 1000 people,Rate per 1000 people,,,,
S12000028,South Ayrshire,Local Authority District,Food outlets,15/03/2025,2.1,Rate per 1000 people,Rate per 1000 people,,,,
S12000028,South Ayrshire,Local Authority District,Food outlets,15/03/2024,2.2,Rate per 1000 people,Rate per 1000 people,,,,
S12000028,South Ayrshire,Local Authority District,Food outlets,15/03/2016,2.2,Rate per 1000 people,Rate per 1000 people,,,,
S12000028,South Ayrshire,Local Authority District,Food outlets,15/03/2010,2.2,Rate per 1000 people,Rate per 1000 people,,,,
S12000028,South Ayrshire,Local Authority District,Food outlets,15/03/2011,2.1,Rate per 1000 people,Rate per 1000 people,,,,
S12000028,South Ayrshire,Local Authority District,Food outlets,15/03/2012,2.2,Rate per 1000 people,Rate per 1000 people,,,,
S12000028,South Ayrshire,Local Authority District,Food outlets,15/03/2013,2,Rate per 1000 people,Rate per 1000 people,,,,
S12000028,South Ayrshire,Local Authority District,Food outlets,15/03/2014,2.1,Rate per 1000 people,Rate per 1000 people,,,,
S12000028,South Ayrshire,Local Authority District,Food outlets,15/03/2017,2.1,Rate per 1000 people,Rate per 1000 people,,,,
S12000028,South Ayrshire,Local Authority District,Food outlets,15/03/2015,2.2,Rate per 1000 people,Rate per 1000 people,,,,
S12000029,South Lanarkshire,Local Authority District,Food outlets,15/03/2021,1.9,Rate per 1000 people,Rate per 1000 people,,,,
S12000029,South Lanarkshire,Local Authority District,Food outlets,15/03/2022,1.9,Rate per 1000 people,Rate per 1000 people,,,,
S12000029,South Lanarkshire,Local Authority District,Food outlets,15/03/2020,1.9,Rate per 1000 people,Rate per 1000 people,,,,
S12000029,South Lanarkshire,Local Authority District,Food outlets,15/03/2026,1.9,Rate per 1000 people,Rate per 1000 people,,,,
S12000029,South Lanarkshire,Local Authority District,Food outlets,15/03/2019,1.9,Rate per 1000 people,Rate per 1000 people,,,,
S12000029,South Lanarkshire,Local Authority District,Food outlets,15/03/2018,1.9,Rate per 1000 people,Rate per 1000 people,,,,
S12000029,South Lanarkshire,Local Authority District,Food outlets,15/03/2023,1.9,Rate per 1000 people,Rate per 1000 people,,,,
S12000029,South Lanarkshire,Local Authority District,Food outlets,15/03/2025,1.9,Rate per 1000 people,Rate per 1000 people,,,,
S12000029,South Lanarkshire,Local Authority District,Food outlets,15/03/2024,1.9,Rate per 1000 people,Rate per 1000 people,,,,
S12000029,South Lanarkshire,Local Authority District,Food outlets,15/03/2014,1.7,Rate per 1000 people,Rate per 1000 people,,,,
S12000029,South Lanarkshire,Local Authority District,Food outlets,15/03/2010,1.5,Rate per 1000 people,Rate per 1000 people,,,,
S12000029,South Lanarkshire,Local Authority District,Food outlets,15/03/2011,1.5,Rate per 1000 people,Rate per 1000 people,,,,
S12000029,South Lanarkshire,Local Authority District,Food outlets,15/03/2012,1.6,Rate per 1000 people,Rate per 1000 people,,,,
S12000029,South Lanarkshire,Local Authority District,Food outlets,15/03/2013,1.6,Rate per 1000 people,Rate per 1000 people,,,,
S12000029,South Lanarkshire,Local Authority District,Food outlets,15/03/2017,1.7,Rate per 1000 people,Rate per 1000 people,,,,
S12000029,South Lanarkshire,Local Authority District,Food outlets,15/03/2016,1.8,Rate per 1000 people,Rate per 1000 people,,,,
S12000029,South Lanarkshire,Local Authority District,Food outlets,15/03/2015,1.7,Rate per 1000 people,Rate per 1000 people,,,,
S12000030,Stirling,Local Authority District,Food outlets,15/03/2021,2.6,Rate per 1000 people,Rate per 1000 people,,,,
S12000030,Stirling,Local Authority District,Food outlets,15/03/2022,2.6,Rate per 1000 people,Rate per 1000 people,,,,
S12000030,Stirling,Local Authority District,Food outlets,15/03/2019,2.6,Rate per 1000 people,Rate per 1000 people,,,,
S12000030,Stirling,Local Authority District,Food outlets,15/03/2020,2.6,Rate per 1000 people,Rate per 1000 people,,,,
S12000030,Stirling,Local Authority District,Food outlets,15/03/2024,2.4,Rate per 1000 people,Rate per 1000 people,,,,
S12000030,Stirling,Local Authority District,Food outlets,15/03/2023,2.4,Rate per 1000 people,Rate per 1000 people,,,,
S12000030,Stirling,Local Authority District,Food outlets,15/03/2026,2.5,Rate per 1000 people,Rate per 1000 people,,,,
S12000030,Stirling,Local Authority District,Food outlets,15/03/2025,2.4,Rate per 1000 people,Rate per 1000 people,,,,
S12000030,Stirling,Local Authority District,Food outlets,15/03/2018,2.5,Rate per 1000 people,Rate per 1000 people,,,,
S12000030,Stirling,Local Authority District,Food outlets,15/03/2010,2.2,Rate per 1000 people,Rate per 1000 people,,,,
S12000030,Stirling,Local Authority District,Food outlets,15/03/2013,2.3,Rate per 1000 people,Rate per 1000 people,,,,
S12000030,Stirling,Local Authority District,Food outlets,15/03/2012,2.2,Rate per 1000 people,Rate per 1000 people,,,,
S12000030,Stirling,Local Authority District,Food outlets,15/03/2011,2.1,Rate per 1000 people,Rate per 1000 people,,,,
S12000030,Stirling,Local Authority District,Food outlets,15/03/2014,2.4,Rate per 1000 people,Rate per 1000 people,,,,
S12000030,Stirling,Local Authority District,Food outlets,15/03/2017,2.5,Rate per 1000 people,Rate per 1000 people,,,,
S12000030,Stirling,Local Authority District,Food outlets,15/03/2016,2.6,Rate per 1000 people,Rate per 1000 people,,,,
S12000030,Stirling,Local Authority District,Food outlets,15/03/2015,2.5,Rate per 1000 people,Rate per 1000 people,,,,
S12000039,West Dunbartonshire,Local Authority District,Food outlets,15/03/2022,2,Rate per 1000 people,Rate per 1000 people,,,,
S12000039,West Dunbartonshire,Local Authority District,Food outlets,15/03/2021,2.2,Rate per 1000 people,Rate per 1000 people,,,,
S12000039,West Dunbartonshire,Local Authority District,Food outlets,15/03/2020,2,Rate per 1000 people,Rate per 1000 people,,,,
S12000039,West Dunbartonshire,Local Authority District,Food outlets,15/03/2019,1.8,Rate per 1000 people,Rate per 1000 people,,,,
S12000039,West Dunbartonshire,Local Authority District,Food outlets,15/03/2018,1.8,Rate per 1000 people,Rate per 1000 people,,,,
S12000039,West Dunbartonshire,Local Authority District,Food outlets,15/03/2023,2,Rate per 1000 people,Rate per 1000 people,,,,
S12000039,West Dunbartonshire,Local Authority District,Food outlets,15/03/2026,2,Rate per 1000 people,Rate per 1000 people,,,,
S12000039,West Dunbartonshire,Local Authority District,Food outlets,15/03/2025,2.1,Rate per 1000 people,Rate per 1000 people,,,,
S12000039,West Dunbartonshire,Local Authority District,Food outlets,15/03/2024,1.9,Rate per 1000 people,Rate per 1000 people,,,,
S12000039,West Dunbartonshire,Local Authority District,Food outlets,15/03/2010,1.4,Rate per 1000 people,Rate per 1000 people,,,,
S12000039,West Dunbartonshire,Local Authority District,Food outlets,15/03/2011,1.4,Rate per 1000 people,Rate per 1000 people,,,,
S12000039,West Dunbartonshire,Local Authority District,Food outlets,15/03/2012,1.4,Rate per 1000 people,Rate per 1000 people,,,,
S12000039,West Dunbartonshire,Local Authority District,Food outlets,15/03/2013,1.5,Rate per 1000 people,Rate per 1000 people,,,,
S12000039,West Dunbartonshire,Local Authority District,Food outlets,15/03/2014,1.7,Rate per 1000 people,Rate per 1000 people,,,,
S12000039,West Dunbartonshire,Local Authority District,Food outlets,15/03/2017,1.7,Rate per 1000 people,Rate per 1000 people,,,,
S12000039,West Dunbartonshire,Local Authority District,Food outlets,15/03/2016,1.7,Rate per 1000 people,Rate per 1000 people,,,,
S12000039,West Dunbartonshire,Local Authority District,Food outlets,15/03/2015,1.7,Rate per 1000 people,Rate per 1000 people,,,,
S12000040,West Lothian,Local Authority District,Food outlets,15/03/2022,1.5,Rate per 1000 people,Rate per 1000 people,,,,
S12000040,West Lothian,Local Authority District,Food outlets,15/03/2021,1.5,Rate per 1000 people,Rate per 1000 people,,,,
S12000040,West Lothian,Local Authority District,Food outlets,15/03/2020,1.5,Rate per 1000 people,Rate per 1000 people,,,,
S12000040,West Lothian,Local Authority District,Food outlets,15/03/2019,1.4,Rate per 1000 people,Rate per 1000 people,,,,
S12000040,West Lothian,Local Authority District,Food outlets,15/03/2026,1.6,Rate per 1000 people,Rate per 1000 people,,,,
S12000040,West Lothian,Local Authority District,Food outlets,15/03/2023,1.5,Rate per 1000 people,Rate per 1000 people,,,,
S12000040,West Lothian,Local Authority District,Food outlets,15/03/2018,1.4,Rate per 1000 people,Rate per 1000 people,,,,
S12000040,West Lothian,Local Authority District,Food outlets,15/03/2025,1.4,Rate per 1000 people,Rate per 1000 people,,,,
S12000040,West Lothian,Local Authority District,Food outlets,15/03/2024,1.4,Rate per 1000 people,Rate per 1000 people,,,,
S12000040,West Lothian,Local Authority District,Food outlets,15/03/2010,1.4,Rate per 1000 people,Rate per 1000 people,,,,
S12000040,West Lothian,Local Authority District,Food outlets,15/03/2011,1.4,Rate per 1000 people,Rate per 1000 people,,,,
S12000040,West Lothian,Local Authority District,Food outlets,15/03/2012,1.4,Rate per 1000 people,Rate per 1000 people,,,,
S12000040,West Lothian,Local Authority District,Food outlets,15/03/2013,1.3,Rate per 1000 people,Rate per 1000 people,,,,
S12000040,West Lothian,Local Authority District,Food outlets,15/03/2014,1.4,Rate per 1000 people,Rate per 1000 people,,,,
S12000040,West Lothian,Local Authority District,Food outlets,15/03/2017,1.5,Rate per 1000 people,Rate per 1000 people,,,,
S12000040,West Lothian,Local Authority District,Food outlets,15/03/2016,1.5,Rate per 1000 people,Rate per 1000 people,,,,
S12000040,West Lothian,Local Authority District,Food outlets,15/03/2015,1.5,Rate per 1000 people,Rate per 1000 people,,,,
N92000002,Northern Ireland,Nation,Food outlets,15/03/2021,2,Rate per 1000 people,Rate per 1000 people,,,,
N92000002,Northern Ireland,Nation,Food outlets,15/03/2022,2.1,Rate per 1000 people,Rate per 1000 people,,,,
N92000002,Northern Ireland,Nation,Food outlets,15/03/2019,2,Rate per 1000 people,Rate per 1000 people,,,,
N92000002,Northern Ireland,Nation,Food outlets,15/03/2020,2,Rate per 1000 people,Rate per 1000 people,,,,
N92000002,Northern Ireland,Nation,Food outlets,15/03/2024,2.1,Rate per 1000 people,Rate per 1000 people,,,,
N92000002,Northern Ireland,Nation,Food outlets,15/03/2023,2.1,Rate per 1000 people,Rate per 1000 people,,,,
N92000002,Northern Ireland,Nation,Food outlets,15/03/2026,2.1,Rate per 1000 people,Rate per 1000 people,,,,
N92000002,Northern Ireland,Nation,Food outlets,15/03/2025,2.1,Rate per 1000 people,Rate per 1000 people,,,,
N92000002,Northern Ireland,Nation,Food outlets,15/03/2018,1.9,Rate per 1000 people,Rate per 1000 people,,,,
N92000002,Northern Ireland,Nation,Food outlets,15/03/2013,1.8,Rate per 1000 people,Rate per 1000 people,,,,
N92000002,Northern Ireland,Nation,Food outlets,15/03/2012,1.8,Rate per 1000 people,Rate per 1000 people,,,,
N92000002,Northern Ireland,Nation,Food outlets,15/03/2011,1.8,Rate per 1000 people,Rate per 1000 people,,,,
N92000002,Northern Ireland,Nation,Food outlets,15/03/2010,1.8,Rate per 1000 people,Rate per 1000 people,,,,
N92000002,Northern Ireland,Nation,Food outlets,15/03/2014,1.8,Rate per 1000 people,Rate per 1000 people,,,,
N92000002,Northern Ireland,Nation,Food outlets,15/03/2017,1.9,Rate per 1000 people,Rate per 1000 people,,,,
N92000002,Northern Ireland,Nation,Food outlets,15/03/2016,1.8,Rate per 1000 people,Rate per 1000 people,,,,
N92000002,Northern Ireland,Nation,Food outlets,15/03/2015,1.8,Rate per 1000 people,Rate per 1000 people,,,,
N09000001,Antrim and Newtownabbey,Local Authority District,Food outlets,15/03/2022,1.6,Rate per 1000 people,Rate per 1000 people,,,,
N09000001,Antrim and Newtownabbey,Local Authority District,Food outlets,15/03/2021,1.6,Rate per 1000 people,Rate per 1000 people,,,,
N09000001,Antrim and Newtownabbey,Local Authority District,Food outlets,15/03/2019,1.6,Rate per 1000 people,Rate per 1000 people,,,,
N09000001,Antrim and Newtownabbey,Local Authority District,Food outlets,15/03/2020,1.5,Rate per 1000 people,Rate per 1000 people,,,,
N09000001,Antrim and Newtownabbey,Local Authority District,Food outlets,15/03/2024,1.5,Rate per 1000 people,Rate per 1000 people,,,,
N09000001,Antrim and Newtownabbey,Local Authority District,Food outlets,15/03/2023,1.6,Rate per 1000 people,Rate per 1000 people,,,,
N09000001,Antrim and Newtownabbey,Local Authority District,Food outlets,15/03/2018,1.5,Rate per 1000 people,Rate per 1000 people,,,,
N09000001,Antrim and Newtownabbey,Local Authority District,Food outlets,15/03/2026,1.5,Rate per 1000 people,Rate per 1000 people,,,,
N09000001,Antrim and Newtownabbey,Local Authority District,Food outlets,15/03/2025,1.5,Rate per 1000 people,Rate per 1000 people,,,,
N09000001,Antrim and Newtownabbey,Local Authority District,Food outlets,15/03/2010,1.4,Rate per 1000 people,Rate per 1000 people,,,,
N09000001,Antrim and Newtownabbey,Local Authority District,Food outlets,15/03/2011,1.3,Rate per 1000 people,Rate per 1000 people,,,,
N09000001,Antrim and Newtownabbey,Local Authority District,Food outlets,15/03/2012,1.4,Rate per 1000 people,Rate per 1000 people,,,,
N09000001,Antrim and Newtownabbey,Local Authority District,Food outlets,15/03/2013,1.3,Rate per 1000 people,Rate per 1000 people,,,,
N09000001,Antrim and Newtownabbey,Local Authority District,Food outlets,15/03/2014,1.3,Rate per 1000 people,Rate per 1000 people,,,,
N09000001,Antrim and Newtownabbey,Local Authority District,Food outlets,15/03/2017,1.5,Rate per 1000 people,Rate per 1000 people,,,,
N09000001,Antrim and Newtownabbey,Local Authority District,Food outlets,15/03/2016,1.4,Rate per 1000 people,Rate per 1000 people,,,,
N09000001,Antrim and Newtownabbey,Local Authority District,Food outlets,15/03/2015,1.3,Rate per 1000 people,Rate per 1000 people,,,,
N09000002,"Armagh City, Banbridge and Craigavon",Local Authority District,Food outlets,15/03/2022,1.9,Rate per 1000 people,Rate per 1000 people,,,,
N09000002,"Armagh City, Banbridge and Craigavon",Local Authority District,Food outlets,15/03/2021,1.6,Rate per 1000 people,Rate per 1000 people,,,,
N09000002,"Armagh City, Banbridge and Craigavon",Local Authority District,Food outlets,15/03/2020,1.7,Rate per 1000 people,Rate per 1000 people,,,,
N09000002,"Armagh City, Banbridge and Craigavon",Local Authority District,Food outlets,15/03/2019,1.7,Rate per 1000 people,Rate per 1000 people,,,,
N09000002,"Armagh City, Banbridge and Craigavon",Local Authority District,Food outlets,15/03/2026,1.8,Rate per 1000 people,Rate per 1000 people,,,,
N09000002,"Armagh City, Banbridge and Craigavon",Local Authority District,Food outlets,15/03/2023,1.8,Rate per 1000 people,Rate per 1000 people,,,,
N09000002,"Armagh City, Banbridge and Craigavon",Local Authority District,Food outlets,15/03/2018,1.6,Rate per 1000 people,Rate per 1000 people,,,,
N09000002,"Armagh City, Banbridge and Craigavon",Local Authority District,Food outlets,15/03/2025,1.7,Rate per 1000 people,Rate per 1000 people,,,,
N09000002,"Armagh City, Banbridge and Craigavon",Local Authority District,Food outlets,15/03/2024,1.7,Rate per 1000 people,Rate per 1000 people,,,,
N09000002,"Armagh City, Banbridge and Craigavon",Local Authority District,Food outlets,15/03/2016,1.6,Rate per 1000 people,Rate per 1000 people,,,,
N09000002,"Armagh City, Banbridge and Craigavon",Local Authority District,Food outlets,15/03/2013,1.6,Rate per 1000 people,Rate per 1000 people,,,,
N09000002,"Armagh City, Banbridge and Craigavon",Local Authority District,Food outlets,15/03/2012,1.7,Rate per 1000 people,Rate per 1000 people,,,,
N09000002,"Armagh City, Banbridge and Craigavon",Local Authority District,Food outlets,15/03/2011,1.6,Rate per 1000 people,Rate per 1000 people,,,,
N09000002,"Armagh City, Banbridge and Craigavon",Local Authority District,Food outlets,15/03/2010,1.7,Rate per 1000 people,Rate per 1000 people,,,,
N09000002,"Armagh City, Banbridge and Craigavon",Local Authority District,Food outlets,15/03/2014,1.6,Rate per 1000 people,Rate per 1000 people,,,,
N09000002,"Armagh City, Banbridge and Craigavon",Local Authority District,Food outlets,15/03/2017,1.6,Rate per 1000 people,Rate per 1000 people,,,,
N09000002,"Armagh City, Banbridge and Craigavon",Local Authority District,Food outlets,15/03/2015,1.5,Rate per 1000 people,Rate per 1000 people,,,,
N09000003,Belfast,Local Authority District,Food outlets,15/03/2022,2.7,Rate per 1000 people,Rate per 1000 people,,,,
N09000003,Belfast,Local Authority District,Food outlets,15/03/2021,2.6,Rate per 1000 people,Rate per 1000 people,,,,
N09000003,Belfast,Local Authority District,Food outlets,15/03/2020,2.6,Rate per 1000 people,Rate per 1000 people,,,,
N09000003,Belfast,Local Authority District,Food outlets,15/03/2019,2.4,Rate per 1000 people,Rate per 1000 people,,,,
N09000003,Belfast,Local Authority District,Food outlets,15/03/2026,2.6,Rate per 1000 people,Rate per 1000 people,,,,
N09000003,Belfast,Local Authority District,Food outlets,15/03/2023,2.6,Rate per 1000 people,Rate per 1000 people,,,,
N09000003,Belfast,Local Authority District,Food outlets,15/03/2018,2.4,Rate per 1000 people,Rate per 1000 people,,,,
N09000003,Belfast,Local Authority District,Food outlets,15/03/2025,2.6,Rate per 1000 people,Rate per 1000 people,,,,
N09000003,Belfast,Local Authority District,Food outlets,15/03/2024,2.5,Rate per 1000 people,Rate per 1000 people,,,,
N09000003,Belfast,Local Authority District,Food outlets,15/03/2016,2.1,Rate per 1000 people,Rate per 1000 people,,,,
N09000003,Belfast,Local Authority District,Food outlets,15/03/2010,1.9,Rate per 1000 people,Rate per 1000 people,,,,
N09000003,Belfast,Local Authority District,Food outlets,15/03/2011,2,Rate per 1000 people,Rate per 1000 people,,,,
N09000003,Belfast,Local Authority District,Food outlets,15/03/2012,2,Rate per 1000 people,Rate per 1000 people,,,,
N09000003,Belfast,Local Authority District,Food outlets,15/03/2013,2,Rate per 1000 people,Rate per 1000 people,,,,
N09000003,Belfast,Local Authority District,Food outlets,15/03/2014,2.1,Rate per 1000 people,Rate per 1000 people,,,,
N09000003,Belfast,Local Authority District,Food outlets,15/03/2017,2.3,Rate per 1000 people,Rate per 1000 people,,,,
N09000003,Belfast,Local Authority District,Food outlets,15/03/2015,2.1,Rate per 1000 people,Rate per 1000 people,,,,
N09000004,Causeway Coast and Glens,Local Authority District,Food outlets,15/03/2021,2.3,Rate per 1000 people,Rate per 1000 people,,,,
N09000004,Causeway Coast and Glens,Local Authority District,Food outlets,15/03/2022,2.5,Rate per 1000 people,Rate per 1000 people,,,,
N09000004,Causeway Coast and Glens,Local Authority District,Food outlets,15/03/2020,2.2,Rate per 1000 people,Rate per 1000 people,,,,
N09000004,Causeway Coast and Glens,Local Authority District,Food outlets,15/03/2026,2.6,Rate per 1000 people,Rate per 1000 people,,,,
N09000004,Causeway Coast and Glens,Local Authority District,Food outlets,15/03/2019,2.2,Rate per 1000 people,Rate per 1000 people,,,,
N09000004,Causeway Coast and Glens,Local Authority District,Food outlets,15/03/2018,2.1,Rate per 1000 people,Rate per 1000 people,,,,
N09000004,Causeway Coast and Glens,Local Authority District,Food outlets,15/03/2023,2.4,Rate per 1000 people,Rate per 1000 people,,,,
N09000004,Causeway Coast and Glens,Local Authority District,Food outlets,15/03/2025,2.6,Rate per 1000 people,Rate per 1000 people,,,,
N09000004,Causeway Coast and Glens,Local Authority District,Food outlets,15/03/2024,2.4,Rate per 1000 people,Rate per 1000 people,,,,
N09000004,Causeway Coast and Glens,Local Authority District,Food outlets,15/03/2014,2.2,Rate per 1000 people,Rate per 1000 people,,,,
N09000004,Causeway Coast and Glens,Local Authority District,Food outlets,15/03/2010,2.1,Rate per 1000 people,Rate per 1000 people,,,,
N09000004,Causeway Coast and Glens,Local Authority District,Food outlets,15/03/2011,2.2,Rate per 1000 people,Rate per 1000 people,,,,
N09000004,Causeway Coast and Glens,Local Authority District,Food outlets,15/03/2012,2.1,Rate per 1000 people,Rate per 1000 people,,,,
N09000004,Causeway Coast and Glens,Local Authority District,Food outlets,15/03/2013,2.1,Rate per 1000 people,Rate per 1000 people,,,,
N09000004,Causeway Coast and Glens,Local Authority District,Food outlets,15/03/2017,2,Rate per 1000 people,Rate per 1000 people,,,,
N09000004,Causeway Coast and Glens,Local Authority District,Food outlets,15/03/2016,2,Rate per 1000 people,Rate per 1000 people,,,,
N09000004,Causeway Coast and Glens,Local Authority District,Food outlets,15/03/2015,2,Rate per 1000 people,Rate per 1000 people,,,,
N09000005,Derry City and Strabane,Local Authority District,Food outlets,15/03/2022,2.1,Rate per 1000 people,Rate per 1000 people,,,,
N09000005,Derry City and Strabane,Local Authority District,Food outlets,15/03/2021,2,Rate per 1000 people,Rate per 1000 people,,,,
N09000005,Derry City and Strabane,Local Authority District,Food outlets,15/03/2020,1.9,Rate per 1000 people,Rate per 1000 people,,,,
N09000005,Derry City and Strabane,Local Authority District,Food outlets,15/03/2019,1.9,Rate per 1000 people,Rate per 1000 people,,,,
N09000005,Derry City and Strabane,Local Authority District,Food outlets,15/03/2026,2.1,Rate per 1000 people,Rate per 1000 people,,,,
N09000005,Derry City and Strabane,Local Authority District,Food outlets,15/03/2023,2.1,Rate per 1000 people,Rate per 1000 people,,,,
N09000005,Derry City and Strabane,Local Authority District,Food outlets,15/03/2018,1.9,Rate per 1000 people,Rate per 1000 people,,,,
N09000005,Derry City and Strabane,Local Authority District,Food outlets,15/03/2025,2.1,Rate per 1000 people,Rate per 1000 people,,,,
N09000005,Derry City and Strabane,Local Authority District,Food outlets,15/03/2024,2,Rate per 1000 people,Rate per 1000 people,,,,
N09000005,Derry City and Strabane,Local Authority District,Food outlets,15/03/2010,1.8,Rate per 1000 people,Rate per 1000 people,,,,
N09000005,Derry City and Strabane,Local Authority District,Food outlets,15/03/2011,1.7,Rate per 1000 people,Rate per 1000 people,,,,
N09000005,Derry City and Strabane,Local Authority District,Food outlets,15/03/2012,1.7,Rate per 1000 people,Rate per 1000 people,,,,
N09000005,Derry City and Strabane,Local Authority District,Food outlets,15/03/2013,1.6,Rate per 1000 people,Rate per 1000 people,,,,
N09000005,Derry City and Strabane,Local Authority District,Food outlets,15/03/2014,1.7,Rate per 1000 people,Rate per 1000 people,,,,
N09000005,Derry City and Strabane,Local Authority District,Food outlets,15/03/2017,1.8,Rate per 1000 people,Rate per 1000 people,,,,
N09000005,Derry City and Strabane,Local Authority District,Food outlets,15/03/2016,1.8,Rate per 1000 people,Rate per 1000 people,,,,
N09000005,Derry City and Strabane,Local Authority District,Food outlets,15/03/2015,1.7,Rate per 1000 people,Rate per 1000 people,,,,
N09000006,Fermanagh and Omagh,Local Authority District,Food outlets,15/03/2021,2,Rate per 1000 people,Rate per 1000 people,,,,
N09000006,Fermanagh and Omagh,Local Authority District,Food outlets,15/03/2022,2,Rate per 1000 people,Rate per 1000 people,,,,
N09000006,Fermanagh and Omagh,Local Authority District,Food outlets,15/03/2019,2.1,Rate per 1000 people,Rate per 1000 people,,,,
N09000006,Fermanagh and Omagh,Local Authority District,Food outlets,15/03/2020,2,Rate per 1000 people,Rate per 1000 people,,,,
N09000006,Fermanagh and Omagh,Local Authority District,Food outlets,15/03/2024,2.1,Rate per 1000 people,Rate per 1000 people,,,,
N09000006,Fermanagh and Omagh,Local Authority District,Food outlets,15/03/2023,2,Rate per 1000 people,Rate per 1000 people,,,,
N09000006,Fermanagh and Omagh,Local Authority District,Food outlets,15/03/2026,2.2,Rate per 1000 people,Rate per 1000 people,,,,
N09000006,Fermanagh and Omagh,Local Authority District,Food outlets,15/03/2025,2.2,Rate per 1000 people,Rate per 1000 people,,,,
N09000006,Fermanagh and Omagh,Local Authority District,Food outlets,15/03/2018,2,Rate per 1000 people,Rate per 1000 people,,,,
N09000006,Fermanagh and Omagh,Local Authority District,Food outlets,15/03/2010,1.8,Rate per 1000 people,Rate per 1000 people,,,,
N09000006,Fermanagh and Omagh,Local Authority District,Food outlets,15/03/2013,1.8,Rate per 1000 people,Rate per 1000 people,,,,
N09000006,Fermanagh and Omagh,Local Authority District,Food outlets,15/03/2012,1.8,Rate per 1000 people,Rate per 1000 people,,,,
N09000006,Fermanagh and Omagh,Local Authority District,Food outlets,15/03/2011,1.9,Rate per 1000 people,Rate per 1000 people,,,,
N09000006,Fermanagh and Omagh,Local Authority District,Food outlets,15/03/2014,1.8,Rate per 1000 people,Rate per 1000 people,,,,
N09000006,Fermanagh and Omagh,Local Authority District,Food outlets,15/03/2017,1.9,Rate per 1000 people,Rate per 1000 people,,,,
N09000006,Fermanagh and Omagh,Local Authority District,Food outlets,15/03/2016,1.9,Rate per 1000 people,Rate per 1000 people,,,,
N09000006,Fermanagh and Omagh,Local Authority District,Food outlets,15/03/2015,1.8,Rate per 1000 people,Rate per 1000 people,,,,
N09000007,Lisburn and Castlereagh,Local Authority District,Food outlets,15/03/2022,1.6,Rate per 1000 people,Rate per 1000 people,,,,
N09000007,Lisburn and Castlereagh,Local Authority District,Food outlets,15/03/2021,1.7,Rate per 1000 people,Rate per 1000 people,,,,
N09000007,Lisburn and Castlereagh,Local Authority District,Food outlets,15/03/2019,1.5,Rate per 1000 people,Rate per 1000 people,,,,
N09000007,Lisburn and Castlereagh,Local Authority District,Food outlets,15/03/2020,1.7,Rate per 1000 people,Rate per 1000 people,,,,
N09000007,Lisburn and Castlereagh,Local Authority District,Food outlets,15/03/2024,1.4,Rate per 1000 people,Rate per 1000 people,,,,
N09000007,Lisburn and Castlereagh,Local Authority District,Food outlets,15/03/2023,1.7,Rate per 1000 people,Rate per 1000 people,,,,
N09000007,Lisburn and Castlereagh,Local Authority District,Food outlets,15/03/2018,1.4,Rate per 1000 people,Rate per 1000 people,,,,
N09000007,Lisburn and Castlereagh,Local Authority District,Food outlets,15/03/2026,1.6,Rate per 1000 people,Rate per 1000 people,,,,
N09000007,Lisburn and Castlereagh,Local Authority District,Food outlets,15/03/2025,1.5,Rate per 1000 people,Rate per 1000 people,,,,
N09000007,Lisburn and Castlereagh,Local Authority District,Food outlets,15/03/2016,1.4,Rate per 1000 people,Rate per 1000 people,,,,
N09000007,Lisburn and Castlereagh,Local Authority District,Food outlets,15/03/2013,1.4,Rate per 1000 people,Rate per 1000 people,,,,
N09000007,Lisburn and Castlereagh,Local Authority District,Food outlets,15/03/2012,1.4,Rate per 1000 people,Rate per 1000 people,,,,
N09000007,Lisburn and Castlereagh,Local Authority District,Food outlets,15/03/2011,1.4,Rate per 1000 people,Rate per 1000 people,,,,
N09000007,Lisburn and Castlereagh,Local Authority District,Food outlets,15/03/2010,1.3,Rate per 1000 people,Rate per 1000 people,,,,
N09000007,Lisburn and Castlereagh,Local Authority District,Food outlets,15/03/2014,1.4,Rate per 1000 people,Rate per 1000 people,,,,
N09000007,Lisburn and Castlereagh,Local Authority District,Food outlets,15/03/2017,1.5,Rate per 1000 people,Rate per 1000 people,,,,
N09000007,Lisburn and Castlereagh,Local Authority District,Food outlets,15/03/2015,1.4,Rate per 1000 people,Rate per 1000 people,,,,
N09000008,Mid and East Antrim,Local Authority District,Food outlets,15/03/2021,1.9,Rate per 1000 people,Rate per 1000 people,,,,
N09000008,Mid and East Antrim,Local Authority District,Food outlets,15/03/2022,2.1,Rate per 1000 people,Rate per 1000 people,,,,
N09000008,Mid and East Antrim,Local Authority District,Food outlets,15/03/2020,1.9,Rate per 1000 people,Rate per 1000 people,,,,
N09000008,Mid and East Antrim,Local Authority District,Food outlets,15/03/2019,1.9,Rate per 1000 people,Rate per 1000 people,,,,
N09000008,Mid and East Antrim,Local Authority District,Food outlets,15/03/2026,2,Rate per 1000 people,Rate per 1000 people,,,,
N09000008,Mid and East Antrim,Local Authority District,Food outlets,15/03/2018,1.9,Rate per 1000 people,Rate per 1000 people,,,,
N09000008,Mid and East Antrim,Local Authority District,Food outlets,15/03/2023,2,Rate per 1000 people,Rate per 1000 people,,,,
N09000008,Mid and East Antrim,Local Authority District,Food outlets,15/03/2025,2,Rate per 1000 people,Rate per 1000 people,,,,
N09000008,Mid and East Antrim,Local Authority District,Food outlets,15/03/2024,2,Rate per 1000 people,Rate per 1000 people,,,,
N09000008,Mid and East Antrim,Local Authority District,Food outlets,15/03/2014,1.6,Rate per 1000 people,Rate per 1000 people,,,,
N09000008,Mid and East Antrim,Local Authority District,Food outlets,15/03/2010,1.6,Rate per 1000 people,Rate per 1000 people,,,,
N09000008,Mid and East Antrim,Local Authority District,Food outlets,15/03/2011,1.7,Rate per 1000 people,Rate per 1000 people,,,,
N09000008,Mid and East Antrim,Local Authority District,Food outlets,15/03/2012,1.6,Rate per 1000 people,Rate per 1000 people,,,,
N09000008,Mid and East Antrim,Local Authority District,Food outlets,15/03/2013,1.6,Rate per 1000 people,Rate per 1000 people,,,,
N09000008,Mid and East Antrim,Local Authority District,Food outlets,15/03/2017,1.9,Rate per 1000 people,Rate per 1000 people,,,,
N09000008,Mid and East Antrim,Local Authority District,Food outlets,15/03/2016,1.7,Rate per 1000 people,Rate per 1000 people,,,,
N09000008,Mid and East Antrim,Local Authority District,Food outlets,15/03/2015,1.6,Rate per 1000 people,Rate per 1000 people,,,,
N09000009,Mid Ulster,Local Authority District,Food outlets,15/03/2021,1.9,Rate per 1000 people,Rate per 1000 people,,,,
N09000009,Mid Ulster,Local Authority District,Food outlets,15/03/2022,2,Rate per 1000 people,Rate per 1000 people,,,,
N09000009,Mid Ulster,Local Authority District,Food outlets,15/03/2019,1.9,Rate per 1000 people,Rate per 1000 people,,,,
N09000009,Mid Ulster,Local Authority District,Food outlets,15/03/2020,1.9,Rate per 1000 people,Rate per 1000 people,,,,
N09000009,Mid Ulster,Local Authority District,Food outlets,15/03/2024,2,Rate per 1000 people,Rate per 1000 people,,,,
N09000009,Mid Ulster,Local Authority District,Food outlets,15/03/2023,2,Rate per 1000 people,Rate per 1000 people,,,,
N09000009,Mid Ulster,Local Authority District,Food outlets,15/03/2026,2,Rate per 1000 people,Rate per 1000 people,,,,
N09000009,Mid Ulster,Local Authority District,Food outlets,15/03/2025,2,Rate per 1000 people,Rate per 1000 people,,,,
N09000009,Mid Ulster,Local Authority District,Food outlets,15/03/2018,1.9,Rate per 1000 people,Rate per 1000 people,,,,
N09000009,Mid Ulster,Local Authority District,Food outlets,15/03/2010,2,Rate per 1000 people,Rate per 1000 people,,,,
N09000009,Mid Ulster,Local Authority District,Food outlets,15/03/2013,1.7,Rate per 1000 people,Rate per 1000 people,,,,
N09000009,Mid Ulster,Local Authority District,Food outlets,15/03/2012,1.9,Rate per 1000 people,Rate per 1000 people,,,,
N09000009,Mid Ulster,Local Authority District,Food outlets,15/03/2011,2,Rate per 1000 people,Rate per 1000 people,,,,
N09000009,Mid Ulster,Local Authority District,Food outlets,15/03/2014,1.7,Rate per 1000 people,Rate per 1000 people,,,,
N09000009,Mid Ulster,Local Authority District,Food outlets,15/03/2017,1.8,Rate per 1000 people,Rate per 1000 people,,,,
N09000009,Mid Ulster,Local Authority District,Food outlets,15/03/2016,1.8,Rate per 1000 people,Rate per 1000 people,,,,
N09000009,Mid Ulster,Local Authority District,Food outlets,15/03/2015,1.7,Rate per 1000 people,Rate per 1000 people,,,,
N09000010,"Newry, Mourne and Down",Local Authority District,Food outlets,15/03/2022,2.2,Rate per 1000 people,Rate per 1000 people,,,,
N09000010,"Newry, Mourne and Down",Local Authority District,Food outlets,15/03/2021,2.2,Rate per 1000 people,Rate per 1000 people,,,,
N09000010,"Newry, Mourne and Down",Local Authority District,Food outlets,15/03/2020,2.2,Rate per 1000 people,Rate per 1000 people,,,,
N09000010,"Newry, Mourne and Down",Local Authority District,Food outlets,15/03/2019,2.1,Rate per 1000 people,Rate per 1000 people,,,,
N09000010,"Newry, Mourne and Down",Local Authority District,Food outlets,15/03/2026,2.3,Rate per 1000 people,Rate per 1000 people,,,,
N09000010,"Newry, Mourne and Down",Local Authority District,Food outlets,15/03/2018,2.1,Rate per 1000 people,Rate per 1000 people,,,,
N09000010,"Newry, Mourne and Down",Local Authority District,Food outlets,15/03/2023,2.3,Rate per 1000 people,Rate per 1000 people,,,,
N09000010,"Newry, Mourne and Down",Local Authority District,Food outlets,15/03/2025,2.3,Rate per 1000 people,Rate per 1000 people,,,,
N09000010,"Newry, Mourne and Down",Local Authority District,Food outlets,15/03/2024,2.4,Rate per 1000 people,Rate per 1000 people,,,,
N09000010,"Newry, Mourne and Down",Local Authority District,Food outlets,15/03/2014,2,Rate per 1000 people,Rate per 1000 people,,,,
N09000010,"Newry, Mourne and Down",Local Authority District,Food outlets,15/03/2010,2.1,Rate per 1000 people,Rate per 1000 people,,,,
N09000010,"Newry, Mourne and Down",Local Authority District,Food outlets,15/03/2011,2.2,Rate per 1000 people,Rate per 1000 people,,,,
N09000010,"Newry, Mourne and Down",Local Authority District,Food outlets,15/03/2012,2.1,Rate per 1000 people,Rate per 1000 people,,,,
N09000010,"Newry, Mourne and Down",Local Authority District,Food outlets,15/03/2013,2,Rate per 1000 people,Rate per 1000 people,,,,
N09000010,"Newry, Mourne and Down",Local Authority District,Food outlets,15/03/2017,2,Rate per 1000 people,Rate per 1000 people,,,,
N09000010,"Newry, Mourne and Down",Local Authority District,Food outlets,15/03/2016,1.9,Rate per 1000 people,Rate per 1000 people,,,,
N09000010,"Newry, Mourne and Down",Local Authority District,Food outlets,15/03/2015,1.9,Rate per 1000 people,Rate per 1000 people,,,,
N09000011,Ards and North Down,Local Authority District,Food outlets,15/03/2020,2,Rate per 1000 people,Rate per 1000 people,,,,
N09000011,Ards and North Down,Local Authority District,Food outlets,15/03/2021,2,Rate per 1000 people,Rate per 1000 people,,,,
N09000011,Ards and North Down,Local Authority District,Food outlets,15/03/2018,1.9,Rate per 1000 people,Rate per 1000 people,,,,
N09000011,Ards and North Down,Local Authority District,Food outlets,15/03/2019,2.1,Rate per 1000 people,Rate per 1000 people,,,,
N09000011,Ards and North Down,Local Authority District,Food outlets,15/03/2022,2.1,Rate per 1000 people,Rate per 1000 people,,,,
N09000011,Ards and North Down,Local Authority District,Food outlets,15/03/2026,1.9,Rate per 1000 people,Rate per 1000 people,,,,
N09000011,Ards and North Down,Local Authority District,Food outlets,15/03/2025,2,Rate per 1000 people,Rate per 1000 people,,,,
N09000011,Ards and North Down,Local Authority District,Food outlets,15/03/2024,2.1,Rate per 1000 people,Rate per 1000 people,,,,
N09000011,Ards and North Down,Local Authority District,Food outlets,15/03/2023,2.1,Rate per 1000 people,Rate per 1000 people,,,,
N09000011,Ards and North Down,Local Authority District,Food outlets,15/03/2014,1.8,Rate per 1000 people,Rate per 1000 people,,,,
N09000011,Ards and North Down,Local Authority District,Food outlets,15/03/2017,1.8,Rate per 1000 people,Rate per 1000 people,,,,
N09000011,Ards and North Down,Local Authority District,Food outlets,15/03/2010,1.9,Rate per 1000 people,Rate per 1000 people,,,,
N09000011,Ards and North Down,Local Authority District,Food outlets,15/03/2011,2,Rate per 1000 people,Rate per 1000 people,,,,
N09000011,Ards and North Down,Local Authority District,Food outlets,15/03/2012,2,Rate per 1000 people,Rate per 1000 people,,,,
N09000011,Ards and North Down,Local Authority District,Food outlets,15/03/2013,1.8,Rate per 1000 people,Rate per 1000 people,,,,
N09000011,Ards and North Down,Local Authority District,Food outlets,15/03/2016,1.8,Rate per 1000 people,Rate per 1000 people,,,,
N09000011,Ards and North Down,Local Authority District,Food outlets,15/03/2015,1.8,Rate per 1000 people,Rate per 1000 people,,,,
