areacd,areanm,geography,indicator,period,observation,measure,unit,lci_95,uci_95,status,notes
K03000001,Great Britain,Country,Job density,2019-01-01/P1Y,0.87,Number of jobs per resident aged 16 to 64,Number of jobs per resident aged 16 to 64,,,,
K03000001,Great Britain,Country,Job density,2024-01-01/P1Y,0.85,Number of jobs per resident aged 16 to 64,Number of jobs per resident aged 16 to 64,,,,
K03000001,Great Britain,Country,Job density,2023-01-01/P1Y,0.86,Number of jobs per resident aged 16 to 64,Number of jobs per resident aged 16 to 64,,,,
K03000001,Great Britain,Country,Job density,2022-01-01/P1Y,0.86,Number of jobs per resident aged 16 to 64,Number of jobs per resident aged 16 to 64,,,,
K03000001,Great Britain,Country,Job density,2021-01-01/P1Y,0.85,Number of jobs per resident aged 16 to 64,Number of jobs per resident aged 16 to 64,,,,
K03000001,Great Britain,Country,Job density,2020-01-01/P1Y,0.84,Number of jobs per resident aged 16 to 64,Number of jobs per resident aged 16 to 64,,,,
K03000001,Great Britain,Country,Job density,2018-01-01/P1Y,0.86,Number of jobs per resident aged 16 to 64,Number of jobs per resident aged 16 to 64,,,,
K03000001,Great Britain,Country,Job density,2014-01-01/P1Y,0.81,Number of jobs per resident aged 16 to 64,Number of jobs per resident aged 16 to 64,,,,
K03000001,Great Britain,Country,Job density,2016-01-01/P1Y,0.85,Number of jobs per resident aged 16 to 64,Number of jobs per resident aged 16 to 64,,,,
K03000001,Great Britain,Country,Job density,2015-01-01/P1Y,0.83,Number of jobs per resident aged 16 to 64,Number of jobs per resident aged 16 to 64,,,,
K03000001,Great Britain,Country,Job density,2013-01-01/P1Y,0.79,Number of jobs per resident aged 16 to 64,Number of jobs per resident aged 16 to 64,,,,
K03000001,Great Britain,Country,Job density,2012-01-01/P1Y,0.78,Number of jobs per resident aged 16 to 64,Number of jobs per resident aged 16 to 64,,,,
K03000001,Great Britain,Country,Job density,2011-01-01/P1Y,0.78,Number of jobs per resident aged 16 to 64,Number of jobs per resident aged 16 to 64,,,,
K03000001,Great Britain,Country,Job density,2017-01-01/P1Y,0.86,Number of jobs per resident aged 16 to 64,Number of jobs per resident aged 16 to 64,,,,
K04000001,England and Wales,Country,Job density,2019-01-01/P1Y,0.87,Number of jobs per resident aged 16 to 64,Number of jobs per resident aged 16 to 64,,,,
K04000001,England and Wales,Country,Job density,2024-01-01/P1Y,0.86,Number of jobs per resident aged 16 to 64,Number of jobs per resident aged 16 to 64,,,,
K04000001,England and Wales,Country,Job density,2023-01-01/P1Y,0.86,Number of jobs per resident aged 16 to 64,Number of jobs per resident aged 16 to 64,,,,
K04000001,England and Wales,Country,Job density,2022-01-01/P1Y,0.86,Number of jobs per resident aged 16 to 64,Number of jobs per resident aged 16 to 64,,,,
K04000001,England and Wales,Country,Job density,2021-01-01/P1Y,0.85,Number of jobs per resident aged 16 to 64,Number of jobs per resident aged 16 to 64,,,,
K04000001,England and Wales,Country,Job density,2020-01-01/P1Y,0.84,Number of jobs per resident aged 16 to 64,Number of jobs per resident aged 16 to 64,,,,
K04000001,England and Wales,Country,Job density,2018-01-01/P1Y,0.86,Number of jobs per resident aged 16 to 64,Number of jobs per resident aged 16 to 64,,,,
K04000001,England and Wales,Country,Job density,2013-01-01/P1Y,0.8,Number of jobs per resident aged 16 to 64,Number of jobs per resident aged 16 to 64,,,,
K04000001,England and Wales,Country,Job density,2016-01-01/P1Y,0.85,Number of jobs per resident aged 16 to 64,Number of jobs per resident aged 16 to 64,,,,
K04000001,England and Wales,Country,Job density,2015-01-01/P1Y,0.83,Number of jobs per resident aged 16 to 64,Number of jobs per resident aged 16 to 64,,,,
K04000001,England and Wales,Country,Job density,2014-01-01/P1Y,0.81,Number of jobs per resident aged 16 to 64,Number of jobs per resident aged 16 to 64,,,,
K04000001,England and Wales,Country,Job density,2012-01-01/P1Y,0.79,Number of jobs per resident aged 16 to 64,Number of jobs per resident aged 16 to 64,,,,
K04000001,England and Wales,Country,Job density,2011-01-01/P1Y,0.78,Number of jobs per resident aged 16 to 64,Number of jobs per resident aged 16 to 64,,,,
K04000001,England and Wales,Country,Job density,2017-01-01/P1Y,0.86,Number of jobs per resident aged 16 to 64,Number of jobs per resident aged 16 to 64,,,,
E92000001,England,Nation,Job density,2024-01-01/P1Y,0.86,Number of jobs per resident aged 16 to 64,Number of jobs per resident aged 16 to 64,,,,
E92000001,England,Nation,Job density,2023-01-01/P1Y,0.87,Number of jobs per resident aged 16 to 64,Number of jobs per resident aged 16 to 64,,,,
E92000001,England,Nation,Job density,2022-01-01/P1Y,0.87,Number of jobs per resident aged 16 to 64,Number of jobs per resident aged 16 to 64,,,,
E92000001,England,Nation,Job density,2021-01-01/P1Y,0.86,Number of jobs per resident aged 16 to 64,Number of jobs per resident aged 16 to 64,,,,
E92000001,England,Nation,Job density,2020-01-01/P1Y,0.85,Number of jobs per resident aged 16 to 64,Number of jobs per resident aged 16 to 64,,,,
E92000001,England,Nation,Job density,2019-01-01/P1Y,0.88,Number of jobs per resident aged 16 to 64,Number of jobs per resident aged 16 to 64,,,,
E92000001,England,Nation,Job density,2018-01-01/P1Y,0.86,Number of jobs per resident aged 16 to 64,Number of jobs per resident aged 16 to 64,,,,
E92000001,England,Nation,Job density,2017-01-01/P1Y,0.86,Number of jobs per resident aged 16 to 64,Number of jobs per resident aged 16 to 64,,,,
E92000001,England,Nation,Job density,2015-01-01/P1Y,0.84,Number of jobs per resident aged 16 to 64,Number of jobs per resident aged 16 to 64,,,,
E92000001,England,Nation,Job density,2014-01-01/P1Y,0.82,Number of jobs per resident aged 16 to 64,Number of jobs per resident aged 16 to 64,,,,
E92000001,England,Nation,Job density,2013-01-01/P1Y,0.8,Number of jobs per resident aged 16 to 64,Number of jobs per resident aged 16 to 64,,,,
E92000001,England,Nation,Job density,2012-01-01/P1Y,0.79,Number of jobs per resident aged 16 to 64,Number of jobs per resident aged 16 to 64,,,,
E92000001,England,Nation,Job density,2011-01-01/P1Y,0.78,Number of jobs per resident aged 16 to 64,Number of jobs per resident aged 16 to 64,,,,
E92000001,England,Nation,Job density,2016-01-01/P1Y,0.86,Number of jobs per resident aged 16 to 64,Number of jobs per resident aged 16 to 64,,,,
E12000001,North East,Region,Job density,2019-01-01/P1Y,0.75,Number of jobs per resident aged 16 to 64,Number of jobs per resident aged 16 to 64,,,,
E12000001,North East,Region,Job density,2023-01-01/P1Y,0.74,Number of jobs per resident aged 16 to 64,Number of jobs per resident aged 16 to 64,,,,
E12000001,North East,Region,Job density,2022-01-01/P1Y,0.73,Number of jobs per resident aged 16 to 64,Number of jobs per resident aged 16 to 64,,,,
E12000001,North East,Region,Job density,2021-01-01/P1Y,0.75,Number of jobs per resident aged 16 to 64,Number of jobs per resident aged 16 to 64,,,,
E12000001,North East,Region,Job density,2020-01-01/P1Y,0.72,Number of jobs per resident aged 16 to 64,Number of jobs per resident aged 16 to 64,,,,
E12000001,North East,Region,Job density,2018-01-01/P1Y,0.74,Number of jobs per resident aged 16 to 64,Number of jobs per resident aged 16 to 64,,,,
E12000001,North East,Region,Job density,2024-01-01/P1Y,0.73,Number of jobs per resident aged 16 to 64,Number of jobs per resident aged 16 to 64,,,,
E12000001,North East,Region,Job density,2016-01-01/P1Y,0.71,Number of jobs per resident aged 16 to 64,Number of jobs per resident aged 16 to 64,,,,
E12000001,North East,Region,Job density,2015-01-01/P1Y,0.72,Number of jobs per resident aged 16 to 64,Number of jobs per resident aged 16 to 64,,,,
E12000001,North East,Region,Job density,2014-01-01/P1Y,0.7,Number of jobs per resident aged 16 to 64,Number of jobs per resident aged 16 to 64,,,,
E12000001,North East,Region,Job density,2013-01-01/P1Y,0.68,Number of jobs per resident aged 16 to 64,Number of jobs per resident aged 16 to 64,,,,
E12000001,North East,Region,Job density,2012-01-01/P1Y,0.67,Number of jobs per resident aged 16 to 64,Number of jobs per resident aged 16 to 64,,,,
E12000001,North East,Region,Job density,2011-01-01/P1Y,0.67,Number of jobs per resident aged 16 to 64,Number of jobs per resident aged 16 to 64,,,,
E12000001,North East,Region,Job density,2017-01-01/P1Y,0.74,Number of jobs per resident aged 16 to 64,Number of jobs per resident aged 16 to 64,,,,
E47000006,Tees Valley,Combined Authority or City Region,Job density,2024-01-01/P1Y,0.7,Number of jobs per resident aged 16 to 64,Number of jobs per resident aged 16 to 64,,,,
E47000006,Tees Valley,Combined Authority or City Region,Job density,2023-01-01/P1Y,0.7,Number of jobs per resident aged 16 to 64,Number of jobs per resident aged 16 to 64,,,,
E47000006,Tees Valley,Combined Authority or City Region,Job density,2022-01-01/P1Y,0.71,Number of jobs per resident aged 16 to 64,Number of jobs per resident aged 16 to 64,,,,
E47000006,Tees Valley,Combined Authority or City Region,Job density,2021-01-01/P1Y,0.74,Number of jobs per resident aged 16 to 64,Number of jobs per resident aged 16 to 64,,,,
E47000006,Tees Valley,Combined Authority or City Region,Job density,2020-01-01/P1Y,0.72,Number of jobs per resident aged 16 to 64,Number of jobs per resident aged 16 to 64,,,,
E47000006,Tees Valley,Combined Authority or City Region,Job density,2019-01-01/P1Y,0.72,Number of jobs per resident aged 16 to 64,Number of jobs per resident aged 16 to 64,,,,
E47000006,Tees Valley,Combined Authority or City Region,Job density,2018-01-01/P1Y,0.7,Number of jobs per resident aged 16 to 64,Number of jobs per resident aged 16 to 64,,,,
E47000006,Tees Valley,Combined Authority or City Region,Job density,2017-01-01/P1Y,0.71,Number of jobs per resident aged 16 to 64,Number of jobs per resident aged 16 to 64,,,,
E47000006,Tees Valley,Combined Authority or City Region,Job density,2016-01-01/P1Y,0.7,Number of jobs per resident aged 16 to 64,Number of jobs per resident aged 16 to 64,,,,
E47000006,Tees Valley,Combined Authority or City Region,Job density,2015-01-01/P1Y,0.72,Number of jobs per resident aged 16 to 64,Number of jobs per resident aged 16 to 64,,,,
E47000006,Tees Valley,Combined Authority or City Region,Job density,2014-01-01/P1Y,0.7,Number of jobs per resident aged 16 to 64,Number of jobs per resident aged 16 to 64,,,,
E47000006,Tees Valley,Combined Authority or City Region,Job density,2013-01-01/P1Y,0.68,Number of jobs per resident aged 16 to 64,Number of jobs per resident aged 16 to 64,,,,
E47000006,Tees Valley,Combined Authority or City Region,Job density,2012-01-01/P1Y,0.67,Number of jobs per resident aged 16 to 64,Number of jobs per resident aged 16 to 64,,,,
E47000006,Tees Valley,Combined Authority or City Region,Job density,2011-01-01/P1Y,0.66,Number of jobs per resident aged 16 to 64,Number of jobs per resident aged 16 to 64,,,,
E47000014,North East,Combined Authority or City Region,Job density,2024-01-01/P1Y,0.73,Number of jobs per resident aged 16 to 64,Number of jobs per resident aged 16 to 64,,,,
E47000014,North East,Combined Authority or City Region,Job density,2023-01-01/P1Y,0.75,Number of jobs per resident aged 16 to 64,Number of jobs per resident aged 16 to 64,,,,
E47000014,North East,Combined Authority or City Region,Job density,2022-01-01/P1Y,0.73,Number of jobs per resident aged 16 to 64,Number of jobs per resident aged 16 to 64,,,,
E47000014,North East,Combined Authority or City Region,Job density,2021-01-01/P1Y,0.75,Number of jobs per resident aged 16 to 64,Number of jobs per resident aged 16 to 64,,,,
E47000014,North East,Combined Authority or City Region,Job density,2020-01-01/P1Y,0.73,Number of jobs per resident aged 16 to 64,Number of jobs per resident aged 16 to 64,,,,
E47000014,North East,Combined Authority or City Region,Job density,2019-01-01/P1Y,0.76,Number of jobs per resident aged 16 to 64,Number of jobs per resident aged 16 to 64,,,,
E47000014,North East,Combined Authority or City Region,Job density,2018-01-01/P1Y,0.75,Number of jobs per resident aged 16 to 64,Number of jobs per resident aged 16 to 64,,,,
E47000014,North East,Combined Authority or City Region,Job density,2014-01-01/P1Y,0.7,Number of jobs per resident aged 16 to 64,Number of jobs per resident aged 16 to 64,,,,
E47000014,North East,Combined Authority or City Region,Job density,2016-01-01/P1Y,0.72,Number of jobs per resident aged 16 to 64,Number of jobs per resident aged 16 to 64,,,,
E47000014,North East,Combined Authority or City Region,Job density,2015-01-01/P1Y,0.73,Number of jobs per resident aged 16 to 64,Number of jobs per resident aged 16 to 64,,,,
E47000014,North East,Combined Authority or City Region,Job density,2013-01-01/P1Y,0.68,Number of jobs per resident aged 16 to 64,Number of jobs per resident aged 16 to 64,,,,
E47000014,North East,Combined Authority or City Region,Job density,2012-01-01/P1Y,0.67,Number of jobs per resident aged 16 to 64,Number of jobs per resident aged 16 to 64,,,,
E47000014,North East,Combined Authority or City Region,Job density,2011-01-01/P1Y,0.68,Number of jobs per resident aged 16 to 64,Number of jobs per resident aged 16 to 64,,,,
E47000014,North East,Combined Authority or City Region,Job density,2017-01-01/P1Y,0.75,Number of jobs per resident aged 16 to 64,Number of jobs per resident aged 16 to 64,,,,
E06000047,County Durham,County or Unitary Authority,Job density,2019-01-01/P1Y,0.64,Number of jobs per resident aged 16 to 64,Number of jobs per resident aged 16 to 64,,,,
E06000047,County Durham,County or Unitary Authority,Job density,2020-01-01/P1Y,0.63,Number of jobs per resident aged 16 to 64,Number of jobs per resident aged 16 to 64,,,,
E06000047,County Durham,County or Unitary Authority,Job density,2021-01-01/P1Y,0.65,Number of jobs per resident aged 16 to 64,Number of jobs per resident aged 16 to 64,,,,
E06000047,County Durham,County or Unitary Authority,Job density,2024-01-01/P1Y,0.64,Number of jobs per resident aged 16 to 64,Number of jobs per resident aged 16 to 64,,,,
E06000047,County Durham,County or Unitary Authority,Job density,2022-01-01/P1Y,0.62,Number of jobs per resident aged 16 to 64,Number of jobs per resident aged 16 to 64,,,,
E06000047,County Durham,County or Unitary Authority,Job density,2023-01-01/P1Y,0.65,Number of jobs per resident aged 16 to 64,Number of jobs per resident aged 16 to 64,,,,
E06000047,County Durham,County or Unitary Authority,Job density,2018-01-01/P1Y,0.63,Number of jobs per resident aged 16 to 64,Number of jobs per resident aged 16 to 64,,,,
E06000047,County Durham,County or Unitary Authority,Job density,2012-01-01/P1Y,0.55,Number of jobs per resident aged 16 to 64,Number of jobs per resident aged 16 to 64,,,,
E06000047,County Durham,County or Unitary Authority,Job density,2017-01-01/P1Y,0.63,Number of jobs per resident aged 16 to 64,Number of jobs per resident aged 16 to 64,,,,
E06000047,County Durham,County or Unitary Authority,Job density,2011-01-01/P1Y,0.56,Number of jobs per resident aged 16 to 64,Number of jobs per resident aged 16 to 64,,,,
E06000047,County Durham,County or Unitary Authority,Job density,2013-01-01/P1Y,0.58,Number of jobs per resident aged 16 to 64,Number of jobs per resident aged 16 to 64,,,,
E06000047,County Durham,County or Unitary Authority,Job density,2014-01-01/P1Y,0.59,Number of jobs per resident aged 16 to 64,Number of jobs per resident aged 16 to 64,,,,
E06000047,County Durham,County or Unitary Authority,Job density,2015-01-01/P1Y,0.62,Number of jobs per resident aged 16 to 64,Number of jobs per resident aged 16 to 64,,,,
E06000047,County Durham,County or Unitary Authority,Job density,2016-01-01/P1Y,0.59,Number of jobs per resident aged 16 to 64,Number of jobs per resident aged 16 to 64,,,,
E06000005,Darlington,County or Unitary Authority,Job density,2021-01-01/P1Y,0.88,Number of jobs per resident aged 16 to 64,Number of jobs per resident aged 16 to 64,,,,
E06000005,Darlington,County or Unitary Authority,Job density,2019-01-01/P1Y,0.84,Number of jobs per resident aged 16 to 64,Number of jobs per resident aged 16 to 64,,,,
E06000005,Darlington,County or Unitary Authority,Job density,2020-01-01/P1Y,0.87,Number of jobs per resident aged 16 to 64,Number of jobs per resident aged 16 to 64,,,,
E06000005,Darlington,County or Unitary Authority,Job density,2024-01-01/P1Y,0.89,Number of jobs per resident aged 16 to 64,Number of jobs per resident aged 16 to 64,,,,
E06000005,Darlington,County or Unitary Authority,Job density,2022-01-01/P1Y,0.86,Number of jobs per resident aged 16 to 64,Number of jobs per resident aged 16 to 64,,,,
E06000005,Darlington,County or Unitary Authority,Job density,2023-01-01/P1Y,0.88,Number of jobs per resident aged 16 to 64,Number of jobs per resident aged 16 to 64,,,,
E06000005,Darlington,County or Unitary Authority,Job density,2018-01-01/P1Y,0.83,Number of jobs per resident aged 16 to 64,Number of jobs per resident aged 16 to 64,,,,
E06000005,Darlington,County or Unitary Authority,Job density,2017-01-01/P1Y,0.82,Number of jobs per resident aged 16 to 64,Number of jobs per resident aged 16 to 64,,,,
E06000005,Darlington,County or Unitary Authority,Job density,2011-01-01/P1Y,0.79,Number of jobs per resident aged 16 to 64,Number of jobs per resident aged 16 to 64,,,,
E06000005,Darlington,County or Unitary Authority,Job density,2012-01-01/P1Y,0.83,Number of jobs per resident aged 16 to 64,Number of jobs per resident aged 16 to 64,,,,
E06000005,Darlington,County or Unitary Authority,Job density,2013-01-01/P1Y,0.82,Number of jobs per resident aged 16 to 64,Number of jobs per resident aged 16 to 64,,,,
E06000005,Darlington,County or Unitary Authority,Job density,2014-01-01/P1Y,0.84,Number of jobs per resident aged 16 to 64,Number of jobs per resident aged 16 to 64,,,,
E06000005,Darlington,County or Unitary Authority,Job density,2015-01-01/P1Y,0.87,Number of jobs per resident aged 16 to 64,Number of jobs per resident aged 16 to 64,,,,
E06000005,Darlington,County or Unitary Authority,Job density,2016-01-01/P1Y,0.85,Number of jobs per resident aged 16 to 64,Number of jobs per resident aged 16 to 64,,,,
E06000001,Hartlepool,County or Unitary Authority,Job density,2019-01-01/P1Y,0.61,Number of jobs per resident aged 16 to 64,Number of jobs per resident aged 16 to 64,,,,
E06000001,Hartlepool,County or Unitary Authority,Job density,2020-01-01/P1Y,0.59,Number of jobs per resident aged 16 to 64,Number of jobs per resident aged 16 to 64,,,,
E06000001,Hartlepool,County or Unitary Authority,Job density,2021-01-01/P1Y,0.64,Number of jobs per resident aged 16 to 64,Number of jobs per resident aged 16 to 64,,,,
E06000001,Hartlepool,County or Unitary Authority,Job density,2023-01-01/P1Y,0.56,Number of jobs per resident aged 16 to 64,Number of jobs per resident aged 16 to 64,,,,
E06000001,Hartlepool,County or Unitary Authority,Job density,2022-01-01/P1Y,0.59,Number of jobs per resident aged 16 to 64,Number of jobs per resident aged 16 to 64,,,,
E06000001,Hartlepool,County or Unitary Authority,Job density,2024-01-01/P1Y,0.57,Number of jobs per resident aged 16 to 64,Number of jobs per resident aged 16 to 64,,,,
E06000001,Hartlepool,County or Unitary Authority,Job density,2018-01-01/P1Y,0.58,Number of jobs per resident aged 16 to 64,Number of jobs per resident aged 16 to 64,,,,
E06000001,Hartlepool,County or Unitary Authority,Job density,2011-01-01/P1Y,0.54,Number of jobs per resident aged 16 to 64,Number of jobs per resident aged 16 to 64,,,,
E06000001,Hartlepool,County or Unitary Authority,Job density,2017-01-01/P1Y,0.59,Number of jobs per resident aged 16 to 64,Number of jobs per resident aged 16 to 64,,,,
E06000001,Hartlepool,County or Unitary Authority,Job density,2012-01-01/P1Y,0.52,Number of jobs per resident aged 16 to 64,Number of jobs per resident aged 16 to 64,,,,
E06000001,Hartlepool,County or Unitary Authority,Job density,2013-01-01/P1Y,0.55,Number of jobs per resident aged 16 to 64,Number of jobs per resident aged 16 to 64,,,,
E06000001,Hartlepool,County or Unitary Authority,Job density,2014-01-01/P1Y,0.58,Number of jobs per resident aged 16 to 64,Number of jobs per resident aged 16 to 64,,,,
E06000001,Hartlepool,County or Unitary Authority,Job density,2015-01-01/P1Y,0.59,Number of jobs per resident aged 16 to 64,Number of jobs per resident aged 16 to 64,,,,
E06000001,Hartlepool,County or Unitary Authority,Job density,2016-01-01/P1Y,0.6,Number of jobs per resident aged 16 to 64,Number of jobs per resident aged 16 to 64,,,,
E06000002,Middlesbrough,County or Unitary Authority,Job density,2021-01-01/P1Y,0.81,Number of jobs per resident aged 16 to 64,Number of jobs per resident aged 16 to 64,,,,
E06000002,Middlesbrough,County or Unitary Authority,Job density,2019-01-01/P1Y,0.8,Number of jobs per resident aged 16 to 64,Number of jobs per resident aged 16 to 64,,,,
E06000002,Middlesbrough,County or Unitary Authority,Job density,2020-01-01/P1Y,0.74,Number of jobs per resident aged 16 to 64,Number of jobs per resident aged 16 to 64,,,,
E06000002,Middlesbrough,County or Unitary Authority,Job density,2018-01-01/P1Y,0.76,Number of jobs per resident aged 16 to 64,Number of jobs per resident aged 16 to 64,,,,
E06000002,Middlesbrough,County or Unitary Authority,Job density,2022-01-01/P1Y,0.76,Number of jobs per resident aged 16 to 64,Number of jobs per resident aged 16 to 64,,,,
E06000002,Middlesbrough,County or Unitary Authority,Job density,2023-01-01/P1Y,0.75,Number of jobs per resident aged 16 to 64,Number of jobs per resident aged 16 to 64,,,,
E06000002,Middlesbrough,County or Unitary Authority,Job density,2024-01-01/P1Y,0.74,Number of jobs per resident aged 16 to 64,Number of jobs per resident aged 16 to 64,,,,
E06000002,Middlesbrough,County or Unitary Authority,Job density,2011-01-01/P1Y,0.72,Number of jobs per resident aged 16 to 64,Number of jobs per resident aged 16 to 64,,,,
E06000002,Middlesbrough,County or Unitary Authority,Job density,2017-01-01/P1Y,0.77,Number of jobs per resident aged 16 to 64,Number of jobs per resident aged 16 to 64,,,,
E06000002,Middlesbrough,County or Unitary Authority,Job density,2012-01-01/P1Y,0.75,Number of jobs per resident aged 16 to 64,Number of jobs per resident aged 16 to 64,,,,
E06000002,Middlesbrough,County or Unitary Authority,Job density,2013-01-01/P1Y,0.74,Number of jobs per resident aged 16 to 64,Number of jobs per resident aged 16 to 64,,,,
E06000002,Middlesbrough,County or Unitary Authority,Job density,2014-01-01/P1Y,0.74,Number of jobs per resident aged 16 to 64,Number of jobs per resident aged 16 to 64,,,,
E06000002,Middlesbrough,County or Unitary Authority,Job density,2015-01-01/P1Y,0.76,Number of jobs per resident aged 16 to 64,Number of jobs per resident aged 16 to 64,,,,
E06000002,Middlesbrough,County or Unitary Authority,Job density,2016-01-01/P1Y,0.74,Number of jobs per resident aged 16 to 64,Number of jobs per resident aged 16 to 64,,,,
E06000057,Northumberland,County or Unitary Authority,Job density,2021-01-01/P1Y,0.67,Number of jobs per resident aged 16 to 64,Number of jobs per resident aged 16 to 64,,,,
E06000057,Northumberland,County or Unitary Authority,Job density,2019-01-01/P1Y,0.71,Number of jobs per resident aged 16 to 64,Number of jobs per resident aged 16 to 64,,,,
E06000057,Northumberland,County or Unitary Authority,Job density,2020-01-01/P1Y,0.65,Number of jobs per resident aged 16 to 64,Number of jobs per resident aged 16 to 64,,,,
E06000057,Northumberland,County or Unitary Authority,Job density,2024-01-01/P1Y,0.68,Number of jobs per resident aged 16 to 64,Number of jobs per resident aged 16 to 64,,,,
E06000057,Northumberland,County or Unitary Authority,Job density,2022-01-01/P1Y,0.67,Number of jobs per resident aged 16 to 64,Number of jobs per resident aged 16 to 64,,,,
E06000057,Northumberland,County or Unitary Authority,Job density,2023-01-01/P1Y,0.66,Number of jobs per resident aged 16 to 64,Number of jobs per resident aged 16 to 64,,,,
E06000057,Northumberland,County or Unitary Authority,Job density,2018-01-01/P1Y,0.68,Number of jobs per resident aged 16 to 64,Number of jobs per resident aged 16 to 64,,,,
E06000057,Northumberland,County or Unitary Authority,Job density,2011-01-01/P1Y,0.61,Number of jobs per resident aged 16 to 64,Number of jobs per resident aged 16 to 64,,,,
E06000057,Northumberland,County or Unitary Authority,Job density,2017-01-01/P1Y,0.69,Number of jobs per resident aged 16 to 64,Number of jobs per resident aged 16 to 64,,,,
E06000057,Northumberland,County or Unitary Authority,Job density,2012-01-01/P1Y,0.6,Number of jobs per resident aged 16 to 64,Number of jobs per resident aged 16 to 64,,,,
E06000057,Northumberland,County or Unitary Authority,Job density,2013-01-01/P1Y,0.63,Number of jobs per resident aged 16 to 64,Number of jobs per resident aged 16 to 64,,,,
E06000057,Northumberland,County or Unitary Authority,Job density,2014-01-01/P1Y,0.63,Number of jobs per resident aged 16 to 64,Number of jobs per resident aged 16 to 64,,,,
E06000057,Northumberland,County or Unitary Authority,Job density,2015-01-01/P1Y,0.66,Number of jobs per resident aged 16 to 64,Number of jobs per resident aged 16 to 64,,,,
E06000057,Northumberland,County or Unitary Authority,Job density,2016-01-01/P1Y,0.65,Number of jobs per resident aged 16 to 64,Number of jobs per resident aged 16 to 64,,,,
E06000003,Redcar and Cleveland,County or Unitary Authority,Job density,2019-01-01/P1Y,0.54,Number of jobs per resident aged 16 to 64,Number of jobs per resident aged 16 to 64,,,,
E06000003,Redcar and Cleveland,County or Unitary Authority,Job density,2020-01-01/P1Y,0.53,Number of jobs per resident aged 16 to 64,Number of jobs per resident aged 16 to 64,,,,
E06000003,Redcar and Cleveland,County or Unitary Authority,Job density,2021-01-01/P1Y,0.56,Number of jobs per resident aged 16 to 64,Number of jobs per resident aged 16 to 64,,,,
E06000003,Redcar and Cleveland,County or Unitary Authority,Job density,2022-01-01/P1Y,0.55,Number of jobs per resident aged 16 to 64,Number of jobs per resident aged 16 to 64,,,,
E06000003,Redcar and Cleveland,County or Unitary Authority,Job density,2023-01-01/P1Y,0.56,Number of jobs per resident aged 16 to 64,Number of jobs per resident aged 16 to 64,,,,
E06000003,Redcar and Cleveland,County or Unitary Authority,Job density,2024-01-01/P1Y,0.55,Number of jobs per resident aged 16 to 64,Number of jobs per resident aged 16 to 64,,,,
E06000003,Redcar and Cleveland,County or Unitary Authority,Job density,2018-01-01/P1Y,0.56,Number of jobs per resident aged 16 to 64,Number of jobs per resident aged 16 to 64,,,,
E06000003,Redcar and Cleveland,County or Unitary Authority,Job density,2017-01-01/P1Y,0.55,Number of jobs per resident aged 16 to 64,Number of jobs per resident aged 16 to 64,,,,
E06000003,Redcar and Cleveland,County or Unitary Authority,Job density,2011-01-01/P1Y,0.5,Number of jobs per resident aged 16 to 64,Number of jobs per resident aged 16 to 64,,,,
E06000003,Redcar and Cleveland,County or Unitary Authority,Job density,2012-01-01/P1Y,0.54,Number of jobs per resident aged 16 to 64,Number of jobs per resident aged 16 to 64,,,,
E06000003,Redcar and Cleveland,County or Unitary Authority,Job density,2013-01-01/P1Y,0.56,Number of jobs per resident aged 16 to 64,Number of jobs per resident aged 16 to 64,,,,
E06000003,Redcar and Cleveland,County or Unitary Authority,Job density,2014-01-01/P1Y,0.58,Number of jobs per resident aged 16 to 64,Number of jobs per resident aged 16 to 64,,,,
E06000003,Redcar and Cleveland,County or Unitary Authority,Job density,2015-01-01/P1Y,0.58,Number of jobs per resident aged 16 to 64,Number of jobs per resident aged 16 to 64,,,,
E06000003,Redcar and Cleveland,County or Unitary Authority,Job density,2016-01-01/P1Y,0.56,Number of jobs per resident aged 16 to 64,Number of jobs per resident aged 16 to 64,,,,
E06000004,Stockton-on-Tees,County or Unitary Authority,Job density,2021-01-01/P1Y,0.77,Number of jobs per resident aged 16 to 64,Number of jobs per resident aged 16 to 64,,,,
E06000004,Stockton-on-Tees,County or Unitary Authority,Job density,2019-01-01/P1Y,0.78,Number of jobs per resident aged 16 to 64,Number of jobs per resident aged 16 to 64,,,,
E06000004,Stockton-on-Tees,County or Unitary Authority,Job density,2020-01-01/P1Y,0.81,Number of jobs per resident aged 16 to 64,Number of jobs per resident aged 16 to 64,,,,
E06000004,Stockton-on-Tees,County or Unitary Authority,Job density,2018-01-01/P1Y,0.75,Number of jobs per resident aged 16 to 64,Number of jobs per resident aged 16 to 64,,,,
E06000004,Stockton-on-Tees,County or Unitary Authority,Job density,2022-01-01/P1Y,0.76,Number of jobs per resident aged 16 to 64,Number of jobs per resident aged 16 to 64,,,,
E06000004,Stockton-on-Tees,County or Unitary Authority,Job density,2023-01-01/P1Y,0.73,Number of jobs per resident aged 16 to 64,Number of jobs per resident aged 16 to 64,,,,
E06000004,Stockton-on-Tees,County or Unitary Authority,Job density,2024-01-01/P1Y,0.74,Number of jobs per resident aged 16 to 64,Number of jobs per resident aged 16 to 64,,,,
E06000004,Stockton-on-Tees,County or Unitary Authority,Job density,2014-01-01/P1Y,0.72,Number of jobs per resident aged 16 to 64,Number of jobs per resident aged 16 to 64,,,,
E06000004,Stockton-on-Tees,County or Unitary Authority,Job density,2017-01-01/P1Y,0.76,Number of jobs per resident aged 16 to 64,Number of jobs per resident aged 16 to 64,,,,
E06000004,Stockton-on-Tees,County or Unitary Authority,Job density,2011-01-01/P1Y,0.71,Number of jobs per resident aged 16 to 64,Number of jobs per resident aged 16 to 64,,,,
E06000004,Stockton-on-Tees,County or Unitary Authority,Job density,2012-01-01/P1Y,0.68,Number of jobs per resident aged 16 to 64,Number of jobs per resident aged 16 to 64,,,,
E06000004,Stockton-on-Tees,County or Unitary Authority,Job density,2013-01-01/P1Y,0.71,Number of jobs per resident aged 16 to 64,Number of jobs per resident aged 16 to 64,,,,
E06000004,Stockton-on-Tees,County or Unitary Authority,Job density,2015-01-01/P1Y,0.75,Number of jobs per resident aged 16 to 64,Number of jobs per resident aged 16 to 64,,,,
E06000004,Stockton-on-Tees,County or Unitary Authority,Job density,2016-01-01/P1Y,0.72,Number of jobs per resident aged 16 to 64,Number of jobs per resident aged 16 to 64,,,,
E08000037,Gateshead,Local Authority District,Job density,2019-01-01/P1Y,0.83,Number of jobs per resident aged 16 to 64,Number of jobs per resident aged 16 to 64,,,,
E08000037,Gateshead,Local Authority District,Job density,2020-01-01/P1Y,0.8,Number of jobs per resident aged 16 to 64,Number of jobs per resident aged 16 to 64,,,,
E08000037,Gateshead,Local Authority District,Job density,2021-01-01/P1Y,0.85,Number of jobs per resident aged 16 to 64,Number of jobs per resident aged 16 to 64,,,,
E08000037,Gateshead,Local Authority District,Job density,2023-01-01/P1Y,0.82,Number of jobs per resident aged 16 to 64,Number of jobs per resident aged 16 to 64,,,,
E08000037,Gateshead,Local Authority District,Job density,2022-01-01/P1Y,0.82,Number of jobs per resident aged 16 to 64,Number of jobs per resident aged 16 to 64,,,,
E08000037,Gateshead,Local Authority District,Job density,2024-01-01/P1Y,0.82,Number of jobs per resident aged 16 to 64,Number of jobs per resident aged 16 to 64,,,,
E08000037,Gateshead,Local Authority District,Job density,2018-01-01/P1Y,0.82,Number of jobs per resident aged 16 to 64,Number of jobs per resident aged 16 to 64,,,,
E08000037,Gateshead,Local Authority District,Job density,2011-01-01/P1Y,0.78,Number of jobs per resident aged 16 to 64,Number of jobs per resident aged 16 to 64,,,,
E08000037,Gateshead,Local Authority District,Job density,2017-01-01/P1Y,0.82,Number of jobs per resident aged 16 to 64,Number of jobs per resident aged 16 to 64,,,,
E08000037,Gateshead,Local Authority District,Job density,2012-01-01/P1Y,0.75,Number of jobs per resident aged 16 to 64,Number of jobs per resident aged 16 to 64,,,,
E08000037,Gateshead,Local Authority District,Job density,2013-01-01/P1Y,0.75,Number of jobs per resident aged 16 to 64,Number of jobs per resident aged 16 to 64,,,,
E08000037,Gateshead,Local Authority District,Job density,2014-01-01/P1Y,0.79,Number of jobs per resident aged 16 to 64,Number of jobs per resident aged 16 to 64,,,,
E08000037,Gateshead,Local Authority District,Job density,2015-01-01/P1Y,0.83,Number of jobs per resident aged 16 to 64,Number of jobs per resident aged 16 to 64,,,,
E08000037,Gateshead,Local Authority District,Job density,2016-01-01/P1Y,0.82,Number of jobs per resident aged 16 to 64,Number of jobs per resident aged 16 to 64,,,,
E08000021,Newcastle upon Tyne,Local Authority District,Job density,2021-01-01/P1Y,1.02,Number of jobs per resident aged 16 to 64,Number of jobs per resident aged 16 to 64,,,,
E08000021,Newcastle upon Tyne,Local Authority District,Job density,2019-01-01/P1Y,1.05,Number of jobs per resident aged 16 to 64,Number of jobs per resident aged 16 to 64,,,,
E08000021,Newcastle upon Tyne,Local Authority District,Job density,2020-01-01/P1Y,0.99,Number of jobs per resident aged 16 to 64,Number of jobs per resident aged 16 to 64,,,,
E08000021,Newcastle upon Tyne,Local Authority District,Job density,2018-01-01/P1Y,1.03,Number of jobs per resident aged 16 to 64,Number of jobs per resident aged 16 to 64,,,,
E08000021,Newcastle upon Tyne,Local Authority District,Job density,2022-01-01/P1Y,1.01,Number of jobs per resident aged 16 to 64,Number of jobs per resident aged 16 to 64,,,,
E08000021,Newcastle upon Tyne,Local Authority District,Job density,2023-01-01/P1Y,1.05,Number of jobs per resident aged 16 to 64,Number of jobs per resident aged 16 to 64,,,,
E08000021,Newcastle upon Tyne,Local Authority District,Job density,2024-01-01/P1Y,0.98,Number of jobs per resident aged 16 to 64,Number of jobs per resident aged 16 to 64,,,,
E08000021,Newcastle upon Tyne,Local Authority District,Job density,2011-01-01/P1Y,0.99,Number of jobs per resident aged 16 to 64,Number of jobs per resident aged 16 to 64,,,,
E08000021,Newcastle upon Tyne,Local Authority District,Job density,2017-01-01/P1Y,1.03,Number of jobs per resident aged 16 to 64,Number of jobs per resident aged 16 to 64,,,,
E08000021,Newcastle upon Tyne,Local Authority District,Job density,2012-01-01/P1Y,0.99,Number of jobs per resident aged 16 to 64,Number of jobs per resident aged 16 to 64,,,,
E08000021,Newcastle upon Tyne,Local Authority District,Job density,2013-01-01/P1Y,0.97,Number of jobs per resident aged 16 to 64,Number of jobs per resident aged 16 to 64,,,,
E08000021,Newcastle upon Tyne,Local Authority District,Job density,2014-01-01/P1Y,1.0,Number of jobs per resident aged 16 to 64,Number of jobs per resident aged 16 to 64,,,,
E08000021,Newcastle upon Tyne,Local Authority District,Job density,2015-01-01/P1Y,1.01,Number of jobs per resident aged 16 to 64,Number of jobs per resident aged 16 to 64,,,,
E08000021,Newcastle upon Tyne,Local Authority District,Job density,2016-01-01/P1Y,1.01,Number of jobs per resident aged 16 to 64,Number of jobs per resident aged 16 to 64,,,,
E08000022,North Tyneside,Local Authority District,Job density,2021-01-01/P1Y,0.72,Number of jobs per resident aged 16 to 64,Number of jobs per resident aged 16 to 64,,,,
E08000022,North Tyneside,Local Authority District,Job density,2019-01-01/P1Y,0.73,Number of jobs per resident aged 16 to 64,Number of jobs per resident aged 16 to 64,,,,
E08000022,North Tyneside,Local Authority District,Job density,2020-01-01/P1Y,0.7,Number of jobs per resident aged 16 to 64,Number of jobs per resident aged 16 to 64,,,,
E08000022,North Tyneside,Local Authority District,Job density,2024-01-01/P1Y,0.72,Number of jobs per resident aged 16 to 64,Number of jobs per resident aged 16 to 64,,,,
E08000022,North Tyneside,Local Authority District,Job density,2022-01-01/P1Y,0.72,Number of jobs per resident aged 16 to 64,Number of jobs per resident aged 16 to 64,,,,
E08000022,North Tyneside,Local Authority District,Job density,2023-01-01/P1Y,0.73,Number of jobs per resident aged 16 to 64,Number of jobs per resident aged 16 to 64,,,,
E08000022,North Tyneside,Local Authority District,Job density,2018-01-01/P1Y,0.74,Number of jobs per resident aged 16 to 64,Number of jobs per resident aged 16 to 64,,,,
E08000022,North Tyneside,Local Authority District,Job density,2011-01-01/P1Y,0.59,Number of jobs per resident aged 16 to 64,Number of jobs per resident aged 16 to 64,,,,
E08000022,North Tyneside,Local Authority District,Job density,2017-01-01/P1Y,0.73,Number of jobs per resident aged 16 to 64,Number of jobs per resident aged 16 to 64,,,,
E08000022,North Tyneside,Local Authority District,Job density,2012-01-01/P1Y,0.61,Number of jobs per resident aged 16 to 64,Number of jobs per resident aged 16 to 64,,,,
E08000022,North Tyneside,Local Authority District,Job density,2013-01-01/P1Y,0.6,Number of jobs per resident aged 16 to 64,Number of jobs per resident aged 16 to 64,,,,
E08000022,North Tyneside,Local Authority District,Job density,2014-01-01/P1Y,0.65,Number of jobs per resident aged 16 to 64,Number of jobs per resident aged 16 to 64,,,,
E08000022,North Tyneside,Local Authority District,Job density,2015-01-01/P1Y,0.69,Number of jobs per resident aged 16 to 64,Number of jobs per resident aged 16 to 64,,,,
E08000022,North Tyneside,Local Authority District,Job density,2016-01-01/P1Y,0.7,Number of jobs per resident aged 16 to 64,Number of jobs per resident aged 16 to 64,,,,
E08000023,South Tyneside,Local Authority District,Job density,2019-01-01/P1Y,0.53,Number of jobs per resident aged 16 to 64,Number of jobs per resident aged 16 to 64,,,,
E08000023,South Tyneside,Local Authority District,Job density,2020-01-01/P1Y,0.51,Number of jobs per resident aged 16 to 64,Number of jobs per resident aged 16 to 64,,,,
E08000023,South Tyneside,Local Authority District,Job density,2021-01-01/P1Y,0.54,Number of jobs per resident aged 16 to 64,Number of jobs per resident aged 16 to 64,,,,
E08000023,South Tyneside,Local Authority District,Job density,2022-01-01/P1Y,0.52,Number of jobs per resident aged 16 to 64,Number of jobs per resident aged 16 to 64,,,,
E08000023,South Tyneside,Local Authority District,Job density,2023-01-01/P1Y,0.52,Number of jobs per resident aged 16 to 64,Number of jobs per resident aged 16 to 64,,,,
E08000023,South Tyneside,Local Authority District,Job density,2024-01-01/P1Y,0.51,Number of jobs per resident aged 16 to 64,Number of jobs per resident aged 16 to 64,,,,
E08000023,South Tyneside,Local Authority District,Job density,2018-01-01/P1Y,0.52,Number of jobs per resident aged 16 to 64,Number of jobs per resident aged 16 to 64,,,,
E08000023,South Tyneside,Local Authority District,Job density,2017-01-01/P1Y,0.53,Number of jobs per resident aged 16 to 64,Number of jobs per resident aged 16 to 64,,,,
E08000023,South Tyneside,Local Authority District,Job density,2011-01-01/P1Y,0.5,Number of jobs per resident aged 16 to 64,Number of jobs per resident aged 16 to 64,,,,
E08000023,South Tyneside,Local Authority District,Job density,2012-01-01/P1Y,0.52,Number of jobs per resident aged 16 to 64,Number of jobs per resident aged 16 to 64,,,,
E08000023,South Tyneside,Local Authority District,Job density,2013-01-01/P1Y,0.54,Number of jobs per resident aged 16 to 64,Number of jobs per resident aged 16 to 64,,,,
E08000023,South Tyneside,Local Authority District,Job density,2014-01-01/P1Y,0.53,Number of jobs per resident aged 16 to 64,Number of jobs per resident aged 16 to 64,,,,
E08000023,South Tyneside,Local Authority District,Job density,2015-01-01/P1Y,0.56,Number of jobs per resident aged 16 to 64,Number of jobs per resident aged 16 to 64,,,,
E08000023,South Tyneside,Local Authority District,Job density,2016-01-01/P1Y,0.51,Number of jobs per resident aged 16 to 64,Number of jobs per resident aged 16 to 64,,,,
E08000024,Sunderland,Local Authority District,Job density,2024-01-01/P1Y,0.73,Number of jobs per resident aged 16 to 64,Number of jobs per resident aged 16 to 64,,,,
E08000024,Sunderland,Local Authority District,Job density,2019-01-01/P1Y,0.77,Number of jobs per resident aged 16 to 64,Number of jobs per resident aged 16 to 64,,,,
E08000024,Sunderland,Local Authority District,Job density,2020-01-01/P1Y,0.77,Number of jobs per resident aged 16 to 64,Number of jobs per resident aged 16 to 64,,,,
E08000024,Sunderland,Local Authority District,Job density,2021-01-01/P1Y,0.79,Number of jobs per resident aged 16 to 64,Number of jobs per resident aged 16 to 64,,,,
E08000024,Sunderland,Local Authority District,Job density,2018-01-01/P1Y,0.76,Number of jobs per resident aged 16 to 64,Number of jobs per resident aged 16 to 64,,,,
E08000024,Sunderland,Local Authority District,Job density,2022-01-01/P1Y,0.73,Number of jobs per resident aged 16 to 64,Number of jobs per resident aged 16 to 64,,,,
E08000024,Sunderland,Local Authority District,Job density,2023-01-01/P1Y,0.75,Number of jobs per resident aged 16 to 64,Number of jobs per resident aged 16 to 64,,,,
E08000024,Sunderland,Local Authority District,Job density,2014-01-01/P1Y,0.73,Number of jobs per resident aged 16 to 64,Number of jobs per resident aged 16 to 64,,,,
E08000024,Sunderland,Local Authority District,Job density,2017-01-01/P1Y,0.77,Number of jobs per resident aged 16 to 64,Number of jobs per resident aged 16 to 64,,,,
E08000024,Sunderland,Local Authority District,Job density,2011-01-01/P1Y,0.7,Number of jobs per resident aged 16 to 64,Number of jobs per resident aged 16 to 64,,,,
E08000024,Sunderland,Local Authority District,Job density,2012-01-01/P1Y,0.71,Number of jobs per resident aged 16 to 64,Number of jobs per resident aged 16 to 64,,,,
E08000024,Sunderland,Local Authority District,Job density,2013-01-01/P1Y,0.7,Number of jobs per resident aged 16 to 64,Number of jobs per resident aged 16 to 64,,,,
E08000024,Sunderland,Local Authority District,Job density,2015-01-01/P1Y,0.73,Number of jobs per resident aged 16 to 64,Number of jobs per resident aged 16 to 64,,,,
E08000024,Sunderland,Local Authority District,Job density,2016-01-01/P1Y,0.73,Number of jobs per resident aged 16 to 64,Number of jobs per resident aged 16 to 64,,,,
E12000002,North West,Region,Job density,2020-01-01/P1Y,0.82,Number of jobs per resident aged 16 to 64,Number of jobs per resident aged 16 to 64,,,,
E12000002,North West,Region,Job density,2024-01-01/P1Y,0.82,Number of jobs per resident aged 16 to 64,Number of jobs per resident aged 16 to 64,,,,
E12000002,North West,Region,Job density,2023-01-01/P1Y,0.83,Number of jobs per resident aged 16 to 64,Number of jobs per resident aged 16 to 64,,,,
E12000002,North West,Region,Job density,2022-01-01/P1Y,0.83,Number of jobs per resident aged 16 to 64,Number of jobs per resident aged 16 to 64,,,,
E12000002,North West,Region,Job density,2021-01-01/P1Y,0.83,Number of jobs per resident aged 16 to 64,Number of jobs per resident aged 16 to 64,,,,
E12000002,North West,Region,Job density,2019-01-01/P1Y,0.85,Number of jobs per resident aged 16 to 64,Number of jobs per resident aged 16 to 64,,,,
E12000002,North West,Region,Job density,2018-01-01/P1Y,0.83,Number of jobs per resident aged 16 to 64,Number of jobs per resident aged 16 to 64,,,,
E12000002,North West,Region,Job density,2016-01-01/P1Y,0.82,Number of jobs per resident aged 16 to 64,Number of jobs per resident aged 16 to 64,,,,
E12000002,North West,Region,Job density,2015-01-01/P1Y,0.8,Number of jobs per resident aged 16 to 64,Number of jobs per resident aged 16 to 64,,,,
E12000002,North West,Region,Job density,2014-01-01/P1Y,0.78,Number of jobs per resident aged 16 to 64,Number of jobs per resident aged 16 to 64,,,,
E12000002,North West,Region,Job density,2013-01-01/P1Y,0.77,Number of jobs per resident aged 16 to 64,Number of jobs per resident aged 16 to 64,,,,
E12000002,North West,Region,Job density,2012-01-01/P1Y,0.75,Number of jobs per resident aged 16 to 64,Number of jobs per resident aged 16 to 64,,,,
E12000002,North West,Region,Job density,2011-01-01/P1Y,0.74,Number of jobs per resident aged 16 to 64,Number of jobs per resident aged 16 to 64,,,,
E12000002,North West,Region,Job density,2017-01-01/P1Y,0.83,Number of jobs per resident aged 16 to 64,Number of jobs per resident aged 16 to 64,,,,
E06000008,Blackburn with Darwen,County or Unitary Authority,Job density,2018-01-01/P1Y,0.83,Number of jobs per resident aged 16 to 64,Number of jobs per resident aged 16 to 64,,,,
E06000008,Blackburn with Darwen,County or Unitary Authority,Job density,2019-01-01/P1Y,0.76,Number of jobs per resident aged 16 to 64,Number of jobs per resident aged 16 to 64,,,,
E06000008,Blackburn with Darwen,County or Unitary Authority,Job density,2020-01-01/P1Y,0.78,Number of jobs per resident aged 16 to 64,Number of jobs per resident aged 16 to 64,,,,
E06000008,Blackburn with Darwen,County or Unitary Authority,Job density,2021-01-01/P1Y,0.79,Number of jobs per resident aged 16 to 64,Number of jobs per resident aged 16 to 64,,,,
E06000008,Blackburn with Darwen,County or Unitary Authority,Job density,2023-01-01/P1Y,0.8,Number of jobs per resident aged 16 to 64,Number of jobs per resident aged 16 to 64,,,,
E06000008,Blackburn with Darwen,County or Unitary Authority,Job density,2022-01-01/P1Y,0.8,Number of jobs per resident aged 16 to 64,Number of jobs per resident aged 16 to 64,,,,
E06000008,Blackburn with Darwen,County or Unitary Authority,Job density,2024-01-01/P1Y,0.77,Number of jobs per resident aged 16 to 64,Number of jobs per resident aged 16 to 64,,,,
E06000008,Blackburn with Darwen,County or Unitary Authority,Job density,2014-01-01/P1Y,0.77,Number of jobs per resident aged 16 to 64,Number of jobs per resident aged 16 to 64,,,,
E06000008,Blackburn with Darwen,County or Unitary Authority,Job density,2017-01-01/P1Y,0.78,Number of jobs per resident aged 16 to 64,Number of jobs per resident aged 16 to 64,,,,
E06000008,Blackburn with Darwen,County or Unitary Authority,Job density,2011-01-01/P1Y,0.68,Number of jobs per resident aged 16 to 64,Number of jobs per resident aged 16 to 64,,,,
E06000008,Blackburn with Darwen,County or Unitary Authority,Job density,2012-01-01/P1Y,0.72,Number of jobs per resident aged 16 to 64,Number of jobs per resident aged 16 to 64,,,,
E06000008,Blackburn with Darwen,County or Unitary Authority,Job density,2013-01-01/P1Y,0.75,Number of jobs per resident aged 16 to 64,Number of jobs per resident aged 16 to 64,,,,
E06000008,Blackburn with Darwen,County or Unitary Authority,Job density,2015-01-01/P1Y,0.77,Number of jobs per resident aged 16 to 64,Number of jobs per resident aged 16 to 64,,,,
E06000008,Blackburn with Darwen,County or Unitary Authority,Job density,2016-01-01/P1Y,0.8,Number of jobs per resident aged 16 to 64,Number of jobs per resident aged 16 to 64,,,,
E06000009,Blackpool,County or Unitary Authority,Job density,2019-01-01/P1Y,0.84,Number of jobs per resident aged 16 to 64,Number of jobs per resident aged 16 to 64,,,,
E06000009,Blackpool,County or Unitary Authority,Job density,2024-01-01/P1Y,0.81,Number of jobs per resident aged 16 to 64,Number of jobs per resident aged 16 to 64,,,,
E06000009,Blackpool,County or Unitary Authority,Job density,2020-01-01/P1Y,0.84,Number of jobs per resident aged 16 to 64,Number of jobs per resident aged 16 to 64,,,,
E06000009,Blackpool,County or Unitary Authority,Job density,2021-01-01/P1Y,0.86,Number of jobs per resident aged 16 to 64,Number of jobs per resident aged 16 to 64,,,,
E06000009,Blackpool,County or Unitary Authority,Job density,2022-01-01/P1Y,0.83,Number of jobs per resident aged 16 to 64,Number of jobs per resident aged 16 to 64,,,,
E06000009,Blackpool,County or Unitary Authority,Job density,2023-01-01/P1Y,0.79,Number of jobs per resident aged 16 to 64,Number of jobs per resident aged 16 to 64,,,,
E06000009,Blackpool,County or Unitary Authority,Job density,2018-01-01/P1Y,0.82,Number of jobs per resident aged 16 to 64,Number of jobs per resident aged 16 to 64,,,,
E06000009,Blackpool,County or Unitary Authority,Job density,2014-01-01/P1Y,0.75,Number of jobs per resident aged 16 to 64,Number of jobs per resident aged 16 to 64,,,,
E06000009,Blackpool,County or Unitary Authority,Job density,2017-01-01/P1Y,0.77,Number of jobs per resident aged 16 to 64,Number of jobs per resident aged 16 to 64,,,,
E06000009,Blackpool,County or Unitary Authority,Job density,2011-01-01/P1Y,0.71,Number of jobs per resident aged 16 to 64,Number of jobs per resident aged 16 to 64,,,,
E06000009,Blackpool,County or Unitary Authority,Job density,2012-01-01/P1Y,0.71,Number of jobs per resident aged 16 to 64,Number of jobs per resident aged 16 to 64,,,,
E06000009,Blackpool,County or Unitary Authority,Job density,2013-01-01/P1Y,0.71,Number of jobs per resident aged 16 to 64,Number of jobs per resident aged 16 to 64,,,,
E06000009,Blackpool,County or Unitary Authority,Job density,2015-01-01/P1Y,0.77,Number of jobs per resident aged 16 to 64,Number of jobs per resident aged 16 to 64,,,,
E06000009,Blackpool,County or Unitary Authority,Job density,2016-01-01/P1Y,0.77,Number of jobs per resident aged 16 to 64,Number of jobs per resident aged 16 to 64,,,,
E06000049,Cheshire East,County or Unitary Authority,Job density,2019-01-01/P1Y,0.95,Number of jobs per resident aged 16 to 64,Number of jobs per resident aged 16 to 64,,,,
E06000049,Cheshire East,County or Unitary Authority,Job density,2020-01-01/P1Y,0.93,Number of jobs per resident aged 16 to 64,Number of jobs per resident aged 16 to 64,,,,
E06000049,Cheshire East,County or Unitary Authority,Job density,2021-01-01/P1Y,0.92,Number of jobs per resident aged 16 to 64,Number of jobs per resident aged 16 to 64,,,,
E06000049,Cheshire East,County or Unitary Authority,Job density,2022-01-01/P1Y,0.92,Number of jobs per resident aged 16 to 64,Number of jobs per resident aged 16 to 64,,,,
E06000049,Cheshire East,County or Unitary Authority,Job density,2023-01-01/P1Y,0.91,Number of jobs per resident aged 16 to 64,Number of jobs per resident aged 16 to 64,,,,
E06000049,Cheshire East,County or Unitary Authority,Job density,2024-01-01/P1Y,0.9,Number of jobs per resident aged 16 to 64,Number of jobs per resident aged 16 to 64,,,,
E06000049,Cheshire East,County or Unitary Authority,Job density,2018-01-01/P1Y,0.93,Number of jobs per resident aged 16 to 64,Number of jobs per resident aged 16 to 64,,,,
E06000049,Cheshire East,County or Unitary Authority,Job density,2017-01-01/P1Y,0.92,Number of jobs per resident aged 16 to 64,Number of jobs per resident aged 16 to 64,,,,
E06000049,Cheshire East,County or Unitary Authority,Job density,2011-01-01/P1Y,0.82,Number of jobs per resident aged 16 to 64,Number of jobs per resident aged 16 to 64,,,,
E06000049,Cheshire East,County or Unitary Authority,Job density,2012-01-01/P1Y,0.85,Number of jobs per resident aged 16 to 64,Number of jobs per resident aged 16 to 64,,,,
E06000049,Cheshire East,County or Unitary Authority,Job density,2013-01-01/P1Y,0.87,Number of jobs per resident aged 16 to 64,Number of jobs per resident aged 16 to 64,,,,
E06000049,Cheshire East,County or Unitary Authority,Job density,2014-01-01/P1Y,0.9,Number of jobs per resident aged 16 to 64,Number of jobs per resident aged 16 to 64,,,,
E06000049,Cheshire East,County or Unitary Authority,Job density,2015-01-01/P1Y,0.94,Number of jobs per resident aged 16 to 64,Number of jobs per resident aged 16 to 64,,,,
E06000049,Cheshire East,County or Unitary Authority,Job density,2016-01-01/P1Y,0.91,Number of jobs per resident aged 16 to 64,Number of jobs per resident aged 16 to 64,,,,
E06000050,Cheshire West and Chester,County or Unitary Authority,Job density,2021-01-01/P1Y,0.87,Number of jobs per resident aged 16 to 64,Number of jobs per resident aged 16 to 64,,,,
E06000050,Cheshire West and Chester,County or Unitary Authority,Job density,2019-01-01/P1Y,0.92,Number of jobs per resident aged 16 to 64,Number of jobs per resident aged 16 to 64,,,,
E06000050,Cheshire West and Chester,County or Unitary Authority,Job density,2020-01-01/P1Y,0.86,Number of jobs per resident aged 16 to 64,Number of jobs per resident aged 16 to 64,,,,
E06000050,Cheshire West and Chester,County or Unitary Authority,Job density,2018-01-01/P1Y,0.92,Number of jobs per resident aged 16 to 64,Number of jobs per resident aged 16 to 64,,,,
E06000050,Cheshire West and Chester,County or Unitary Authority,Job density,2022-01-01/P1Y,0.86,Number of jobs per resident aged 16 to 64,Number of jobs per resident aged 16 to 64,,,,
E06000050,Cheshire West and Chester,County or Unitary Authority,Job density,2023-01-01/P1Y,0.86,Number of jobs per resident aged 16 to 64,Number of jobs per resident aged 16 to 64,,,,
E06000050,Cheshire West and Chester,County or Unitary Authority,Job density,2024-01-01/P1Y,0.86,Number of jobs per resident aged 16 to 64,Number of jobs per resident aged 16 to 64,,,,
E06000050,Cheshire West and Chester,County or Unitary Authority,Job density,2012-01-01/P1Y,0.8,Number of jobs per resident aged 16 to 64,Number of jobs per resident aged 16 to 64,,,,
E06000050,Cheshire West and Chester,County or Unitary Authority,Job density,2017-01-01/P1Y,0.95,Number of jobs per resident aged 16 to 64,Number of jobs per resident aged 16 to 64,,,,
E06000050,Cheshire West and Chester,County or Unitary Authority,Job density,2011-01-01/P1Y,0.8,Number of jobs per resident aged 16 to 64,Number of jobs per resident aged 16 to 64,,,,
E06000050,Cheshire West and Chester,County or Unitary Authority,Job density,2013-01-01/P1Y,0.83,Number of jobs per resident aged 16 to 64,Number of jobs per resident aged 16 to 64,,,,
E06000050,Cheshire West and Chester,County or Unitary Authority,Job density,2014-01-01/P1Y,0.84,Number of jobs per resident aged 16 to 64,Number of jobs per resident aged 16 to 64,,,,
E06000050,Cheshire West and Chester,County or Unitary Authority,Job density,2015-01-01/P1Y,0.88,Number of jobs per resident aged 16 to 64,Number of jobs per resident aged 16 to 64,,,,
E06000050,Cheshire West and Chester,County or Unitary Authority,Job density,2016-01-01/P1Y,0.94,Number of jobs per resident aged 16 to 64,Number of jobs per resident aged 16 to 64,,,,
E06000006,Halton,County or Unitary Authority,Job density,2021-01-01/P1Y,0.86,Number of jobs per resident aged 16 to 64,Number of jobs per resident aged 16 to 64,,,,
E06000006,Halton,County or Unitary Authority,Job density,2019-01-01/P1Y,0.9,Number of jobs per resident aged 16 to 64,Number of jobs per resident aged 16 to 64,,,,
E06000006,Halton,County or Unitary Authority,Job density,2020-01-01/P1Y,0.87,Number of jobs per resident aged 16 to 64,Number of jobs per resident aged 16 to 64,,,,
E06000006,Halton,County or Unitary Authority,Job density,2024-01-01/P1Y,0.86,Number of jobs per resident aged 16 to 64,Number of jobs per resident aged 16 to 64,,,,
E06000006,Halton,County or Unitary Authority,Job density,2022-01-01/P1Y,0.83,Number of jobs per resident aged 16 to 64,Number of jobs per resident aged 16 to 64,,,,
E06000006,Halton,County or Unitary Authority,Job density,2023-01-01/P1Y,0.87,Number of jobs per resident aged 16 to 64,Number of jobs per resident aged 16 to 64,,,,
E06000006,Halton,County or Unitary Authority,Job density,2018-01-01/P1Y,0.88,Number of jobs per resident aged 16 to 64,Number of jobs per resident aged 16 to 64,,,,
E06000006,Halton,County or Unitary Authority,Job density,2017-01-01/P1Y,0.87,Number of jobs per resident aged 16 to 64,Number of jobs per resident aged 16 to 64,,,,
E06000006,Halton,County or Unitary Authority,Job density,2011-01-01/P1Y,0.72,Number of jobs per resident aged 16 to 64,Number of jobs per resident aged 16 to 64,,,,
E06000006,Halton,County or Unitary Authority,Job density,2012-01-01/P1Y,0.75,Number of jobs per resident aged 16 to 64,Number of jobs per resident aged 16 to 64,,,,
E06000006,Halton,County or Unitary Authority,Job density,2013-01-01/P1Y,0.68,Number of jobs per resident aged 16 to 64,Number of jobs per resident aged 16 to 64,,,,
E06000006,Halton,County or Unitary Authority,Job density,2014-01-01/P1Y,0.75,Number of jobs per resident aged 16 to 64,Number of jobs per resident aged 16 to 64,,,,
E06000006,Halton,County or Unitary Authority,Job density,2015-01-01/P1Y,0.77,Number of jobs per resident aged 16 to 64,Number of jobs per resident aged 16 to 64,,,,
E06000006,Halton,County or Unitary Authority,Job density,2016-01-01/P1Y,0.82,Number of jobs per resident aged 16 to 64,Number of jobs per resident aged 16 to 64,,,,
E06000007,Warrington,County or Unitary Authority,Job density,2019-01-01/P1Y,1.15,Number of jobs per resident aged 16 to 64,Number of jobs per resident aged 16 to 64,,,,
E06000007,Warrington,County or Unitary Authority,Job density,2020-01-01/P1Y,1.15,Number of jobs per resident aged 16 to 64,Number of jobs per resident aged 16 to 64,,,,
E06000007,Warrington,County or Unitary Authority,Job density,2021-01-01/P1Y,1.16,Number of jobs per resident aged 16 to 64,Number of jobs per resident aged 16 to 64,,,,
E06000007,Warrington,County or Unitary Authority,Job density,2022-01-01/P1Y,1.16,Number of jobs per resident aged 16 to 64,Number of jobs per resident aged 16 to 64,,,,
E06000007,Warrington,County or Unitary Authority,Job density,2023-01-01/P1Y,1.25,Number of jobs per resident aged 16 to 64,Number of jobs per resident aged 16 to 64,,,,
E06000007,Warrington,County or Unitary Authority,Job density,2024-01-01/P1Y,1.24,Number of jobs per resident aged 16 to 64,Number of jobs per resident aged 16 to 64,,,,
E06000007,Warrington,County or Unitary Authority,Job density,2018-01-01/P1Y,1.11,Number of jobs per resident aged 16 to 64,Number of jobs per resident aged 16 to 64,,,,
E06000007,Warrington,County or Unitary Authority,Job density,2017-01-01/P1Y,1.12,Number of jobs per resident aged 16 to 64,Number of jobs per resident aged 16 to 64,,,,
E06000007,Warrington,County or Unitary Authority,Job density,2011-01-01/P1Y,0.98,Number of jobs per resident aged 16 to 64,Number of jobs per resident aged 16 to 64,,,,
E06000007,Warrington,County or Unitary Authority,Job density,2012-01-01/P1Y,0.99,Number of jobs per resident aged 16 to 64,Number of jobs per resident aged 16 to 64,,,,
E06000007,Warrington,County or Unitary Authority,Job density,2013-01-01/P1Y,1.02,Number of jobs per resident aged 16 to 64,Number of jobs per resident aged 16 to 64,,,,
E06000007,Warrington,County or Unitary Authority,Job density,2014-01-01/P1Y,1.02,Number of jobs per resident aged 16 to 64,Number of jobs per resident aged 16 to 64,,,,
E06000007,Warrington,County or Unitary Authority,Job density,2016-01-01/P1Y,1.15,Number of jobs per resident aged 16 to 64,Number of jobs per resident aged 16 to 64,,,,
E06000007,Warrington,County or Unitary Authority,Job density,2015-01-01/P1Y,1.02,Number of jobs per resident aged 16 to 64,Number of jobs per resident aged 16 to 64,,,,
E06000063,Cumberland,County or Unitary Authority,Job density,2024-01-01/P1Y,0.9,Number of jobs per resident aged 16 to 64,Number of jobs per resident aged 16 to 64,,,,
E06000063,Cumberland,County or Unitary Authority,Job density,2018-01-01/P1Y,0.9,Number of jobs per resident aged 16 to 64,Number of jobs per resident aged 16 to 64,,,,
E06000063,Cumberland,County or Unitary Authority,Job density,2023-01-01/P1Y,0.88,Number of jobs per resident aged 16 to 64,Number of jobs per resident aged 16 to 64,,,,
E06000063,Cumberland,County or Unitary Authority,Job density,2022-01-01/P1Y,0.88,Number of jobs per resident aged 16 to 64,Number of jobs per resident aged 16 to 64,,,,
E06000063,Cumberland,County or Unitary Authority,Job density,2021-01-01/P1Y,0.89,Number of jobs per resident aged 16 to 64,Number of jobs per resident aged 16 to 64,,,,
E06000063,Cumberland,County or Unitary Authority,Job density,2020-01-01/P1Y,0.87,Number of jobs per resident aged 16 to 64,Number of jobs per resident aged 16 to 64,,,,
E06000063,Cumberland,County or Unitary Authority,Job density,2019-01-01/P1Y,0.9,Number of jobs per resident aged 16 to 64,Number of jobs per resident aged 16 to 64,,,,
E06000063,Cumberland,County or Unitary Authority,Job density,2017-01-01/P1Y,0.87,Number of jobs per resident aged 16 to 64,Number of jobs per resident aged 16 to 64,,,,
E06000063,Cumberland,County or Unitary Authority,Job density,2011-01-01/P1Y,0.76,Number of jobs per resident aged 16 to 64,Number of jobs per resident aged 16 to 64,,,,
E06000063,Cumberland,County or Unitary Authority,Job density,2012-01-01/P1Y,0.84,Number of jobs per resident aged 16 to 64,Number of jobs per resident aged 16 to 64,,,,
E06000063,Cumberland,County or Unitary Authority,Job density,2013-01-01/P1Y,0.82,Number of jobs per resident aged 16 to 64,Number of jobs per resident aged 16 to 64,,,,
E06000063,Cumberland,County or Unitary Authority,Job density,2014-01-01/P1Y,0.83,Number of jobs per resident aged 16 to 64,Number of jobs per resident aged 16 to 64,,,,
E06000063,Cumberland,County or Unitary Authority,Job density,2015-01-01/P1Y,0.86,Number of jobs per resident aged 16 to 64,Number of jobs per resident aged 16 to 64,,,,
E06000063,Cumberland,County or Unitary Authority,Job density,2016-01-01/P1Y,0.86,Number of jobs per resident aged 16 to 64,Number of jobs per resident aged 16 to 64,,,,
E06000064,Westmorland and Furness,County or Unitary Authority,Job density,2020-01-01/P1Y,0.96,Number of jobs per resident aged 16 to 64,Number of jobs per resident aged 16 to 64,,,,
E06000064,Westmorland and Furness,County or Unitary Authority,Job density,2019-01-01/P1Y,1.01,Number of jobs per resident aged 16 to 64,Number of jobs per resident aged 16 to 64,,,,
E06000064,Westmorland and Furness,County or Unitary Authority,Job density,2021-01-01/P1Y,0.91,Number of jobs per resident aged 16 to 64,Number of jobs per resident aged 16 to 64,,,,
E06000064,Westmorland and Furness,County or Unitary Authority,Job density,2024-01-01/P1Y,0.94,Number of jobs per resident aged 16 to 64,Number of jobs per resident aged 16 to 64,,,,
E06000064,Westmorland and Furness,County or Unitary Authority,Job density,2022-01-01/P1Y,0.92,Number of jobs per resident aged 16 to 64,Number of jobs per resident aged 16 to 64,,,,
E06000064,Westmorland and Furness,County or Unitary Authority,Job density,2023-01-01/P1Y,0.92,Number of jobs per resident aged 16 to 64,Number of jobs per resident aged 16 to 64,,,,
E06000064,Westmorland and Furness,County or Unitary Authority,Job density,2018-01-01/P1Y,0.94,Number of jobs per resident aged 16 to 64,Number of jobs per resident aged 16 to 64,,,,
E06000064,Westmorland and Furness,County or Unitary Authority,Job density,2015-01-01/P1Y,0.95,Number of jobs per resident aged 16 to 64,Number of jobs per resident aged 16 to 64,,,,
E06000064,Westmorland and Furness,County or Unitary Authority,Job density,2017-01-01/P1Y,0.94,Number of jobs per resident aged 16 to 64,Number of jobs per resident aged 16 to 64,,,,
E06000064,Westmorland and Furness,County or Unitary Authority,Job density,2011-01-01/P1Y,0.87,Number of jobs per resident aged 16 to 64,Number of jobs per resident aged 16 to 64,,,,
E06000064,Westmorland and Furness,County or Unitary Authority,Job density,2012-01-01/P1Y,0.88,Number of jobs per resident aged 16 to 64,Number of jobs per resident aged 16 to 64,,,,
E06000064,Westmorland and Furness,County or Unitary Authority,Job density,2013-01-01/P1Y,0.93,Number of jobs per resident aged 16 to 64,Number of jobs per resident aged 16 to 64,,,,
E06000064,Westmorland and Furness,County or Unitary Authority,Job density,2014-01-01/P1Y,0.93,Number of jobs per resident aged 16 to 64,Number of jobs per resident aged 16 to 64,,,,
E06000064,Westmorland and Furness,County or Unitary Authority,Job density,2016-01-01/P1Y,0.99,Number of jobs per resident aged 16 to 64,Number of jobs per resident aged 16 to 64,,,,
E47000001,Greater Manchester,Combined Authority or City Region,Job density,2020-01-01/P1Y,0.83,Number of jobs per resident aged 16 to 64,Number of jobs per resident aged 16 to 64,,,,
E47000001,Greater Manchester,Combined Authority or City Region,Job density,2024-01-01/P1Y,0.84,Number of jobs per resident aged 16 to 64,Number of jobs per resident aged 16 to 64,,,,
E47000001,Greater Manchester,Combined Authority or City Region,Job density,2023-01-01/P1Y,0.84,Number of jobs per resident aged 16 to 64,Number of jobs per resident aged 16 to 64,,,,
E47000001,Greater Manchester,Combined Authority or City Region,Job density,2022-01-01/P1Y,0.85,Number of jobs per resident aged 16 to 64,Number of jobs per resident aged 16 to 64,,,,
E47000001,Greater Manchester,Combined Authority or City Region,Job density,2021-01-01/P1Y,0.86,Number of jobs per resident aged 16 to 64,Number of jobs per resident aged 16 to 64,,,,
E47000001,Greater Manchester,Combined Authority or City Region,Job density,2019-01-01/P1Y,0.86,Number of jobs per resident aged 16 to 64,Number of jobs per resident aged 16 to 64,,,,
E47000001,Greater Manchester,Combined Authority or City Region,Job density,2018-01-01/P1Y,0.85,Number of jobs per resident aged 16 to 64,Number of jobs per resident aged 16 to 64,,,,
E47000001,Greater Manchester,Combined Authority or City Region,Job density,2016-01-01/P1Y,0.82,Number of jobs per resident aged 16 to 64,Number of jobs per resident aged 16 to 64,,,,
E47000001,Greater Manchester,Combined Authority or City Region,Job density,2015-01-01/P1Y,0.79,Number of jobs per resident aged 16 to 64,Number of jobs per resident aged 16 to 64,,,,
E47000001,Greater Manchester,Combined Authority or City Region,Job density,2014-01-01/P1Y,0.78,Number of jobs per resident aged 16 to 64,Number of jobs per resident aged 16 to 64,,,,
E47000001,Greater Manchester,Combined Authority or City Region,Job density,2013-01-01/P1Y,0.76,Number of jobs per resident aged 16 to 64,Number of jobs per resident aged 16 to 64,,,,
E47000001,Greater Manchester,Combined Authority or City Region,Job density,2012-01-01/P1Y,0.74,Number of jobs per resident aged 16 to 64,Number of jobs per resident aged 16 to 64,,,,
E47000001,Greater Manchester,Combined Authority or City Region,Job density,2011-01-01/P1Y,0.73,Number of jobs per resident aged 16 to 64,Number of jobs per resident aged 16 to 64,,,,
E47000001,Greater Manchester,Combined Authority or City Region,Job density,2017-01-01/P1Y,0.83,Number of jobs per resident aged 16 to 64,Number of jobs per resident aged 16 to 64,,,,
E08000001,Bolton,Local Authority District,Job density,2019-01-01/P1Y,0.74,Number of jobs per resident aged 16 to 64,Number of jobs per resident aged 16 to 64,,,,
E08000001,Bolton,Local Authority District,Job density,2020-01-01/P1Y,0.74,Number of jobs per resident aged 16 to 64,Number of jobs per resident aged 16 to 64,,,,
E08000001,Bolton,Local Authority District,Job density,2021-01-01/P1Y,0.75,Number of jobs per resident aged 16 to 64,Number of jobs per resident aged 16 to 64,,,,
E08000001,Bolton,Local Authority District,Job density,2023-01-01/P1Y,0.68,Number of jobs per resident aged 16 to 64,Number of jobs per resident aged 16 to 64,,,,
E08000001,Bolton,Local Authority District,Job density,2022-01-01/P1Y,0.71,Number of jobs per resident aged 16 to 64,Number of jobs per resident aged 16 to 64,,,,
E08000001,Bolton,Local Authority District,Job density,2018-01-01/P1Y,0.74,Number of jobs per resident aged 16 to 64,Number of jobs per resident aged 16 to 64,,,,
E08000001,Bolton,Local Authority District,Job density,2024-01-01/P1Y,0.69,Number of jobs per resident aged 16 to 64,Number of jobs per resident aged 16 to 64,,,,
E08000001,Bolton,Local Authority District,Job density,2017-01-01/P1Y,0.72,Number of jobs per resident aged 16 to 64,Number of jobs per resident aged 16 to 64,,,,
E08000001,Bolton,Local Authority District,Job density,2011-01-01/P1Y,0.64,Number of jobs per resident aged 16 to 64,Number of jobs per resident aged 16 to 64,,,,
E08000001,Bolton,Local Authority District,Job density,2012-01-01/P1Y,0.64,Number of jobs per resident aged 16 to 64,Number of jobs per resident aged 16 to 64,,,,
E08000001,Bolton,Local Authority District,Job density,2013-01-01/P1Y,0.66,Number of jobs per resident aged 16 to 64,Number of jobs per resident aged 16 to 64,,,,
E08000001,Bolton,Local Authority District,Job density,2014-01-01/P1Y,0.67,Number of jobs per resident aged 16 to 64,Number of jobs per resident aged 16 to 64,,,,
E08000001,Bolton,Local Authority District,Job density,2015-01-01/P1Y,0.68,Number of jobs per resident aged 16 to 64,Number of jobs per resident aged 16 to 64,,,,
E08000001,Bolton,Local Authority District,Job density,2016-01-01/P1Y,0.71,Number of jobs per resident aged 16 to 64,Number of jobs per resident aged 16 to 64,,,,
E08000002,Bury,Local Authority District,Job density,2021-01-01/P1Y,0.7,Number of jobs per resident aged 16 to 64,Number of jobs per resident aged 16 to 64,,,,
E08000002,Bury,Local Authority District,Job density,2019-01-01/P1Y,0.72,Number of jobs per resident aged 16 to 64,Number of jobs per resident aged 16 to 64,,,,
E08000002,Bury,Local Authority District,Job density,2020-01-01/P1Y,0.64,Number of jobs per resident aged 16 to 64,Number of jobs per resident aged 16 to 64,,,,
E08000002,Bury,Local Authority District,Job density,2024-01-01/P1Y,0.66,Number of jobs per resident aged 16 to 64,Number of jobs per resident aged 16 to 64,,,,
E08000002,Bury,Local Authority District,Job density,2022-01-01/P1Y,0.65,Number of jobs per resident aged 16 to 64,Number of jobs per resident aged 16 to 64,,,,
E08000002,Bury,Local Authority District,Job density,2023-01-01/P1Y,0.69,Number of jobs per resident aged 16 to 64,Number of jobs per resident aged 16 to 64,,,,
E08000002,Bury,Local Authority District,Job density,2018-01-01/P1Y,0.72,Number of jobs per resident aged 16 to 64,Number of jobs per resident aged 16 to 64,,,,
E08000002,Bury,Local Authority District,Job density,2012-01-01/P1Y,0.62,Number of jobs per resident aged 16 to 64,Number of jobs per resident aged 16 to 64,,,,
E08000002,Bury,Local Authority District,Job density,2017-01-01/P1Y,0.67,Number of jobs per resident aged 16 to 64,Number of jobs per resident aged 16 to 64,,,,
E08000002,Bury,Local Authority District,Job density,2016-01-01/P1Y,0.71,Number of jobs per resident aged 16 to 64,Number of jobs per resident aged 16 to 64,,,,
E08000002,Bury,Local Authority District,Job density,2015-01-01/P1Y,0.65,Number of jobs per resident aged 16 to 64,Number of jobs per resident aged 16 to 64,,,,
E08000002,Bury,Local Authority District,Job density,2014-01-01/P1Y,0.64,Number of jobs per resident aged 16 to 64,Number of jobs per resident aged 16 to 64,,,,
E08000002,Bury,Local Authority District,Job density,2013-01-01/P1Y,0.64,Number of jobs per resident aged 16 to 64,Number of jobs per resident aged 16 to 64,,,,
E08000002,Bury,Local Authority District,Job density,2011-01-01/P1Y,0.61,Number of jobs per resident aged 16 to 64,Number of jobs per resident aged 16 to 64,,,,
E08000003,Manchester,Local Authority District,Job density,2020-01-01/P1Y,1.19,Number of jobs per resident aged 16 to 64,Number of jobs per resident aged 16 to 64,,,,
E08000003,Manchester,Local Authority District,Job density,2019-01-01/P1Y,1.21,Number of jobs per resident aged 16 to 64,Number of jobs per resident aged 16 to 64,,,,
E08000003,Manchester,Local Authority District,Job density,2021-01-01/P1Y,1.22,Number of jobs per resident aged 16 to 64,Number of jobs per resident aged 16 to 64,,,,
E08000003,Manchester,Local Authority District,Job density,2024-01-01/P1Y,1.21,Number of jobs per resident aged 16 to 64,Number of jobs per resident aged 16 to 64,,,,
E08000003,Manchester,Local Authority District,Job density,2022-01-01/P1Y,1.2,Number of jobs per resident aged 16 to 64,Number of jobs per resident aged 16 to 64,,,,
E08000003,Manchester,Local Authority District,Job density,2023-01-01/P1Y,1.21,Number of jobs per resident aged 16 to 64,Number of jobs per resident aged 16 to 64,,,,
E08000003,Manchester,Local Authority District,Job density,2018-01-01/P1Y,1.2,Number of jobs per resident aged 16 to 64,Number of jobs per resident aged 16 to 64,,,,
E08000003,Manchester,Local Authority District,Job density,2012-01-01/P1Y,0.99,Number of jobs per resident aged 16 to 64,Number of jobs per resident aged 16 to 64,,,,
E08000003,Manchester,Local Authority District,Job density,2017-01-01/P1Y,1.18,Number of jobs per resident aged 16 to 64,Number of jobs per resident aged 16 to 64,,,,
E08000003,Manchester,Local Authority District,Job density,2011-01-01/P1Y,0.96,Number of jobs per resident aged 16 to 64,Number of jobs per resident aged 16 to 64,,,,
E08000003,Manchester,Local Authority District,Job density,2013-01-01/P1Y,1.05,Number of jobs per resident aged 16 to 64,Number of jobs per resident aged 16 to 64,,,,
E08000003,Manchester,Local Authority District,Job density,2014-01-01/P1Y,1.07,Number of jobs per resident aged 16 to 64,Number of jobs per resident aged 16 to 64,,,,
E08000003,Manchester,Local Authority District,Job density,2015-01-01/P1Y,1.09,Number of jobs per resident aged 16 to 64,Number of jobs per resident aged 16 to 64,,,,
E08000003,Manchester,Local Authority District,Job density,2016-01-01/P1Y,1.15,Number of jobs per resident aged 16 to 64,Number of jobs per resident aged 16 to 64,,,,
E08000004,Oldham,Local Authority District,Job density,2020-01-01/P1Y,0.62,Number of jobs per resident aged 16 to 64,Number of jobs per resident aged 16 to 64,,,,
E08000004,Oldham,Local Authority District,Job density,2019-01-01/P1Y,0.63,Number of jobs per resident aged 16 to 64,Number of jobs per resident aged 16 to 64,,,,
E08000004,Oldham,Local Authority District,Job density,2021-01-01/P1Y,0.63,Number of jobs per resident aged 16 to 64,Number of jobs per resident aged 16 to 64,,,,
E08000004,Oldham,Local Authority District,Job density,2024-01-01/P1Y,0.66,Number of jobs per resident aged 16 to 64,Number of jobs per resident aged 16 to 64,,,,
E08000004,Oldham,Local Authority District,Job density,2022-01-01/P1Y,0.66,Number of jobs per resident aged 16 to 64,Number of jobs per resident aged 16 to 64,,,,
E08000004,Oldham,Local Authority District,Job density,2023-01-01/P1Y,0.66,Number of jobs per resident aged 16 to 64,Number of jobs per resident aged 16 to 64,,,,
E08000004,Oldham,Local Authority District,Job density,2018-01-01/P1Y,0.67,Number of jobs per resident aged 16 to 64,Number of jobs per resident aged 16 to 64,,,,
E08000004,Oldham,Local Authority District,Job density,2016-01-01/P1Y,0.66,Number of jobs per resident aged 16 to 64,Number of jobs per resident aged 16 to 64,,,,
E08000004,Oldham,Local Authority District,Job density,2017-01-01/P1Y,0.69,Number of jobs per resident aged 16 to 64,Number of jobs per resident aged 16 to 64,,,,
E08000004,Oldham,Local Authority District,Job density,2011-01-01/P1Y,0.58,Number of jobs per resident aged 16 to 64,Number of jobs per resident aged 16 to 64,,,,
E08000004,Oldham,Local Authority District,Job density,2012-01-01/P1Y,0.59,Number of jobs per resident aged 16 to 64,Number of jobs per resident aged 16 to 64,,,,
E08000004,Oldham,Local Authority District,Job density,2013-01-01/P1Y,0.62,Number of jobs per resident aged 16 to 64,Number of jobs per resident aged 16 to 64,,,,
E08000004,Oldham,Local Authority District,Job density,2014-01-01/P1Y,0.61,Number of jobs per resident aged 16 to 64,Number of jobs per resident aged 16 to 64,,,,
E08000004,Oldham,Local Authority District,Job density,2015-01-01/P1Y,0.63,Number of jobs per resident aged 16 to 64,Number of jobs per resident aged 16 to 64,,,,
E08000005,Rochdale,Local Authority District,Job density,2020-01-01/P1Y,0.62,Number of jobs per resident aged 16 to 64,Number of jobs per resident aged 16 to 64,,,,
E08000005,Rochdale,Local Authority District,Job density,2019-01-01/P1Y,0.64,Number of jobs per resident aged 16 to 64,Number of jobs per resident aged 16 to 64,,,,
E08000005,Rochdale,Local Authority District,Job density,2024-01-01/P1Y,0.66,Number of jobs per resident aged 16 to 64,Number of jobs per resident aged 16 to 64,,,,
E08000005,Rochdale,Local Authority District,Job density,2021-01-01/P1Y,0.61,Number of jobs per resident aged 16 to 64,Number of jobs per resident aged 16 to 64,,,,
E08000005,Rochdale,Local Authority District,Job density,2018-01-01/P1Y,0.65,Number of jobs per resident aged 16 to 64,Number of jobs per resident aged 16 to 64,,,,
E08000005,Rochdale,Local Authority District,Job density,2022-01-01/P1Y,0.64,Number of jobs per resident aged 16 to 64,Number of jobs per resident aged 16 to 64,,,,
E08000005,Rochdale,Local Authority District,Job density,2023-01-01/P1Y,0.65,Number of jobs per resident aged 16 to 64,Number of jobs per resident aged 16 to 64,,,,
E08000005,Rochdale,Local Authority District,Job density,2016-01-01/P1Y,0.61,Number of jobs per resident aged 16 to 64,Number of jobs per resident aged 16 to 64,,,,
E08000005,Rochdale,Local Authority District,Job density,2017-01-01/P1Y,0.63,Number of jobs per resident aged 16 to 64,Number of jobs per resident aged 16 to 64,,,,
E08000005,Rochdale,Local Authority District,Job density,2011-01-01/P1Y,0.58,Number of jobs per resident aged 16 to 64,Number of jobs per resident aged 16 to 64,,,,
E08000005,Rochdale,Local Authority District,Job density,2012-01-01/P1Y,0.6,Number of jobs per resident aged 16 to 64,Number of jobs per resident aged 16 to 64,,,,
E08000005,Rochdale,Local Authority District,Job density,2013-01-01/P1Y,0.58,Number of jobs per resident aged 16 to 64,Number of jobs per resident aged 16 to 64,,,,
E08000005,Rochdale,Local Authority District,Job density,2014-01-01/P1Y,0.61,Number of jobs per resident aged 16 to 64,Number of jobs per resident aged 16 to 64,,,,
E08000005,Rochdale,Local Authority District,Job density,2015-01-01/P1Y,0.6,Number of jobs per resident aged 16 to 64,Number of jobs per resident aged 16 to 64,,,,
E08000006,Salford,Local Authority District,Job density,2019-01-01/P1Y,0.86,Number of jobs per resident aged 16 to 64,Number of jobs per resident aged 16 to 64,,,,
E08000006,Salford,Local Authority District,Job density,2020-01-01/P1Y,0.8,Number of jobs per resident aged 16 to 64,Number of jobs per resident aged 16 to 64,,,,
E08000006,Salford,Local Authority District,Job density,2021-01-01/P1Y,0.85,Number of jobs per resident aged 16 to 64,Number of jobs per resident aged 16 to 64,,,,
E08000006,Salford,Local Authority District,Job density,2023-01-01/P1Y,0.93,Number of jobs per resident aged 16 to 64,Number of jobs per resident aged 16 to 64,,,,
E08000006,Salford,Local Authority District,Job density,2022-01-01/P1Y,0.88,Number of jobs per resident aged 16 to 64,Number of jobs per resident aged 16 to 64,,,,
E08000006,Salford,Local Authority District,Job density,2024-01-01/P1Y,0.91,Number of jobs per resident aged 16 to 64,Number of jobs per resident aged 16 to 64,,,,
E08000006,Salford,Local Authority District,Job density,2018-01-01/P1Y,0.84,Number of jobs per resident aged 16 to 64,Number of jobs per resident aged 16 to 64,,,,
E08000006,Salford,Local Authority District,Job density,2011-01-01/P1Y,0.81,Number of jobs per resident aged 16 to 64,Number of jobs per resident aged 16 to 64,,,,
E08000006,Salford,Local Authority District,Job density,2017-01-01/P1Y,0.84,Number of jobs per resident aged 16 to 64,Number of jobs per resident aged 16 to 64,,,,
E08000006,Salford,Local Authority District,Job density,2012-01-01/P1Y,0.81,Number of jobs per resident aged 16 to 64,Number of jobs per resident aged 16 to 64,,,,
E08000006,Salford,Local Authority District,Job density,2013-01-01/P1Y,0.81,Number of jobs per resident aged 16 to 64,Number of jobs per resident aged 16 to 64,,,,
E08000006,Salford,Local Authority District,Job density,2014-01-01/P1Y,0.81,Number of jobs per resident aged 16 to 64,Number of jobs per resident aged 16 to 64,,,,
E08000006,Salford,Local Authority District,Job density,2015-01-01/P1Y,0.79,Number of jobs per resident aged 16 to 64,Number of jobs per resident aged 16 to 64,,,,
E08000006,Salford,Local Authority District,Job density,2016-01-01/P1Y,0.78,Number of jobs per resident aged 16 to 64,Number of jobs per resident aged 16 to 64,,,,
E08000007,Stockport,Local Authority District,Job density,2021-01-01/P1Y,0.88,Number of jobs per resident aged 16 to 64,Number of jobs per resident aged 16 to 64,,,,
E08000007,Stockport,Local Authority District,Job density,2019-01-01/P1Y,0.89,Number of jobs per resident aged 16 to 64,Number of jobs per resident aged 16 to 64,,,,
E08000007,Stockport,Local Authority District,Job density,2020-01-01/P1Y,0.83,Number of jobs per resident aged 16 to 64,Number of jobs per resident aged 16 to 64,,,,
E08000007,Stockport,Local Authority District,Job density,2018-01-01/P1Y,0.87,Number of jobs per resident aged 16 to 64,Number of jobs per resident aged 16 to 64,,,,
E08000007,Stockport,Local Authority District,Job density,2022-01-01/P1Y,0.83,Number of jobs per resident aged 16 to 64,Number of jobs per resident aged 16 to 64,,,,
E08000007,Stockport,Local Authority District,Job density,2023-01-01/P1Y,0.81,Number of jobs per resident aged 16 to 64,Number of jobs per resident aged 16 to 64,,,,
E08000007,Stockport,Local Authority District,Job density,2024-01-01/P1Y,0.82,Number of jobs per resident aged 16 to 64,Number of jobs per resident aged 16 to 64,,,,
E08000007,Stockport,Local Authority District,Job density,2011-01-01/P1Y,0.78,Number of jobs per resident aged 16 to 64,Number of jobs per resident aged 16 to 64,,,,
E08000007,Stockport,Local Authority District,Job density,2017-01-01/P1Y,0.81,Number of jobs per resident aged 16 to 64,Number of jobs per resident aged 16 to 64,,,,
E08000007,Stockport,Local Authority District,Job density,2012-01-01/P1Y,0.79,Number of jobs per resident aged 16 to 64,Number of jobs per resident aged 16 to 64,,,,
E08000007,Stockport,Local Authority District,Job density,2013-01-01/P1Y,0.77,Number of jobs per resident aged 16 to 64,Number of jobs per resident aged 16 to 64,,,,
E08000007,Stockport,Local Authority District,Job density,2014-01-01/P1Y,0.79,Number of jobs per resident aged 16 to 64,Number of jobs per resident aged 16 to 64,,,,
E08000007,Stockport,Local Authority District,Job density,2015-01-01/P1Y,0.79,Number of jobs per resident aged 16 to 64,Number of jobs per resident aged 16 to 64,,,,
E08000007,Stockport,Local Authority District,Job density,2016-01-01/P1Y,0.81,Number of jobs per resident aged 16 to 64,Number of jobs per resident aged 16 to 64,,,,
E08000008,Tameside,Local Authority District,Job density,2021-01-01/P1Y,0.56,Number of jobs per resident aged 16 to 64,Number of jobs per resident aged 16 to 64,,,,
E08000008,Tameside,Local Authority District,Job density,2019-01-01/P1Y,0.59,Number of jobs per resident aged 16 to 64,Number of jobs per resident aged 16 to 64,,,,
E08000008,Tameside,Local Authority District,Job density,2020-01-01/P1Y,0.55,Number of jobs per resident aged 16 to 64,Number of jobs per resident aged 16 to 64,,,,
E08000008,Tameside,Local Authority District,Job density,2024-01-01/P1Y,0.54,Number of jobs per resident aged 16 to 64,Number of jobs per resident aged 16 to 64,,,,
E08000008,Tameside,Local Authority District,Job density,2022-01-01/P1Y,0.54,Number of jobs per resident aged 16 to 64,Number of jobs per resident aged 16 to 64,,,,
E08000008,Tameside,Local Authority District,Job density,2023-01-01/P1Y,0.49,Number of jobs per resident aged 16 to 64,Number of jobs per resident aged 16 to 64,,,,
E08000008,Tameside,Local Authority District,Job density,2018-01-01/P1Y,0.56,Number of jobs per resident aged 16 to 64,Number of jobs per resident aged 16 to 64,,,,
E08000008,Tameside,Local Authority District,Job density,2011-01-01/P1Y,0.54,Number of jobs per resident aged 16 to 64,Number of jobs per resident aged 16 to 64,,,,
E08000008,Tameside,Local Authority District,Job density,2017-01-01/P1Y,0.54,Number of jobs per resident aged 16 to 64,Number of jobs per resident aged 16 to 64,,,,
E08000008,Tameside,Local Authority District,Job density,2012-01-01/P1Y,0.53,Number of jobs per resident aged 16 to 64,Number of jobs per resident aged 16 to 64,,,,
E08000008,Tameside,Local Authority District,Job density,2013-01-01/P1Y,0.54,Number of jobs per resident aged 16 to 64,Number of jobs per resident aged 16 to 64,,,,
E08000008,Tameside,Local Authority District,Job density,2014-01-01/P1Y,0.55,Number of jobs per resident aged 16 to 64,Number of jobs per resident aged 16 to 64,,,,
E08000008,Tameside,Local Authority District,Job density,2015-01-01/P1Y,0.56,Number of jobs per resident aged 16 to 64,Number of jobs per resident aged 16 to 64,,,,
E08000008,Tameside,Local Authority District,Job density,2016-01-01/P1Y,0.56,Number of jobs per resident aged 16 to 64,Number of jobs per resident aged 16 to 64,,,,
E08000009,Trafford,Local Authority District,Job density,2019-01-01/P1Y,1.18,Number of jobs per resident aged 16 to 64,Number of jobs per resident aged 16 to 64,,,,
E08000009,Trafford,Local Authority District,Job density,2020-01-01/P1Y,1.13,Number of jobs per resident aged 16 to 64,Number of jobs per resident aged 16 to 64,,,,
E08000009,Trafford,Local Authority District,Job density,2021-01-01/P1Y,1.23,Number of jobs per resident aged 16 to 64,Number of jobs per resident aged 16 to 64,,,,
E08000009,Trafford,Local Authority District,Job density,2022-01-01/P1Y,1.25,Number of jobs per resident aged 16 to 64,Number of jobs per resident aged 16 to 64,,,,
E08000009,Trafford,Local Authority District,Job density,2023-01-01/P1Y,1.2,Number of jobs per resident aged 16 to 64,Number of jobs per resident aged 16 to 64,,,,
E08000009,Trafford,Local Authority District,Job density,2024-01-01/P1Y,1.19,Number of jobs per resident aged 16 to 64,Number of jobs per resident aged 16 to 64,,,,
E08000009,Trafford,Local Authority District,Job density,2018-01-01/P1Y,1.14,Number of jobs per resident aged 16 to 64,Number of jobs per resident aged 16 to 64,,,,
E08000009,Trafford,Local Authority District,Job density,2017-01-01/P1Y,1.13,Number of jobs per resident aged 16 to 64,Number of jobs per resident aged 16 to 64,,,,
E08000009,Trafford,Local Authority District,Job density,2011-01-01/P1Y,0.98,Number of jobs per resident aged 16 to 64,Number of jobs per resident aged 16 to 64,,,,
E08000009,Trafford,Local Authority District,Job density,2012-01-01/P1Y,0.98,Number of jobs per resident aged 16 to 64,Number of jobs per resident aged 16 to 64,,,,
E08000009,Trafford,Local Authority District,Job density,2013-01-01/P1Y,1.01,Number of jobs per resident aged 16 to 64,Number of jobs per resident aged 16 to 64,,,,
E08000009,Trafford,Local Authority District,Job density,2014-01-01/P1Y,1.06,Number of jobs per resident aged 16 to 64,Number of jobs per resident aged 16 to 64,,,,
E08000009,Trafford,Local Authority District,Job density,2015-01-01/P1Y,1.11,Number of jobs per resident aged 16 to 64,Number of jobs per resident aged 16 to 64,,,,
E08000009,Trafford,Local Authority District,Job density,2016-01-01/P1Y,1.12,Number of jobs per resident aged 16 to 64,Number of jobs per resident aged 16 to 64,,,,
E08000010,Wigan,Local Authority District,Job density,2021-01-01/P1Y,0.61,Number of jobs per resident aged 16 to 64,Number of jobs per resident aged 16 to 64,,,,
E08000010,Wigan,Local Authority District,Job density,2019-01-01/P1Y,0.64,Number of jobs per resident aged 16 to 64,Number of jobs per resident aged 16 to 64,,,,
E08000010,Wigan,Local Authority District,Job density,2020-01-01/P1Y,0.61,Number of jobs per resident aged 16 to 64,Number of jobs per resident aged 16 to 64,,,,
E08000010,Wigan,Local Authority District,Job density,2018-01-01/P1Y,0.63,Number of jobs per resident aged 16 to 64,Number of jobs per resident aged 16 to 64,,,,
E08000010,Wigan,Local Authority District,Job density,2022-01-01/P1Y,0.58,Number of jobs per resident aged 16 to 64,Number of jobs per resident aged 16 to 64,,,,
E08000010,Wigan,Local Authority District,Job density,2024-01-01/P1Y,0.58,Number of jobs per resident aged 16 to 64,Number of jobs per resident aged 16 to 64,,,,
E08000010,Wigan,Local Authority District,Job density,2023-01-01/P1Y,0.57,Number of jobs per resident aged 16 to 64,Number of jobs per resident aged 16 to 64,,,,
E08000010,Wigan,Local Authority District,Job density,2012-01-01/P1Y,0.55,Number of jobs per resident aged 16 to 64,Number of jobs per resident aged 16 to 64,,,,
E08000010,Wigan,Local Authority District,Job density,2017-01-01/P1Y,0.62,Number of jobs per resident aged 16 to 64,Number of jobs per resident aged 16 to 64,,,,
E08000010,Wigan,Local Authority District,Job density,2011-01-01/P1Y,0.54,Number of jobs per resident aged 16 to 64,Number of jobs per resident aged 16 to 64,,,,
E08000010,Wigan,Local Authority District,Job density,2013-01-01/P1Y,0.56,Number of jobs per resident aged 16 to 64,Number of jobs per resident aged 16 to 64,,,,
E08000010,Wigan,Local Authority District,Job density,2014-01-01/P1Y,0.58,Number of jobs per resident aged 16 to 64,Number of jobs per resident aged 16 to 64,,,,
E08000010,Wigan,Local Authority District,Job density,2015-01-01/P1Y,0.58,Number of jobs per resident aged 16 to 64,Number of jobs per resident aged 16 to 64,,,,
E08000010,Wigan,Local Authority District,Job density,2016-01-01/P1Y,0.6,Number of jobs per resident aged 16 to 64,Number of jobs per resident aged 16 to 64,,,,
E47000018,Lancashire,Combined Authority or City Region,Job density,2019-01-01/P1Y,0.81,Number of jobs per resident aged 16 to 64,Number of jobs per resident aged 16 to 64,,,,
E47000018,Lancashire,Combined Authority or City Region,Job density,2024-01-01/P1Y,0.76,Number of jobs per resident aged 16 to 64,Number of jobs per resident aged 16 to 64,,,,
E47000018,Lancashire,Combined Authority or City Region,Job density,2023-01-01/P1Y,0.77,Number of jobs per resident aged 16 to 64,Number of jobs per resident aged 16 to 64,,,,
E47000018,Lancashire,Combined Authority or City Region,Job density,2022-01-01/P1Y,0.77,Number of jobs per resident aged 16 to 64,Number of jobs per resident aged 16 to 64,,,,
E47000018,Lancashire,Combined Authority or City Region,Job density,2021-01-01/P1Y,0.77,Number of jobs per resident aged 16 to 64,Number of jobs per resident aged 16 to 64,,,,
E47000018,Lancashire,Combined Authority or City Region,Job density,2020-01-01/P1Y,0.78,Number of jobs per resident aged 16 to 64,Number of jobs per resident aged 16 to 64,,,,
E47000018,Lancashire,Combined Authority or City Region,Job density,2018-01-01/P1Y,0.79,Number of jobs per resident aged 16 to 64,Number of jobs per resident aged 16 to 64,,,,
E47000018,Lancashire,Combined Authority or City Region,Job density,2014-01-01/P1Y,0.77,Number of jobs per resident aged 16 to 64,Number of jobs per resident aged 16 to 64,,,,
E47000018,Lancashire,Combined Authority or City Region,Job density,2016-01-01/P1Y,0.8,Number of jobs per resident aged 16 to 64,Number of jobs per resident aged 16 to 64,,,,
E47000018,Lancashire,Combined Authority or City Region,Job density,2015-01-01/P1Y,0.78,Number of jobs per resident aged 16 to 64,Number of jobs per resident aged 16 to 64,,,,
E47000018,Lancashire,Combined Authority or City Region,Job density,2013-01-01/P1Y,0.76,Number of jobs per resident aged 16 to 64,Number of jobs per resident aged 16 to 64,,,,
E47000018,Lancashire,Combined Authority or City Region,Job density,2012-01-01/P1Y,0.75,Number of jobs per resident aged 16 to 64,Number of jobs per resident aged 16 to 64,,,,
E47000018,Lancashire,Combined Authority or City Region,Job density,2011-01-01/P1Y,0.76,Number of jobs per resident aged 16 to 64,Number of jobs per resident aged 16 to 64,,,,
E47000018,Lancashire,Combined Authority or City Region,Job density,2017-01-01/P1Y,0.79,Number of jobs per resident aged 16 to 64,Number of jobs per resident aged 16 to 64,,,,
E10000017,Lancashire,County or Unitary Authority,Job density,2019-01-01/P1Y,0.81,Number of jobs per resident aged 16 to 64,Number of jobs per resident aged 16 to 64,,,,
E10000017,Lancashire,County or Unitary Authority,Job density,2024-01-01/P1Y,0.75,Number of jobs per resident aged 16 to 64,Number of jobs per resident aged 16 to 64,,,,
E10000017,Lancashire,County or Unitary Authority,Job density,2023-01-01/P1Y,0.76,Number of jobs per resident aged 16 to 64,Number of jobs per resident aged 16 to 64,,,,
E10000017,Lancashire,County or Unitary Authority,Job density,2022-01-01/P1Y,0.76,Number of jobs per resident aged 16 to 64,Number of jobs per resident aged 16 to 64,,,,
E10000017,Lancashire,County or Unitary Authority,Job density,2021-01-01/P1Y,0.76,Number of jobs per resident aged 16 to 64,Number of jobs per resident aged 16 to 64,,,,
E10000017,Lancashire,County or Unitary Authority,Job density,2020-01-01/P1Y,0.78,Number of jobs per resident aged 16 to 64,Number of jobs per resident aged 16 to 64,,,,
E10000017,Lancashire,County or Unitary Authority,Job density,2018-01-01/P1Y,0.79,Number of jobs per resident aged 16 to 64,Number of jobs per resident aged 16 to 64,,,,
E10000017,Lancashire,County or Unitary Authority,Job density,2014-01-01/P1Y,0.77,Number of jobs per resident aged 16 to 64,Number of jobs per resident aged 16 to 64,,,,
E10000017,Lancashire,County or Unitary Authority,Job density,2016-01-01/P1Y,0.81,Number of jobs per resident aged 16 to 64,Number of jobs per resident aged 16 to 64,,,,
E10000017,Lancashire,County or Unitary Authority,Job density,2015-01-01/P1Y,0.78,Number of jobs per resident aged 16 to 64,Number of jobs per resident aged 16 to 64,,,,
E10000017,Lancashire,County or Unitary Authority,Job density,2013-01-01/P1Y,0.77,Number of jobs per resident aged 16 to 64,Number of jobs per resident aged 16 to 64,,,,
E10000017,Lancashire,County or Unitary Authority,Job density,2012-01-01/P1Y,0.76,Number of jobs per resident aged 16 to 64,Number of jobs per resident aged 16 to 64,,,,
E10000017,Lancashire,County or Unitary Authority,Job density,2011-01-01/P1Y,0.77,Number of jobs per resident aged 16 to 64,Number of jobs per resident aged 16 to 64,,,,
E10000017,Lancashire,County or Unitary Authority,Job density,2017-01-01/P1Y,0.79,Number of jobs per resident aged 16 to 64,Number of jobs per resident aged 16 to 64,,,,
E07000117,Burnley,Local Authority District,Job density,2024-01-01/P1Y,0.72,Number of jobs per resident aged 16 to 64,Number of jobs per resident aged 16 to 64,,,,
E07000117,Burnley,Local Authority District,Job density,2023-01-01/P1Y,0.67,Number of jobs per resident aged 16 to 64,Number of jobs per resident aged 16 to 64,,,,
E07000117,Burnley,Local Authority District,Job density,2022-01-01/P1Y,0.73,Number of jobs per resident aged 16 to 64,Number of jobs per resident aged 16 to 64,,,,
E07000117,Burnley,Local Authority District,Job density,2021-01-01/P1Y,0.75,Number of jobs per resident aged 16 to 64,Number of jobs per resident aged 16 to 64,,,,
E07000117,Burnley,Local Authority District,Job density,2020-01-01/P1Y,0.75,Number of jobs per resident aged 16 to 64,Number of jobs per resident aged 16 to 64,,,,
E07000117,Burnley,Local Authority District,Job density,2019-01-01/P1Y,0.78,Number of jobs per resident aged 16 to 64,Number of jobs per resident aged 16 to 64,,,,
E07000117,Burnley,Local Authority District,Job density,2018-01-01/P1Y,0.75,Number of jobs per resident aged 16 to 64,Number of jobs per resident aged 16 to 64,,,,
E07000117,Burnley,Local Authority District,Job density,2016-01-01/P1Y,0.82,Number of jobs per resident aged 16 to 64,Number of jobs per resident aged 16 to 64,,,,
E07000117,Burnley,Local Authority District,Job density,2015-01-01/P1Y,0.77,Number of jobs per resident aged 16 to 64,Number of jobs per resident aged 16 to 64,,,,
E07000117,Burnley,Local Authority District,Job density,2014-01-01/P1Y,0.71,Number of jobs per resident aged 16 to 64,Number of jobs per resident aged 16 to 64,,,,
E07000117,Burnley,Local Authority District,Job density,2013-01-01/P1Y,0.69,Number of jobs per resident aged 16 to 64,Number of jobs per resident aged 16 to 64,,,,
E07000117,Burnley,Local Authority District,Job density,2012-01-01/P1Y,0.69,Number of jobs per resident aged 16 to 64,Number of jobs per resident aged 16 to 64,,,,
E07000117,Burnley,Local Authority District,Job density,2011-01-01/P1Y,0.72,Number of jobs per resident aged 16 to 64,Number of jobs per resident aged 16 to 64,,,,
E07000117,Burnley,Local Authority District,Job density,2017-01-01/P1Y,0.79,Number of jobs per resident aged 16 to 64,Number of jobs per resident aged 16 to 64,,,,
E07000118,Chorley,Local Authority District,Job density,2019-01-01/P1Y,0.67,Number of jobs per resident aged 16 to 64,Number of jobs per resident aged 16 to 64,,,,
E07000118,Chorley,Local Authority District,Job density,2023-01-01/P1Y,0.67,Number of jobs per resident aged 16 to 64,Number of jobs per resident aged 16 to 64,,,,
E07000118,Chorley,Local Authority District,Job density,2022-01-01/P1Y,0.68,Number of jobs per resident aged 16 to 64,Number of jobs per resident aged 16 to 64,,,,
E07000118,Chorley,Local Authority District,Job density,2021-01-01/P1Y,0.67,Number of jobs per resident aged 16 to 64,Number of jobs per resident aged 16 to 64,,,,
E07000118,Chorley,Local Authority District,Job density,2024-01-01/P1Y,0.64,Number of jobs per resident aged 16 to 64,Number of jobs per resident aged 16 to 64,,,,
E07000118,Chorley,Local Authority District,Job density,2020-01-01/P1Y,0.63,Number of jobs per resident aged 16 to 64,Number of jobs per resident aged 16 to 64,,,,
E07000118,Chorley,Local Authority District,Job density,2018-01-01/P1Y,0.63,Number of jobs per resident aged 16 to 64,Number of jobs per resident aged 16 to 64,,,,
E07000118,Chorley,Local Authority District,Job density,2014-01-01/P1Y,0.69,Number of jobs per resident aged 16 to 64,Number of jobs per resident aged 16 to 64,,,,
E07000118,Chorley,Local Authority District,Job density,2016-01-01/P1Y,0.65,Number of jobs per resident aged 16 to 64,Number of jobs per resident aged 16 to 64,,,,
E07000118,Chorley,Local Authority District,Job density,2011-01-01/P1Y,0.69,Number of jobs per resident aged 16 to 64,Number of jobs per resident aged 16 to 64,,,,
E07000118,Chorley,Local Authority District,Job density,2012-01-01/P1Y,0.68,Number of jobs per resident aged 16 to 64,Number of jobs per resident aged 16 to 64,,,,
E07000118,Chorley,Local Authority District,Job density,2017-01-01/P1Y,0.64,Number of jobs per resident aged 16 to 64,Number of jobs per resident aged 16 to 64,,,,
E07000118,Chorley,Local Authority District,Job density,2015-01-01/P1Y,0.66,Number of jobs per resident aged 16 to 64,Number of jobs per resident aged 16 to 64,,,,
E07000118,Chorley,Local Authority District,Job density,2013-01-01/P1Y,0.66,Number of jobs per resident aged 16 to 64,Number of jobs per resident aged 16 to 64,,,,
E07000119,Fylde,Local Authority District,Job density,2024-01-01/P1Y,0.96,Number of jobs per resident aged 16 to 64,Number of jobs per resident aged 16 to 64,,,,
E07000119,Fylde,Local Authority District,Job density,2023-01-01/P1Y,1.11,Number of jobs per resident aged 16 to 64,Number of jobs per resident aged 16 to 64,,,,
E07000119,Fylde,Local Authority District,Job density,2022-01-01/P1Y,1.03,Number of jobs per resident aged 16 to 64,Number of jobs per resident aged 16 to 64,,,,
E07000119,Fylde,Local Authority District,Job density,2021-01-01/P1Y,0.99,Number of jobs per resident aged 16 to 64,Number of jobs per resident aged 16 to 64,,,,
E07000119,Fylde,Local Authority District,Job density,2019-01-01/P1Y,1.04,Number of jobs per resident aged 16 to 64,Number of jobs per resident aged 16 to 64,,,,
E07000119,Fylde,Local Authority District,Job density,2017-01-01/P1Y,1.03,Number of jobs per resident aged 16 to 64,Number of jobs per resident aged 16 to 64,,,,
E07000119,Fylde,Local Authority District,Job density,2020-01-01/P1Y,0.91,Number of jobs per resident aged 16 to 64,Number of jobs per resident aged 16 to 64,,,,
E07000119,Fylde,Local Authority District,Job density,2015-01-01/P1Y,1.08,Number of jobs per resident aged 16 to 64,Number of jobs per resident aged 16 to 64,,,,
E07000119,Fylde,Local Authority District,Job density,2014-01-01/P1Y,1.1,Number of jobs per resident aged 16 to 64,Number of jobs per resident aged 16 to 64,,,,
E07000119,Fylde,Local Authority District,Job density,2013-01-01/P1Y,1.04,Number of jobs per resident aged 16 to 64,Number of jobs per resident aged 16 to 64,,,,
E07000119,Fylde,Local Authority District,Job density,2012-01-01/P1Y,1.02,Number of jobs per resident aged 16 to 64,Number of jobs per resident aged 16 to 64,,,,
E07000119,Fylde,Local Authority District,Job density,2011-01-01/P1Y,0.99,Number of jobs per resident aged 16 to 64,Number of jobs per resident aged 16 to 64,,,,
E07000119,Fylde,Local Authority District,Job density,2016-01-01/P1Y,1.09,Number of jobs per resident aged 16 to 64,Number of jobs per resident aged 16 to 64,,,,
E07000119,Fylde,Local Authority District,Job density,2018-01-01/P1Y,1.0,Number of jobs per resident aged 16 to 64,Number of jobs per resident aged 16 to 64,,,,
E07000120,Hyndburn,Local Authority District,Job density,2018-01-01/P1Y,0.69,Number of jobs per resident aged 16 to 64,Number of jobs per resident aged 16 to 64,,,,
E07000120,Hyndburn,Local Authority District,Job density,2024-01-01/P1Y,0.59,Number of jobs per resident aged 16 to 64,Number of jobs per resident aged 16 to 64,,,,
E07000120,Hyndburn,Local Authority District,Job density,2023-01-01/P1Y,0.67,Number of jobs per resident aged 16 to 64,Number of jobs per resident aged 16 to 64,,,,
E07000120,Hyndburn,Local Authority District,Job density,2022-01-01/P1Y,0.6,Number of jobs per resident aged 16 to 64,Number of jobs per resident aged 16 to 64,,,,
E07000120,Hyndburn,Local Authority District,Job density,2021-01-01/P1Y,0.63,Number of jobs per resident aged 16 to 64,Number of jobs per resident aged 16 to 64,,,,
E07000120,Hyndburn,Local Authority District,Job density,2020-01-01/P1Y,0.66,Number of jobs per resident aged 16 to 64,Number of jobs per resident aged 16 to 64,,,,
E07000120,Hyndburn,Local Authority District,Job density,2019-01-01/P1Y,0.67,Number of jobs per resident aged 16 to 64,Number of jobs per resident aged 16 to 64,,,,
E07000120,Hyndburn,Local Authority District,Job density,2017-01-01/P1Y,0.65,Number of jobs per resident aged 16 to 64,Number of jobs per resident aged 16 to 64,,,,
E07000120,Hyndburn,Local Authority District,Job density,2015-01-01/P1Y,0.66,Number of jobs per resident aged 16 to 64,Number of jobs per resident aged 16 to 64,,,,
E07000120,Hyndburn,Local Authority District,Job density,2014-01-01/P1Y,0.62,Number of jobs per resident aged 16 to 64,Number of jobs per resident aged 16 to 64,,,,
E07000120,Hyndburn,Local Authority District,Job density,2013-01-01/P1Y,0.64,Number of jobs per resident aged 16 to 64,Number of jobs per resident aged 16 to 64,,,,
E07000120,Hyndburn,Local Authority District,Job density,2012-01-01/P1Y,0.64,Number of jobs per resident aged 16 to 64,Number of jobs per resident aged 16 to 64,,,,
E07000120,Hyndburn,Local Authority District,Job density,2011-01-01/P1Y,0.6,Number of jobs per resident aged 16 to 64,Number of jobs per resident aged 16 to 64,,,,
E07000120,Hyndburn,Local Authority District,Job density,2016-01-01/P1Y,0.64,Number of jobs per resident aged 16 to 64,Number of jobs per resident aged 16 to 64,,,,
E07000121,Lancaster,Local Authority District,Job density,2024-01-01/P1Y,0.75,Number of jobs per resident aged 16 to 64,Number of jobs per resident aged 16 to 64,,,,
E07000121,Lancaster,Local Authority District,Job density,2023-01-01/P1Y,0.72,Number of jobs per resident aged 16 to 64,Number of jobs per resident aged 16 to 64,,,,
E07000121,Lancaster,Local Authority District,Job density,2022-01-01/P1Y,0.73,Number of jobs per resident aged 16 to 64,Number of jobs per resident aged 16 to 64,,,,
E07000121,Lancaster,Local Authority District,Job density,2021-01-01/P1Y,0.69,Number of jobs per resident aged 16 to 64,Number of jobs per resident aged 16 to 64,,,,
E07000121,Lancaster,Local Authority District,Job density,2020-01-01/P1Y,0.74,Number of jobs per resident aged 16 to 64,Number of jobs per resident aged 16 to 64,,,,
E07000121,Lancaster,Local Authority District,Job density,2019-01-01/P1Y,0.75,Number of jobs per resident aged 16 to 64,Number of jobs per resident aged 16 to 64,,,,
E07000121,Lancaster,Local Authority District,Job density,2018-01-01/P1Y,0.73,Number of jobs per resident aged 16 to 64,Number of jobs per resident aged 16 to 64,,,,
E07000121,Lancaster,Local Authority District,Job density,2017-01-01/P1Y,0.75,Number of jobs per resident aged 16 to 64,Number of jobs per resident aged 16 to 64,,,,
E07000121,Lancaster,Local Authority District,Job density,2015-01-01/P1Y,0.71,Number of jobs per resident aged 16 to 64,Number of jobs per resident aged 16 to 64,,,,
E07000121,Lancaster,Local Authority District,Job density,2014-01-01/P1Y,0.76,Number of jobs per resident aged 16 to 64,Number of jobs per resident aged 16 to 64,,,,
E07000121,Lancaster,Local Authority District,Job density,2013-01-01/P1Y,0.72,Number of jobs per resident aged 16 to 64,Number of jobs per resident aged 16 to 64,,,,
E07000121,Lancaster,Local Authority District,Job density,2012-01-01/P1Y,0.68,Number of jobs per resident aged 16 to 64,Number of jobs per resident aged 16 to 64,,,,
E07000121,Lancaster,Local Authority District,Job density,2011-01-01/P1Y,0.73,Number of jobs per resident aged 16 to 64,Number of jobs per resident aged 16 to 64,,,,
E07000121,Lancaster,Local Authority District,Job density,2016-01-01/P1Y,0.78,Number of jobs per resident aged 16 to 64,Number of jobs per resident aged 16 to 64,,,,
E07000122,Pendle,Local Authority District,Job density,2019-01-01/P1Y,0.69,Number of jobs per resident aged 16 to 64,Number of jobs per resident aged 16 to 64,,,,
E07000122,Pendle,Local Authority District,Job density,2024-01-01/P1Y,0.55,Number of jobs per resident aged 16 to 64,Number of jobs per resident aged 16 to 64,,,,
E07000122,Pendle,Local Authority District,Job density,2023-01-01/P1Y,0.58,Number of jobs per resident aged 16 to 64,Number of jobs per resident aged 16 to 64,,,,
E07000122,Pendle,Local Authority District,Job density,2022-01-01/P1Y,0.65,Number of jobs per resident aged 16 to 64,Number of jobs per resident aged 16 to 64,,,,
E07000122,Pendle,Local Authority District,Job density,2020-01-01/P1Y,0.67,Number of jobs per resident aged 16 to 64,Number of jobs per resident aged 16 to 64,,,,
E07000122,Pendle,Local Authority District,Job density,2018-01-01/P1Y,0.69,Number of jobs per resident aged 16 to 64,Number of jobs per resident aged 16 to 64,,,,
E07000122,Pendle,Local Authority District,Job density,2021-01-01/P1Y,0.6,Number of jobs per resident aged 16 to 64,Number of jobs per resident aged 16 to 64,,,,
E07000122,Pendle,Local Authority District,Job density,2016-01-01/P1Y,0.67,Number of jobs per resident aged 16 to 64,Number of jobs per resident aged 16 to 64,,,,
E07000122,Pendle,Local Authority District,Job density,2015-01-01/P1Y,0.6,Number of jobs per resident aged 16 to 64,Number of jobs per resident aged 16 to 64,,,,
E07000122,Pendle,Local Authority District,Job density,2014-01-01/P1Y,0.67,Number of jobs per resident aged 16 to 64,Number of jobs per resident aged 16 to 64,,,,
E07000122,Pendle,Local Authority District,Job density,2017-01-01/P1Y,0.66,Number of jobs per resident aged 16 to 64,Number of jobs per resident aged 16 to 64,,,,
E07000122,Pendle,Local Authority District,Job density,2013-01-01/P1Y,0.61,Number of jobs per resident aged 16 to 64,Number of jobs per resident aged 16 to 64,,,,
E07000122,Pendle,Local Authority District,Job density,2012-01-01/P1Y,0.65,Number of jobs per resident aged 16 to 64,Number of jobs per resident aged 16 to 64,,,,
E07000122,Pendle,Local Authority District,Job density,2011-01-01/P1Y,0.65,Number of jobs per resident aged 16 to 64,Number of jobs per resident aged 16 to 64,,,,
E07000123,Preston,Local Authority District,Job density,2024-01-01/P1Y,0.97,Number of jobs per resident aged 16 to 64,Number of jobs per resident aged 16 to 64,,,,
E07000123,Preston,Local Authority District,Job density,2023-01-01/P1Y,0.99,Number of jobs per resident aged 16 to 64,Number of jobs per resident aged 16 to 64,,,,
E07000123,Preston,Local Authority District,Job density,2022-01-01/P1Y,1.07,Number of jobs per resident aged 16 to 64,Number of jobs per resident aged 16 to 64,,,,
E07000123,Preston,Local Authority District,Job density,2021-01-01/P1Y,1.07,Number of jobs per resident aged 16 to 64,Number of jobs per resident aged 16 to 64,,,,
E07000123,Preston,Local Authority District,Job density,2020-01-01/P1Y,1.04,Number of jobs per resident aged 16 to 64,Number of jobs per resident aged 16 to 64,,,,
E07000123,Preston,Local Authority District,Job density,2019-01-01/P1Y,1.08,Number of jobs per resident aged 16 to 64,Number of jobs per resident aged 16 to 64,,,,
E07000123,Preston,Local Authority District,Job density,2018-01-01/P1Y,1.05,Number of jobs per resident aged 16 to 64,Number of jobs per resident aged 16 to 64,,,,
E07000123,Preston,Local Authority District,Job density,2017-01-01/P1Y,1.06,Number of jobs per resident aged 16 to 64,Number of jobs per resident aged 16 to 64,,,,
E07000123,Preston,Local Authority District,Job density,2016-01-01/P1Y,1.02,Number of jobs per resident aged 16 to 64,Number of jobs per resident aged 16 to 64,,,,
E07000123,Preston,Local Authority District,Job density,2015-01-01/P1Y,1.05,Number of jobs per resident aged 16 to 64,Number of jobs per resident aged 16 to 64,,,,
E07000123,Preston,Local Authority District,Job density,2014-01-01/P1Y,1.03,Number of jobs per resident aged 16 to 64,Number of jobs per resident aged 16 to 64,,,,
E07000123,Preston,Local Authority District,Job density,2013-01-01/P1Y,0.98,Number of jobs per resident aged 16 to 64,Number of jobs per resident aged 16 to 64,,,,
E07000123,Preston,Local Authority District,Job density,2012-01-01/P1Y,0.97,Number of jobs per resident aged 16 to 64,Number of jobs per resident aged 16 to 64,,,,
E07000123,Preston,Local Authority District,Job density,2011-01-01/P1Y,1.02,Number of jobs per resident aged 16 to 64,Number of jobs per resident aged 16 to 64,,,,
E07000124,Ribble Valley,Local Authority District,Job density,2024-01-01/P1Y,0.86,Number of jobs per resident aged 16 to 64,Number of jobs per resident aged 16 to 64,,,,
E07000124,Ribble Valley,Local Authority District,Job density,2023-01-01/P1Y,0.89,Number of jobs per resident aged 16 to 64,Number of jobs per resident aged 16 to 64,,,,
E07000124,Ribble Valley,Local Authority District,Job density,2022-01-01/P1Y,0.9,Number of jobs per resident aged 16 to 64,Number of jobs per resident aged 16 to 64,,,,
E07000124,Ribble Valley,Local Authority District,Job density,2021-01-01/P1Y,0.82,Number of jobs per resident aged 16 to 64,Number of jobs per resident aged 16 to 64,,,,
E07000124,Ribble Valley,Local Authority District,Job density,2020-01-01/P1Y,0.98,Number of jobs per resident aged 16 to 64,Number of jobs per resident aged 16 to 64,,,,
E07000124,Ribble Valley,Local Authority District,Job density,2019-01-01/P1Y,1.0,Number of jobs per resident aged 16 to 64,Number of jobs per resident aged 16 to 64,,,,
E07000124,Ribble Valley,Local Authority District,Job density,2018-01-01/P1Y,0.88,Number of jobs per resident aged 16 to 64,Number of jobs per resident aged 16 to 64,,,,
E07000124,Ribble Valley,Local Authority District,Job density,2017-01-01/P1Y,0.97,Number of jobs per resident aged 16 to 64,Number of jobs per resident aged 16 to 64,,,,
E07000124,Ribble Valley,Local Authority District,Job density,2016-01-01/P1Y,0.99,Number of jobs per resident aged 16 to 64,Number of jobs per resident aged 16 to 64,,,,
E07000124,Ribble Valley,Local Authority District,Job density,2015-01-01/P1Y,0.95,Number of jobs per resident aged 16 to 64,Number of jobs per resident aged 16 to 64,,,,
E07000124,Ribble Valley,Local Authority District,Job density,2014-01-01/P1Y,0.84,Number of jobs per resident aged 16 to 64,Number of jobs per resident aged 16 to 64,,,,
E07000124,Ribble Valley,Local Authority District,Job density,2013-01-01/P1Y,1.03,Number of jobs per resident aged 16 to 64,Number of jobs per resident aged 16 to 64,,,,
E07000124,Ribble Valley,Local Authority District,Job density,2012-01-01/P1Y,1.01,Number of jobs per resident aged 16 to 64,Number of jobs per resident aged 16 to 64,,,,
E07000124,Ribble Valley,Local Authority District,Job density,2011-01-01/P1Y,1.01,Number of jobs per resident aged 16 to 64,Number of jobs per resident aged 16 to 64,,,,
E07000125,Rossendale,Local Authority District,Job density,2024-01-01/P1Y,0.5,Number of jobs per resident aged 16 to 64,Number of jobs per resident aged 16 to 64,,,,
E07000125,Rossendale,Local Authority District,Job density,2023-01-01/P1Y,0.54,Number of jobs per resident aged 16 to 64,Number of jobs per resident aged 16 to 64,,,,
E07000125,Rossendale,Local Authority District,Job density,2022-01-01/P1Y,0.5,Number of jobs per resident aged 16 to 64,Number of jobs per resident aged 16 to 64,,,,
E07000125,Rossendale,Local Authority District,Job density,2021-01-01/P1Y,0.51,Number of jobs per resident aged 16 to 64,Number of jobs per resident aged 16 to 64,,,,
E07000125,Rossendale,Local Authority District,Job density,2020-01-01/P1Y,0.53,Number of jobs per resident aged 16 to 64,Number of jobs per resident aged 16 to 64,,,,
E07000125,Rossendale,Local Authority District,Job density,2019-01-01/P1Y,0.59,Number of jobs per resident aged 16 to 64,Number of jobs per resident aged 16 to 64,,,,
E07000125,Rossendale,Local Authority District,Job density,2018-01-01/P1Y,0.6,Number of jobs per resident aged 16 to 64,Number of jobs per resident aged 16 to 64,,,,
E07000125,Rossendale,Local Authority District,Job density,2017-01-01/P1Y,0.54,Number of jobs per resident aged 16 to 64,Number of jobs per resident aged 16 to 64,,,,
E07000125,Rossendale,Local Authority District,Job density,2016-01-01/P1Y,0.65,Number of jobs per resident aged 16 to 64,Number of jobs per resident aged 16 to 64,,,,
E07000125,Rossendale,Local Authority District,Job density,2015-01-01/P1Y,0.63,Number of jobs per resident aged 16 to 64,Number of jobs per resident aged 16 to 64,,,,
E07000125,Rossendale,Local Authority District,Job density,2014-01-01/P1Y,0.54,Number of jobs per resident aged 16 to 64,Number of jobs per resident aged 16 to 64,,,,
E07000125,Rossendale,Local Authority District,Job density,2013-01-01/P1Y,0.55,Number of jobs per resident aged 16 to 64,Number of jobs per resident aged 16 to 64,,,,
E07000125,Rossendale,Local Authority District,Job density,2012-01-01/P1Y,0.57,Number of jobs per resident aged 16 to 64,Number of jobs per resident aged 16 to 64,,,,
E07000125,Rossendale,Local Authority District,Job density,2011-01-01/P1Y,0.53,Number of jobs per resident aged 16 to 64,Number of jobs per resident aged 16 to 64,,,,
E07000126,South Ribble,Local Authority District,Job density,2024-01-01/P1Y,0.81,Number of jobs per resident aged 16 to 64,Number of jobs per resident aged 16 to 64,,,,
E07000126,South Ribble,Local Authority District,Job density,2023-01-01/P1Y,0.8,Number of jobs per resident aged 16 to 64,Number of jobs per resident aged 16 to 64,,,,
E07000126,South Ribble,Local Authority District,Job density,2022-01-01/P1Y,0.77,Number of jobs per resident aged 16 to 64,Number of jobs per resident aged 16 to 64,,,,
E07000126,South Ribble,Local Authority District,Job density,2021-01-01/P1Y,0.8,Number of jobs per resident aged 16 to 64,Number of jobs per resident aged 16 to 64,,,,
E07000126,South Ribble,Local Authority District,Job density,2019-01-01/P1Y,0.94,Number of jobs per resident aged 16 to 64,Number of jobs per resident aged 16 to 64,,,,
E07000126,South Ribble,Local Authority District,Job density,2018-01-01/P1Y,0.87,Number of jobs per resident aged 16 to 64,Number of jobs per resident aged 16 to 64,,,,
E07000126,South Ribble,Local Authority District,Job density,2020-01-01/P1Y,0.89,Number of jobs per resident aged 16 to 64,Number of jobs per resident aged 16 to 64,,,,
E07000126,South Ribble,Local Authority District,Job density,2016-01-01/P1Y,0.88,Number of jobs per resident aged 16 to 64,Number of jobs per resident aged 16 to 64,,,,
E07000126,South Ribble,Local Authority District,Job density,2015-01-01/P1Y,0.85,Number of jobs per resident aged 16 to 64,Number of jobs per resident aged 16 to 64,,,,
E07000126,South Ribble,Local Authority District,Job density,2017-01-01/P1Y,0.91,Number of jobs per resident aged 16 to 64,Number of jobs per resident aged 16 to 64,,,,
E07000126,South Ribble,Local Authority District,Job density,2014-01-01/P1Y,0.86,Number of jobs per resident aged 16 to 64,Number of jobs per resident aged 16 to 64,,,,
E07000126,South Ribble,Local Authority District,Job density,2013-01-01/P1Y,0.93,Number of jobs per resident aged 16 to 64,Number of jobs per resident aged 16 to 64,,,,
E07000126,South Ribble,Local Authority District,Job density,2012-01-01/P1Y,0.87,Number of jobs per resident aged 16 to 64,Number of jobs per resident aged 16 to 64,,,,
E07000126,South Ribble,Local Authority District,Job density,2011-01-01/P1Y,0.91,Number of jobs per resident aged 16 to 64,Number of jobs per resident aged 16 to 64,,,,
E07000127,West Lancashire,Local Authority District,Job density,2024-01-01/P1Y,0.84,Number of jobs per resident aged 16 to 64,Number of jobs per resident aged 16 to 64,,,,
E07000127,West Lancashire,Local Authority District,Job density,2023-01-01/P1Y,0.8,Number of jobs per resident aged 16 to 64,Number of jobs per resident aged 16 to 64,,,,
E07000127,West Lancashire,Local Authority District,Job density,2022-01-01/P1Y,0.73,Number of jobs per resident aged 16 to 64,Number of jobs per resident aged 16 to 64,,,,
E07000127,West Lancashire,Local Authority District,Job density,2021-01-01/P1Y,0.8,Number of jobs per resident aged 16 to 64,Number of jobs per resident aged 16 to 64,,,,
E07000127,West Lancashire,Local Authority District,Job density,2020-01-01/P1Y,0.82,Number of jobs per resident aged 16 to 64,Number of jobs per resident aged 16 to 64,,,,
E07000127,West Lancashire,Local Authority District,Job density,2019-01-01/P1Y,0.8,Number of jobs per resident aged 16 to 64,Number of jobs per resident aged 16 to 64,,,,
E07000127,West Lancashire,Local Authority District,Job density,2018-01-01/P1Y,0.81,Number of jobs per resident aged 16 to 64,Number of jobs per resident aged 16 to 64,,,,
E07000127,West Lancashire,Local Authority District,Job density,2017-01-01/P1Y,0.79,Number of jobs per resident aged 16 to 64,Number of jobs per resident aged 16 to 64,,,,
E07000127,West Lancashire,Local Authority District,Job density,2016-01-01/P1Y,0.85,Number of jobs per resident aged 16 to 64,Number of jobs per resident aged 16 to 64,,,,
E07000127,West Lancashire,Local Authority District,Job density,2015-01-01/P1Y,0.74,Number of jobs per resident aged 16 to 64,Number of jobs per resident aged 16 to 64,,,,
E07000127,West Lancashire,Local Authority District,Job density,2014-01-01/P1Y,0.74,Number of jobs per resident aged 16 to 64,Number of jobs per resident aged 16 to 64,,,,
E07000127,West Lancashire,Local Authority District,Job density,2013-01-01/P1Y,0.75,Number of jobs per resident aged 16 to 64,Number of jobs per resident aged 16 to 64,,,,
E07000127,West Lancashire,Local Authority District,Job density,2012-01-01/P1Y,0.73,Number of jobs per resident aged 16 to 64,Number of jobs per resident aged 16 to 64,,,,
E07000127,West Lancashire,Local Authority District,Job density,2011-01-01/P1Y,0.73,Number of jobs per resident aged 16 to 64,Number of jobs per resident aged 16 to 64,,,,
E07000128,Wyre,Local Authority District,Job density,2023-01-01/P1Y,0.59,Number of jobs per resident aged 16 to 64,Number of jobs per resident aged 16 to 64,,,,
E07000128,Wyre,Local Authority District,Job density,2022-01-01/P1Y,0.57,Number of jobs per resident aged 16 to 64,Number of jobs per resident aged 16 to 64,,,,
E07000128,Wyre,Local Authority District,Job density,2021-01-01/P1Y,0.6,Number of jobs per resident aged 16 to 64,Number of jobs per resident aged 16 to 64,,,,
E07000128,Wyre,Local Authority District,Job density,2024-01-01/P1Y,0.63,Number of jobs per resident aged 16 to 64,Number of jobs per resident aged 16 to 64,,,,
E07000128,Wyre,Local Authority District,Job density,2019-01-01/P1Y,0.64,Number of jobs per resident aged 16 to 64,Number of jobs per resident aged 16 to 64,,,,
E07000128,Wyre,Local Authority District,Job density,2018-01-01/P1Y,0.65,Number of jobs per resident aged 16 to 64,Number of jobs per resident aged 16 to 64,,,,
E07000128,Wyre,Local Authority District,Job density,2020-01-01/P1Y,0.62,Number of jobs per resident aged 16 to 64,Number of jobs per resident aged 16 to 64,,,,
E07000128,Wyre,Local Authority District,Job density,2016-01-01/P1Y,0.66,Number of jobs per resident aged 16 to 64,Number of jobs per resident aged 16 to 64,,,,
E07000128,Wyre,Local Authority District,Job density,2015-01-01/P1Y,0.62,Number of jobs per resident aged 16 to 64,Number of jobs per resident aged 16 to 64,,,,
E07000128,Wyre,Local Authority District,Job density,2014-01-01/P1Y,0.59,Number of jobs per resident aged 16 to 64,Number of jobs per resident aged 16 to 64,,,,
E07000128,Wyre,Local Authority District,Job density,2013-01-01/P1Y,0.62,Number of jobs per resident aged 16 to 64,Number of jobs per resident aged 16 to 64,,,,
E07000128,Wyre,Local Authority District,Job density,2012-01-01/P1Y,0.58,Number of jobs per resident aged 16 to 64,Number of jobs per resident aged 16 to 64,,,,
E07000128,Wyre,Local Authority District,Job density,2011-01-01/P1Y,0.65,Number of jobs per resident aged 16 to 64,Number of jobs per resident aged 16 to 64,,,,
E07000128,Wyre,Local Authority District,Job density,2017-01-01/P1Y,0.66,Number of jobs per resident aged 16 to 64,Number of jobs per resident aged 16 to 64,,,,
E47000004,Liverpool City Region,Combined Authority or City Region,Job density,2024-01-01/P1Y,0.74,Number of jobs per resident aged 16 to 64,Number of jobs per resident aged 16 to 64,,,,
E47000004,Liverpool City Region,Combined Authority or City Region,Job density,2023-01-01/P1Y,0.74,Number of jobs per resident aged 16 to 64,Number of jobs per resident aged 16 to 64,,,,
E47000004,Liverpool City Region,Combined Authority or City Region,Job density,2022-01-01/P1Y,0.76,Number of jobs per resident aged 16 to 64,Number of jobs per resident aged 16 to 64,,,,
E47000004,Liverpool City Region,Combined Authority or City Region,Job density,2021-01-01/P1Y,0.76,Number of jobs per resident aged 16 to 64,Number of jobs per resident aged 16 to 64,,,,
E47000004,Liverpool City Region,Combined Authority or City Region,Job density,2019-01-01/P1Y,0.76,Number of jobs per resident aged 16 to 64,Number of jobs per resident aged 16 to 64,,,,
E47000004,Liverpool City Region,Combined Authority or City Region,Job density,2018-01-01/P1Y,0.73,Number of jobs per resident aged 16 to 64,Number of jobs per resident aged 16 to 64,,,,
E47000004,Liverpool City Region,Combined Authority or City Region,Job density,2020-01-01/P1Y,0.73,Number of jobs per resident aged 16 to 64,Number of jobs per resident aged 16 to 64,,,,
E47000004,Liverpool City Region,Combined Authority or City Region,Job density,2016-01-01/P1Y,0.72,Number of jobs per resident aged 16 to 64,Number of jobs per resident aged 16 to 64,,,,
E47000004,Liverpool City Region,Combined Authority or City Region,Job density,2015-01-01/P1Y,0.71,Number of jobs per resident aged 16 to 64,Number of jobs per resident aged 16 to 64,,,,
E47000004,Liverpool City Region,Combined Authority or City Region,Job density,2014-01-01/P1Y,0.69,Number of jobs per resident aged 16 to 64,Number of jobs per resident aged 16 to 64,,,,
E47000004,Liverpool City Region,Combined Authority or City Region,Job density,2013-01-01/P1Y,0.67,Number of jobs per resident aged 16 to 64,Number of jobs per resident aged 16 to 64,,,,
E47000004,Liverpool City Region,Combined Authority or City Region,Job density,2012-01-01/P1Y,0.67,Number of jobs per resident aged 16 to 64,Number of jobs per resident aged 16 to 64,,,,
E47000004,Liverpool City Region,Combined Authority or City Region,Job density,2011-01-01/P1Y,0.66,Number of jobs per resident aged 16 to 64,Number of jobs per resident aged 16 to 64,,,,
E47000004,Liverpool City Region,Combined Authority or City Region,Job density,2017-01-01/P1Y,0.74,Number of jobs per resident aged 16 to 64,Number of jobs per resident aged 16 to 64,,,,
E08000011,Knowsley,Local Authority District,Job density,2019-01-01/P1Y,0.83,Number of jobs per resident aged 16 to 64,Number of jobs per resident aged 16 to 64,,,,
E08000011,Knowsley,Local Authority District,Job density,2020-01-01/P1Y,0.74,Number of jobs per resident aged 16 to 64,Number of jobs per resident aged 16 to 64,,,,
E08000011,Knowsley,Local Authority District,Job density,2021-01-01/P1Y,0.82,Number of jobs per resident aged 16 to 64,Number of jobs per resident aged 16 to 64,,,,
E08000011,Knowsley,Local Authority District,Job density,2023-01-01/P1Y,0.7,Number of jobs per resident aged 16 to 64,Number of jobs per resident aged 16 to 64,,,,
E08000011,Knowsley,Local Authority District,Job density,2022-01-01/P1Y,0.8,Number of jobs per resident aged 16 to 64,Number of jobs per resident aged 16 to 64,,,,
E08000011,Knowsley,Local Authority District,Job density,2024-01-01/P1Y,0.69,Number of jobs per resident aged 16 to 64,Number of jobs per resident aged 16 to 64,,,,
E08000011,Knowsley,Local Authority District,Job density,2018-01-01/P1Y,0.72,Number of jobs per resident aged 16 to 64,Number of jobs per resident aged 16 to 64,,,,
E08000011,Knowsley,Local Authority District,Job density,2017-01-01/P1Y,0.75,Number of jobs per resident aged 16 to 64,Number of jobs per resident aged 16 to 64,,,,
E08000011,Knowsley,Local Authority District,Job density,2011-01-01/P1Y,0.65,Number of jobs per resident aged 16 to 64,Number of jobs per resident aged 16 to 64,,,,
E08000011,Knowsley,Local Authority District,Job density,2012-01-01/P1Y,0.67,Number of jobs per resident aged 16 to 64,Number of jobs per resident aged 16 to 64,,,,
E08000011,Knowsley,Local Authority District,Job density,2013-01-01/P1Y,0.68,Number of jobs per resident aged 16 to 64,Number of jobs per resident aged 16 to 64,,,,
E08000011,Knowsley,Local Authority District,Job density,2014-01-01/P1Y,0.71,Number of jobs per resident aged 16 to 64,Number of jobs per resident aged 16 to 64,,,,
E08000011,Knowsley,Local Authority District,Job density,2015-01-01/P1Y,0.73,Number of jobs per resident aged 16 to 64,Number of jobs per resident aged 16 to 64,,,,
E08000011,Knowsley,Local Authority District,Job density,2016-01-01/P1Y,0.78,Number of jobs per resident aged 16 to 64,Number of jobs per resident aged 16 to 64,,,,
E08000012,Liverpool,Local Authority District,Job density,2019-01-01/P1Y,0.91,Number of jobs per resident aged 16 to 64,Number of jobs per resident aged 16 to 64,,,,
E08000012,Liverpool,Local Authority District,Job density,2020-01-01/P1Y,0.87,Number of jobs per resident aged 16 to 64,Number of jobs per resident aged 16 to 64,,,,
E08000012,Liverpool,Local Authority District,Job density,2021-01-01/P1Y,0.9,Number of jobs per resident aged 16 to 64,Number of jobs per resident aged 16 to 64,,,,
E08000012,Liverpool,Local Authority District,Job density,2022-01-01/P1Y,0.93,Number of jobs per resident aged 16 to 64,Number of jobs per resident aged 16 to 64,,,,
E08000012,Liverpool,Local Authority District,Job density,2023-01-01/P1Y,0.91,Number of jobs per resident aged 16 to 64,Number of jobs per resident aged 16 to 64,,,,
E08000012,Liverpool,Local Authority District,Job density,2024-01-01/P1Y,0.92,Number of jobs per resident aged 16 to 64,Number of jobs per resident aged 16 to 64,,,,
E08000012,Liverpool,Local Authority District,Job density,2018-01-01/P1Y,0.87,Number of jobs per resident aged 16 to 64,Number of jobs per resident aged 16 to 64,,,,
E08000012,Liverpool,Local Authority District,Job density,2017-01-01/P1Y,0.86,Number of jobs per resident aged 16 to 64,Number of jobs per resident aged 16 to 64,,,,
E08000012,Liverpool,Local Authority District,Job density,2011-01-01/P1Y,0.78,Number of jobs per resident aged 16 to 64,Number of jobs per resident aged 16 to 64,,,,
E08000012,Liverpool,Local Authority District,Job density,2012-01-01/P1Y,0.78,Number of jobs per resident aged 16 to 64,Number of jobs per resident aged 16 to 64,,,,
E08000012,Liverpool,Local Authority District,Job density,2013-01-01/P1Y,0.79,Number of jobs per resident aged 16 to 64,Number of jobs per resident aged 16 to 64,,,,
E08000012,Liverpool,Local Authority District,Job density,2014-01-01/P1Y,0.81,Number of jobs per resident aged 16 to 64,Number of jobs per resident aged 16 to 64,,,,
E08000012,Liverpool,Local Authority District,Job density,2015-01-01/P1Y,0.83,Number of jobs per resident aged 16 to 64,Number of jobs per resident aged 16 to 64,,,,
E08000012,Liverpool,Local Authority District,Job density,2016-01-01/P1Y,0.84,Number of jobs per resident aged 16 to 64,Number of jobs per resident aged 16 to 64,,,,
E08000014,Sefton,Local Authority District,Job density,2018-01-01/P1Y,0.61,Number of jobs per resident aged 16 to 64,Number of jobs per resident aged 16 to 64,,,,
E08000014,Sefton,Local Authority District,Job density,2019-01-01/P1Y,0.62,Number of jobs per resident aged 16 to 64,Number of jobs per resident aged 16 to 64,,,,
E08000014,Sefton,Local Authority District,Job density,2020-01-01/P1Y,0.62,Number of jobs per resident aged 16 to 64,Number of jobs per resident aged 16 to 64,,,,
E08000014,Sefton,Local Authority District,Job density,2021-01-01/P1Y,0.63,Number of jobs per resident aged 16 to 64,Number of jobs per resident aged 16 to 64,,,,
E08000014,Sefton,Local Authority District,Job density,2022-01-01/P1Y,0.61,Number of jobs per resident aged 16 to 64,Number of jobs per resident aged 16 to 64,,,,
E08000014,Sefton,Local Authority District,Job density,2023-01-01/P1Y,0.58,Number of jobs per resident aged 16 to 64,Number of jobs per resident aged 16 to 64,,,,
E08000014,Sefton,Local Authority District,Job density,2024-01-01/P1Y,0.6,Number of jobs per resident aged 16 to 64,Number of jobs per resident aged 16 to 64,,,,
E08000014,Sefton,Local Authority District,Job density,2017-01-01/P1Y,0.64,Number of jobs per resident aged 16 to 64,Number of jobs per resident aged 16 to 64,,,,
E08000014,Sefton,Local Authority District,Job density,2016-01-01/P1Y,0.62,Number of jobs per resident aged 16 to 64,Number of jobs per resident aged 16 to 64,,,,
E08000014,Sefton,Local Authority District,Job density,2011-01-01/P1Y,0.59,Number of jobs per resident aged 16 to 64,Number of jobs per resident aged 16 to 64,,,,
E08000014,Sefton,Local Authority District,Job density,2012-01-01/P1Y,0.58,Number of jobs per resident aged 16 to 64,Number of jobs per resident aged 16 to 64,,,,
E08000014,Sefton,Local Authority District,Job density,2013-01-01/P1Y,0.61,Number of jobs per resident aged 16 to 64,Number of jobs per resident aged 16 to 64,,,,
E08000014,Sefton,Local Authority District,Job density,2014-01-01/P1Y,0.61,Number of jobs per resident aged 16 to 64,Number of jobs per resident aged 16 to 64,,,,
E08000014,Sefton,Local Authority District,Job density,2015-01-01/P1Y,0.61,Number of jobs per resident aged 16 to 64,Number of jobs per resident aged 16 to 64,,,,
E08000013,St. Helens,Local Authority District,Job density,2021-01-01/P1Y,0.65,Number of jobs per resident aged 16 to 64,Number of jobs per resident aged 16 to 64,,,,
E08000013,St. Helens,Local Authority District,Job density,2019-01-01/P1Y,0.62,Number of jobs per resident aged 16 to 64,Number of jobs per resident aged 16 to 64,,,,
E08000013,St. Helens,Local Authority District,Job density,2020-01-01/P1Y,0.62,Number of jobs per resident aged 16 to 64,Number of jobs per resident aged 16 to 64,,,,
E08000013,St. Helens,Local Authority District,Job density,2024-01-01/P1Y,0.61,Number of jobs per resident aged 16 to 64,Number of jobs per resident aged 16 to 64,,,,
E08000013,St. Helens,Local Authority District,Job density,2022-01-01/P1Y,0.64,Number of jobs per resident aged 16 to 64,Number of jobs per resident aged 16 to 64,,,,
E08000013,St. Helens,Local Authority District,Job density,2023-01-01/P1Y,0.65,Number of jobs per resident aged 16 to 64,Number of jobs per resident aged 16 to 64,,,,
E08000013,St. Helens,Local Authority District,Job density,2018-01-01/P1Y,0.62,Number of jobs per resident aged 16 to 64,Number of jobs per resident aged 16 to 64,,,,
E08000013,St. Helens,Local Authority District,Job density,2012-01-01/P1Y,0.61,Number of jobs per resident aged 16 to 64,Number of jobs per resident aged 16 to 64,,,,
E08000013,St. Helens,Local Authority District,Job density,2017-01-01/P1Y,0.65,Number of jobs per resident aged 16 to 64,Number of jobs per resident aged 16 to 64,,,,
E08000013,St. Helens,Local Authority District,Job density,2011-01-01/P1Y,0.59,Number of jobs per resident aged 16 to 64,Number of jobs per resident aged 16 to 64,,,,
E08000013,St. Helens,Local Authority District,Job density,2013-01-01/P1Y,0.6,Number of jobs per resident aged 16 to 64,Number of jobs per resident aged 16 to 64,,,,
E08000013,St. Helens,Local Authority District,Job density,2014-01-01/P1Y,0.61,Number of jobs per resident aged 16 to 64,Number of jobs per resident aged 16 to 64,,,,
E08000013,St. Helens,Local Authority District,Job density,2015-01-01/P1Y,0.61,Number of jobs per resident aged 16 to 64,Number of jobs per resident aged 16 to 64,,,,
E08000013,St. Helens,Local Authority District,Job density,2016-01-01/P1Y,0.62,Number of jobs per resident aged 16 to 64,Number of jobs per resident aged 16 to 64,,,,
E08000015,Wirral,Local Authority District,Job density,2021-01-01/P1Y,0.62,Number of jobs per resident aged 16 to 64,Number of jobs per resident aged 16 to 64,,,,
E08000015,Wirral,Local Authority District,Job density,2019-01-01/P1Y,0.62,Number of jobs per resident aged 16 to 64,Number of jobs per resident aged 16 to 64,,,,
E08000015,Wirral,Local Authority District,Job density,2020-01-01/P1Y,0.58,Number of jobs per resident aged 16 to 64,Number of jobs per resident aged 16 to 64,,,,
E08000015,Wirral,Local Authority District,Job density,2024-01-01/P1Y,0.62,Number of jobs per resident aged 16 to 64,Number of jobs per resident aged 16 to 64,,,,
E08000015,Wirral,Local Authority District,Job density,2022-01-01/P1Y,0.64,Number of jobs per resident aged 16 to 64,Number of jobs per resident aged 16 to 64,,,,
E08000015,Wirral,Local Authority District,Job density,2023-01-01/P1Y,0.62,Number of jobs per resident aged 16 to 64,Number of jobs per resident aged 16 to 64,,,,
E08000015,Wirral,Local Authority District,Job density,2018-01-01/P1Y,0.62,Number of jobs per resident aged 16 to 64,Number of jobs per resident aged 16 to 64,,,,
E08000015,Wirral,Local Authority District,Job density,2017-01-01/P1Y,0.64,Number of jobs per resident aged 16 to 64,Number of jobs per resident aged 16 to 64,,,,
E08000015,Wirral,Local Authority District,Job density,2011-01-01/P1Y,0.56,Number of jobs per resident aged 16 to 64,Number of jobs per resident aged 16 to 64,,,,
E08000015,Wirral,Local Authority District,Job density,2012-01-01/P1Y,0.56,Number of jobs per resident aged 16 to 64,Number of jobs per resident aged 16 to 64,,,,
E08000015,Wirral,Local Authority District,Job density,2013-01-01/P1Y,0.57,Number of jobs per resident aged 16 to 64,Number of jobs per resident aged 16 to 64,,,,
E08000015,Wirral,Local Authority District,Job density,2014-01-01/P1Y,0.57,Number of jobs per resident aged 16 to 64,Number of jobs per resident aged 16 to 64,,,,
E08000015,Wirral,Local Authority District,Job density,2015-01-01/P1Y,0.61,Number of jobs per resident aged 16 to 64,Number of jobs per resident aged 16 to 64,,,,
E08000015,Wirral,Local Authority District,Job density,2016-01-01/P1Y,0.58,Number of jobs per resident aged 16 to 64,Number of jobs per resident aged 16 to 64,,,,
E12000003,Yorkshire and The Humber,Region,Job density,2019-01-01/P1Y,0.82,Number of jobs per resident aged 16 to 64,Number of jobs per resident aged 16 to 64,,,,
E12000003,Yorkshire and The Humber,Region,Job density,2024-01-01/P1Y,0.8,Number of jobs per resident aged 16 to 64,Number of jobs per resident aged 16 to 64,,,,
E12000003,Yorkshire and The Humber,Region,Job density,2023-01-01/P1Y,0.81,Number of jobs per resident aged 16 to 64,Number of jobs per resident aged 16 to 64,,,,
E12000003,Yorkshire and The Humber,Region,Job density,2022-01-01/P1Y,0.81,Number of jobs per resident aged 16 to 64,Number of jobs per resident aged 16 to 64,,,,
E12000003,Yorkshire and The Humber,Region,Job density,2021-01-01/P1Y,0.81,Number of jobs per resident aged 16 to 64,Number of jobs per resident aged 16 to 64,,,,
E12000003,Yorkshire and The Humber,Region,Job density,2020-01-01/P1Y,0.79,Number of jobs per resident aged 16 to 64,Number of jobs per resident aged 16 to 64,,,,
E12000003,Yorkshire and The Humber,Region,Job density,2018-01-01/P1Y,0.81,Number of jobs per resident aged 16 to 64,Number of jobs per resident aged 16 to 64,,,,
E12000003,Yorkshire and The Humber,Region,Job density,2014-01-01/P1Y,0.76,Number of jobs per resident aged 16 to 64,Number of jobs per resident aged 16 to 64,,,,
E12000003,Yorkshire and The Humber,Region,Job density,2016-01-01/P1Y,0.8,Number of jobs per resident aged 16 to 64,Number of jobs per resident aged 16 to 64,,,,
E12000003,Yorkshire and The Humber,Region,Job density,2015-01-01/P1Y,0.79,Number of jobs per resident aged 16 to 64,Number of jobs per resident aged 16 to 64,,,,
E12000003,Yorkshire and The Humber,Region,Job density,2013-01-01/P1Y,0.74,Number of jobs per resident aged 16 to 64,Number of jobs per resident aged 16 to 64,,,,
E12000003,Yorkshire and The Humber,Region,Job density,2012-01-01/P1Y,0.73,Number of jobs per resident aged 16 to 64,Number of jobs per resident aged 16 to 64,,,,
E12000003,Yorkshire and The Humber,Region,Job density,2011-01-01/P1Y,0.74,Number of jobs per resident aged 16 to 64,Number of jobs per resident aged 16 to 64,,,,
E12000003,Yorkshire and The Humber,Region,Job density,2017-01-01/P1Y,0.81,Number of jobs per resident aged 16 to 64,Number of jobs per resident aged 16 to 64,,,,
E47000016,Hull and East Yorkshire,Combined Authority or City Region,Job density,2019-01-01/P1Y,0.78,Number of jobs per resident aged 16 to 64,Number of jobs per resident aged 16 to 64,,,,
E47000016,Hull and East Yorkshire,Combined Authority or City Region,Job density,2024-01-01/P1Y,0.76,Number of jobs per resident aged 16 to 64,Number of jobs per resident aged 16 to 64,,,,
E47000016,Hull and East Yorkshire,Combined Authority or City Region,Job density,2023-01-01/P1Y,0.77,Number of jobs per resident aged 16 to 64,Number of jobs per resident aged 16 to 64,,,,
E47000016,Hull and East Yorkshire,Combined Authority or City Region,Job density,2022-01-01/P1Y,0.77,Number of jobs per resident aged 16 to 64,Number of jobs per resident aged 16 to 64,,,,
E47000016,Hull and East Yorkshire,Combined Authority or City Region,Job density,2021-01-01/P1Y,0.76,Number of jobs per resident aged 16 to 64,Number of jobs per resident aged 16 to 64,,,,
E47000016,Hull and East Yorkshire,Combined Authority or City Region,Job density,2020-01-01/P1Y,0.75,Number of jobs per resident aged 16 to 64,Number of jobs per resident aged 16 to 64,,,,
E47000016,Hull and East Yorkshire,Combined Authority or City Region,Job density,2018-01-01/P1Y,0.78,Number of jobs per resident aged 16 to 64,Number of jobs per resident aged 16 to 64,,,,
E47000016,Hull and East Yorkshire,Combined Authority or City Region,Job density,2013-01-01/P1Y,0.69,Number of jobs per resident aged 16 to 64,Number of jobs per resident aged 16 to 64,,,,
E47000016,Hull and East Yorkshire,Combined Authority or City Region,Job density,2016-01-01/P1Y,0.75,Number of jobs per resident aged 16 to 64,Number of jobs per resident aged 16 to 64,,,,
E47000016,Hull and East Yorkshire,Combined Authority or City Region,Job density,2015-01-01/P1Y,0.73,Number of jobs per resident aged 16 to 64,Number of jobs per resident aged 16 to 64,,,,
E47000016,Hull and East Yorkshire,Combined Authority or City Region,Job density,2014-01-01/P1Y,0.72,Number of jobs per resident aged 16 to 64,Number of jobs per resident aged 16 to 64,,,,
E47000016,Hull and East Yorkshire,Combined Authority or City Region,Job density,2017-01-01/P1Y,0.78,Number of jobs per resident aged 16 to 64,Number of jobs per resident aged 16 to 64,,,,
E47000016,Hull and East Yorkshire,Combined Authority or City Region,Job density,2012-01-01/P1Y,0.68,Number of jobs per resident aged 16 to 64,Number of jobs per resident aged 16 to 64,,,,
E47000016,Hull and East Yorkshire,Combined Authority or City Region,Job density,2011-01-01/P1Y,0.7,Number of jobs per resident aged 16 to 64,Number of jobs per resident aged 16 to 64,,,,
E06000011,East Riding of Yorkshire,County or Unitary Authority,Job density,2019-01-01/P1Y,0.76,Number of jobs per resident aged 16 to 64,Number of jobs per resident aged 16 to 64,,,,
E06000011,East Riding of Yorkshire,County or Unitary Authority,Job density,2020-01-01/P1Y,0.71,Number of jobs per resident aged 16 to 64,Number of jobs per resident aged 16 to 64,,,,
E06000011,East Riding of Yorkshire,County or Unitary Authority,Job density,2021-01-01/P1Y,0.74,Number of jobs per resident aged 16 to 64,Number of jobs per resident aged 16 to 64,,,,
E06000011,East Riding of Yorkshire,County or Unitary Authority,Job density,2023-01-01/P1Y,0.75,Number of jobs per resident aged 16 to 64,Number of jobs per resident aged 16 to 64,,,,
E06000011,East Riding of Yorkshire,County or Unitary Authority,Job density,2022-01-01/P1Y,0.75,Number of jobs per resident aged 16 to 64,Number of jobs per resident aged 16 to 64,,,,
E06000011,East Riding of Yorkshire,County or Unitary Authority,Job density,2018-01-01/P1Y,0.76,Number of jobs per resident aged 16 to 64,Number of jobs per resident aged 16 to 64,,,,
E06000011,East Riding of Yorkshire,County or Unitary Authority,Job density,2024-01-01/P1Y,0.75,Number of jobs per resident aged 16 to 64,Number of jobs per resident aged 16 to 64,,,,
E06000011,East Riding of Yorkshire,County or Unitary Authority,Job density,2017-01-01/P1Y,0.76,Number of jobs per resident aged 16 to 64,Number of jobs per resident aged 16 to 64,,,,
E06000011,East Riding of Yorkshire,County or Unitary Authority,Job density,2011-01-01/P1Y,0.66,Number of jobs per resident aged 16 to 64,Number of jobs per resident aged 16 to 64,,,,
E06000011,East Riding of Yorkshire,County or Unitary Authority,Job density,2012-01-01/P1Y,0.64,Number of jobs per resident aged 16 to 64,Number of jobs per resident aged 16 to 64,,,,
E06000011,East Riding of Yorkshire,County or Unitary Authority,Job density,2013-01-01/P1Y,0.65,Number of jobs per resident aged 16 to 64,Number of jobs per resident aged 16 to 64,,,,
E06000011,East Riding of Yorkshire,County or Unitary Authority,Job density,2014-01-01/P1Y,0.69,Number of jobs per resident aged 16 to 64,Number of jobs per resident aged 16 to 64,,,,
E06000011,East Riding of Yorkshire,County or Unitary Authority,Job density,2015-01-01/P1Y,0.7,Number of jobs per resident aged 16 to 64,Number of jobs per resident aged 16 to 64,,,,
E06000011,East Riding of Yorkshire,County or Unitary Authority,Job density,2016-01-01/P1Y,0.75,Number of jobs per resident aged 16 to 64,Number of jobs per resident aged 16 to 64,,,,
E06000010,"Kingston upon Hull, City of",County or Unitary Authority,Job density,2019-01-01/P1Y,0.79,Number of jobs per resident aged 16 to 64,Number of jobs per resident aged 16 to 64,,,,
E06000010,"Kingston upon Hull, City of",County or Unitary Authority,Job density,2020-01-01/P1Y,0.79,Number of jobs per resident aged 16 to 64,Number of jobs per resident aged 16 to 64,,,,
E06000010,"Kingston upon Hull, City of",County or Unitary Authority,Job density,2021-01-01/P1Y,0.79,Number of jobs per resident aged 16 to 64,Number of jobs per resident aged 16 to 64,,,,
E06000010,"Kingston upon Hull, City of",County or Unitary Authority,Job density,2022-01-01/P1Y,0.8,Number of jobs per resident aged 16 to 64,Number of jobs per resident aged 16 to 64,,,,
E06000010,"Kingston upon Hull, City of",County or Unitary Authority,Job density,2023-01-01/P1Y,0.79,Number of jobs per resident aged 16 to 64,Number of jobs per resident aged 16 to 64,,,,
E06000010,"Kingston upon Hull, City of",County or Unitary Authority,Job density,2024-01-01/P1Y,0.77,Number of jobs per resident aged 16 to 64,Number of jobs per resident aged 16 to 64,,,,
E06000010,"Kingston upon Hull, City of",County or Unitary Authority,Job density,2018-01-01/P1Y,0.8,Number of jobs per resident aged 16 to 64,Number of jobs per resident aged 16 to 64,,,,
E06000010,"Kingston upon Hull, City of",County or Unitary Authority,Job density,2017-01-01/P1Y,0.8,Number of jobs per resident aged 16 to 64,Number of jobs per resident aged 16 to 64,,,,
E06000010,"Kingston upon Hull, City of",County or Unitary Authority,Job density,2011-01-01/P1Y,0.74,Number of jobs per resident aged 16 to 64,Number of jobs per resident aged 16 to 64,,,,
E06000010,"Kingston upon Hull, City of",County or Unitary Authority,Job density,2012-01-01/P1Y,0.73,Number of jobs per resident aged 16 to 64,Number of jobs per resident aged 16 to 64,,,,
E06000010,"Kingston upon Hull, City of",County or Unitary Authority,Job density,2013-01-01/P1Y,0.75,Number of jobs per resident aged 16 to 64,Number of jobs per resident aged 16 to 64,,,,
E06000010,"Kingston upon Hull, City of",County or Unitary Authority,Job density,2014-01-01/P1Y,0.75,Number of jobs per resident aged 16 to 64,Number of jobs per resident aged 16 to 64,,,,
E06000010,"Kingston upon Hull, City of",County or Unitary Authority,Job density,2015-01-01/P1Y,0.75,Number of jobs per resident aged 16 to 64,Number of jobs per resident aged 16 to 64,,,,
E06000010,"Kingston upon Hull, City of",County or Unitary Authority,Job density,2016-01-01/P1Y,0.76,Number of jobs per resident aged 16 to 64,Number of jobs per resident aged 16 to 64,,,,
E47000017,Greater Lincolnshire,Combined Authority or City Region,Job density,2019-01-01/P1Y,0.78,Number of jobs per resident aged 16 to 64,Number of jobs per resident aged 16 to 64,,,,
E47000017,Greater Lincolnshire,Combined Authority or City Region,Job density,2024-01-01/P1Y,0.77,Number of jobs per resident aged 16 to 64,Number of jobs per resident aged 16 to 64,,,,
E47000017,Greater Lincolnshire,Combined Authority or City Region,Job density,2023-01-01/P1Y,0.77,Number of jobs per resident aged 16 to 64,Number of jobs per resident aged 16 to 64,,,,
E47000017,Greater Lincolnshire,Combined Authority or City Region,Job density,2022-01-01/P1Y,0.78,Number of jobs per resident aged 16 to 64,Number of jobs per resident aged 16 to 64,,,,
E47000017,Greater Lincolnshire,Combined Authority or City Region,Job density,2021-01-01/P1Y,0.79,Number of jobs per resident aged 16 to 64,Number of jobs per resident aged 16 to 64,,,,
E47000017,Greater Lincolnshire,Combined Authority or City Region,Job density,2020-01-01/P1Y,0.78,Number of jobs per resident aged 16 to 64,Number of jobs per resident aged 16 to 64,,,,
E47000017,Greater Lincolnshire,Combined Authority or City Region,Job density,2018-01-01/P1Y,0.78,Number of jobs per resident aged 16 to 64,Number of jobs per resident aged 16 to 64,,,,
E47000017,Greater Lincolnshire,Combined Authority or City Region,Job density,2017-01-01/P1Y,0.79,Number of jobs per resident aged 16 to 64,Number of jobs per resident aged 16 to 64,,,,
E47000017,Greater Lincolnshire,Combined Authority or City Region,Job density,2016-01-01/P1Y,0.78,Number of jobs per resident aged 16 to 64,Number of jobs per resident aged 16 to 64,,,,
E47000017,Greater Lincolnshire,Combined Authority or City Region,Job density,2015-01-01/P1Y,0.76,Number of jobs per resident aged 16 to 64,Number of jobs per resident aged 16 to 64,,,,
E47000017,Greater Lincolnshire,Combined Authority or City Region,Job density,2014-01-01/P1Y,0.74,Number of jobs per resident aged 16 to 64,Number of jobs per resident aged 16 to 64,,,,
E47000017,Greater Lincolnshire,Combined Authority or City Region,Job density,2013-01-01/P1Y,0.72,Number of jobs per resident aged 16 to 64,Number of jobs per resident aged 16 to 64,,,,
E47000017,Greater Lincolnshire,Combined Authority or City Region,Job density,2012-01-01/P1Y,0.72,Number of jobs per resident aged 16 to 64,Number of jobs per resident aged 16 to 64,,,,
E47000017,Greater Lincolnshire,Combined Authority or City Region,Job density,2011-01-01/P1Y,0.74,Number of jobs per resident aged 16 to 64,Number of jobs per resident aged 16 to 64,,,,
E06000012,North East Lincolnshire,County or Unitary Authority,Job density,2019-01-01/P1Y,0.77,Number of jobs per resident aged 16 to 64,Number of jobs per resident aged 16 to 64,,,,
E06000012,North East Lincolnshire,County or Unitary Authority,Job density,2020-01-01/P1Y,0.77,Number of jobs per resident aged 16 to 64,Number of jobs per resident aged 16 to 64,,,,
E06000012,North East Lincolnshire,County or Unitary Authority,Job density,2021-01-01/P1Y,0.83,Number of jobs per resident aged 16 to 64,Number of jobs per resident aged 16 to 64,,,,
E06000012,North East Lincolnshire,County or Unitary Authority,Job density,2024-01-01/P1Y,0.78,Number of jobs per resident aged 16 to 64,Number of jobs per resident aged 16 to 64,,,,
E06000012,North East Lincolnshire,County or Unitary Authority,Job density,2022-01-01/P1Y,0.78,Number of jobs per resident aged 16 to 64,Number of jobs per resident aged 16 to 64,,,,
E06000012,North East Lincolnshire,County or Unitary Authority,Job density,2018-01-01/P1Y,0.78,Number of jobs per resident aged 16 to 64,Number of jobs per resident aged 16 to 64,,,,
E06000012,North East Lincolnshire,County or Unitary Authority,Job density,2023-01-01/P1Y,0.8,Number of jobs per resident aged 16 to 64,Number of jobs per resident aged 16 to 64,,,,
E06000012,North East Lincolnshire,County or Unitary Authority,Job density,2014-01-01/P1Y,0.74,Number of jobs per resident aged 16 to 64,Number of jobs per resident aged 16 to 64,,,,
E06000012,North East Lincolnshire,County or Unitary Authority,Job density,2017-01-01/P1Y,0.8,Number of jobs per resident aged 16 to 64,Number of jobs per resident aged 16 to 64,,,,
E06000012,North East Lincolnshire,County or Unitary Authority,Job density,2011-01-01/P1Y,0.73,Number of jobs per resident aged 16 to 64,Number of jobs per resident aged 16 to 64,,,,
E06000012,North East Lincolnshire,County or Unitary Authority,Job density,2012-01-01/P1Y,0.71,Number of jobs per resident aged 16 to 64,Number of jobs per resident aged 16 to 64,,,,
E06000012,North East Lincolnshire,County or Unitary Authority,Job density,2013-01-01/P1Y,0.71,Number of jobs per resident aged 16 to 64,Number of jobs per resident aged 16 to 64,,,,
E06000012,North East Lincolnshire,County or Unitary Authority,Job density,2015-01-01/P1Y,0.78,Number of jobs per resident aged 16 to 64,Number of jobs per resident aged 16 to 64,,,,
E06000012,North East Lincolnshire,County or Unitary Authority,Job density,2016-01-01/P1Y,0.78,Number of jobs per resident aged 16 to 64,Number of jobs per resident aged 16 to 64,,,,
E06000013,North Lincolnshire,County or Unitary Authority,Job density,2020-01-01/P1Y,0.83,Number of jobs per resident aged 16 to 64,Number of jobs per resident aged 16 to 64,,,,
E06000013,North Lincolnshire,County or Unitary Authority,Job density,2019-01-01/P1Y,0.82,Number of jobs per resident aged 16 to 64,Number of jobs per resident aged 16 to 64,,,,
E06000013,North Lincolnshire,County or Unitary Authority,Job density,2021-01-01/P1Y,0.88,Number of jobs per resident aged 16 to 64,Number of jobs per resident aged 16 to 64,,,,
E06000013,North Lincolnshire,County or Unitary Authority,Job density,2018-01-01/P1Y,0.81,Number of jobs per resident aged 16 to 64,Number of jobs per resident aged 16 to 64,,,,
E06000013,North Lincolnshire,County or Unitary Authority,Job density,2022-01-01/P1Y,0.86,Number of jobs per resident aged 16 to 64,Number of jobs per resident aged 16 to 64,,,,
E06000013,North Lincolnshire,County or Unitary Authority,Job density,2024-01-01/P1Y,0.83,Number of jobs per resident aged 16 to 64,Number of jobs per resident aged 16 to 64,,,,
E06000013,North Lincolnshire,County or Unitary Authority,Job density,2023-01-01/P1Y,0.85,Number of jobs per resident aged 16 to 64,Number of jobs per resident aged 16 to 64,,,,
E06000013,North Lincolnshire,County or Unitary Authority,Job density,2017-01-01/P1Y,0.79,Number of jobs per resident aged 16 to 64,Number of jobs per resident aged 16 to 64,,,,
E06000013,North Lincolnshire,County or Unitary Authority,Job density,2011-01-01/P1Y,0.71,Number of jobs per resident aged 16 to 64,Number of jobs per resident aged 16 to 64,,,,
E06000013,North Lincolnshire,County or Unitary Authority,Job density,2012-01-01/P1Y,0.7,Number of jobs per resident aged 16 to 64,Number of jobs per resident aged 16 to 64,,,,
E06000013,North Lincolnshire,County or Unitary Authority,Job density,2013-01-01/P1Y,0.71,Number of jobs per resident aged 16 to 64,Number of jobs per resident aged 16 to 64,,,,
E06000013,North Lincolnshire,County or Unitary Authority,Job density,2014-01-01/P1Y,0.74,Number of jobs per resident aged 16 to 64,Number of jobs per resident aged 16 to 64,,,,
E06000013,North Lincolnshire,County or Unitary Authority,Job density,2015-01-01/P1Y,0.75,Number of jobs per resident aged 16 to 64,Number of jobs per resident aged 16 to 64,,,,
E06000013,North Lincolnshire,County or Unitary Authority,Job density,2016-01-01/P1Y,0.78,Number of jobs per resident aged 16 to 64,Number of jobs per resident aged 16 to 64,,,,
E47000012,York and North Yorkshire,Combined Authority or City Region,Job density,2024-01-01/P1Y,0.95,Number of jobs per resident aged 16 to 64,Number of jobs per resident aged 16 to 64,,,,
E47000012,York and North Yorkshire,Combined Authority or City Region,Job density,2023-01-01/P1Y,0.98,Number of jobs per resident aged 16 to 64,Number of jobs per resident aged 16 to 64,,,,
E47000012,York and North Yorkshire,Combined Authority or City Region,Job density,2022-01-01/P1Y,0.93,Number of jobs per resident aged 16 to 64,Number of jobs per resident aged 16 to 64,,,,
E47000012,York and North Yorkshire,Combined Authority or City Region,Job density,2020-01-01/P1Y,0.91,Number of jobs per resident aged 16 to 64,Number of jobs per resident aged 16 to 64,,,,
E47000012,York and North Yorkshire,Combined Authority or City Region,Job density,2019-01-01/P1Y,0.94,Number of jobs per resident aged 16 to 64,Number of jobs per resident aged 16 to 64,,,,
E47000012,York and North Yorkshire,Combined Authority or City Region,Job density,2018-01-01/P1Y,0.95,Number of jobs per resident aged 16 to 64,Number of jobs per resident aged 16 to 64,,,,
E47000012,York and North Yorkshire,Combined Authority or City Region,Job density,2021-01-01/P1Y,0.94,Number of jobs per resident aged 16 to 64,Number of jobs per resident aged 16 to 64,,,,
E47000012,York and North Yorkshire,Combined Authority or City Region,Job density,2016-01-01/P1Y,0.94,Number of jobs per resident aged 16 to 64,Number of jobs per resident aged 16 to 64,,,,
E47000012,York and North Yorkshire,Combined Authority or City Region,Job density,2015-01-01/P1Y,0.93,Number of jobs per resident aged 16 to 64,Number of jobs per resident aged 16 to 64,,,,
E47000012,York and North Yorkshire,Combined Authority or City Region,Job density,2014-01-01/P1Y,0.88,Number of jobs per resident aged 16 to 64,Number of jobs per resident aged 16 to 64,,,,
E47000012,York and North Yorkshire,Combined Authority or City Region,Job density,2013-01-01/P1Y,0.87,Number of jobs per resident aged 16 to 64,Number of jobs per resident aged 16 to 64,,,,
E47000012,York and North Yorkshire,Combined Authority or City Region,Job density,2012-01-01/P1Y,0.86,Number of jobs per resident aged 16 to 64,Number of jobs per resident aged 16 to 64,,,,
E47000012,York and North Yorkshire,Combined Authority or City Region,Job density,2011-01-01/P1Y,0.85,Number of jobs per resident aged 16 to 64,Number of jobs per resident aged 16 to 64,,,,
E47000012,York and North Yorkshire,Combined Authority or City Region,Job density,2017-01-01/P1Y,0.94,Number of jobs per resident aged 16 to 64,Number of jobs per resident aged 16 to 64,,,,
E06000014,York,County or Unitary Authority,Job density,2019-01-01/P1Y,0.93,Number of jobs per resident aged 16 to 64,Number of jobs per resident aged 16 to 64,,,,
E06000014,York,County or Unitary Authority,Job density,2024-01-01/P1Y,0.96,Number of jobs per resident aged 16 to 64,Number of jobs per resident aged 16 to 64,,,,
E06000014,York,County or Unitary Authority,Job density,2020-01-01/P1Y,0.94,Number of jobs per resident aged 16 to 64,Number of jobs per resident aged 16 to 64,,,,
E06000014,York,County or Unitary Authority,Job density,2021-01-01/P1Y,0.97,Number of jobs per resident aged 16 to 64,Number of jobs per resident aged 16 to 64,,,,
E06000014,York,County or Unitary Authority,Job density,2022-01-01/P1Y,0.93,Number of jobs per resident aged 16 to 64,Number of jobs per resident aged 16 to 64,,,,
E06000014,York,County or Unitary Authority,Job density,2023-01-01/P1Y,0.97,Number of jobs per resident aged 16 to 64,Number of jobs per resident aged 16 to 64,,,,
E06000014,York,County or Unitary Authority,Job density,2018-01-01/P1Y,0.94,Number of jobs per resident aged 16 to 64,Number of jobs per resident aged 16 to 64,,,,
E06000014,York,County or Unitary Authority,Job density,2016-01-01/P1Y,0.88,Number of jobs per resident aged 16 to 64,Number of jobs per resident aged 16 to 64,,,,
E06000014,York,County or Unitary Authority,Job density,2017-01-01/P1Y,0.91,Number of jobs per resident aged 16 to 64,Number of jobs per resident aged 16 to 64,,,,
E06000014,York,County or Unitary Authority,Job density,2011-01-01/P1Y,0.88,Number of jobs per resident aged 16 to 64,Number of jobs per resident aged 16 to 64,,,,
E06000014,York,County or Unitary Authority,Job density,2012-01-01/P1Y,0.88,Number of jobs per resident aged 16 to 64,Number of jobs per resident aged 16 to 64,,,,
E06000014,York,County or Unitary Authority,Job density,2013-01-01/P1Y,0.86,Number of jobs per resident aged 16 to 64,Number of jobs per resident aged 16 to 64,,,,
E06000014,York,County or Unitary Authority,Job density,2014-01-01/P1Y,0.88,Number of jobs per resident aged 16 to 64,Number of jobs per resident aged 16 to 64,,,,
E06000014,York,County or Unitary Authority,Job density,2015-01-01/P1Y,0.87,Number of jobs per resident aged 16 to 64,Number of jobs per resident aged 16 to 64,,,,
E06000065,North Yorkshire,County or Unitary Authority,Job density,2018-01-01/P1Y,0.96,Number of jobs per resident aged 16 to 64,Number of jobs per resident aged 16 to 64,,,,
E06000065,North Yorkshire,County or Unitary Authority,Job density,2019-01-01/P1Y,0.95,Number of jobs per resident aged 16 to 64,Number of jobs per resident aged 16 to 64,,,,
E06000065,North Yorkshire,County or Unitary Authority,Job density,2020-01-01/P1Y,0.91,Number of jobs per resident aged 16 to 64,Number of jobs per resident aged 16 to 64,,,,
E06000065,North Yorkshire,County or Unitary Authority,Job density,2022-01-01/P1Y,0.93,Number of jobs per resident aged 16 to 64,Number of jobs per resident aged 16 to 64,,,,
E06000065,North Yorkshire,County or Unitary Authority,Job density,2021-01-01/P1Y,0.92,Number of jobs per resident aged 16 to 64,Number of jobs per resident aged 16 to 64,,,,
E06000065,North Yorkshire,County or Unitary Authority,Job density,2023-01-01/P1Y,0.98,Number of jobs per resident aged 16 to 64,Number of jobs per resident aged 16 to 64,,,,
E06000065,North Yorkshire,County or Unitary Authority,Job density,2024-01-01/P1Y,0.95,Number of jobs per resident aged 16 to 64,Number of jobs per resident aged 16 to 64,,,,
E06000065,North Yorkshire,County or Unitary Authority,Job density,2017-01-01/P1Y,0.95,Number of jobs per resident aged 16 to 64,Number of jobs per resident aged 16 to 64,,,,
E06000065,North Yorkshire,County or Unitary Authority,Job density,2016-01-01/P1Y,0.96,Number of jobs per resident aged 16 to 64,Number of jobs per resident aged 16 to 64,,,,
E06000065,North Yorkshire,County or Unitary Authority,Job density,2011-01-01/P1Y,0.83,Number of jobs per resident aged 16 to 64,Number of jobs per resident aged 16 to 64,,,,
E06000065,North Yorkshire,County or Unitary Authority,Job density,2012-01-01/P1Y,0.85,Number of jobs per resident aged 16 to 64,Number of jobs per resident aged 16 to 64,,,,
E06000065,North Yorkshire,County or Unitary Authority,Job density,2013-01-01/P1Y,0.88,Number of jobs per resident aged 16 to 64,Number of jobs per resident aged 16 to 64,,,,
E06000065,North Yorkshire,County or Unitary Authority,Job density,2014-01-01/P1Y,0.88,Number of jobs per resident aged 16 to 64,Number of jobs per resident aged 16 to 64,,,,
E06000065,North Yorkshire,County or Unitary Authority,Job density,2015-01-01/P1Y,0.95,Number of jobs per resident aged 16 to 64,Number of jobs per resident aged 16 to 64,,,,
E47000002,South Yorkshire,Combined Authority or City Region,Job density,2020-01-01/P1Y,0.74,Number of jobs per resident aged 16 to 64,Number of jobs per resident aged 16 to 64,,,,
E47000002,South Yorkshire,Combined Authority or City Region,Job density,2024-01-01/P1Y,0.73,Number of jobs per resident aged 16 to 64,Number of jobs per resident aged 16 to 64,,,,
E47000002,South Yorkshire,Combined Authority or City Region,Job density,2023-01-01/P1Y,0.73,Number of jobs per resident aged 16 to 64,Number of jobs per resident aged 16 to 64,,,,
E47000002,South Yorkshire,Combined Authority or City Region,Job density,2022-01-01/P1Y,0.75,Number of jobs per resident aged 16 to 64,Number of jobs per resident aged 16 to 64,,,,
E47000002,South Yorkshire,Combined Authority or City Region,Job density,2021-01-01/P1Y,0.75,Number of jobs per resident aged 16 to 64,Number of jobs per resident aged 16 to 64,,,,
E47000002,South Yorkshire,Combined Authority or City Region,Job density,2019-01-01/P1Y,0.75,Number of jobs per resident aged 16 to 64,Number of jobs per resident aged 16 to 64,,,,
E47000002,South Yorkshire,Combined Authority or City Region,Job density,2018-01-01/P1Y,0.74,Number of jobs per resident aged 16 to 64,Number of jobs per resident aged 16 to 64,,,,
E47000002,South Yorkshire,Combined Authority or City Region,Job density,2016-01-01/P1Y,0.74,Number of jobs per resident aged 16 to 64,Number of jobs per resident aged 16 to 64,,,,
E47000002,South Yorkshire,Combined Authority or City Region,Job density,2015-01-01/P1Y,0.72,Number of jobs per resident aged 16 to 64,Number of jobs per resident aged 16 to 64,,,,
E47000002,South Yorkshire,Combined Authority or City Region,Job density,2014-01-01/P1Y,0.7,Number of jobs per resident aged 16 to 64,Number of jobs per resident aged 16 to 64,,,,
E47000002,South Yorkshire,Combined Authority or City Region,Job density,2013-01-01/P1Y,0.67,Number of jobs per resident aged 16 to 64,Number of jobs per resident aged 16 to 64,,,,
E47000002,South Yorkshire,Combined Authority or City Region,Job density,2012-01-01/P1Y,0.66,Number of jobs per resident aged 16 to 64,Number of jobs per resident aged 16 to 64,,,,
E47000002,South Yorkshire,Combined Authority or City Region,Job density,2011-01-01/P1Y,0.67,Number of jobs per resident aged 16 to 64,Number of jobs per resident aged 16 to 64,,,,
E47000002,South Yorkshire,Combined Authority or City Region,Job density,2017-01-01/P1Y,0.74,Number of jobs per resident aged 16 to 64,Number of jobs per resident aged 16 to 64,,,,
E08000016,Barnsley,Local Authority District,Job density,2018-01-01/P1Y,0.64,Number of jobs per resident aged 16 to 64,Number of jobs per resident aged 16 to 64,,,,Obsolete code since 2025 (replaced by E08000038 Barnsley)
E08000016,Barnsley,Local Authority District,Job density,2019-01-01/P1Y,0.65,Number of jobs per resident aged 16 to 64,Number of jobs per resident aged 16 to 64,,,,Obsolete code since 2025 (replaced by E08000038 Barnsley)
E08000016,Barnsley,Local Authority District,Job density,2020-01-01/P1Y,0.61,Number of jobs per resident aged 16 to 64,Number of jobs per resident aged 16 to 64,,,,Obsolete code since 2025 (replaced by E08000038 Barnsley)
E08000016,Barnsley,Local Authority District,Job density,2021-01-01/P1Y,0.63,Number of jobs per resident aged 16 to 64,Number of jobs per resident aged 16 to 64,,,,Obsolete code since 2025 (replaced by E08000038 Barnsley)
E08000016,Barnsley,Local Authority District,Job density,2022-01-01/P1Y,0.62,Number of jobs per resident aged 16 to 64,Number of jobs per resident aged 16 to 64,,,,Obsolete code since 2025 (replaced by E08000038 Barnsley)
E08000016,Barnsley,Local Authority District,Job density,2023-01-01/P1Y,0.61,Number of jobs per resident aged 16 to 64,Number of jobs per resident aged 16 to 64,,,,Obsolete code since 2025 (replaced by E08000038 Barnsley)
E08000016,Barnsley,Local Authority District,Job density,2024-01-01/P1Y,0.62,Number of jobs per resident aged 16 to 64,Number of jobs per resident aged 16 to 64,,,,Obsolete code since 2025 (replaced by E08000038 Barnsley)
E08000016,Barnsley,Local Authority District,Job density,2014-01-01/P1Y,0.58,Number of jobs per resident aged 16 to 64,Number of jobs per resident aged 16 to 64,,,,Obsolete code since 2025 (replaced by E08000038 Barnsley)
E08000016,Barnsley,Local Authority District,Job density,2017-01-01/P1Y,0.6,Number of jobs per resident aged 16 to 64,Number of jobs per resident aged 16 to 64,,,,Obsolete code since 2025 (replaced by E08000038 Barnsley)
E08000016,Barnsley,Local Authority District,Job density,2011-01-01/P1Y,0.54,Number of jobs per resident aged 16 to 64,Number of jobs per resident aged 16 to 64,,,,Obsolete code since 2025 (replaced by E08000038 Barnsley)
E08000016,Barnsley,Local Authority District,Job density,2012-01-01/P1Y,0.53,Number of jobs per resident aged 16 to 64,Number of jobs per resident aged 16 to 64,,,,Obsolete code since 2025 (replaced by E08000038 Barnsley)
E08000016,Barnsley,Local Authority District,Job density,2013-01-01/P1Y,0.57,Number of jobs per resident aged 16 to 64,Number of jobs per resident aged 16 to 64,,,,Obsolete code since 2025 (replaced by E08000038 Barnsley)
E08000016,Barnsley,Local Authority District,Job density,2015-01-01/P1Y,0.59,Number of jobs per resident aged 16 to 64,Number of jobs per resident aged 16 to 64,,,,Obsolete code since 2025 (replaced by E08000038 Barnsley)
E08000016,Barnsley,Local Authority District,Job density,2016-01-01/P1Y,0.6,Number of jobs per resident aged 16 to 64,Number of jobs per resident aged 16 to 64,,,,Obsolete code since 2025 (replaced by E08000038 Barnsley)
E08000017,Doncaster,Local Authority District,Job density,2020-01-01/P1Y,0.71,Number of jobs per resident aged 16 to 64,Number of jobs per resident aged 16 to 64,,,,
E08000017,Doncaster,Local Authority District,Job density,2019-01-01/P1Y,0.73,Number of jobs per resident aged 16 to 64,Number of jobs per resident aged 16 to 64,,,,
E08000017,Doncaster,Local Authority District,Job density,2021-01-01/P1Y,0.72,Number of jobs per resident aged 16 to 64,Number of jobs per resident aged 16 to 64,,,,
E08000017,Doncaster,Local Authority District,Job density,2018-01-01/P1Y,0.72,Number of jobs per resident aged 16 to 64,Number of jobs per resident aged 16 to 64,,,,
E08000017,Doncaster,Local Authority District,Job density,2022-01-01/P1Y,0.78,Number of jobs per resident aged 16 to 64,Number of jobs per resident aged 16 to 64,,,,
E08000017,Doncaster,Local Authority District,Job density,2023-01-01/P1Y,0.75,Number of jobs per resident aged 16 to 64,Number of jobs per resident aged 16 to 64,,,,
E08000017,Doncaster,Local Authority District,Job density,2024-01-01/P1Y,0.79,Number of jobs per resident aged 16 to 64,Number of jobs per resident aged 16 to 64,,,,
E08000017,Doncaster,Local Authority District,Job density,2017-01-01/P1Y,0.74,Number of jobs per resident aged 16 to 64,Number of jobs per resident aged 16 to 64,,,,
E08000017,Doncaster,Local Authority District,Job density,2011-01-01/P1Y,0.64,Number of jobs per resident aged 16 to 64,Number of jobs per resident aged 16 to 64,,,,
E08000017,Doncaster,Local Authority District,Job density,2012-01-01/P1Y,0.63,Number of jobs per resident aged 16 to 64,Number of jobs per resident aged 16 to 64,,,,
E08000017,Doncaster,Local Authority District,Job density,2013-01-01/P1Y,0.66,Number of jobs per resident aged 16 to 64,Number of jobs per resident aged 16 to 64,,,,
E08000017,Doncaster,Local Authority District,Job density,2014-01-01/P1Y,0.67,Number of jobs per resident aged 16 to 64,Number of jobs per resident aged 16 to 64,,,,
E08000017,Doncaster,Local Authority District,Job density,2015-01-01/P1Y,0.72,Number of jobs per resident aged 16 to 64,Number of jobs per resident aged 16 to 64,,,,
E08000017,Doncaster,Local Authority District,Job density,2016-01-01/P1Y,0.72,Number of jobs per resident aged 16 to 64,Number of jobs per resident aged 16 to 64,,,,
E08000018,Rotherham,Local Authority District,Job density,2019-01-01/P1Y,0.69,Number of jobs per resident aged 16 to 64,Number of jobs per resident aged 16 to 64,,,,
E08000018,Rotherham,Local Authority District,Job density,2020-01-01/P1Y,0.72,Number of jobs per resident aged 16 to 64,Number of jobs per resident aged 16 to 64,,,,
E08000018,Rotherham,Local Authority District,Job density,2021-01-01/P1Y,0.71,Number of jobs per resident aged 16 to 64,Number of jobs per resident aged 16 to 64,,,,
E08000018,Rotherham,Local Authority District,Job density,2023-01-01/P1Y,0.62,Number of jobs per resident aged 16 to 64,Number of jobs per resident aged 16 to 64,,,,
E08000018,Rotherham,Local Authority District,Job density,2022-01-01/P1Y,0.69,Number of jobs per resident aged 16 to 64,Number of jobs per resident aged 16 to 64,,,,
E08000018,Rotherham,Local Authority District,Job density,2024-01-01/P1Y,0.65,Number of jobs per resident aged 16 to 64,Number of jobs per resident aged 16 to 64,,,,
E08000018,Rotherham,Local Authority District,Job density,2018-01-01/P1Y,0.7,Number of jobs per resident aged 16 to 64,Number of jobs per resident aged 16 to 64,,,,
E08000018,Rotherham,Local Authority District,Job density,2017-01-01/P1Y,0.69,Number of jobs per resident aged 16 to 64,Number of jobs per resident aged 16 to 64,,,,
E08000018,Rotherham,Local Authority District,Job density,2011-01-01/P1Y,0.64,Number of jobs per resident aged 16 to 64,Number of jobs per resident aged 16 to 64,,,,
E08000018,Rotherham,Local Authority District,Job density,2012-01-01/P1Y,0.64,Number of jobs per resident aged 16 to 64,Number of jobs per resident aged 16 to 64,,,,
E08000018,Rotherham,Local Authority District,Job density,2013-01-01/P1Y,0.63,Number of jobs per resident aged 16 to 64,Number of jobs per resident aged 16 to 64,,,,
E08000018,Rotherham,Local Authority District,Job density,2014-01-01/P1Y,0.68,Number of jobs per resident aged 16 to 64,Number of jobs per resident aged 16 to 64,,,,
E08000018,Rotherham,Local Authority District,Job density,2015-01-01/P1Y,0.7,Number of jobs per resident aged 16 to 64,Number of jobs per resident aged 16 to 64,,,,
E08000018,Rotherham,Local Authority District,Job density,2016-01-01/P1Y,0.74,Number of jobs per resident aged 16 to 64,Number of jobs per resident aged 16 to 64,,,,
E08000019,Sheffield,Local Authority District,Job density,2019-01-01/P1Y,0.83,Number of jobs per resident aged 16 to 64,Number of jobs per resident aged 16 to 64,,,,Obsolete code since 2025 (replaced by E08000039 Sheffield)
E08000019,Sheffield,Local Authority District,Job density,2020-01-01/P1Y,0.81,Number of jobs per resident aged 16 to 64,Number of jobs per resident aged 16 to 64,,,,Obsolete code since 2025 (replaced by E08000039 Sheffield)
E08000019,Sheffield,Local Authority District,Job density,2021-01-01/P1Y,0.82,Number of jobs per resident aged 16 to 64,Number of jobs per resident aged 16 to 64,,,,Obsolete code since 2025 (replaced by E08000039 Sheffield)
E08000019,Sheffield,Local Authority District,Job density,2023-01-01/P1Y,0.83,Number of jobs per resident aged 16 to 64,Number of jobs per resident aged 16 to 64,,,,Obsolete code since 2025 (replaced by E08000039 Sheffield)
E08000019,Sheffield,Local Authority District,Job density,2022-01-01/P1Y,0.82,Number of jobs per resident aged 16 to 64,Number of jobs per resident aged 16 to 64,,,,Obsolete code since 2025 (replaced by E08000039 Sheffield)
E08000019,Sheffield,Local Authority District,Job density,2024-01-01/P1Y,0.79,Number of jobs per resident aged 16 to 64,Number of jobs per resident aged 16 to 64,,,,Obsolete code since 2025 (replaced by E08000039 Sheffield)
E08000019,Sheffield,Local Authority District,Job density,2018-01-01/P1Y,0.8,Number of jobs per resident aged 16 to 64,Number of jobs per resident aged 16 to 64,,,,Obsolete code since 2025 (replaced by E08000039 Sheffield)
E08000019,Sheffield,Local Authority District,Job density,2017-01-01/P1Y,0.81,Number of jobs per resident aged 16 to 64,Number of jobs per resident aged 16 to 64,,,,Obsolete code since 2025 (replaced by E08000039 Sheffield)
E08000019,Sheffield,Local Authority District,Job density,2011-01-01/P1Y,0.75,Number of jobs per resident aged 16 to 64,Number of jobs per resident aged 16 to 64,,,,Obsolete code since 2025 (replaced by E08000039 Sheffield)
E08000019,Sheffield,Local Authority District,Job density,2012-01-01/P1Y,0.74,Number of jobs per resident aged 16 to 64,Number of jobs per resident aged 16 to 64,,,,Obsolete code since 2025 (replaced by E08000039 Sheffield)
E08000019,Sheffield,Local Authority District,Job density,2013-01-01/P1Y,0.74,Number of jobs per resident aged 16 to 64,Number of jobs per resident aged 16 to 64,,,,Obsolete code since 2025 (replaced by E08000039 Sheffield)
E08000019,Sheffield,Local Authority District,Job density,2014-01-01/P1Y,0.78,Number of jobs per resident aged 16 to 64,Number of jobs per resident aged 16 to 64,,,,Obsolete code since 2025 (replaced by E08000039 Sheffield)
E08000019,Sheffield,Local Authority District,Job density,2015-01-01/P1Y,0.79,Number of jobs per resident aged 16 to 64,Number of jobs per resident aged 16 to 64,,,,Obsolete code since 2025 (replaced by E08000039 Sheffield)
E08000019,Sheffield,Local Authority District,Job density,2016-01-01/P1Y,0.81,Number of jobs per resident aged 16 to 64,Number of jobs per resident aged 16 to 64,,,,Obsolete code since 2025 (replaced by E08000039 Sheffield)
E47000003,West Yorkshire,Combined Authority or City Region,Job density,2019-01-01/P1Y,0.83,Number of jobs per resident aged 16 to 64,Number of jobs per resident aged 16 to 64,,,,
E47000003,West Yorkshire,Combined Authority or City Region,Job density,2024-01-01/P1Y,0.81,Number of jobs per resident aged 16 to 64,Number of jobs per resident aged 16 to 64,,,,
E47000003,West Yorkshire,Combined Authority or City Region,Job density,2023-01-01/P1Y,0.82,Number of jobs per resident aged 16 to 64,Number of jobs per resident aged 16 to 64,,,,
E47000003,West Yorkshire,Combined Authority or City Region,Job density,2022-01-01/P1Y,0.82,Number of jobs per resident aged 16 to 64,Number of jobs per resident aged 16 to 64,,,,
E47000003,West Yorkshire,Combined Authority or City Region,Job density,2021-01-01/P1Y,0.81,Number of jobs per resident aged 16 to 64,Number of jobs per resident aged 16 to 64,,,,
E47000003,West Yorkshire,Combined Authority or City Region,Job density,2020-01-01/P1Y,0.79,Number of jobs per resident aged 16 to 64,Number of jobs per resident aged 16 to 64,,,,
E47000003,West Yorkshire,Combined Authority or City Region,Job density,2018-01-01/P1Y,0.82,Number of jobs per resident aged 16 to 64,Number of jobs per resident aged 16 to 64,,,,
E47000003,West Yorkshire,Combined Authority or City Region,Job density,2017-01-01/P1Y,0.82,Number of jobs per resident aged 16 to 64,Number of jobs per resident aged 16 to 64,,,,
E47000003,West Yorkshire,Combined Authority or City Region,Job density,2016-01-01/P1Y,0.81,Number of jobs per resident aged 16 to 64,Number of jobs per resident aged 16 to 64,,,,
E47000003,West Yorkshire,Combined Authority or City Region,Job density,2015-01-01/P1Y,0.81,Number of jobs per resident aged 16 to 64,Number of jobs per resident aged 16 to 64,,,,
E47000003,West Yorkshire,Combined Authority or City Region,Job density,2014-01-01/P1Y,0.77,Number of jobs per resident aged 16 to 64,Number of jobs per resident aged 16 to 64,,,,
E47000003,West Yorkshire,Combined Authority or City Region,Job density,2013-01-01/P1Y,0.76,Number of jobs per resident aged 16 to 64,Number of jobs per resident aged 16 to 64,,,,
E47000003,West Yorkshire,Combined Authority or City Region,Job density,2012-01-01/P1Y,0.74,Number of jobs per resident aged 16 to 64,Number of jobs per resident aged 16 to 64,,,,
E47000003,West Yorkshire,Combined Authority or City Region,Job density,2011-01-01/P1Y,0.75,Number of jobs per resident aged 16 to 64,Number of jobs per resident aged 16 to 64,,,,
E08000032,Bradford,Local Authority District,Job density,2019-01-01/P1Y,0.68,Number of jobs per resident aged 16 to 64,Number of jobs per resident aged 16 to 64,,,,
E08000032,Bradford,Local Authority District,Job density,2020-01-01/P1Y,0.67,Number of jobs per resident aged 16 to 64,Number of jobs per resident aged 16 to 64,,,,
E08000032,Bradford,Local Authority District,Job density,2021-01-01/P1Y,0.69,Number of jobs per resident aged 16 to 64,Number of jobs per resident aged 16 to 64,,,,
E08000032,Bradford,Local Authority District,Job density,2024-01-01/P1Y,0.66,Number of jobs per resident aged 16 to 64,Number of jobs per resident aged 16 to 64,,,,
E08000032,Bradford,Local Authority District,Job density,2022-01-01/P1Y,0.68,Number of jobs per resident aged 16 to 64,Number of jobs per resident aged 16 to 64,,,,
E08000032,Bradford,Local Authority District,Job density,2018-01-01/P1Y,0.68,Number of jobs per resident aged 16 to 64,Number of jobs per resident aged 16 to 64,,,,
E08000032,Bradford,Local Authority District,Job density,2023-01-01/P1Y,0.65,Number of jobs per resident aged 16 to 64,Number of jobs per resident aged 16 to 64,,,,
E08000032,Bradford,Local Authority District,Job density,2014-01-01/P1Y,0.66,Number of jobs per resident aged 16 to 64,Number of jobs per resident aged 16 to 64,,,,
E08000032,Bradford,Local Authority District,Job density,2017-01-01/P1Y,0.71,Number of jobs per resident aged 16 to 64,Number of jobs per resident aged 16 to 64,,,,
E08000032,Bradford,Local Authority District,Job density,2011-01-01/P1Y,0.66,Number of jobs per resident aged 16 to 64,Number of jobs per resident aged 16 to 64,,,,
E08000032,Bradford,Local Authority District,Job density,2012-01-01/P1Y,0.65,Number of jobs per resident aged 16 to 64,Number of jobs per resident aged 16 to 64,,,,
E08000032,Bradford,Local Authority District,Job density,2013-01-01/P1Y,0.67,Number of jobs per resident aged 16 to 64,Number of jobs per resident aged 16 to 64,,,,
E08000032,Bradford,Local Authority District,Job density,2015-01-01/P1Y,0.69,Number of jobs per resident aged 16 to 64,Number of jobs per resident aged 16 to 64,,,,
E08000032,Bradford,Local Authority District,Job density,2016-01-01/P1Y,0.69,Number of jobs per resident aged 16 to 64,Number of jobs per resident aged 16 to 64,,,,
E08000033,Calderdale,Local Authority District,Job density,2020-01-01/P1Y,0.81,Number of jobs per resident aged 16 to 64,Number of jobs per resident aged 16 to 64,,,,
E08000033,Calderdale,Local Authority District,Job density,2019-01-01/P1Y,0.84,Number of jobs per resident aged 16 to 64,Number of jobs per resident aged 16 to 64,,,,
E08000033,Calderdale,Local Authority District,Job density,2021-01-01/P1Y,0.81,Number of jobs per resident aged 16 to 64,Number of jobs per resident aged 16 to 64,,,,
E08000033,Calderdale,Local Authority District,Job density,2018-01-01/P1Y,0.85,Number of jobs per resident aged 16 to 64,Number of jobs per resident aged 16 to 64,,,,
E08000033,Calderdale,Local Authority District,Job density,2022-01-01/P1Y,0.82,Number of jobs per resident aged 16 to 64,Number of jobs per resident aged 16 to 64,,,,
E08000033,Calderdale,Local Authority District,Job density,2023-01-01/P1Y,0.85,Number of jobs per resident aged 16 to 64,Number of jobs per resident aged 16 to 64,,,,
E08000033,Calderdale,Local Authority District,Job density,2024-01-01/P1Y,0.82,Number of jobs per resident aged 16 to 64,Number of jobs per resident aged 16 to 64,,,,
E08000033,Calderdale,Local Authority District,Job density,2017-01-01/P1Y,0.82,Number of jobs per resident aged 16 to 64,Number of jobs per resident aged 16 to 64,,,,
E08000033,Calderdale,Local Authority District,Job density,2011-01-01/P1Y,0.77,Number of jobs per resident aged 16 to 64,Number of jobs per resident aged 16 to 64,,,,
E08000033,Calderdale,Local Authority District,Job density,2012-01-01/P1Y,0.74,Number of jobs per resident aged 16 to 64,Number of jobs per resident aged 16 to 64,,,,
E08000033,Calderdale,Local Authority District,Job density,2013-01-01/P1Y,0.78,Number of jobs per resident aged 16 to 64,Number of jobs per resident aged 16 to 64,,,,
E08000033,Calderdale,Local Authority District,Job density,2014-01-01/P1Y,0.84,Number of jobs per resident aged 16 to 64,Number of jobs per resident aged 16 to 64,,,,
E08000033,Calderdale,Local Authority District,Job density,2015-01-01/P1Y,0.87,Number of jobs per resident aged 16 to 64,Number of jobs per resident aged 16 to 64,,,,
E08000033,Calderdale,Local Authority District,Job density,2016-01-01/P1Y,0.9,Number of jobs per resident aged 16 to 64,Number of jobs per resident aged 16 to 64,,,,
E08000034,Kirklees,Local Authority District,Job density,2019-01-01/P1Y,0.7,Number of jobs per resident aged 16 to 64,Number of jobs per resident aged 16 to 64,,,,
E08000034,Kirklees,Local Authority District,Job density,2020-01-01/P1Y,0.65,Number of jobs per resident aged 16 to 64,Number of jobs per resident aged 16 to 64,,,,
E08000034,Kirklees,Local Authority District,Job density,2021-01-01/P1Y,0.7,Number of jobs per resident aged 16 to 64,Number of jobs per resident aged 16 to 64,,,,
E08000034,Kirklees,Local Authority District,Job density,2023-01-01/P1Y,0.66,Number of jobs per resident aged 16 to 64,Number of jobs per resident aged 16 to 64,,,,
E08000034,Kirklees,Local Authority District,Job density,2022-01-01/P1Y,0.65,Number of jobs per resident aged 16 to 64,Number of jobs per resident aged 16 to 64,,,,
E08000034,Kirklees,Local Authority District,Job density,2024-01-01/P1Y,0.68,Number of jobs per resident aged 16 to 64,Number of jobs per resident aged 16 to 64,,,,
E08000034,Kirklees,Local Authority District,Job density,2018-01-01/P1Y,0.69,Number of jobs per resident aged 16 to 64,Number of jobs per resident aged 16 to 64,,,,
E08000034,Kirklees,Local Authority District,Job density,2017-01-01/P1Y,0.71,Number of jobs per resident aged 16 to 64,Number of jobs per resident aged 16 to 64,,,,
E08000034,Kirklees,Local Authority District,Job density,2011-01-01/P1Y,0.63,Number of jobs per resident aged 16 to 64,Number of jobs per resident aged 16 to 64,,,,
E08000034,Kirklees,Local Authority District,Job density,2012-01-01/P1Y,0.62,Number of jobs per resident aged 16 to 64,Number of jobs per resident aged 16 to 64,,,,
E08000034,Kirklees,Local Authority District,Job density,2013-01-01/P1Y,0.61,Number of jobs per resident aged 16 to 64,Number of jobs per resident aged 16 to 64,,,,
E08000034,Kirklees,Local Authority District,Job density,2014-01-01/P1Y,0.65,Number of jobs per resident aged 16 to 64,Number of jobs per resident aged 16 to 64,,,,
E08000034,Kirklees,Local Authority District,Job density,2015-01-01/P1Y,0.68,Number of jobs per resident aged 16 to 64,Number of jobs per resident aged 16 to 64,,,,
E08000034,Kirklees,Local Authority District,Job density,2016-01-01/P1Y,0.68,Number of jobs per resident aged 16 to 64,Number of jobs per resident aged 16 to 64,,,,
E08000035,Leeds,Local Authority District,Job density,2019-01-01/P1Y,1.0,Number of jobs per resident aged 16 to 64,Number of jobs per resident aged 16 to 64,,,,
E08000035,Leeds,Local Authority District,Job density,2020-01-01/P1Y,0.95,Number of jobs per resident aged 16 to 64,Number of jobs per resident aged 16 to 64,,,,
E08000035,Leeds,Local Authority District,Job density,2021-01-01/P1Y,0.97,Number of jobs per resident aged 16 to 64,Number of jobs per resident aged 16 to 64,,,,
E08000035,Leeds,Local Authority District,Job density,2022-01-01/P1Y,1.02,Number of jobs per resident aged 16 to 64,Number of jobs per resident aged 16 to 64,,,,
E08000035,Leeds,Local Authority District,Job density,2023-01-01/P1Y,0.99,Number of jobs per resident aged 16 to 64,Number of jobs per resident aged 16 to 64,,,,
E08000035,Leeds,Local Authority District,Job density,2024-01-01/P1Y,0.97,Number of jobs per resident aged 16 to 64,Number of jobs per resident aged 16 to 64,,,,
E08000035,Leeds,Local Authority District,Job density,2018-01-01/P1Y,0.99,Number of jobs per resident aged 16 to 64,Number of jobs per resident aged 16 to 64,,,,
E08000035,Leeds,Local Authority District,Job density,2017-01-01/P1Y,0.96,Number of jobs per resident aged 16 to 64,Number of jobs per resident aged 16 to 64,,,,
E08000035,Leeds,Local Authority District,Job density,2011-01-01/P1Y,0.9,Number of jobs per resident aged 16 to 64,Number of jobs per resident aged 16 to 64,,,,
E08000035,Leeds,Local Authority District,Job density,2012-01-01/P1Y,0.87,Number of jobs per resident aged 16 to 64,Number of jobs per resident aged 16 to 64,,,,
E08000035,Leeds,Local Authority District,Job density,2013-01-01/P1Y,0.89,Number of jobs per resident aged 16 to 64,Number of jobs per resident aged 16 to 64,,,,
E08000035,Leeds,Local Authority District,Job density,2014-01-01/P1Y,0.9,Number of jobs per resident aged 16 to 64,Number of jobs per resident aged 16 to 64,,,,
E08000035,Leeds,Local Authority District,Job density,2015-01-01/P1Y,0.95,Number of jobs per resident aged 16 to 64,Number of jobs per resident aged 16 to 64,,,,
E08000035,Leeds,Local Authority District,Job density,2016-01-01/P1Y,0.93,Number of jobs per resident aged 16 to 64,Number of jobs per resident aged 16 to 64,,,,
E08000036,Wakefield,Local Authority District,Job density,2019-01-01/P1Y,0.79,Number of jobs per resident aged 16 to 64,Number of jobs per resident aged 16 to 64,,,,
E08000036,Wakefield,Local Authority District,Job density,2020-01-01/P1Y,0.78,Number of jobs per resident aged 16 to 64,Number of jobs per resident aged 16 to 64,,,,
E08000036,Wakefield,Local Authority District,Job density,2021-01-01/P1Y,0.78,Number of jobs per resident aged 16 to 64,Number of jobs per resident aged 16 to 64,,,,
E08000036,Wakefield,Local Authority District,Job density,2022-01-01/P1Y,0.8,Number of jobs per resident aged 16 to 64,Number of jobs per resident aged 16 to 64,,,,
E08000036,Wakefield,Local Authority District,Job density,2023-01-01/P1Y,0.83,Number of jobs per resident aged 16 to 64,Number of jobs per resident aged 16 to 64,,,,
E08000036,Wakefield,Local Authority District,Job density,2024-01-01/P1Y,0.79,Number of jobs per resident aged 16 to 64,Number of jobs per resident aged 16 to 64,,,,
E08000036,Wakefield,Local Authority District,Job density,2018-01-01/P1Y,0.78,Number of jobs per resident aged 16 to 64,Number of jobs per resident aged 16 to 64,,,,
E08000036,Wakefield,Local Authority District,Job density,2017-01-01/P1Y,0.79,Number of jobs per resident aged 16 to 64,Number of jobs per resident aged 16 to 64,,,,
E08000036,Wakefield,Local Authority District,Job density,2011-01-01/P1Y,0.7,Number of jobs per resident aged 16 to 64,Number of jobs per resident aged 16 to 64,,,,
E08000036,Wakefield,Local Authority District,Job density,2012-01-01/P1Y,0.72,Number of jobs per resident aged 16 to 64,Number of jobs per resident aged 16 to 64,,,,
E08000036,Wakefield,Local Authority District,Job density,2013-01-01/P1Y,0.74,Number of jobs per resident aged 16 to 64,Number of jobs per resident aged 16 to 64,,,,
E08000036,Wakefield,Local Authority District,Job density,2014-01-01/P1Y,0.75,Number of jobs per resident aged 16 to 64,Number of jobs per resident aged 16 to 64,,,,
E08000036,Wakefield,Local Authority District,Job density,2015-01-01/P1Y,0.78,Number of jobs per resident aged 16 to 64,Number of jobs per resident aged 16 to 64,,,,
E08000036,Wakefield,Local Authority District,Job density,2016-01-01/P1Y,0.8,Number of jobs per resident aged 16 to 64,Number of jobs per resident aged 16 to 64,,,,
E12000004,East Midlands,Region,Job density,2019-01-01/P1Y,0.81,Number of jobs per resident aged 16 to 64,Number of jobs per resident aged 16 to 64,,,,
E12000004,East Midlands,Region,Job density,2023-01-01/P1Y,0.78,Number of jobs per resident aged 16 to 64,Number of jobs per resident aged 16 to 64,,,,
E12000004,East Midlands,Region,Job density,2022-01-01/P1Y,0.8,Number of jobs per resident aged 16 to 64,Number of jobs per resident aged 16 to 64,,,,
E12000004,East Midlands,Region,Job density,2021-01-01/P1Y,0.79,Number of jobs per resident aged 16 to 64,Number of jobs per resident aged 16 to 64,,,,
E12000004,East Midlands,Region,Job density,2020-01-01/P1Y,0.79,Number of jobs per resident aged 16 to 64,Number of jobs per resident aged 16 to 64,,,,
E12000004,East Midlands,Region,Job density,2018-01-01/P1Y,0.79,Number of jobs per resident aged 16 to 64,Number of jobs per resident aged 16 to 64,,,,
E12000004,East Midlands,Region,Job density,2024-01-01/P1Y,0.79,Number of jobs per resident aged 16 to 64,Number of jobs per resident aged 16 to 64,,,,
E12000004,East Midlands,Region,Job density,2016-01-01/P1Y,0.81,Number of jobs per resident aged 16 to 64,Number of jobs per resident aged 16 to 64,,,,
E12000004,East Midlands,Region,Job density,2015-01-01/P1Y,0.78,Number of jobs per resident aged 16 to 64,Number of jobs per resident aged 16 to 64,,,,
E12000004,East Midlands,Region,Job density,2014-01-01/P1Y,0.76,Number of jobs per resident aged 16 to 64,Number of jobs per resident aged 16 to 64,,,,
E12000004,East Midlands,Region,Job density,2013-01-01/P1Y,0.75,Number of jobs per resident aged 16 to 64,Number of jobs per resident aged 16 to 64,,,,
E12000004,East Midlands,Region,Job density,2012-01-01/P1Y,0.75,Number of jobs per resident aged 16 to 64,Number of jobs per resident aged 16 to 64,,,,
E12000004,East Midlands,Region,Job density,2011-01-01/P1Y,0.75,Number of jobs per resident aged 16 to 64,Number of jobs per resident aged 16 to 64,,,,
E12000004,East Midlands,Region,Job density,2017-01-01/P1Y,0.8,Number of jobs per resident aged 16 to 64,Number of jobs per resident aged 16 to 64,,,,
E47000013,East Midlands,Combined Authority or City Region,Job density,2024-01-01/P1Y,0.78,Number of jobs per resident aged 16 to 64,Number of jobs per resident aged 16 to 64,,,,
E47000013,East Midlands,Combined Authority or City Region,Job density,2023-01-01/P1Y,0.77,Number of jobs per resident aged 16 to 64,Number of jobs per resident aged 16 to 64,,,,
E47000013,East Midlands,Combined Authority or City Region,Job density,2022-01-01/P1Y,0.79,Number of jobs per resident aged 16 to 64,Number of jobs per resident aged 16 to 64,,,,
E47000013,East Midlands,Combined Authority or City Region,Job density,2021-01-01/P1Y,0.77,Number of jobs per resident aged 16 to 64,Number of jobs per resident aged 16 to 64,,,,
E47000013,East Midlands,Combined Authority or City Region,Job density,2019-01-01/P1Y,0.79,Number of jobs per resident aged 16 to 64,Number of jobs per resident aged 16 to 64,,,,
E47000013,East Midlands,Combined Authority or City Region,Job density,2018-01-01/P1Y,0.78,Number of jobs per resident aged 16 to 64,Number of jobs per resident aged 16 to 64,,,,
E47000013,East Midlands,Combined Authority or City Region,Job density,2020-01-01/P1Y,0.77,Number of jobs per resident aged 16 to 64,Number of jobs per resident aged 16 to 64,,,,
E47000013,East Midlands,Combined Authority or City Region,Job density,2016-01-01/P1Y,0.79,Number of jobs per resident aged 16 to 64,Number of jobs per resident aged 16 to 64,,,,
E47000013,East Midlands,Combined Authority or City Region,Job density,2015-01-01/P1Y,0.77,Number of jobs per resident aged 16 to 64,Number of jobs per resident aged 16 to 64,,,,
E47000013,East Midlands,Combined Authority or City Region,Job density,2014-01-01/P1Y,0.75,Number of jobs per resident aged 16 to 64,Number of jobs per resident aged 16 to 64,,,,
E47000013,East Midlands,Combined Authority or City Region,Job density,2013-01-01/P1Y,0.73,Number of jobs per resident aged 16 to 64,Number of jobs per resident aged 16 to 64,,,,
E47000013,East Midlands,Combined Authority or City Region,Job density,2012-01-01/P1Y,0.73,Number of jobs per resident aged 16 to 64,Number of jobs per resident aged 16 to 64,,,,
E47000013,East Midlands,Combined Authority or City Region,Job density,2011-01-01/P1Y,0.73,Number of jobs per resident aged 16 to 64,Number of jobs per resident aged 16 to 64,,,,
E47000013,East Midlands,Combined Authority or City Region,Job density,2017-01-01/P1Y,0.78,Number of jobs per resident aged 16 to 64,Number of jobs per resident aged 16 to 64,,,,
E06000015,Derby,County or Unitary Authority,Job density,2019-01-01/P1Y,0.95,Number of jobs per resident aged 16 to 64,Number of jobs per resident aged 16 to 64,,,,
E06000015,Derby,County or Unitary Authority,Job density,2020-01-01/P1Y,0.93,Number of jobs per resident aged 16 to 64,Number of jobs per resident aged 16 to 64,,,,
E06000015,Derby,County or Unitary Authority,Job density,2021-01-01/P1Y,0.92,Number of jobs per resident aged 16 to 64,Number of jobs per resident aged 16 to 64,,,,
E06000015,Derby,County or Unitary Authority,Job density,2024-01-01/P1Y,0.89,Number of jobs per resident aged 16 to 64,Number of jobs per resident aged 16 to 64,,,,
E06000015,Derby,County or Unitary Authority,Job density,2022-01-01/P1Y,0.93,Number of jobs per resident aged 16 to 64,Number of jobs per resident aged 16 to 64,,,,
E06000015,Derby,County or Unitary Authority,Job density,2023-01-01/P1Y,0.86,Number of jobs per resident aged 16 to 64,Number of jobs per resident aged 16 to 64,,,,
E06000015,Derby,County or Unitary Authority,Job density,2018-01-01/P1Y,0.9,Number of jobs per resident aged 16 to 64,Number of jobs per resident aged 16 to 64,,,,
E06000015,Derby,County or Unitary Authority,Job density,2017-01-01/P1Y,0.88,Number of jobs per resident aged 16 to 64,Number of jobs per resident aged 16 to 64,,,,
E06000015,Derby,County or Unitary Authority,Job density,2011-01-01/P1Y,0.82,Number of jobs per resident aged 16 to 64,Number of jobs per resident aged 16 to 64,,,,
E06000015,Derby,County or Unitary Authority,Job density,2012-01-01/P1Y,0.82,Number of jobs per resident aged 16 to 64,Number of jobs per resident aged 16 to 64,,,,
E06000015,Derby,County or Unitary Authority,Job density,2013-01-01/P1Y,0.83,Number of jobs per resident aged 16 to 64,Number of jobs per resident aged 16 to 64,,,,
E06000015,Derby,County or Unitary Authority,Job density,2014-01-01/P1Y,0.84,Number of jobs per resident aged 16 to 64,Number of jobs per resident aged 16 to 64,,,,
E06000015,Derby,County or Unitary Authority,Job density,2015-01-01/P1Y,0.85,Number of jobs per resident aged 16 to 64,Number of jobs per resident aged 16 to 64,,,,
E06000015,Derby,County or Unitary Authority,Job density,2016-01-01/P1Y,0.87,Number of jobs per resident aged 16 to 64,Number of jobs per resident aged 16 to 64,,,,
E06000016,Leicester,County or Unitary Authority,Job density,2019-01-01/P1Y,0.81,Number of jobs per resident aged 16 to 64,Number of jobs per resident aged 16 to 64,,,,
E06000016,Leicester,County or Unitary Authority,Job density,2020-01-01/P1Y,0.76,Number of jobs per resident aged 16 to 64,Number of jobs per resident aged 16 to 64,,,,
E06000016,Leicester,County or Unitary Authority,Job density,2021-01-01/P1Y,0.73,Number of jobs per resident aged 16 to 64,Number of jobs per resident aged 16 to 64,,,,
E06000016,Leicester,County or Unitary Authority,Job density,2023-01-01/P1Y,0.73,Number of jobs per resident aged 16 to 64,Number of jobs per resident aged 16 to 64,,,,
E06000016,Leicester,County or Unitary Authority,Job density,2022-01-01/P1Y,0.79,Number of jobs per resident aged 16 to 64,Number of jobs per resident aged 16 to 64,,,,
E06000016,Leicester,County or Unitary Authority,Job density,2024-01-01/P1Y,0.75,Number of jobs per resident aged 16 to 64,Number of jobs per resident aged 16 to 64,,,,
E06000016,Leicester,County or Unitary Authority,Job density,2018-01-01/P1Y,0.73,Number of jobs per resident aged 16 to 64,Number of jobs per resident aged 16 to 64,,,,
E06000016,Leicester,County or Unitary Authority,Job density,2017-01-01/P1Y,0.79,Number of jobs per resident aged 16 to 64,Number of jobs per resident aged 16 to 64,,,,
E06000016,Leicester,County or Unitary Authority,Job density,2011-01-01/P1Y,0.79,Number of jobs per resident aged 16 to 64,Number of jobs per resident aged 16 to 64,,,,
E06000016,Leicester,County or Unitary Authority,Job density,2012-01-01/P1Y,0.77,Number of jobs per resident aged 16 to 64,Number of jobs per resident aged 16 to 64,,,,
E06000016,Leicester,County or Unitary Authority,Job density,2013-01-01/P1Y,0.78,Number of jobs per resident aged 16 to 64,Number of jobs per resident aged 16 to 64,,,,
E06000016,Leicester,County or Unitary Authority,Job density,2014-01-01/P1Y,0.79,Number of jobs per resident aged 16 to 64,Number of jobs per resident aged 16 to 64,,,,
E06000016,Leicester,County or Unitary Authority,Job density,2015-01-01/P1Y,0.83,Number of jobs per resident aged 16 to 64,Number of jobs per resident aged 16 to 64,,,,
E06000016,Leicester,County or Unitary Authority,Job density,2016-01-01/P1Y,0.86,Number of jobs per resident aged 16 to 64,Number of jobs per resident aged 16 to 64,,,,
E06000061,North Northamptonshire,County or Unitary Authority,Job density,2019-01-01/P1Y,0.82,Number of jobs per resident aged 16 to 64,Number of jobs per resident aged 16 to 64,,,,
E06000061,North Northamptonshire,County or Unitary Authority,Job density,2020-01-01/P1Y,0.81,Number of jobs per resident aged 16 to 64,Number of jobs per resident aged 16 to 64,,,,
E06000061,North Northamptonshire,County or Unitary Authority,Job density,2021-01-01/P1Y,0.77,Number of jobs per resident aged 16 to 64,Number of jobs per resident aged 16 to 64,,,,
E06000061,North Northamptonshire,County or Unitary Authority,Job density,2022-01-01/P1Y,0.75,Number of jobs per resident aged 16 to 64,Number of jobs per resident aged 16 to 64,,,,
E06000061,North Northamptonshire,County or Unitary Authority,Job density,2023-01-01/P1Y,0.76,Number of jobs per resident aged 16 to 64,Number of jobs per resident aged 16 to 64,,,,
E06000061,North Northamptonshire,County or Unitary Authority,Job density,2024-01-01/P1Y,0.72,Number of jobs per resident aged 16 to 64,Number of jobs per resident aged 16 to 64,,,,
E06000061,North Northamptonshire,County or Unitary Authority,Job density,2018-01-01/P1Y,0.75,Number of jobs per resident aged 16 to 64,Number of jobs per resident aged 16 to 64,,,,
E06000061,North Northamptonshire,County or Unitary Authority,Job density,2017-01-01/P1Y,0.77,Number of jobs per resident aged 16 to 64,Number of jobs per resident aged 16 to 64,,,,
E06000061,North Northamptonshire,County or Unitary Authority,Job density,2011-01-01/P1Y,0.72,Number of jobs per resident aged 16 to 64,Number of jobs per resident aged 16 to 64,,,,
E06000061,North Northamptonshire,County or Unitary Authority,Job density,2012-01-01/P1Y,0.72,Number of jobs per resident aged 16 to 64,Number of jobs per resident aged 16 to 64,,,,
E06000061,North Northamptonshire,County or Unitary Authority,Job density,2013-01-01/P1Y,0.73,Number of jobs per resident aged 16 to 64,Number of jobs per resident aged 16 to 64,,,,
E06000061,North Northamptonshire,County or Unitary Authority,Job density,2014-01-01/P1Y,0.73,Number of jobs per resident aged 16 to 64,Number of jobs per resident aged 16 to 64,,,,
E06000061,North Northamptonshire,County or Unitary Authority,Job density,2015-01-01/P1Y,0.73,Number of jobs per resident aged 16 to 64,Number of jobs per resident aged 16 to 64,,,,
E06000061,North Northamptonshire,County or Unitary Authority,Job density,2016-01-01/P1Y,0.78,Number of jobs per resident aged 16 to 64,Number of jobs per resident aged 16 to 64,,,,
E06000018,Nottingham,County or Unitary Authority,Job density,2019-01-01/P1Y,0.99,Number of jobs per resident aged 16 to 64,Number of jobs per resident aged 16 to 64,,,,
E06000018,Nottingham,County or Unitary Authority,Job density,2020-01-01/P1Y,0.99,Number of jobs per resident aged 16 to 64,Number of jobs per resident aged 16 to 64,,,,
E06000018,Nottingham,County or Unitary Authority,Job density,2021-01-01/P1Y,1.03,Number of jobs per resident aged 16 to 64,Number of jobs per resident aged 16 to 64,,,,
E06000018,Nottingham,County or Unitary Authority,Job density,2022-01-01/P1Y,1.04,Number of jobs per resident aged 16 to 64,Number of jobs per resident aged 16 to 64,,,,
E06000018,Nottingham,County or Unitary Authority,Job density,2023-01-01/P1Y,1.01,Number of jobs per resident aged 16 to 64,Number of jobs per resident aged 16 to 64,,,,
E06000018,Nottingham,County or Unitary Authority,Job density,2024-01-01/P1Y,1.02,Number of jobs per resident aged 16 to 64,Number of jobs per resident aged 16 to 64,,,,
E06000018,Nottingham,County or Unitary Authority,Job density,2018-01-01/P1Y,0.98,Number of jobs per resident aged 16 to 64,Number of jobs per resident aged 16 to 64,,,,
E06000018,Nottingham,County or Unitary Authority,Job density,2017-01-01/P1Y,0.98,Number of jobs per resident aged 16 to 64,Number of jobs per resident aged 16 to 64,,,,
E06000018,Nottingham,County or Unitary Authority,Job density,2011-01-01/P1Y,1.0,Number of jobs per resident aged 16 to 64,Number of jobs per resident aged 16 to 64,,,,
E06000018,Nottingham,County or Unitary Authority,Job density,2012-01-01/P1Y,0.99,Number of jobs per resident aged 16 to 64,Number of jobs per resident aged 16 to 64,,,,
E06000018,Nottingham,County or Unitary Authority,Job density,2013-01-01/P1Y,1.03,Number of jobs per resident aged 16 to 64,Number of jobs per resident aged 16 to 64,,,,
E06000018,Nottingham,County or Unitary Authority,Job density,2014-01-01/P1Y,1.06,Number of jobs per resident aged 16 to 64,Number of jobs per resident aged 16 to 64,,,,
E06000018,Nottingham,County or Unitary Authority,Job density,2015-01-01/P1Y,1.11,Number of jobs per resident aged 16 to 64,Number of jobs per resident aged 16 to 64,,,,
E06000018,Nottingham,County or Unitary Authority,Job density,2016-01-01/P1Y,1.11,Number of jobs per resident aged 16 to 64,Number of jobs per resident aged 16 to 64,,,,
E06000017,Rutland,County or Unitary Authority,Job density,2018-01-01/P1Y,0.86,Number of jobs per resident aged 16 to 64,Number of jobs per resident aged 16 to 64,,,,
E06000017,Rutland,County or Unitary Authority,Job density,2019-01-01/P1Y,0.84,Number of jobs per resident aged 16 to 64,Number of jobs per resident aged 16 to 64,,,,
E06000017,Rutland,County or Unitary Authority,Job density,2020-01-01/P1Y,0.85,Number of jobs per resident aged 16 to 64,Number of jobs per resident aged 16 to 64,,,,
E06000017,Rutland,County or Unitary Authority,Job density,2021-01-01/P1Y,0.85,Number of jobs per resident aged 16 to 64,Number of jobs per resident aged 16 to 64,,,,
E06000017,Rutland,County or Unitary Authority,Job density,2022-01-01/P1Y,0.84,Number of jobs per resident aged 16 to 64,Number of jobs per resident aged 16 to 64,,,,
E06000017,Rutland,County or Unitary Authority,Job density,2023-01-01/P1Y,0.88,Number of jobs per resident aged 16 to 64,Number of jobs per resident aged 16 to 64,,,,
E06000017,Rutland,County or Unitary Authority,Job density,2024-01-01/P1Y,0.84,Number of jobs per resident aged 16 to 64,Number of jobs per resident aged 16 to 64,,,,
E06000017,Rutland,County or Unitary Authority,Job density,2017-01-01/P1Y,0.9,Number of jobs per resident aged 16 to 64,Number of jobs per resident aged 16 to 64,,,,
E06000017,Rutland,County or Unitary Authority,Job density,2016-01-01/P1Y,0.92,Number of jobs per resident aged 16 to 64,Number of jobs per resident aged 16 to 64,,,,
E06000017,Rutland,County or Unitary Authority,Job density,2011-01-01/P1Y,0.87,Number of jobs per resident aged 16 to 64,Number of jobs per resident aged 16 to 64,,,,
E06000017,Rutland,County or Unitary Authority,Job density,2012-01-01/P1Y,0.82,Number of jobs per resident aged 16 to 64,Number of jobs per resident aged 16 to 64,,,,
E06000017,Rutland,County or Unitary Authority,Job density,2013-01-01/P1Y,0.83,Number of jobs per resident aged 16 to 64,Number of jobs per resident aged 16 to 64,,,,
E06000017,Rutland,County or Unitary Authority,Job density,2014-01-01/P1Y,0.8,Number of jobs per resident aged 16 to 64,Number of jobs per resident aged 16 to 64,,,,
E06000017,Rutland,County or Unitary Authority,Job density,2015-01-01/P1Y,0.85,Number of jobs per resident aged 16 to 64,Number of jobs per resident aged 16 to 64,,,,
E06000062,West Northamptonshire,County or Unitary Authority,Job density,2020-01-01/P1Y,0.89,Number of jobs per resident aged 16 to 64,Number of jobs per resident aged 16 to 64,,,,
E06000062,West Northamptonshire,County or Unitary Authority,Job density,2019-01-01/P1Y,0.91,Number of jobs per resident aged 16 to 64,Number of jobs per resident aged 16 to 64,,,,
E06000062,West Northamptonshire,County or Unitary Authority,Job density,2024-01-01/P1Y,0.89,Number of jobs per resident aged 16 to 64,Number of jobs per resident aged 16 to 64,,,,
E06000062,West Northamptonshire,County or Unitary Authority,Job density,2021-01-01/P1Y,0.96,Number of jobs per resident aged 16 to 64,Number of jobs per resident aged 16 to 64,,,,
E06000062,West Northamptonshire,County or Unitary Authority,Job density,2018-01-01/P1Y,0.93,Number of jobs per resident aged 16 to 64,Number of jobs per resident aged 16 to 64,,,,
E06000062,West Northamptonshire,County or Unitary Authority,Job density,2022-01-01/P1Y,0.94,Number of jobs per resident aged 16 to 64,Number of jobs per resident aged 16 to 64,,,,
E06000062,West Northamptonshire,County or Unitary Authority,Job density,2023-01-01/P1Y,0.88,Number of jobs per resident aged 16 to 64,Number of jobs per resident aged 16 to 64,,,,
E06000062,West Northamptonshire,County or Unitary Authority,Job density,2017-01-01/P1Y,0.94,Number of jobs per resident aged 16 to 64,Number of jobs per resident aged 16 to 64,,,,
E06000062,West Northamptonshire,County or Unitary Authority,Job density,2011-01-01/P1Y,0.89,Number of jobs per resident aged 16 to 64,Number of jobs per resident aged 16 to 64,,,,
E06000062,West Northamptonshire,County or Unitary Authority,Job density,2012-01-01/P1Y,0.89,Number of jobs per resident aged 16 to 64,Number of jobs per resident aged 16 to 64,,,,
E06000062,West Northamptonshire,County or Unitary Authority,Job density,2013-01-01/P1Y,0.89,Number of jobs per resident aged 16 to 64,Number of jobs per resident aged 16 to 64,,,,
E06000062,West Northamptonshire,County or Unitary Authority,Job density,2014-01-01/P1Y,0.89,Number of jobs per resident aged 16 to 64,Number of jobs per resident aged 16 to 64,,,,
E06000062,West Northamptonshire,County or Unitary Authority,Job density,2015-01-01/P1Y,0.88,Number of jobs per resident aged 16 to 64,Number of jobs per resident aged 16 to 64,,,,
E06000062,West Northamptonshire,County or Unitary Authority,Job density,2016-01-01/P1Y,0.91,Number of jobs per resident aged 16 to 64,Number of jobs per resident aged 16 to 64,,,,
E10000007,Derbyshire,County or Unitary Authority,Job density,2019-01-01/P1Y,0.74,Number of jobs per resident aged 16 to 64,Number of jobs per resident aged 16 to 64,,,,
E10000007,Derbyshire,County or Unitary Authority,Job density,2024-01-01/P1Y,0.7,Number of jobs per resident aged 16 to 64,Number of jobs per resident aged 16 to 64,,,,
E10000007,Derbyshire,County or Unitary Authority,Job density,2023-01-01/P1Y,0.7,Number of jobs per resident aged 16 to 64,Number of jobs per resident aged 16 to 64,,,,
E10000007,Derbyshire,County or Unitary Authority,Job density,2022-01-01/P1Y,0.71,Number of jobs per resident aged 16 to 64,Number of jobs per resident aged 16 to 64,,,,
E10000007,Derbyshire,County or Unitary Authority,Job density,2021-01-01/P1Y,0.69,Number of jobs per resident aged 16 to 64,Number of jobs per resident aged 16 to 64,,,,
E10000007,Derbyshire,County or Unitary Authority,Job density,2020-01-01/P1Y,0.68,Number of jobs per resident aged 16 to 64,Number of jobs per resident aged 16 to 64,,,,
E10000007,Derbyshire,County or Unitary Authority,Job density,2018-01-01/P1Y,0.74,Number of jobs per resident aged 16 to 64,Number of jobs per resident aged 16 to 64,,,,
E10000007,Derbyshire,County or Unitary Authority,Job density,2013-01-01/P1Y,0.67,Number of jobs per resident aged 16 to 64,Number of jobs per resident aged 16 to 64,,,,
E10000007,Derbyshire,County or Unitary Authority,Job density,2016-01-01/P1Y,0.72,Number of jobs per resident aged 16 to 64,Number of jobs per resident aged 16 to 64,,,,
E10000007,Derbyshire,County or Unitary Authority,Job density,2015-01-01/P1Y,0.69,Number of jobs per resident aged 16 to 64,Number of jobs per resident aged 16 to 64,,,,
E10000007,Derbyshire,County or Unitary Authority,Job density,2014-01-01/P1Y,0.66,Number of jobs per resident aged 16 to 64,Number of jobs per resident aged 16 to 64,,,,
E10000007,Derbyshire,County or Unitary Authority,Job density,2012-01-01/P1Y,0.7,Number of jobs per resident aged 16 to 64,Number of jobs per resident aged 16 to 64,,,,
E10000007,Derbyshire,County or Unitary Authority,Job density,2011-01-01/P1Y,0.68,Number of jobs per resident aged 16 to 64,Number of jobs per resident aged 16 to 64,,,,
E10000007,Derbyshire,County or Unitary Authority,Job density,2017-01-01/P1Y,0.71,Number of jobs per resident aged 16 to 64,Number of jobs per resident aged 16 to 64,,,,
E07000032,Amber Valley,Local Authority District,Job density,2019-01-01/P1Y,0.77,Number of jobs per resident aged 16 to 64,Number of jobs per resident aged 16 to 64,,,,
E07000032,Amber Valley,Local Authority District,Job density,2024-01-01/P1Y,0.69,Number of jobs per resident aged 16 to 64,Number of jobs per resident aged 16 to 64,,,,
E07000032,Amber Valley,Local Authority District,Job density,2023-01-01/P1Y,0.68,Number of jobs per resident aged 16 to 64,Number of jobs per resident aged 16 to 64,,,,
E07000032,Amber Valley,Local Authority District,Job density,2022-01-01/P1Y,0.72,Number of jobs per resident aged 16 to 64,Number of jobs per resident aged 16 to 64,,,,
E07000032,Amber Valley,Local Authority District,Job density,2020-01-01/P1Y,0.71,Number of jobs per resident aged 16 to 64,Number of jobs per resident aged 16 to 64,,,,
E07000032,Amber Valley,Local Authority District,Job density,2018-01-01/P1Y,0.73,Number of jobs per resident aged 16 to 64,Number of jobs per resident aged 16 to 64,,,,
E07000032,Amber Valley,Local Authority District,Job density,2021-01-01/P1Y,0.72,Number of jobs per resident aged 16 to 64,Number of jobs per resident aged 16 to 64,,,,
E07000032,Amber Valley,Local Authority District,Job density,2016-01-01/P1Y,0.75,Number of jobs per resident aged 16 to 64,Number of jobs per resident aged 16 to 64,,,,
E07000032,Amber Valley,Local Authority District,Job density,2015-01-01/P1Y,0.81,Number of jobs per resident aged 16 to 64,Number of jobs per resident aged 16 to 64,,,,
E07000032,Amber Valley,Local Authority District,Job density,2014-01-01/P1Y,0.78,Number of jobs per resident aged 16 to 64,Number of jobs per resident aged 16 to 64,,,,
E07000032,Amber Valley,Local Authority District,Job density,2017-01-01/P1Y,0.77,Number of jobs per resident aged 16 to 64,Number of jobs per resident aged 16 to 64,,,,
E07000032,Amber Valley,Local Authority District,Job density,2013-01-01/P1Y,0.73,Number of jobs per resident aged 16 to 64,Number of jobs per resident aged 16 to 64,,,,
E07000032,Amber Valley,Local Authority District,Job density,2012-01-01/P1Y,0.72,Number of jobs per resident aged 16 to 64,Number of jobs per resident aged 16 to 64,,,,
E07000032,Amber Valley,Local Authority District,Job density,2011-01-01/P1Y,0.73,Number of jobs per resident aged 16 to 64,Number of jobs per resident aged 16 to 64,,,,
E07000033,Bolsover,Local Authority District,Job density,2023-01-01/P1Y,0.71,Number of jobs per resident aged 16 to 64,Number of jobs per resident aged 16 to 64,,,,
E07000033,Bolsover,Local Authority District,Job density,2022-01-01/P1Y,0.73,Number of jobs per resident aged 16 to 64,Number of jobs per resident aged 16 to 64,,,,
E07000033,Bolsover,Local Authority District,Job density,2021-01-01/P1Y,0.69,Number of jobs per resident aged 16 to 64,Number of jobs per resident aged 16 to 64,,,,
E07000033,Bolsover,Local Authority District,Job density,2020-01-01/P1Y,0.59,Number of jobs per resident aged 16 to 64,Number of jobs per resident aged 16 to 64,,,,
E07000033,Bolsover,Local Authority District,Job density,2019-01-01/P1Y,0.66,Number of jobs per resident aged 16 to 64,Number of jobs per resident aged 16 to 64,,,,
E07000033,Bolsover,Local Authority District,Job density,2018-01-01/P1Y,0.67,Number of jobs per resident aged 16 to 64,Number of jobs per resident aged 16 to 64,,,,
E07000033,Bolsover,Local Authority District,Job density,2024-01-01/P1Y,0.65,Number of jobs per resident aged 16 to 64,Number of jobs per resident aged 16 to 64,,,,
E07000033,Bolsover,Local Authority District,Job density,2016-01-01/P1Y,0.73,Number of jobs per resident aged 16 to 64,Number of jobs per resident aged 16 to 64,,,,
E07000033,Bolsover,Local Authority District,Job density,2015-01-01/P1Y,0.74,Number of jobs per resident aged 16 to 64,Number of jobs per resident aged 16 to 64,,,,
E07000033,Bolsover,Local Authority District,Job density,2014-01-01/P1Y,0.61,Number of jobs per resident aged 16 to 64,Number of jobs per resident aged 16 to 64,,,,
E07000033,Bolsover,Local Authority District,Job density,2013-01-01/P1Y,0.72,Number of jobs per resident aged 16 to 64,Number of jobs per resident aged 16 to 64,,,,
E07000033,Bolsover,Local Authority District,Job density,2012-01-01/P1Y,0.62,Number of jobs per resident aged 16 to 64,Number of jobs per resident aged 16 to 64,,,,
E07000033,Bolsover,Local Authority District,Job density,2011-01-01/P1Y,0.66,Number of jobs per resident aged 16 to 64,Number of jobs per resident aged 16 to 64,,,,
E07000033,Bolsover,Local Authority District,Job density,2017-01-01/P1Y,0.67,Number of jobs per resident aged 16 to 64,Number of jobs per resident aged 16 to 64,,,,
E07000034,Chesterfield,Local Authority District,Job density,2024-01-01/P1Y,0.98,Number of jobs per resident aged 16 to 64,Number of jobs per resident aged 16 to 64,,,,
E07000034,Chesterfield,Local Authority District,Job density,2023-01-01/P1Y,0.86,Number of jobs per resident aged 16 to 64,Number of jobs per resident aged 16 to 64,,,,
E07000034,Chesterfield,Local Authority District,Job density,2022-01-01/P1Y,0.85,Number of jobs per resident aged 16 to 64,Number of jobs per resident aged 16 to 64,,,,
E07000034,Chesterfield,Local Authority District,Job density,2021-01-01/P1Y,0.9,Number of jobs per resident aged 16 to 64,Number of jobs per resident aged 16 to 64,,,,
E07000034,Chesterfield,Local Authority District,Job density,2020-01-01/P1Y,0.84,Number of jobs per resident aged 16 to 64,Number of jobs per resident aged 16 to 64,,,,
E07000034,Chesterfield,Local Authority District,Job density,2019-01-01/P1Y,0.88,Number of jobs per resident aged 16 to 64,Number of jobs per resident aged 16 to 64,,,,
E07000034,Chesterfield,Local Authority District,Job density,2018-01-01/P1Y,0.94,Number of jobs per resident aged 16 to 64,Number of jobs per resident aged 16 to 64,,,,
E07000034,Chesterfield,Local Authority District,Job density,2017-01-01/P1Y,0.87,Number of jobs per resident aged 16 to 64,Number of jobs per resident aged 16 to 64,,,,
E07000034,Chesterfield,Local Authority District,Job density,2015-01-01/P1Y,0.81,Number of jobs per resident aged 16 to 64,Number of jobs per resident aged 16 to 64,,,,
E07000034,Chesterfield,Local Authority District,Job density,2014-01-01/P1Y,0.79,Number of jobs per resident aged 16 to 64,Number of jobs per resident aged 16 to 64,,,,
E07000034,Chesterfield,Local Authority District,Job density,2013-01-01/P1Y,0.76,Number of jobs per resident aged 16 to 64,Number of jobs per resident aged 16 to 64,,,,
E07000034,Chesterfield,Local Authority District,Job density,2012-01-01/P1Y,0.9,Number of jobs per resident aged 16 to 64,Number of jobs per resident aged 16 to 64,,,,
E07000034,Chesterfield,Local Authority District,Job density,2011-01-01/P1Y,0.83,Number of jobs per resident aged 16 to 64,Number of jobs per resident aged 16 to 64,,,,
E07000034,Chesterfield,Local Authority District,Job density,2016-01-01/P1Y,0.86,Number of jobs per resident aged 16 to 64,Number of jobs per resident aged 16 to 64,,,,
E07000035,Derbyshire Dales,Local Authority District,Job density,2019-01-01/P1Y,1.14,Number of jobs per resident aged 16 to 64,Number of jobs per resident aged 16 to 64,,,,
E07000035,Derbyshire Dales,Local Authority District,Job density,2023-01-01/P1Y,1.03,Number of jobs per resident aged 16 to 64,Number of jobs per resident aged 16 to 64,,,,
E07000035,Derbyshire Dales,Local Authority District,Job density,2022-01-01/P1Y,0.95,Number of jobs per resident aged 16 to 64,Number of jobs per resident aged 16 to 64,,,,
E07000035,Derbyshire Dales,Local Authority District,Job density,2021-01-01/P1Y,0.95,Number of jobs per resident aged 16 to 64,Number of jobs per resident aged 16 to 64,,,,
E07000035,Derbyshire Dales,Local Authority District,Job density,2024-01-01/P1Y,0.98,Number of jobs per resident aged 16 to 64,Number of jobs per resident aged 16 to 64,,,,
E07000035,Derbyshire Dales,Local Authority District,Job density,2020-01-01/P1Y,1.05,Number of jobs per resident aged 16 to 64,Number of jobs per resident aged 16 to 64,,,,
E07000035,Derbyshire Dales,Local Authority District,Job density,2018-01-01/P1Y,1.06,Number of jobs per resident aged 16 to 64,Number of jobs per resident aged 16 to 64,,,,
E07000035,Derbyshire Dales,Local Authority District,Job density,2014-01-01/P1Y,0.87,Number of jobs per resident aged 16 to 64,Number of jobs per resident aged 16 to 64,,,,
E07000035,Derbyshire Dales,Local Authority District,Job density,2016-01-01/P1Y,1.02,Number of jobs per resident aged 16 to 64,Number of jobs per resident aged 16 to 64,,,,
E07000035,Derbyshire Dales,Local Authority District,Job density,2015-01-01/P1Y,0.9,Number of jobs per resident aged 16 to 64,Number of jobs per resident aged 16 to 64,,,,
E07000035,Derbyshire Dales,Local Authority District,Job density,2013-01-01/P1Y,0.92,Number of jobs per resident aged 16 to 64,Number of jobs per resident aged 16 to 64,,,,
E07000035,Derbyshire Dales,Local Authority District,Job density,2012-01-01/P1Y,1.07,Number of jobs per resident aged 16 to 64,Number of jobs per resident aged 16 to 64,,,,
E07000035,Derbyshire Dales,Local Authority District,Job density,2011-01-01/P1Y,1.07,Number of jobs per resident aged 16 to 64,Number of jobs per resident aged 16 to 64,,,,
E07000035,Derbyshire Dales,Local Authority District,Job density,2017-01-01/P1Y,1.04,Number of jobs per resident aged 16 to 64,Number of jobs per resident aged 16 to 64,,,,
E07000036,Erewash,Local Authority District,Job density,2024-01-01/P1Y,0.65,Number of jobs per resident aged 16 to 64,Number of jobs per resident aged 16 to 64,,,,
E07000036,Erewash,Local Authority District,Job density,2023-01-01/P1Y,0.67,Number of jobs per resident aged 16 to 64,Number of jobs per resident aged 16 to 64,,,,
E07000036,Erewash,Local Authority District,Job density,2022-01-01/P1Y,0.62,Number of jobs per resident aged 16 to 64,Number of jobs per resident aged 16 to 64,,,,
E07000036,Erewash,Local Authority District,Job density,2021-01-01/P1Y,0.58,Number of jobs per resident aged 16 to 64,Number of jobs per resident aged 16 to 64,,,,
E07000036,Erewash,Local Authority District,Job density,2020-01-01/P1Y,0.64,Number of jobs per resident aged 16 to 64,Number of jobs per resident aged 16 to 64,,,,
E07000036,Erewash,Local Authority District,Job density,2019-01-01/P1Y,0.68,Number of jobs per resident aged 16 to 64,Number of jobs per resident aged 16 to 64,,,,
E07000036,Erewash,Local Authority District,Job density,2018-01-01/P1Y,0.66,Number of jobs per resident aged 16 to 64,Number of jobs per resident aged 16 to 64,,,,
E07000036,Erewash,Local Authority District,Job density,2016-01-01/P1Y,0.64,Number of jobs per resident aged 16 to 64,Number of jobs per resident aged 16 to 64,,,,
E07000036,Erewash,Local Authority District,Job density,2015-01-01/P1Y,0.59,Number of jobs per resident aged 16 to 64,Number of jobs per resident aged 16 to 64,,,,
E07000036,Erewash,Local Authority District,Job density,2014-01-01/P1Y,0.56,Number of jobs per resident aged 16 to 64,Number of jobs per resident aged 16 to 64,,,,
E07000036,Erewash,Local Authority District,Job density,2013-01-01/P1Y,0.6,Number of jobs per resident aged 16 to 64,Number of jobs per resident aged 16 to 64,,,,
E07000036,Erewash,Local Authority District,Job density,2012-01-01/P1Y,0.62,Number of jobs per resident aged 16 to 64,Number of jobs per resident aged 16 to 64,,,,
E07000036,Erewash,Local Authority District,Job density,2011-01-01/P1Y,0.57,Number of jobs per resident aged 16 to 64,Number of jobs per resident aged 16 to 64,,,,
E07000036,Erewash,Local Authority District,Job density,2017-01-01/P1Y,0.62,Number of jobs per resident aged 16 to 64,Number of jobs per resident aged 16 to 64,,,,
E07000037,High Peak,Local Authority District,Job density,2019-01-01/P1Y,0.75,Number of jobs per resident aged 16 to 64,Number of jobs per resident aged 16 to 64,,,,
E07000037,High Peak,Local Authority District,Job density,2024-01-01/P1Y,0.67,Number of jobs per resident aged 16 to 64,Number of jobs per resident aged 16 to 64,,,,
E07000037,High Peak,Local Authority District,Job density,2023-01-01/P1Y,0.67,Number of jobs per resident aged 16 to 64,Number of jobs per resident aged 16 to 64,,,,
E07000037,High Peak,Local Authority District,Job density,2022-01-01/P1Y,0.7,Number of jobs per resident aged 16 to 64,Number of jobs per resident aged 16 to 64,,,,
E07000037,High Peak,Local Authority District,Job density,2021-01-01/P1Y,0.65,Number of jobs per resident aged 16 to 64,Number of jobs per resident aged 16 to 64,,,,
E07000037,High Peak,Local Authority District,Job density,2020-01-01/P1Y,0.69,Number of jobs per resident aged 16 to 64,Number of jobs per resident aged 16 to 64,,,,
E07000037,High Peak,Local Authority District,Job density,2018-01-01/P1Y,0.75,Number of jobs per resident aged 16 to 64,Number of jobs per resident aged 16 to 64,,,,
E07000037,High Peak,Local Authority District,Job density,2011-01-01/P1Y,0.65,Number of jobs per resident aged 16 to 64,Number of jobs per resident aged 16 to 64,,,,
E07000037,High Peak,Local Authority District,Job density,2016-01-01/P1Y,0.66,Number of jobs per resident aged 16 to 64,Number of jobs per resident aged 16 to 64,,,,
E07000037,High Peak,Local Authority District,Job density,2015-01-01/P1Y,0.62,Number of jobs per resident aged 16 to 64,Number of jobs per resident aged 16 to 64,,,,
E07000037,High Peak,Local Authority District,Job density,2014-01-01/P1Y,0.62,Number of jobs per resident aged 16 to 64,Number of jobs per resident aged 16 to 64,,,,
E07000037,High Peak,Local Authority District,Job density,2013-01-01/P1Y,0.61,Number of jobs per resident aged 16 to 64,Number of jobs per resident aged 16 to 64,,,,
E07000037,High Peak,Local Authority District,Job density,2012-01-01/P1Y,0.67,Number of jobs per resident aged 16 to 64,Number of jobs per resident aged 16 to 64,,,,
E07000037,High Peak,Local Authority District,Job density,2017-01-01/P1Y,0.66,Number of jobs per resident aged 16 to 64,Number of jobs per resident aged 16 to 64,,,,
E07000038,North East Derbyshire,Local Authority District,Job density,2019-01-01/P1Y,0.54,Number of jobs per resident aged 16 to 64,Number of jobs per resident aged 16 to 64,,,,
E07000038,North East Derbyshire,Local Authority District,Job density,2024-01-01/P1Y,0.55,Number of jobs per resident aged 16 to 64,Number of jobs per resident aged 16 to 64,,,,
E07000038,North East Derbyshire,Local Authority District,Job density,2023-01-01/P1Y,0.54,Number of jobs per resident aged 16 to 64,Number of jobs per resident aged 16 to 64,,,,
E07000038,North East Derbyshire,Local Authority District,Job density,2022-01-01/P1Y,0.56,Number of jobs per resident aged 16 to 64,Number of jobs per resident aged 16 to 64,,,,
E07000038,North East Derbyshire,Local Authority District,Job density,2021-01-01/P1Y,0.58,Number of jobs per resident aged 16 to 64,Number of jobs per resident aged 16 to 64,,,,
E07000038,North East Derbyshire,Local Authority District,Job density,2020-01-01/P1Y,0.51,Number of jobs per resident aged 16 to 64,Number of jobs per resident aged 16 to 64,,,,
E07000038,North East Derbyshire,Local Authority District,Job density,2018-01-01/P1Y,0.59,Number of jobs per resident aged 16 to 64,Number of jobs per resident aged 16 to 64,,,,
E07000038,North East Derbyshire,Local Authority District,Job density,2011-01-01/P1Y,0.5,Number of jobs per resident aged 16 to 64,Number of jobs per resident aged 16 to 64,,,,
E07000038,North East Derbyshire,Local Authority District,Job density,2016-01-01/P1Y,0.56,Number of jobs per resident aged 16 to 64,Number of jobs per resident aged 16 to 64,,,,
E07000038,North East Derbyshire,Local Authority District,Job density,2015-01-01/P1Y,0.56,Number of jobs per resident aged 16 to 64,Number of jobs per resident aged 16 to 64,,,,
E07000038,North East Derbyshire,Local Authority District,Job density,2014-01-01/P1Y,0.52,Number of jobs per resident aged 16 to 64,Number of jobs per resident aged 16 to 64,,,,
E07000038,North East Derbyshire,Local Authority District,Job density,2013-01-01/P1Y,0.49,Number of jobs per resident aged 16 to 64,Number of jobs per resident aged 16 to 64,,,,
E07000038,North East Derbyshire,Local Authority District,Job density,2012-01-01/P1Y,0.49,Number of jobs per resident aged 16 to 64,Number of jobs per resident aged 16 to 64,,,,
E07000038,North East Derbyshire,Local Authority District,Job density,2017-01-01/P1Y,0.56,Number of jobs per resident aged 16 to 64,Number of jobs per resident aged 16 to 64,,,,
E07000039,South Derbyshire,Local Authority District,Job density,2024-01-01/P1Y,0.51,Number of jobs per resident aged 16 to 64,Number of jobs per resident aged 16 to 64,,,,
E07000039,South Derbyshire,Local Authority District,Job density,2023-01-01/P1Y,0.57,Number of jobs per resident aged 16 to 64,Number of jobs per resident aged 16 to 64,,,,
E07000039,South Derbyshire,Local Authority District,Job density,2022-01-01/P1Y,0.61,Number of jobs per resident aged 16 to 64,Number of jobs per resident aged 16 to 64,,,,
E07000039,South Derbyshire,Local Authority District,Job density,2021-01-01/P1Y,0.55,Number of jobs per resident aged 16 to 64,Number of jobs per resident aged 16 to 64,,,,
E07000039,South Derbyshire,Local Authority District,Job density,2020-01-01/P1Y,0.53,Number of jobs per resident aged 16 to 64,Number of jobs per resident aged 16 to 64,,,,
E07000039,South Derbyshire,Local Authority District,Job density,2019-01-01/P1Y,0.62,Number of jobs per resident aged 16 to 64,Number of jobs per resident aged 16 to 64,,,,
E07000039,South Derbyshire,Local Authority District,Job density,2018-01-01/P1Y,0.59,Number of jobs per resident aged 16 to 64,Number of jobs per resident aged 16 to 64,,,,
E07000039,South Derbyshire,Local Authority District,Job density,2016-01-01/P1Y,0.6,Number of jobs per resident aged 16 to 64,Number of jobs per resident aged 16 to 64,,,,
E07000039,South Derbyshire,Local Authority District,Job density,2015-01-01/P1Y,0.53,Number of jobs per resident aged 16 to 64,Number of jobs per resident aged 16 to 64,,,,
E07000039,South Derbyshire,Local Authority District,Job density,2014-01-01/P1Y,0.55,Number of jobs per resident aged 16 to 64,Number of jobs per resident aged 16 to 64,,,,
E07000039,South Derbyshire,Local Authority District,Job density,2013-01-01/P1Y,0.59,Number of jobs per resident aged 16 to 64,Number of jobs per resident aged 16 to 64,,,,
E07000039,South Derbyshire,Local Authority District,Job density,2012-01-01/P1Y,0.63,Number of jobs per resident aged 16 to 64,Number of jobs per resident aged 16 to 64,,,,
E07000039,South Derbyshire,Local Authority District,Job density,2011-01-01/P1Y,0.56,Number of jobs per resident aged 16 to 64,Number of jobs per resident aged 16 to 64,,,,
E07000039,South Derbyshire,Local Authority District,Job density,2017-01-01/P1Y,0.57,Number of jobs per resident aged 16 to 64,Number of jobs per resident aged 16 to 64,,,,
E10000018,Leicestershire,County or Unitary Authority,Job density,2019-01-01/P1Y,0.82,Number of jobs per resident aged 16 to 64,Number of jobs per resident aged 16 to 64,,,,
E10000018,Leicestershire,County or Unitary Authority,Job density,2024-01-01/P1Y,0.83,Number of jobs per resident aged 16 to 64,Number of jobs per resident aged 16 to 64,,,,
E10000018,Leicestershire,County or Unitary Authority,Job density,2023-01-01/P1Y,0.83,Number of jobs per resident aged 16 to 64,Number of jobs per resident aged 16 to 64,,,,
E10000018,Leicestershire,County or Unitary Authority,Job density,2022-01-01/P1Y,0.84,Number of jobs per resident aged 16 to 64,Number of jobs per resident aged 16 to 64,,,,
E10000018,Leicestershire,County or Unitary Authority,Job density,2021-01-01/P1Y,0.83,Number of jobs per resident aged 16 to 64,Number of jobs per resident aged 16 to 64,,,,
E10000018,Leicestershire,County or Unitary Authority,Job density,2020-01-01/P1Y,0.82,Number of jobs per resident aged 16 to 64,Number of jobs per resident aged 16 to 64,,,,
E10000018,Leicestershire,County or Unitary Authority,Job density,2018-01-01/P1Y,0.82,Number of jobs per resident aged 16 to 64,Number of jobs per resident aged 16 to 64,,,,
E10000018,Leicestershire,County or Unitary Authority,Job density,2017-01-01/P1Y,0.82,Number of jobs per resident aged 16 to 64,Number of jobs per resident aged 16 to 64,,,,
E10000018,Leicestershire,County or Unitary Authority,Job density,2016-01-01/P1Y,0.81,Number of jobs per resident aged 16 to 64,Number of jobs per resident aged 16 to 64,,,,
E10000018,Leicestershire,County or Unitary Authority,Job density,2015-01-01/P1Y,0.78,Number of jobs per resident aged 16 to 64,Number of jobs per resident aged 16 to 64,,,,
E10000018,Leicestershire,County or Unitary Authority,Job density,2014-01-01/P1Y,0.76,Number of jobs per resident aged 16 to 64,Number of jobs per resident aged 16 to 64,,,,
E10000018,Leicestershire,County or Unitary Authority,Job density,2013-01-01/P1Y,0.75,Number of jobs per resident aged 16 to 64,Number of jobs per resident aged 16 to 64,,,,
E10000018,Leicestershire,County or Unitary Authority,Job density,2012-01-01/P1Y,0.75,Number of jobs per resident aged 16 to 64,Number of jobs per resident aged 16 to 64,,,,
E10000018,Leicestershire,County or Unitary Authority,Job density,2011-01-01/P1Y,0.74,Number of jobs per resident aged 16 to 64,Number of jobs per resident aged 16 to 64,,,,
E07000129,Blaby,Local Authority District,Job density,2024-01-01/P1Y,1.13,Number of jobs per resident aged 16 to 64,Number of jobs per resident aged 16 to 64,,,,
E07000129,Blaby,Local Authority District,Job density,2023-01-01/P1Y,1.09,Number of jobs per resident aged 16 to 64,Number of jobs per resident aged 16 to 64,,,,
E07000129,Blaby,Local Authority District,Job density,2022-01-01/P1Y,1.06,Number of jobs per resident aged 16 to 64,Number of jobs per resident aged 16 to 64,,,,
E07000129,Blaby,Local Authority District,Job density,2021-01-01/P1Y,1.04,Number of jobs per resident aged 16 to 64,Number of jobs per resident aged 16 to 64,,,,
E07000129,Blaby,Local Authority District,Job density,2020-01-01/P1Y,0.98,Number of jobs per resident aged 16 to 64,Number of jobs per resident aged 16 to 64,,,,
E07000129,Blaby,Local Authority District,Job density,2019-01-01/P1Y,1.1,Number of jobs per resident aged 16 to 64,Number of jobs per resident aged 16 to 64,,,,
E07000129,Blaby,Local Authority District,Job density,2018-01-01/P1Y,1.06,Number of jobs per resident aged 16 to 64,Number of jobs per resident aged 16 to 64,,,,
E07000129,Blaby,Local Authority District,Job density,2016-01-01/P1Y,0.99,Number of jobs per resident aged 16 to 64,Number of jobs per resident aged 16 to 64,,,,
E07000129,Blaby,Local Authority District,Job density,2015-01-01/P1Y,0.95,Number of jobs per resident aged 16 to 64,Number of jobs per resident aged 16 to 64,,,,
E07000129,Blaby,Local Authority District,Job density,2014-01-01/P1Y,0.93,Number of jobs per resident aged 16 to 64,Number of jobs per resident aged 16 to 64,,,,
E07000129,Blaby,Local Authority District,Job density,2013-01-01/P1Y,0.9,Number of jobs per resident aged 16 to 64,Number of jobs per resident aged 16 to 64,,,,
E07000129,Blaby,Local Authority District,Job density,2012-01-01/P1Y,0.93,Number of jobs per resident aged 16 to 64,Number of jobs per resident aged 16 to 64,,,,
E07000129,Blaby,Local Authority District,Job density,2011-01-01/P1Y,0.89,Number of jobs per resident aged 16 to 64,Number of jobs per resident aged 16 to 64,,,,
E07000129,Blaby,Local Authority District,Job density,2017-01-01/P1Y,1.06,Number of jobs per resident aged 16 to 64,Number of jobs per resident aged 16 to 64,,,,
E07000130,Charnwood,Local Authority District,Job density,2019-01-01/P1Y,0.66,Number of jobs per resident aged 16 to 64,Number of jobs per resident aged 16 to 64,,,,
E07000130,Charnwood,Local Authority District,Job density,2024-01-01/P1Y,0.7,Number of jobs per resident aged 16 to 64,Number of jobs per resident aged 16 to 64,,,,
E07000130,Charnwood,Local Authority District,Job density,2023-01-01/P1Y,0.7,Number of jobs per resident aged 16 to 64,Number of jobs per resident aged 16 to 64,,,,
E07000130,Charnwood,Local Authority District,Job density,2022-01-01/P1Y,0.72,Number of jobs per resident aged 16 to 64,Number of jobs per resident aged 16 to 64,,,,
E07000130,Charnwood,Local Authority District,Job density,2021-01-01/P1Y,0.7,Number of jobs per resident aged 16 to 64,Number of jobs per resident aged 16 to 64,,,,
E07000130,Charnwood,Local Authority District,Job density,2020-01-01/P1Y,0.68,Number of jobs per resident aged 16 to 64,Number of jobs per resident aged 16 to 64,,,,
E07000130,Charnwood,Local Authority District,Job density,2018-01-01/P1Y,0.64,Number of jobs per resident aged 16 to 64,Number of jobs per resident aged 16 to 64,,,,
E07000130,Charnwood,Local Authority District,Job density,2011-01-01/P1Y,0.63,Number of jobs per resident aged 16 to 64,Number of jobs per resident aged 16 to 64,,,,
E07000130,Charnwood,Local Authority District,Job density,2016-01-01/P1Y,0.7,Number of jobs per resident aged 16 to 64,Number of jobs per resident aged 16 to 64,,,,
E07000130,Charnwood,Local Authority District,Job density,2015-01-01/P1Y,0.65,Number of jobs per resident aged 16 to 64,Number of jobs per resident aged 16 to 64,,,,
E07000130,Charnwood,Local Authority District,Job density,2014-01-01/P1Y,0.65,Number of jobs per resident aged 16 to 64,Number of jobs per resident aged 16 to 64,,,,
E07000130,Charnwood,Local Authority District,Job density,2013-01-01/P1Y,0.62,Number of jobs per resident aged 16 to 64,Number of jobs per resident aged 16 to 64,,,,
E07000130,Charnwood,Local Authority District,Job density,2012-01-01/P1Y,0.6,Number of jobs per resident aged 16 to 64,Number of jobs per resident aged 16 to 64,,,,
E07000130,Charnwood,Local Authority District,Job density,2017-01-01/P1Y,0.64,Number of jobs per resident aged 16 to 64,Number of jobs per resident aged 16 to 64,,,,
E07000131,Harborough,Local Authority District,Job density,2019-01-01/P1Y,0.83,Number of jobs per resident aged 16 to 64,Number of jobs per resident aged 16 to 64,,,,
E07000131,Harborough,Local Authority District,Job density,2024-01-01/P1Y,0.73,Number of jobs per resident aged 16 to 64,Number of jobs per resident aged 16 to 64,,,,
E07000131,Harborough,Local Authority District,Job density,2023-01-01/P1Y,0.75,Number of jobs per resident aged 16 to 64,Number of jobs per resident aged 16 to 64,,,,
E07000131,Harborough,Local Authority District,Job density,2022-01-01/P1Y,0.79,Number of jobs per resident aged 16 to 64,Number of jobs per resident aged 16 to 64,,,,
E07000131,Harborough,Local Authority District,Job density,2021-01-01/P1Y,0.79,Number of jobs per resident aged 16 to 64,Number of jobs per resident aged 16 to 64,,,,
E07000131,Harborough,Local Authority District,Job density,2020-01-01/P1Y,0.8,Number of jobs per resident aged 16 to 64,Number of jobs per resident aged 16 to 64,,,,
E07000131,Harborough,Local Authority District,Job density,2018-01-01/P1Y,0.88,Number of jobs per resident aged 16 to 64,Number of jobs per resident aged 16 to 64,,,,
E07000131,Harborough,Local Authority District,Job density,2011-01-01/P1Y,0.81,Number of jobs per resident aged 16 to 64,Number of jobs per resident aged 16 to 64,,,,
E07000131,Harborough,Local Authority District,Job density,2016-01-01/P1Y,0.79,Number of jobs per resident aged 16 to 64,Number of jobs per resident aged 16 to 64,,,,
E07000131,Harborough,Local Authority District,Job density,2015-01-01/P1Y,0.8,Number of jobs per resident aged 16 to 64,Number of jobs per resident aged 16 to 64,,,,
E07000131,Harborough,Local Authority District,Job density,2014-01-01/P1Y,0.78,Number of jobs per resident aged 16 to 64,Number of jobs per resident aged 16 to 64,,,,
E07000131,Harborough,Local Authority District,Job density,2013-01-01/P1Y,0.78,Number of jobs per resident aged 16 to 64,Number of jobs per resident aged 16 to 64,,,,
E07000131,Harborough,Local Authority District,Job density,2012-01-01/P1Y,0.79,Number of jobs per resident aged 16 to 64,Number of jobs per resident aged 16 to 64,,,,
E07000131,Harborough,Local Authority District,Job density,2017-01-01/P1Y,0.86,Number of jobs per resident aged 16 to 64,Number of jobs per resident aged 16 to 64,,,,
E07000132,Hinckley and Bosworth,Local Authority District,Job density,2024-01-01/P1Y,0.74,Number of jobs per resident aged 16 to 64,Number of jobs per resident aged 16 to 64,,,,
E07000132,Hinckley and Bosworth,Local Authority District,Job density,2023-01-01/P1Y,0.7,Number of jobs per resident aged 16 to 64,Number of jobs per resident aged 16 to 64,,,,
E07000132,Hinckley and Bosworth,Local Authority District,Job density,2022-01-01/P1Y,0.7,Number of jobs per resident aged 16 to 64,Number of jobs per resident aged 16 to 64,,,,
E07000132,Hinckley and Bosworth,Local Authority District,Job density,2021-01-01/P1Y,0.73,Number of jobs per resident aged 16 to 64,Number of jobs per resident aged 16 to 64,,,,
E07000132,Hinckley and Bosworth,Local Authority District,Job density,2020-01-01/P1Y,0.73,Number of jobs per resident aged 16 to 64,Number of jobs per resident aged 16 to 64,,,,
E07000132,Hinckley and Bosworth,Local Authority District,Job density,2019-01-01/P1Y,0.69,Number of jobs per resident aged 16 to 64,Number of jobs per resident aged 16 to 64,,,,
E07000132,Hinckley and Bosworth,Local Authority District,Job density,2018-01-01/P1Y,0.7,Number of jobs per resident aged 16 to 64,Number of jobs per resident aged 16 to 64,,,,
E07000132,Hinckley and Bosworth,Local Authority District,Job density,2016-01-01/P1Y,0.76,Number of jobs per resident aged 16 to 64,Number of jobs per resident aged 16 to 64,,,,
E07000132,Hinckley and Bosworth,Local Authority District,Job density,2015-01-01/P1Y,0.7,Number of jobs per resident aged 16 to 64,Number of jobs per resident aged 16 to 64,,,,
E07000132,Hinckley and Bosworth,Local Authority District,Job density,2014-01-01/P1Y,0.72,Number of jobs per resident aged 16 to 64,Number of jobs per resident aged 16 to 64,,,,
E07000132,Hinckley and Bosworth,Local Authority District,Job density,2013-01-01/P1Y,0.71,Number of jobs per resident aged 16 to 64,Number of jobs per resident aged 16 to 64,,,,
E07000132,Hinckley and Bosworth,Local Authority District,Job density,2012-01-01/P1Y,0.63,Number of jobs per resident aged 16 to 64,Number of jobs per resident aged 16 to 64,,,,
E07000132,Hinckley and Bosworth,Local Authority District,Job density,2011-01-01/P1Y,0.65,Number of jobs per resident aged 16 to 64,Number of jobs per resident aged 16 to 64,,,,
E07000132,Hinckley and Bosworth,Local Authority District,Job density,2017-01-01/P1Y,0.73,Number of jobs per resident aged 16 to 64,Number of jobs per resident aged 16 to 64,,,,
E07000133,Melton,Local Authority District,Job density,2019-01-01/P1Y,0.75,Number of jobs per resident aged 16 to 64,Number of jobs per resident aged 16 to 64,,,,
E07000133,Melton,Local Authority District,Job density,2024-01-01/P1Y,0.79,Number of jobs per resident aged 16 to 64,Number of jobs per resident aged 16 to 64,,,,
E07000133,Melton,Local Authority District,Job density,2023-01-01/P1Y,0.84,Number of jobs per resident aged 16 to 64,Number of jobs per resident aged 16 to 64,,,,
E07000133,Melton,Local Authority District,Job density,2022-01-01/P1Y,0.86,Number of jobs per resident aged 16 to 64,Number of jobs per resident aged 16 to 64,,,,
E07000133,Melton,Local Authority District,Job density,2021-01-01/P1Y,0.84,Number of jobs per resident aged 16 to 64,Number of jobs per resident aged 16 to 64,,,,
E07000133,Melton,Local Authority District,Job density,2020-01-01/P1Y,0.8,Number of jobs per resident aged 16 to 64,Number of jobs per resident aged 16 to 64,,,,
E07000133,Melton,Local Authority District,Job density,2018-01-01/P1Y,0.79,Number of jobs per resident aged 16 to 64,Number of jobs per resident aged 16 to 64,,,,
E07000133,Melton,Local Authority District,Job density,2017-01-01/P1Y,0.81,Number of jobs per resident aged 16 to 64,Number of jobs per resident aged 16 to 64,,,,
E07000133,Melton,Local Authority District,Job density,2016-01-01/P1Y,0.86,Number of jobs per resident aged 16 to 64,Number of jobs per resident aged 16 to 64,,,,
E07000133,Melton,Local Authority District,Job density,2015-01-01/P1Y,0.82,Number of jobs per resident aged 16 to 64,Number of jobs per resident aged 16 to 64,,,,
E07000133,Melton,Local Authority District,Job density,2014-01-01/P1Y,0.74,Number of jobs per resident aged 16 to 64,Number of jobs per resident aged 16 to 64,,,,
E07000133,Melton,Local Authority District,Job density,2013-01-01/P1Y,0.83,Number of jobs per resident aged 16 to 64,Number of jobs per resident aged 16 to 64,,,,
E07000133,Melton,Local Authority District,Job density,2012-01-01/P1Y,0.77,Number of jobs per resident aged 16 to 64,Number of jobs per resident aged 16 to 64,,,,
E07000133,Melton,Local Authority District,Job density,2011-01-01/P1Y,0.78,Number of jobs per resident aged 16 to 64,Number of jobs per resident aged 16 to 64,,,,
E07000134,North West Leicestershire,Local Authority District,Job density,2024-01-01/P1Y,1.15,Number of jobs per resident aged 16 to 64,Number of jobs per resident aged 16 to 64,,,,
E07000134,North West Leicestershire,Local Authority District,Job density,2023-01-01/P1Y,1.14,Number of jobs per resident aged 16 to 64,Number of jobs per resident aged 16 to 64,,,,
E07000134,North West Leicestershire,Local Authority District,Job density,2022-01-01/P1Y,1.14,Number of jobs per resident aged 16 to 64,Number of jobs per resident aged 16 to 64,,,,
E07000134,North West Leicestershire,Local Authority District,Job density,2021-01-01/P1Y,1.12,Number of jobs per resident aged 16 to 64,Number of jobs per resident aged 16 to 64,,,,
E07000134,North West Leicestershire,Local Authority District,Job density,2020-01-01/P1Y,1.14,Number of jobs per resident aged 16 to 64,Number of jobs per resident aged 16 to 64,,,,
E07000134,North West Leicestershire,Local Authority District,Job density,2019-01-01/P1Y,1.09,Number of jobs per resident aged 16 to 64,Number of jobs per resident aged 16 to 64,,,,
E07000134,North West Leicestershire,Local Authority District,Job density,2018-01-01/P1Y,1.1,Number of jobs per resident aged 16 to 64,Number of jobs per resident aged 16 to 64,,,,
E07000134,North West Leicestershire,Local Authority District,Job density,2017-01-01/P1Y,1.07,Number of jobs per resident aged 16 to 64,Number of jobs per resident aged 16 to 64,,,,
E07000134,North West Leicestershire,Local Authority District,Job density,2016-01-01/P1Y,1.01,Number of jobs per resident aged 16 to 64,Number of jobs per resident aged 16 to 64,,,,
E07000134,North West Leicestershire,Local Authority District,Job density,2015-01-01/P1Y,1.01,Number of jobs per resident aged 16 to 64,Number of jobs per resident aged 16 to 64,,,,
E07000134,North West Leicestershire,Local Authority District,Job density,2014-01-01/P1Y,0.94,Number of jobs per resident aged 16 to 64,Number of jobs per resident aged 16 to 64,,,,
E07000134,North West Leicestershire,Local Authority District,Job density,2013-01-01/P1Y,0.95,Number of jobs per resident aged 16 to 64,Number of jobs per resident aged 16 to 64,,,,
E07000134,North West Leicestershire,Local Authority District,Job density,2012-01-01/P1Y,1.05,Number of jobs per resident aged 16 to 64,Number of jobs per resident aged 16 to 64,,,,
E07000134,North West Leicestershire,Local Authority District,Job density,2011-01-01/P1Y,0.92,Number of jobs per resident aged 16 to 64,Number of jobs per resident aged 16 to 64,,,,
E07000135,Oadby and Wigston,Local Authority District,Job density,2023-01-01/P1Y,0.62,Number of jobs per resident aged 16 to 64,Number of jobs per resident aged 16 to 64,,,,
E07000135,Oadby and Wigston,Local Authority District,Job density,2022-01-01/P1Y,0.63,Number of jobs per resident aged 16 to 64,Number of jobs per resident aged 16 to 64,,,,
E07000135,Oadby and Wigston,Local Authority District,Job density,2021-01-01/P1Y,0.64,Number of jobs per resident aged 16 to 64,Number of jobs per resident aged 16 to 64,,,,
E07000135,Oadby and Wigston,Local Authority District,Job density,2020-01-01/P1Y,0.61,Number of jobs per resident aged 16 to 64,Number of jobs per resident aged 16 to 64,,,,
E07000135,Oadby and Wigston,Local Authority District,Job density,2019-01-01/P1Y,0.6,Number of jobs per resident aged 16 to 64,Number of jobs per resident aged 16 to 64,,,,
E07000135,Oadby and Wigston,Local Authority District,Job density,2018-01-01/P1Y,0.62,Number of jobs per resident aged 16 to 64,Number of jobs per resident aged 16 to 64,,,,
E07000135,Oadby and Wigston,Local Authority District,Job density,2024-01-01/P1Y,0.54,Number of jobs per resident aged 16 to 64,Number of jobs per resident aged 16 to 64,,,,
E07000135,Oadby and Wigston,Local Authority District,Job density,2016-01-01/P1Y,0.61,Number of jobs per resident aged 16 to 64,Number of jobs per resident aged 16 to 64,,,,
E07000135,Oadby and Wigston,Local Authority District,Job density,2015-01-01/P1Y,0.59,Number of jobs per resident aged 16 to 64,Number of jobs per resident aged 16 to 64,,,,
E07000135,Oadby and Wigston,Local Authority District,Job density,2014-01-01/P1Y,0.55,Number of jobs per resident aged 16 to 64,Number of jobs per resident aged 16 to 64,,,,
E07000135,Oadby and Wigston,Local Authority District,Job density,2013-01-01/P1Y,0.54,Number of jobs per resident aged 16 to 64,Number of jobs per resident aged 16 to 64,,,,
E07000135,Oadby and Wigston,Local Authority District,Job density,2012-01-01/P1Y,0.58,Number of jobs per resident aged 16 to 64,Number of jobs per resident aged 16 to 64,,,,
E07000135,Oadby and Wigston,Local Authority District,Job density,2011-01-01/P1Y,0.59,Number of jobs per resident aged 16 to 64,Number of jobs per resident aged 16 to 64,,,,
E07000135,Oadby and Wigston,Local Authority District,Job density,2017-01-01/P1Y,0.62,Number of jobs per resident aged 16 to 64,Number of jobs per resident aged 16 to 64,,,,
E10000019,Lincolnshire,County or Unitary Authority,Job density,2023-01-01/P1Y,0.75,Number of jobs per resident aged 16 to 64,Number of jobs per resident aged 16 to 64,,,,
E10000019,Lincolnshire,County or Unitary Authority,Job density,2022-01-01/P1Y,0.77,Number of jobs per resident aged 16 to 64,Number of jobs per resident aged 16 to 64,,,,
E10000019,Lincolnshire,County or Unitary Authority,Job density,2021-01-01/P1Y,0.76,Number of jobs per resident aged 16 to 64,Number of jobs per resident aged 16 to 64,,,,
E10000019,Lincolnshire,County or Unitary Authority,Job density,2020-01-01/P1Y,0.77,Number of jobs per resident aged 16 to 64,Number of jobs per resident aged 16 to 64,,,,
E10000019,Lincolnshire,County or Unitary Authority,Job density,2019-01-01/P1Y,0.77,Number of jobs per resident aged 16 to 64,Number of jobs per resident aged 16 to 64,,,,
E10000019,Lincolnshire,County or Unitary Authority,Job density,2018-01-01/P1Y,0.77,Number of jobs per resident aged 16 to 64,Number of jobs per resident aged 16 to 64,,,,
E10000019,Lincolnshire,County or Unitary Authority,Job density,2024-01-01/P1Y,0.75,Number of jobs per resident aged 16 to 64,Number of jobs per resident aged 16 to 64,,,,
E10000019,Lincolnshire,County or Unitary Authority,Job density,2016-01-01/P1Y,0.78,Number of jobs per resident aged 16 to 64,Number of jobs per resident aged 16 to 64,,,,
E10000019,Lincolnshire,County or Unitary Authority,Job density,2015-01-01/P1Y,0.75,Number of jobs per resident aged 16 to 64,Number of jobs per resident aged 16 to 64,,,,
E10000019,Lincolnshire,County or Unitary Authority,Job density,2014-01-01/P1Y,0.74,Number of jobs per resident aged 16 to 64,Number of jobs per resident aged 16 to 64,,,,
E10000019,Lincolnshire,County or Unitary Authority,Job density,2013-01-01/P1Y,0.72,Number of jobs per resident aged 16 to 64,Number of jobs per resident aged 16 to 64,,,,
E10000019,Lincolnshire,County or Unitary Authority,Job density,2012-01-01/P1Y,0.73,Number of jobs per resident aged 16 to 64,Number of jobs per resident aged 16 to 64,,,,
E10000019,Lincolnshire,County or Unitary Authority,Job density,2011-01-01/P1Y,0.75,Number of jobs per resident aged 16 to 64,Number of jobs per resident aged 16 to 64,,,,
E10000019,Lincolnshire,County or Unitary Authority,Job density,2017-01-01/P1Y,0.78,Number of jobs per resident aged 16 to 64,Number of jobs per resident aged 16 to 64,,,,
E07000136,Boston,Local Authority District,Job density,2024-01-01/P1Y,0.8,Number of jobs per resident aged 16 to 64,Number of jobs per resident aged 16 to 64,,,,
E07000136,Boston,Local Authority District,Job density,2023-01-01/P1Y,0.86,Number of jobs per resident aged 16 to 64,Number of jobs per resident aged 16 to 64,,,,
E07000136,Boston,Local Authority District,Job density,2022-01-01/P1Y,0.8,Number of jobs per resident aged 16 to 64,Number of jobs per resident aged 16 to 64,,,,
E07000136,Boston,Local Authority District,Job density,2021-01-01/P1Y,0.79,Number of jobs per resident aged 16 to 64,Number of jobs per resident aged 16 to 64,,,,
E07000136,Boston,Local Authority District,Job density,2020-01-01/P1Y,0.81,Number of jobs per resident aged 16 to 64,Number of jobs per resident aged 16 to 64,,,,
E07000136,Boston,Local Authority District,Job density,2019-01-01/P1Y,0.81,Number of jobs per resident aged 16 to 64,Number of jobs per resident aged 16 to 64,,,,
E07000136,Boston,Local Authority District,Job density,2018-01-01/P1Y,0.88,Number of jobs per resident aged 16 to 64,Number of jobs per resident aged 16 to 64,,,,
E07000136,Boston,Local Authority District,Job density,2017-01-01/P1Y,0.91,Number of jobs per resident aged 16 to 64,Number of jobs per resident aged 16 to 64,,,,
E07000136,Boston,Local Authority District,Job density,2015-01-01/P1Y,0.79,Number of jobs per resident aged 16 to 64,Number of jobs per resident aged 16 to 64,,,,
E07000136,Boston,Local Authority District,Job density,2014-01-01/P1Y,0.82,Number of jobs per resident aged 16 to 64,Number of jobs per resident aged 16 to 64,,,,
E07000136,Boston,Local Authority District,Job density,2013-01-01/P1Y,0.87,Number of jobs per resident aged 16 to 64,Number of jobs per resident aged 16 to 64,,,,
E07000136,Boston,Local Authority District,Job density,2012-01-01/P1Y,0.86,Number of jobs per resident aged 16 to 64,Number of jobs per resident aged 16 to 64,,,,
E07000136,Boston,Local Authority District,Job density,2011-01-01/P1Y,0.84,Number of jobs per resident aged 16 to 64,Number of jobs per resident aged 16 to 64,,,,
E07000136,Boston,Local Authority District,Job density,2016-01-01/P1Y,0.88,Number of jobs per resident aged 16 to 64,Number of jobs per resident aged 16 to 64,,,,
E07000137,East Lindsey,Local Authority District,Job density,2020-01-01/P1Y,0.76,Number of jobs per resident aged 16 to 64,Number of jobs per resident aged 16 to 64,,,,
E07000137,East Lindsey,Local Authority District,Job density,2024-01-01/P1Y,0.68,Number of jobs per resident aged 16 to 64,Number of jobs per resident aged 16 to 64,,,,
E07000137,East Lindsey,Local Authority District,Job density,2023-01-01/P1Y,0.73,Number of jobs per resident aged 16 to 64,Number of jobs per resident aged 16 to 64,,,,
E07000137,East Lindsey,Local Authority District,Job density,2022-01-01/P1Y,0.71,Number of jobs per resident aged 16 to 64,Number of jobs per resident aged 16 to 64,,,,
E07000137,East Lindsey,Local Authority District,Job density,2021-01-01/P1Y,0.68,Number of jobs per resident aged 16 to 64,Number of jobs per resident aged 16 to 64,,,,
E07000137,East Lindsey,Local Authority District,Job density,2019-01-01/P1Y,0.75,Number of jobs per resident aged 16 to 64,Number of jobs per resident aged 16 to 64,,,,
E07000137,East Lindsey,Local Authority District,Job density,2018-01-01/P1Y,0.78,Number of jobs per resident aged 16 to 64,Number of jobs per resident aged 16 to 64,,,,
E07000137,East Lindsey,Local Authority District,Job density,2017-01-01/P1Y,0.74,Number of jobs per resident aged 16 to 64,Number of jobs per resident aged 16 to 64,,,,
E07000137,East Lindsey,Local Authority District,Job density,2016-01-01/P1Y,0.78,Number of jobs per resident aged 16 to 64,Number of jobs per resident aged 16 to 64,,,,
E07000137,East Lindsey,Local Authority District,Job density,2015-01-01/P1Y,0.73,Number of jobs per resident aged 16 to 64,Number of jobs per resident aged 16 to 64,,,,
E07000137,East Lindsey,Local Authority District,Job density,2014-01-01/P1Y,0.66,Number of jobs per resident aged 16 to 64,Number of jobs per resident aged 16 to 64,,,,
E07000137,East Lindsey,Local Authority District,Job density,2013-01-01/P1Y,0.64,Number of jobs per resident aged 16 to 64,Number of jobs per resident aged 16 to 64,,,,
E07000137,East Lindsey,Local Authority District,Job density,2012-01-01/P1Y,0.71,Number of jobs per resident aged 16 to 64,Number of jobs per resident aged 16 to 64,,,,
E07000137,East Lindsey,Local Authority District,Job density,2011-01-01/P1Y,0.73,Number of jobs per resident aged 16 to 64,Number of jobs per resident aged 16 to 64,,,,
E07000138,Lincoln,Local Authority District,Job density,2024-01-01/P1Y,0.88,Number of jobs per resident aged 16 to 64,Number of jobs per resident aged 16 to 64,,,,
E07000138,Lincoln,Local Authority District,Job density,2023-01-01/P1Y,0.9,Number of jobs per resident aged 16 to 64,Number of jobs per resident aged 16 to 64,,,,
E07000138,Lincoln,Local Authority District,Job density,2022-01-01/P1Y,0.95,Number of jobs per resident aged 16 to 64,Number of jobs per resident aged 16 to 64,,,,
E07000138,Lincoln,Local Authority District,Job density,2021-01-01/P1Y,0.88,Number of jobs per resident aged 16 to 64,Number of jobs per resident aged 16 to 64,,,,
E07000138,Lincoln,Local Authority District,Job density,2020-01-01/P1Y,0.85,Number of jobs per resident aged 16 to 64,Number of jobs per resident aged 16 to 64,,,,
E07000138,Lincoln,Local Authority District,Job density,2019-01-01/P1Y,0.85,Number of jobs per resident aged 16 to 64,Number of jobs per resident aged 16 to 64,,,,
E07000138,Lincoln,Local Authority District,Job density,2018-01-01/P1Y,0.9,Number of jobs per resident aged 16 to 64,Number of jobs per resident aged 16 to 64,,,,
E07000138,Lincoln,Local Authority District,Job density,2017-01-01/P1Y,0.88,Number of jobs per resident aged 16 to 64,Number of jobs per resident aged 16 to 64,,,,
E07000138,Lincoln,Local Authority District,Job density,2016-01-01/P1Y,0.89,Number of jobs per resident aged 16 to 64,Number of jobs per resident aged 16 to 64,,,,
E07000138,Lincoln,Local Authority District,Job density,2015-01-01/P1Y,0.93,Number of jobs per resident aged 16 to 64,Number of jobs per resident aged 16 to 64,,,,
E07000138,Lincoln,Local Authority District,Job density,2014-01-01/P1Y,0.93,Number of jobs per resident aged 16 to 64,Number of jobs per resident aged 16 to 64,,,,
E07000138,Lincoln,Local Authority District,Job density,2013-01-01/P1Y,0.88,Number of jobs per resident aged 16 to 64,Number of jobs per resident aged 16 to 64,,,,
E07000138,Lincoln,Local Authority District,Job density,2012-01-01/P1Y,0.87,Number of jobs per resident aged 16 to 64,Number of jobs per resident aged 16 to 64,,,,
E07000138,Lincoln,Local Authority District,Job density,2011-01-01/P1Y,0.91,Number of jobs per resident aged 16 to 64,Number of jobs per resident aged 16 to 64,,,,
E07000139,North Kesteven,Local Authority District,Job density,2023-01-01/P1Y,0.7,Number of jobs per resident aged 16 to 64,Number of jobs per resident aged 16 to 64,,,,
E07000139,North Kesteven,Local Authority District,Job density,2022-01-01/P1Y,0.72,Number of jobs per resident aged 16 to 64,Number of jobs per resident aged 16 to 64,,,,
E07000139,North Kesteven,Local Authority District,Job density,2021-01-01/P1Y,0.76,Number of jobs per resident aged 16 to 64,Number of jobs per resident aged 16 to 64,,,,
E07000139,North Kesteven,Local Authority District,Job density,2020-01-01/P1Y,0.74,Number of jobs per resident aged 16 to 64,Number of jobs per resident aged 16 to 64,,,,
E07000139,North Kesteven,Local Authority District,Job density,2019-01-01/P1Y,0.77,Number of jobs per resident aged 16 to 64,Number of jobs per resident aged 16 to 64,,,,
E07000139,North Kesteven,Local Authority District,Job density,2018-01-01/P1Y,0.74,Number of jobs per resident aged 16 to 64,Number of jobs per resident aged 16 to 64,,,,
E07000139,North Kesteven,Local Authority District,Job density,2024-01-01/P1Y,0.74,Number of jobs per resident aged 16 to 64,Number of jobs per resident aged 16 to 64,,,,
E07000139,North Kesteven,Local Authority District,Job density,2016-01-01/P1Y,0.75,Number of jobs per resident aged 16 to 64,Number of jobs per resident aged 16 to 64,,,,
E07000139,North Kesteven,Local Authority District,Job density,2015-01-01/P1Y,0.72,Number of jobs per resident aged 16 to 64,Number of jobs per resident aged 16 to 64,,,,
E07000139,North Kesteven,Local Authority District,Job density,2014-01-01/P1Y,0.71,Number of jobs per resident aged 16 to 64,Number of jobs per resident aged 16 to 64,,,,
E07000139,North Kesteven,Local Authority District,Job density,2013-01-01/P1Y,0.65,Number of jobs per resident aged 16 to 64,Number of jobs per resident aged 16 to 64,,,,
E07000139,North Kesteven,Local Authority District,Job density,2012-01-01/P1Y,0.67,Number of jobs per resident aged 16 to 64,Number of jobs per resident aged 16 to 64,,,,
E07000139,North Kesteven,Local Authority District,Job density,2011-01-01/P1Y,0.73,Number of jobs per resident aged 16 to 64,Number of jobs per resident aged 16 to 64,,,,
E07000139,North Kesteven,Local Authority District,Job density,2017-01-01/P1Y,0.74,Number of jobs per resident aged 16 to 64,Number of jobs per resident aged 16 to 64,,,,
E07000140,South Holland,Local Authority District,Job density,2023-01-01/P1Y,0.72,Number of jobs per resident aged 16 to 64,Number of jobs per resident aged 16 to 64,,,,
E07000140,South Holland,Local Authority District,Job density,2022-01-01/P1Y,0.77,Number of jobs per resident aged 16 to 64,Number of jobs per resident aged 16 to 64,,,,
E07000140,South Holland,Local Authority District,Job density,2021-01-01/P1Y,0.81,Number of jobs per resident aged 16 to 64,Number of jobs per resident aged 16 to 64,,,,
E07000140,South Holland,Local Authority District,Job density,2020-01-01/P1Y,0.8,Number of jobs per resident aged 16 to 64,Number of jobs per resident aged 16 to 64,,,,
E07000140,South Holland,Local Authority District,Job density,2019-01-01/P1Y,0.81,Number of jobs per resident aged 16 to 64,Number of jobs per resident aged 16 to 64,,,,
E07000140,South Holland,Local Authority District,Job density,2018-01-01/P1Y,0.76,Number of jobs per resident aged 16 to 64,Number of jobs per resident aged 16 to 64,,,,
E07000140,South Holland,Local Authority District,Job density,2024-01-01/P1Y,0.73,Number of jobs per resident aged 16 to 64,Number of jobs per resident aged 16 to 64,,,,
E07000140,South Holland,Local Authority District,Job density,2016-01-01/P1Y,0.8,Number of jobs per resident aged 16 to 64,Number of jobs per resident aged 16 to 64,,,,
E07000140,South Holland,Local Authority District,Job density,2015-01-01/P1Y,0.78,Number of jobs per resident aged 16 to 64,Number of jobs per resident aged 16 to 64,,,,
E07000140,South Holland,Local Authority District,Job density,2014-01-01/P1Y,0.74,Number of jobs per resident aged 16 to 64,Number of jobs per resident aged 16 to 64,,,,
E07000140,South Holland,Local Authority District,Job density,2013-01-01/P1Y,0.77,Number of jobs per resident aged 16 to 64,Number of jobs per resident aged 16 to 64,,,,
E07000140,South Holland,Local Authority District,Job density,2012-01-01/P1Y,0.76,Number of jobs per resident aged 16 to 64,Number of jobs per resident aged 16 to 64,,,,
E07000140,South Holland,Local Authority District,Job density,2011-01-01/P1Y,0.8,Number of jobs per resident aged 16 to 64,Number of jobs per resident aged 16 to 64,,,,
E07000140,South Holland,Local Authority District,Job density,2017-01-01/P1Y,0.79,Number of jobs per resident aged 16 to 64,Number of jobs per resident aged 16 to 64,,,,
E07000141,South Kesteven,Local Authority District,Job density,2024-01-01/P1Y,0.78,Number of jobs per resident aged 16 to 64,Number of jobs per resident aged 16 to 64,,,,
E07000141,South Kesteven,Local Authority District,Job density,2023-01-01/P1Y,0.77,Number of jobs per resident aged 16 to 64,Number of jobs per resident aged 16 to 64,,,,
E07000141,South Kesteven,Local Authority District,Job density,2022-01-01/P1Y,0.79,Number of jobs per resident aged 16 to 64,Number of jobs per resident aged 16 to 64,,,,
E07000141,South Kesteven,Local Authority District,Job density,2021-01-01/P1Y,0.79,Number of jobs per resident aged 16 to 64,Number of jobs per resident aged 16 to 64,,,,
E07000141,South Kesteven,Local Authority District,Job density,2020-01-01/P1Y,0.81,Number of jobs per resident aged 16 to 64,Number of jobs per resident aged 16 to 64,,,,
E07000141,South Kesteven,Local Authority District,Job density,2019-01-01/P1Y,0.78,Number of jobs per resident aged 16 to 64,Number of jobs per resident aged 16 to 64,,,,
E07000141,South Kesteven,Local Authority District,Job density,2018-01-01/P1Y,0.78,Number of jobs per resident aged 16 to 64,Number of jobs per resident aged 16 to 64,,,,
E07000141,South Kesteven,Local Authority District,Job density,2017-01-01/P1Y,0.83,Number of jobs per resident aged 16 to 64,Number of jobs per resident aged 16 to 64,,,,
E07000141,South Kesteven,Local Authority District,Job density,2015-01-01/P1Y,0.73,Number of jobs per resident aged 16 to 64,Number of jobs per resident aged 16 to 64,,,,
E07000141,South Kesteven,Local Authority District,Job density,2014-01-01/P1Y,0.75,Number of jobs per resident aged 16 to 64,Number of jobs per resident aged 16 to 64,,,,
E07000141,South Kesteven,Local Authority District,Job density,2013-01-01/P1Y,0.73,Number of jobs per resident aged 16 to 64,Number of jobs per resident aged 16 to 64,,,,
E07000141,South Kesteven,Local Authority District,Job density,2012-01-01/P1Y,0.72,Number of jobs per resident aged 16 to 64,Number of jobs per resident aged 16 to 64,,,,
E07000141,South Kesteven,Local Authority District,Job density,2011-01-01/P1Y,0.75,Number of jobs per resident aged 16 to 64,Number of jobs per resident aged 16 to 64,,,,
E07000141,South Kesteven,Local Authority District,Job density,2016-01-01/P1Y,0.74,Number of jobs per resident aged 16 to 64,Number of jobs per resident aged 16 to 64,,,,
E07000142,West Lindsey,Local Authority District,Job density,2019-01-01/P1Y,0.62,Number of jobs per resident aged 16 to 64,Number of jobs per resident aged 16 to 64,,,,
E07000142,West Lindsey,Local Authority District,Job density,2024-01-01/P1Y,0.64,Number of jobs per resident aged 16 to 64,Number of jobs per resident aged 16 to 64,,,,
E07000142,West Lindsey,Local Authority District,Job density,2023-01-01/P1Y,0.6,Number of jobs per resident aged 16 to 64,Number of jobs per resident aged 16 to 64,,,,
E07000142,West Lindsey,Local Authority District,Job density,2022-01-01/P1Y,0.62,Number of jobs per resident aged 16 to 64,Number of jobs per resident aged 16 to 64,,,,
E07000142,West Lindsey,Local Authority District,Job density,2021-01-01/P1Y,0.62,Number of jobs per resident aged 16 to 64,Number of jobs per resident aged 16 to 64,,,,
E07000142,West Lindsey,Local Authority District,Job density,2020-01-01/P1Y,0.61,Number of jobs per resident aged 16 to 64,Number of jobs per resident aged 16 to 64,,,,
E07000142,West Lindsey,Local Authority District,Job density,2017-01-01/P1Y,0.59,Number of jobs per resident aged 16 to 64,Number of jobs per resident aged 16 to 64,,,,
E07000142,West Lindsey,Local Authority District,Job density,2015-01-01/P1Y,0.56,Number of jobs per resident aged 16 to 64,Number of jobs per resident aged 16 to 64,,,,
E07000142,West Lindsey,Local Authority District,Job density,2016-01-01/P1Y,0.61,Number of jobs per resident aged 16 to 64,Number of jobs per resident aged 16 to 64,,,,
E07000142,West Lindsey,Local Authority District,Job density,2018-01-01/P1Y,0.57,Number of jobs per resident aged 16 to 64,Number of jobs per resident aged 16 to 64,,,,
E07000142,West Lindsey,Local Authority District,Job density,2014-01-01/P1Y,0.56,Number of jobs per resident aged 16 to 64,Number of jobs per resident aged 16 to 64,,,,
E07000142,West Lindsey,Local Authority District,Job density,2013-01-01/P1Y,0.56,Number of jobs per resident aged 16 to 64,Number of jobs per resident aged 16 to 64,,,,
E07000142,West Lindsey,Local Authority District,Job density,2012-01-01/P1Y,0.56,Number of jobs per resident aged 16 to 64,Number of jobs per resident aged 16 to 64,,,,
E07000142,West Lindsey,Local Authority District,Job density,2011-01-01/P1Y,0.55,Number of jobs per resident aged 16 to 64,Number of jobs per resident aged 16 to 64,,,,
E10000024,Nottinghamshire,County or Unitary Authority,Job density,2024-01-01/P1Y,0.72,Number of jobs per resident aged 16 to 64,Number of jobs per resident aged 16 to 64,,,,
E10000024,Nottinghamshire,County or Unitary Authority,Job density,2023-01-01/P1Y,0.7,Number of jobs per resident aged 16 to 64,Number of jobs per resident aged 16 to 64,,,,
E10000024,Nottinghamshire,County or Unitary Authority,Job density,2022-01-01/P1Y,0.71,Number of jobs per resident aged 16 to 64,Number of jobs per resident aged 16 to 64,,,,
E10000024,Nottinghamshire,County or Unitary Authority,Job density,2021-01-01/P1Y,0.68,Number of jobs per resident aged 16 to 64,Number of jobs per resident aged 16 to 64,,,,
E10000024,Nottinghamshire,County or Unitary Authority,Job density,2020-01-01/P1Y,0.69,Number of jobs per resident aged 16 to 64,Number of jobs per resident aged 16 to 64,,,,
E10000024,Nottinghamshire,County or Unitary Authority,Job density,2019-01-01/P1Y,0.7,Number of jobs per resident aged 16 to 64,Number of jobs per resident aged 16 to 64,,,,
E10000024,Nottinghamshire,County or Unitary Authority,Job density,2018-01-01/P1Y,0.7,Number of jobs per resident aged 16 to 64,Number of jobs per resident aged 16 to 64,,,,
E10000024,Nottinghamshire,County or Unitary Authority,Job density,2017-01-01/P1Y,0.71,Number of jobs per resident aged 16 to 64,Number of jobs per resident aged 16 to 64,,,,
E10000024,Nottinghamshire,County or Unitary Authority,Job density,2016-01-01/P1Y,0.69,Number of jobs per resident aged 16 to 64,Number of jobs per resident aged 16 to 64,,,,
E10000024,Nottinghamshire,County or Unitary Authority,Job density,2015-01-01/P1Y,0.67,Number of jobs per resident aged 16 to 64,Number of jobs per resident aged 16 to 64,,,,
E10000024,Nottinghamshire,County or Unitary Authority,Job density,2014-01-01/P1Y,0.66,Number of jobs per resident aged 16 to 64,Number of jobs per resident aged 16 to 64,,,,
E10000024,Nottinghamshire,County or Unitary Authority,Job density,2013-01-01/P1Y,0.62,Number of jobs per resident aged 16 to 64,Number of jobs per resident aged 16 to 64,,,,
E10000024,Nottinghamshire,County or Unitary Authority,Job density,2012-01-01/P1Y,0.62,Number of jobs per resident aged 16 to 64,Number of jobs per resident aged 16 to 64,,,,
E10000024,Nottinghamshire,County or Unitary Authority,Job density,2011-01-01/P1Y,0.63,Number of jobs per resident aged 16 to 64,Number of jobs per resident aged 16 to 64,,,,
E07000170,Ashfield,Local Authority District,Job density,2023-01-01/P1Y,0.77,Number of jobs per resident aged 16 to 64,Number of jobs per resident aged 16 to 64,,,,
E07000170,Ashfield,Local Authority District,Job density,2024-01-01/P1Y,0.77,Number of jobs per resident aged 16 to 64,Number of jobs per resident aged 16 to 64,,,,
E07000170,Ashfield,Local Authority District,Job density,2021-01-01/P1Y,0.73,Number of jobs per resident aged 16 to 64,Number of jobs per resident aged 16 to 64,,,,
E07000170,Ashfield,Local Authority District,Job density,2020-01-01/P1Y,0.69,Number of jobs per resident aged 16 to 64,Number of jobs per resident aged 16 to 64,,,,
E07000170,Ashfield,Local Authority District,Job density,2019-01-01/P1Y,0.77,Number of jobs per resident aged 16 to 64,Number of jobs per resident aged 16 to 64,,,,
E07000170,Ashfield,Local Authority District,Job density,2018-01-01/P1Y,0.75,Number of jobs per resident aged 16 to 64,Number of jobs per resident aged 16 to 64,,,,
E07000170,Ashfield,Local Authority District,Job density,2022-01-01/P1Y,0.78,Number of jobs per resident aged 16 to 64,Number of jobs per resident aged 16 to 64,,,,
E07000170,Ashfield,Local Authority District,Job density,2016-01-01/P1Y,0.75,Number of jobs per resident aged 16 to 64,Number of jobs per resident aged 16 to 64,,,,
E07000170,Ashfield,Local Authority District,Job density,2015-01-01/P1Y,0.74,Number of jobs per resident aged 16 to 64,Number of jobs per resident aged 16 to 64,,,,
E07000170,Ashfield,Local Authority District,Job density,2014-01-01/P1Y,0.71,Number of jobs per resident aged 16 to 64,Number of jobs per resident aged 16 to 64,,,,
E07000170,Ashfield,Local Authority District,Job density,2013-01-01/P1Y,0.69,Number of jobs per resident aged 16 to 64,Number of jobs per resident aged 16 to 64,,,,
E07000170,Ashfield,Local Authority District,Job density,2012-01-01/P1Y,0.66,Number of jobs per resident aged 16 to 64,Number of jobs per resident aged 16 to 64,,,,
E07000170,Ashfield,Local Authority District,Job density,2011-01-01/P1Y,0.64,Number of jobs per resident aged 16 to 64,Number of jobs per resident aged 16 to 64,,,,
E07000170,Ashfield,Local Authority District,Job density,2017-01-01/P1Y,0.74,Number of jobs per resident aged 16 to 64,Number of jobs per resident aged 16 to 64,,,,
E07000171,Bassetlaw,Local Authority District,Job density,2024-01-01/P1Y,0.79,Number of jobs per resident aged 16 to 64,Number of jobs per resident aged 16 to 64,,,,
E07000171,Bassetlaw,Local Authority District,Job density,2023-01-01/P1Y,0.72,Number of jobs per resident aged 16 to 64,Number of jobs per resident aged 16 to 64,,,,
E07000171,Bassetlaw,Local Authority District,Job density,2021-01-01/P1Y,0.8,Number of jobs per resident aged 16 to 64,Number of jobs per resident aged 16 to 64,,,,
E07000171,Bassetlaw,Local Authority District,Job density,2020-01-01/P1Y,0.82,Number of jobs per resident aged 16 to 64,Number of jobs per resident aged 16 to 64,,,,
E07000171,Bassetlaw,Local Authority District,Job density,2019-01-01/P1Y,0.85,Number of jobs per resident aged 16 to 64,Number of jobs per resident aged 16 to 64,,,,
E07000171,Bassetlaw,Local Authority District,Job density,2018-01-01/P1Y,0.82,Number of jobs per resident aged 16 to 64,Number of jobs per resident aged 16 to 64,,,,
E07000171,Bassetlaw,Local Authority District,Job density,2022-01-01/P1Y,0.76,Number of jobs per resident aged 16 to 64,Number of jobs per resident aged 16 to 64,,,,
E07000171,Bassetlaw,Local Authority District,Job density,2016-01-01/P1Y,0.8,Number of jobs per resident aged 16 to 64,Number of jobs per resident aged 16 to 64,,,,
E07000171,Bassetlaw,Local Authority District,Job density,2015-01-01/P1Y,0.74,Number of jobs per resident aged 16 to 64,Number of jobs per resident aged 16 to 64,,,,
E07000171,Bassetlaw,Local Authority District,Job density,2014-01-01/P1Y,0.77,Number of jobs per resident aged 16 to 64,Number of jobs per resident aged 16 to 64,,,,
E07000171,Bassetlaw,Local Authority District,Job density,2013-01-01/P1Y,0.72,Number of jobs per resident aged 16 to 64,Number of jobs per resident aged 16 to 64,,,,
E07000171,Bassetlaw,Local Authority District,Job density,2012-01-01/P1Y,0.72,Number of jobs per resident aged 16 to 64,Number of jobs per resident aged 16 to 64,,,,
E07000171,Bassetlaw,Local Authority District,Job density,2011-01-01/P1Y,0.72,Number of jobs per resident aged 16 to 64,Number of jobs per resident aged 16 to 64,,,,
E07000171,Bassetlaw,Local Authority District,Job density,2017-01-01/P1Y,0.82,Number of jobs per resident aged 16 to 64,Number of jobs per resident aged 16 to 64,,,,
E07000172,Broxtowe,Local Authority District,Job density,2024-01-01/P1Y,0.61,Number of jobs per resident aged 16 to 64,Number of jobs per resident aged 16 to 64,,,,
E07000172,Broxtowe,Local Authority District,Job density,2023-01-01/P1Y,0.59,Number of jobs per resident aged 16 to 64,Number of jobs per resident aged 16 to 64,,,,
E07000172,Broxtowe,Local Authority District,Job density,2022-01-01/P1Y,0.62,Number of jobs per resident aged 16 to 64,Number of jobs per resident aged 16 to 64,,,,
E07000172,Broxtowe,Local Authority District,Job density,2021-01-01/P1Y,0.65,Number of jobs per resident aged 16 to 64,Number of jobs per resident aged 16 to 64,,,,
E07000172,Broxtowe,Local Authority District,Job density,2020-01-01/P1Y,0.58,Number of jobs per resident aged 16 to 64,Number of jobs per resident aged 16 to 64,,,,
E07000172,Broxtowe,Local Authority District,Job density,2019-01-01/P1Y,0.62,Number of jobs per resident aged 16 to 64,Number of jobs per resident aged 16 to 64,,,,
E07000172,Broxtowe,Local Authority District,Job density,2018-01-01/P1Y,0.62,Number of jobs per resident aged 16 to 64,Number of jobs per resident aged 16 to 64,,,,
E07000172,Broxtowe,Local Authority District,Job density,2015-01-01/P1Y,0.59,Number of jobs per resident aged 16 to 64,Number of jobs per resident aged 16 to 64,,,,
E07000172,Broxtowe,Local Authority District,Job density,2016-01-01/P1Y,0.62,Number of jobs per resident aged 16 to 64,Number of jobs per resident aged 16 to 64,,,,
E07000172,Broxtowe,Local Authority District,Job density,2014-01-01/P1Y,0.57,Number of jobs per resident aged 16 to 64,Number of jobs per resident aged 16 to 64,,,,
E07000172,Broxtowe,Local Authority District,Job density,2013-01-01/P1Y,0.56,Number of jobs per resident aged 16 to 64,Number of jobs per resident aged 16 to 64,,,,
E07000172,Broxtowe,Local Authority District,Job density,2012-01-01/P1Y,0.57,Number of jobs per resident aged 16 to 64,Number of jobs per resident aged 16 to 64,,,,
E07000172,Broxtowe,Local Authority District,Job density,2011-01-01/P1Y,0.59,Number of jobs per resident aged 16 to 64,Number of jobs per resident aged 16 to 64,,,,
E07000172,Broxtowe,Local Authority District,Job density,2017-01-01/P1Y,0.7,Number of jobs per resident aged 16 to 64,Number of jobs per resident aged 16 to 64,,,,
E07000173,Gedling,Local Authority District,Job density,2020-01-01/P1Y,0.49,Number of jobs per resident aged 16 to 64,Number of jobs per resident aged 16 to 64,,,,
E07000173,Gedling,Local Authority District,Job density,2021-01-01/P1Y,0.5,Number of jobs per resident aged 16 to 64,Number of jobs per resident aged 16 to 64,,,,
E07000173,Gedling,Local Authority District,Job density,2019-01-01/P1Y,0.48,Number of jobs per resident aged 16 to 64,Number of jobs per resident aged 16 to 64,,,,
E07000173,Gedling,Local Authority District,Job density,2023-01-01/P1Y,0.55,Number of jobs per resident aged 16 to 64,Number of jobs per resident aged 16 to 64,,,,
E07000173,Gedling,Local Authority District,Job density,2024-01-01/P1Y,0.55,Number of jobs per resident aged 16 to 64,Number of jobs per resident aged 16 to 64,,,,
E07000173,Gedling,Local Authority District,Job density,2022-01-01/P1Y,0.53,Number of jobs per resident aged 16 to 64,Number of jobs per resident aged 16 to 64,,,,
E07000173,Gedling,Local Authority District,Job density,2018-01-01/P1Y,0.49,Number of jobs per resident aged 16 to 64,Number of jobs per resident aged 16 to 64,,,,
E07000173,Gedling,Local Authority District,Job density,2011-01-01/P1Y,0.45,Number of jobs per resident aged 16 to 64,Number of jobs per resident aged 16 to 64,,,,
E07000173,Gedling,Local Authority District,Job density,2016-01-01/P1Y,0.5,Number of jobs per resident aged 16 to 64,Number of jobs per resident aged 16 to 64,,,,
E07000173,Gedling,Local Authority District,Job density,2012-01-01/P1Y,0.45,Number of jobs per resident aged 16 to 64,Number of jobs per resident aged 16 to 64,,,,
E07000173,Gedling,Local Authority District,Job density,2013-01-01/P1Y,0.47,Number of jobs per resident aged 16 to 64,Number of jobs per resident aged 16 to 64,,,,
E07000173,Gedling,Local Authority District,Job density,2017-01-01/P1Y,0.56,Number of jobs per resident aged 16 to 64,Number of jobs per resident aged 16 to 64,,,,
E07000173,Gedling,Local Authority District,Job density,2015-01-01/P1Y,0.52,Number of jobs per resident aged 16 to 64,Number of jobs per resident aged 16 to 64,,,,
E07000173,Gedling,Local Authority District,Job density,2014-01-01/P1Y,0.51,Number of jobs per resident aged 16 to 64,Number of jobs per resident aged 16 to 64,,,,
E07000174,Mansfield,Local Authority District,Job density,2024-01-01/P1Y,0.71,Number of jobs per resident aged 16 to 64,Number of jobs per resident aged 16 to 64,,,,
E07000174,Mansfield,Local Authority District,Job density,2023-01-01/P1Y,0.74,Number of jobs per resident aged 16 to 64,Number of jobs per resident aged 16 to 64,,,,
E07000174,Mansfield,Local Authority District,Job density,2022-01-01/P1Y,0.74,Number of jobs per resident aged 16 to 64,Number of jobs per resident aged 16 to 64,,,,
E07000174,Mansfield,Local Authority District,Job density,2021-01-01/P1Y,0.61,Number of jobs per resident aged 16 to 64,Number of jobs per resident aged 16 to 64,,,,
E07000174,Mansfield,Local Authority District,Job density,2019-01-01/P1Y,0.65,Number of jobs per resident aged 16 to 64,Number of jobs per resident aged 16 to 64,,,,
E07000174,Mansfield,Local Authority District,Job density,2018-01-01/P1Y,0.65,Number of jobs per resident aged 16 to 64,Number of jobs per resident aged 16 to 64,,,,
E07000174,Mansfield,Local Authority District,Job density,2020-01-01/P1Y,0.69,Number of jobs per resident aged 16 to 64,Number of jobs per resident aged 16 to 64,,,,
E07000174,Mansfield,Local Authority District,Job density,2016-01-01/P1Y,0.66,Number of jobs per resident aged 16 to 64,Number of jobs per resident aged 16 to 64,,,,
E07000174,Mansfield,Local Authority District,Job density,2015-01-01/P1Y,0.66,Number of jobs per resident aged 16 to 64,Number of jobs per resident aged 16 to 64,,,,
E07000174,Mansfield,Local Authority District,Job density,2014-01-01/P1Y,0.62,Number of jobs per resident aged 16 to 64,Number of jobs per resident aged 16 to 64,,,,
E07000174,Mansfield,Local Authority District,Job density,2013-01-01/P1Y,0.56,Number of jobs per resident aged 16 to 64,Number of jobs per resident aged 16 to 64,,,,
E07000174,Mansfield,Local Authority District,Job density,2012-01-01/P1Y,0.58,Number of jobs per resident aged 16 to 64,Number of jobs per resident aged 16 to 64,,,,
E07000174,Mansfield,Local Authority District,Job density,2011-01-01/P1Y,0.62,Number of jobs per resident aged 16 to 64,Number of jobs per resident aged 16 to 64,,,,
E07000174,Mansfield,Local Authority District,Job density,2017-01-01/P1Y,0.66,Number of jobs per resident aged 16 to 64,Number of jobs per resident aged 16 to 64,,,,
E07000175,Newark and Sherwood,Local Authority District,Job density,2019-01-01/P1Y,0.8,Number of jobs per resident aged 16 to 64,Number of jobs per resident aged 16 to 64,,,,
E07000175,Newark and Sherwood,Local Authority District,Job density,2024-01-01/P1Y,0.85,Number of jobs per resident aged 16 to 64,Number of jobs per resident aged 16 to 64,,,,
E07000175,Newark and Sherwood,Local Authority District,Job density,2023-01-01/P1Y,0.77,Number of jobs per resident aged 16 to 64,Number of jobs per resident aged 16 to 64,,,,
E07000175,Newark and Sherwood,Local Authority District,Job density,2022-01-01/P1Y,0.83,Number of jobs per resident aged 16 to 64,Number of jobs per resident aged 16 to 64,,,,
E07000175,Newark and Sherwood,Local Authority District,Job density,2021-01-01/P1Y,0.76,Number of jobs per resident aged 16 to 64,Number of jobs per resident aged 16 to 64,,,,
E07000175,Newark and Sherwood,Local Authority District,Job density,2020-01-01/P1Y,0.82,Number of jobs per resident aged 16 to 64,Number of jobs per resident aged 16 to 64,,,,
E07000175,Newark and Sherwood,Local Authority District,Job density,2018-01-01/P1Y,0.81,Number of jobs per resident aged 16 to 64,Number of jobs per resident aged 16 to 64,,,,
E07000175,Newark and Sherwood,Local Authority District,Job density,2013-01-01/P1Y,0.72,Number of jobs per resident aged 16 to 64,Number of jobs per resident aged 16 to 64,,,,
E07000175,Newark and Sherwood,Local Authority District,Job density,2016-01-01/P1Y,0.77,Number of jobs per resident aged 16 to 64,Number of jobs per resident aged 16 to 64,,,,
E07000175,Newark and Sherwood,Local Authority District,Job density,2015-01-01/P1Y,0.76,Number of jobs per resident aged 16 to 64,Number of jobs per resident aged 16 to 64,,,,
E07000175,Newark and Sherwood,Local Authority District,Job density,2014-01-01/P1Y,0.78,Number of jobs per resident aged 16 to 64,Number of jobs per resident aged 16 to 64,,,,
E07000175,Newark and Sherwood,Local Authority District,Job density,2012-01-01/P1Y,0.69,Number of jobs per resident aged 16 to 64,Number of jobs per resident aged 16 to 64,,,,
E07000175,Newark and Sherwood,Local Authority District,Job density,2011-01-01/P1Y,0.74,Number of jobs per resident aged 16 to 64,Number of jobs per resident aged 16 to 64,,,,
E07000175,Newark and Sherwood,Local Authority District,Job density,2017-01-01/P1Y,0.8,Number of jobs per resident aged 16 to 64,Number of jobs per resident aged 16 to 64,,,,
E07000176,Rushcliffe,Local Authority District,Job density,2019-01-01/P1Y,0.74,Number of jobs per resident aged 16 to 64,Number of jobs per resident aged 16 to 64,,,,
E07000176,Rushcliffe,Local Authority District,Job density,2024-01-01/P1Y,0.76,Number of jobs per resident aged 16 to 64,Number of jobs per resident aged 16 to 64,,,,
E07000176,Rushcliffe,Local Authority District,Job density,2023-01-01/P1Y,0.73,Number of jobs per resident aged 16 to 64,Number of jobs per resident aged 16 to 64,,,,
E07000176,Rushcliffe,Local Authority District,Job density,2022-01-01/P1Y,0.69,Number of jobs per resident aged 16 to 64,Number of jobs per resident aged 16 to 64,,,,
E07000176,Rushcliffe,Local Authority District,Job density,2021-01-01/P1Y,0.71,Number of jobs per resident aged 16 to 64,Number of jobs per resident aged 16 to 64,,,,
E07000176,Rushcliffe,Local Authority District,Job density,2020-01-01/P1Y,0.71,Number of jobs per resident aged 16 to 64,Number of jobs per resident aged 16 to 64,,,,
E07000176,Rushcliffe,Local Authority District,Job density,2018-01-01/P1Y,0.74,Number of jobs per resident aged 16 to 64,Number of jobs per resident aged 16 to 64,,,,
E07000176,Rushcliffe,Local Authority District,Job density,2016-01-01/P1Y,0.74,Number of jobs per resident aged 16 to 64,Number of jobs per resident aged 16 to 64,,,,
E07000176,Rushcliffe,Local Authority District,Job density,2015-01-01/P1Y,0.68,Number of jobs per resident aged 16 to 64,Number of jobs per resident aged 16 to 64,,,,
E07000176,Rushcliffe,Local Authority District,Job density,2014-01-01/P1Y,0.67,Number of jobs per resident aged 16 to 64,Number of jobs per resident aged 16 to 64,,,,
E07000176,Rushcliffe,Local Authority District,Job density,2013-01-01/P1Y,0.64,Number of jobs per resident aged 16 to 64,Number of jobs per resident aged 16 to 64,,,,
E07000176,Rushcliffe,Local Authority District,Job density,2012-01-01/P1Y,0.65,Number of jobs per resident aged 16 to 64,Number of jobs per resident aged 16 to 64,,,,
E07000176,Rushcliffe,Local Authority District,Job density,2011-01-01/P1Y,0.64,Number of jobs per resident aged 16 to 64,Number of jobs per resident aged 16 to 64,,,,
E07000176,Rushcliffe,Local Authority District,Job density,2017-01-01/P1Y,0.7,Number of jobs per resident aged 16 to 64,Number of jobs per resident aged 16 to 64,,,,
E12000005,West Midlands,Region,Job density,2021-01-01/P1Y,0.81,Number of jobs per resident aged 16 to 64,Number of jobs per resident aged 16 to 64,,,,
E12000005,West Midlands,Region,Job density,2024-01-01/P1Y,0.79,Number of jobs per resident aged 16 to 64,Number of jobs per resident aged 16 to 64,,,,
E12000005,West Midlands,Region,Job density,2023-01-01/P1Y,0.81,Number of jobs per resident aged 16 to 64,Number of jobs per resident aged 16 to 64,,,,
E12000005,West Midlands,Region,Job density,2022-01-01/P1Y,0.82,Number of jobs per resident aged 16 to 64,Number of jobs per resident aged 16 to 64,,,,
E12000005,West Midlands,Region,Job density,2020-01-01/P1Y,0.8,Number of jobs per resident aged 16 to 64,Number of jobs per resident aged 16 to 64,,,,
E12000005,West Midlands,Region,Job density,2019-01-01/P1Y,0.82,Number of jobs per resident aged 16 to 64,Number of jobs per resident aged 16 to 64,,,,
E12000005,West Midlands,Region,Job density,2018-01-01/P1Y,0.82,Number of jobs per resident aged 16 to 64,Number of jobs per resident aged 16 to 64,,,,
E12000005,West Midlands,Region,Job density,2017-01-01/P1Y,0.82,Number of jobs per resident aged 16 to 64,Number of jobs per resident aged 16 to 64,,,,
E12000005,West Midlands,Region,Job density,2016-01-01/P1Y,0.8,Number of jobs per resident aged 16 to 64,Number of jobs per resident aged 16 to 64,,,,
E12000005,West Midlands,Region,Job density,2015-01-01/P1Y,0.79,Number of jobs per resident aged 16 to 64,Number of jobs per resident aged 16 to 64,,,,
E12000005,West Midlands,Region,Job density,2014-01-01/P1Y,0.77,Number of jobs per resident aged 16 to 64,Number of jobs per resident aged 16 to 64,,,,
E12000005,West Midlands,Region,Job density,2013-01-01/P1Y,0.76,Number of jobs per resident aged 16 to 64,Number of jobs per resident aged 16 to 64,,,,
E12000005,West Midlands,Region,Job density,2012-01-01/P1Y,0.75,Number of jobs per resident aged 16 to 64,Number of jobs per resident aged 16 to 64,,,,
E12000005,West Midlands,Region,Job density,2011-01-01/P1Y,0.74,Number of jobs per resident aged 16 to 64,Number of jobs per resident aged 16 to 64,,,,
E06000019,"Herefordshire, County of",County or Unitary Authority,Job density,2019-01-01/P1Y,0.99,Number of jobs per resident aged 16 to 64,Number of jobs per resident aged 16 to 64,,,,
E06000019,"Herefordshire, County of",County or Unitary Authority,Job density,2020-01-01/P1Y,0.96,Number of jobs per resident aged 16 to 64,Number of jobs per resident aged 16 to 64,,,,
E06000019,"Herefordshire, County of",County or Unitary Authority,Job density,2021-01-01/P1Y,0.98,Number of jobs per resident aged 16 to 64,Number of jobs per resident aged 16 to 64,,,,
E06000019,"Herefordshire, County of",County or Unitary Authority,Job density,2018-01-01/P1Y,0.96,Number of jobs per resident aged 16 to 64,Number of jobs per resident aged 16 to 64,,,,
E06000019,"Herefordshire, County of",County or Unitary Authority,Job density,2022-01-01/P1Y,0.95,Number of jobs per resident aged 16 to 64,Number of jobs per resident aged 16 to 64,,,,
E06000019,"Herefordshire, County of",County or Unitary Authority,Job density,2023-01-01/P1Y,0.96,Number of jobs per resident aged 16 to 64,Number of jobs per resident aged 16 to 64,,,,
E06000019,"Herefordshire, County of",County or Unitary Authority,Job density,2024-01-01/P1Y,0.95,Number of jobs per resident aged 16 to 64,Number of jobs per resident aged 16 to 64,,,,
E06000019,"Herefordshire, County of",County or Unitary Authority,Job density,2013-01-01/P1Y,0.89,Number of jobs per resident aged 16 to 64,Number of jobs per resident aged 16 to 64,,,,
E06000019,"Herefordshire, County of",County or Unitary Authority,Job density,2017-01-01/P1Y,0.97,Number of jobs per resident aged 16 to 64,Number of jobs per resident aged 16 to 64,,,,
E06000019,"Herefordshire, County of",County or Unitary Authority,Job density,2011-01-01/P1Y,0.82,Number of jobs per resident aged 16 to 64,Number of jobs per resident aged 16 to 64,,,,
E06000019,"Herefordshire, County of",County or Unitary Authority,Job density,2012-01-01/P1Y,0.85,Number of jobs per resident aged 16 to 64,Number of jobs per resident aged 16 to 64,,,,
E06000019,"Herefordshire, County of",County or Unitary Authority,Job density,2014-01-01/P1Y,0.84,Number of jobs per resident aged 16 to 64,Number of jobs per resident aged 16 to 64,,,,
E06000019,"Herefordshire, County of",County or Unitary Authority,Job density,2016-01-01/P1Y,0.93,Number of jobs per resident aged 16 to 64,Number of jobs per resident aged 16 to 64,,,,
E06000019,"Herefordshire, County of",County or Unitary Authority,Job density,2015-01-01/P1Y,0.86,Number of jobs per resident aged 16 to 64,Number of jobs per resident aged 16 to 64,,,,
E06000051,Shropshire,County or Unitary Authority,Job density,2024-01-01/P1Y,0.84,Number of jobs per resident aged 16 to 64,Number of jobs per resident aged 16 to 64,,,,
E06000051,Shropshire,County or Unitary Authority,Job density,2023-01-01/P1Y,0.86,Number of jobs per resident aged 16 to 64,Number of jobs per resident aged 16 to 64,,,,
E06000051,Shropshire,County or Unitary Authority,Job density,2022-01-01/P1Y,0.86,Number of jobs per resident aged 16 to 64,Number of jobs per resident aged 16 to 64,,,,
E06000051,Shropshire,County or Unitary Authority,Job density,2018-01-01/P1Y,0.84,Number of jobs per resident aged 16 to 64,Number of jobs per resident aged 16 to 64,,,,
E06000051,Shropshire,County or Unitary Authority,Job density,2021-01-01/P1Y,0.85,Number of jobs per resident aged 16 to 64,Number of jobs per resident aged 16 to 64,,,,
E06000051,Shropshire,County or Unitary Authority,Job density,2020-01-01/P1Y,0.83,Number of jobs per resident aged 16 to 64,Number of jobs per resident aged 16 to 64,,,,
E06000051,Shropshire,County or Unitary Authority,Job density,2019-01-01/P1Y,0.86,Number of jobs per resident aged 16 to 64,Number of jobs per resident aged 16 to 64,,,,
E06000051,Shropshire,County or Unitary Authority,Job density,2016-01-01/P1Y,0.84,Number of jobs per resident aged 16 to 64,Number of jobs per resident aged 16 to 64,,,,
E06000051,Shropshire,County or Unitary Authority,Job density,2017-01-01/P1Y,0.86,Number of jobs per resident aged 16 to 64,Number of jobs per resident aged 16 to 64,,,,
E06000051,Shropshire,County or Unitary Authority,Job density,2011-01-01/P1Y,0.75,Number of jobs per resident aged 16 to 64,Number of jobs per resident aged 16 to 64,,,,
E06000051,Shropshire,County or Unitary Authority,Job density,2012-01-01/P1Y,0.75,Number of jobs per resident aged 16 to 64,Number of jobs per resident aged 16 to 64,,,,
E06000051,Shropshire,County or Unitary Authority,Job density,2013-01-01/P1Y,0.77,Number of jobs per resident aged 16 to 64,Number of jobs per resident aged 16 to 64,,,,
E06000051,Shropshire,County or Unitary Authority,Job density,2014-01-01/P1Y,0.79,Number of jobs per resident aged 16 to 64,Number of jobs per resident aged 16 to 64,,,,
E06000051,Shropshire,County or Unitary Authority,Job density,2015-01-01/P1Y,0.79,Number of jobs per resident aged 16 to 64,Number of jobs per resident aged 16 to 64,,,,
E06000021,Stoke-on-Trent,County or Unitary Authority,Job density,2019-01-01/P1Y,0.83,Number of jobs per resident aged 16 to 64,Number of jobs per resident aged 16 to 64,,,,
E06000021,Stoke-on-Trent,County or Unitary Authority,Job density,2020-01-01/P1Y,0.82,Number of jobs per resident aged 16 to 64,Number of jobs per resident aged 16 to 64,,,,
E06000021,Stoke-on-Trent,County or Unitary Authority,Job density,2021-01-01/P1Y,0.87,Number of jobs per resident aged 16 to 64,Number of jobs per resident aged 16 to 64,,,,
E06000021,Stoke-on-Trent,County or Unitary Authority,Job density,2022-01-01/P1Y,0.83,Number of jobs per resident aged 16 to 64,Number of jobs per resident aged 16 to 64,,,,
E06000021,Stoke-on-Trent,County or Unitary Authority,Job density,2023-01-01/P1Y,0.82,Number of jobs per resident aged 16 to 64,Number of jobs per resident aged 16 to 64,,,,
E06000021,Stoke-on-Trent,County or Unitary Authority,Job density,2024-01-01/P1Y,0.81,Number of jobs per resident aged 16 to 64,Number of jobs per resident aged 16 to 64,,,,
E06000021,Stoke-on-Trent,County or Unitary Authority,Job density,2018-01-01/P1Y,0.83,Number of jobs per resident aged 16 to 64,Number of jobs per resident aged 16 to 64,,,,
E06000021,Stoke-on-Trent,County or Unitary Authority,Job density,2017-01-01/P1Y,0.82,Number of jobs per resident aged 16 to 64,Number of jobs per resident aged 16 to 64,,,,
E06000021,Stoke-on-Trent,County or Unitary Authority,Job density,2011-01-01/P1Y,0.73,Number of jobs per resident aged 16 to 64,Number of jobs per resident aged 16 to 64,,,,
E06000021,Stoke-on-Trent,County or Unitary Authority,Job density,2012-01-01/P1Y,0.75,Number of jobs per resident aged 16 to 64,Number of jobs per resident aged 16 to 64,,,,
E06000021,Stoke-on-Trent,County or Unitary Authority,Job density,2013-01-01/P1Y,0.77,Number of jobs per resident aged 16 to 64,Number of jobs per resident aged 16 to 64,,,,
E06000021,Stoke-on-Trent,County or Unitary Authority,Job density,2014-01-01/P1Y,0.75,Number of jobs per resident aged 16 to 64,Number of jobs per resident aged 16 to 64,,,,
E06000021,Stoke-on-Trent,County or Unitary Authority,Job density,2015-01-01/P1Y,0.78,Number of jobs per resident aged 16 to 64,Number of jobs per resident aged 16 to 64,,,,
E06000021,Stoke-on-Trent,County or Unitary Authority,Job density,2016-01-01/P1Y,0.8,Number of jobs per resident aged 16 to 64,Number of jobs per resident aged 16 to 64,,,,
E06000020,Telford and Wrekin,County or Unitary Authority,Job density,2019-01-01/P1Y,0.87,Number of jobs per resident aged 16 to 64,Number of jobs per resident aged 16 to 64,,,,
E06000020,Telford and Wrekin,County or Unitary Authority,Job density,2020-01-01/P1Y,0.84,Number of jobs per resident aged 16 to 64,Number of jobs per resident aged 16 to 64,,,,
E06000020,Telford and Wrekin,County or Unitary Authority,Job density,2021-01-01/P1Y,0.85,Number of jobs per resident aged 16 to 64,Number of jobs per resident aged 16 to 64,,,,
E06000020,Telford and Wrekin,County or Unitary Authority,Job density,2023-01-01/P1Y,0.86,Number of jobs per resident aged 16 to 64,Number of jobs per resident aged 16 to 64,,,,
E06000020,Telford and Wrekin,County or Unitary Authority,Job density,2022-01-01/P1Y,0.87,Number of jobs per resident aged 16 to 64,Number of jobs per resident aged 16 to 64,,,,
E06000020,Telford and Wrekin,County or Unitary Authority,Job density,2024-01-01/P1Y,0.81,Number of jobs per resident aged 16 to 64,Number of jobs per resident aged 16 to 64,,,,
E06000020,Telford and Wrekin,County or Unitary Authority,Job density,2018-01-01/P1Y,0.85,Number of jobs per resident aged 16 to 64,Number of jobs per resident aged 16 to 64,,,,
E06000020,Telford and Wrekin,County or Unitary Authority,Job density,2017-01-01/P1Y,0.86,Number of jobs per resident aged 16 to 64,Number of jobs per resident aged 16 to 64,,,,
E06000020,Telford and Wrekin,County or Unitary Authority,Job density,2011-01-01/P1Y,0.79,Number of jobs per resident aged 16 to 64,Number of jobs per resident aged 16 to 64,,,,
E06000020,Telford and Wrekin,County or Unitary Authority,Job density,2012-01-01/P1Y,0.81,Number of jobs per resident aged 16 to 64,Number of jobs per resident aged 16 to 64,,,,
E06000020,Telford and Wrekin,County or Unitary Authority,Job density,2013-01-01/P1Y,0.8,Number of jobs per resident aged 16 to 64,Number of jobs per resident aged 16 to 64,,,,
E06000020,Telford and Wrekin,County or Unitary Authority,Job density,2014-01-01/P1Y,0.85,Number of jobs per resident aged 16 to 64,Number of jobs per resident aged 16 to 64,,,,
E06000020,Telford and Wrekin,County or Unitary Authority,Job density,2015-01-01/P1Y,0.85,Number of jobs per resident aged 16 to 64,Number of jobs per resident aged 16 to 64,,,,
E06000020,Telford and Wrekin,County or Unitary Authority,Job density,2016-01-01/P1Y,0.85,Number of jobs per resident aged 16 to 64,Number of jobs per resident aged 16 to 64,,,,
E10000028,Staffordshire,County or Unitary Authority,Job density,2019-01-01/P1Y,0.77,Number of jobs per resident aged 16 to 64,Number of jobs per resident aged 16 to 64,,,,
E10000028,Staffordshire,County or Unitary Authority,Job density,2024-01-01/P1Y,0.77,Number of jobs per resident aged 16 to 64,Number of jobs per resident aged 16 to 64,,,,
E10000028,Staffordshire,County or Unitary Authority,Job density,2023-01-01/P1Y,0.76,Number of jobs per resident aged 16 to 64,Number of jobs per resident aged 16 to 64,,,,
E10000028,Staffordshire,County or Unitary Authority,Job density,2022-01-01/P1Y,0.79,Number of jobs per resident aged 16 to 64,Number of jobs per resident aged 16 to 64,,,,
E10000028,Staffordshire,County or Unitary Authority,Job density,2021-01-01/P1Y,0.77,Number of jobs per resident aged 16 to 64,Number of jobs per resident aged 16 to 64,,,,
E10000028,Staffordshire,County or Unitary Authority,Job density,2020-01-01/P1Y,0.76,Number of jobs per resident aged 16 to 64,Number of jobs per resident aged 16 to 64,,,,
E10000028,Staffordshire,County or Unitary Authority,Job density,2018-01-01/P1Y,0.77,Number of jobs per resident aged 16 to 64,Number of jobs per resident aged 16 to 64,,,,
E10000028,Staffordshire,County or Unitary Authority,Job density,2013-01-01/P1Y,0.71,Number of jobs per resident aged 16 to 64,Number of jobs per resident aged 16 to 64,,,,
E10000028,Staffordshire,County or Unitary Authority,Job density,2016-01-01/P1Y,0.76,Number of jobs per resident aged 16 to 64,Number of jobs per resident aged 16 to 64,,,,
E10000028,Staffordshire,County or Unitary Authority,Job density,2015-01-01/P1Y,0.75,Number of jobs per resident aged 16 to 64,Number of jobs per resident aged 16 to 64,,,,
E10000028,Staffordshire,County or Unitary Authority,Job density,2014-01-01/P1Y,0.71,Number of jobs per resident aged 16 to 64,Number of jobs per resident aged 16 to 64,,,,
E10000028,Staffordshire,County or Unitary Authority,Job density,2012-01-01/P1Y,0.7,Number of jobs per resident aged 16 to 64,Number of jobs per resident aged 16 to 64,,,,
E10000028,Staffordshire,County or Unitary Authority,Job density,2011-01-01/P1Y,0.67,Number of jobs per resident aged 16 to 64,Number of jobs per resident aged 16 to 64,,,,
E10000028,Staffordshire,County or Unitary Authority,Job density,2017-01-01/P1Y,0.77,Number of jobs per resident aged 16 to 64,Number of jobs per resident aged 16 to 64,,,,
E07000192,Cannock Chase,Local Authority District,Job density,2019-01-01/P1Y,0.78,Number of jobs per resident aged 16 to 64,Number of jobs per resident aged 16 to 64,,,,
E07000192,Cannock Chase,Local Authority District,Job density,2023-01-01/P1Y,0.68,Number of jobs per resident aged 16 to 64,Number of jobs per resident aged 16 to 64,,,,
E07000192,Cannock Chase,Local Authority District,Job density,2022-01-01/P1Y,0.72,Number of jobs per resident aged 16 to 64,Number of jobs per resident aged 16 to 64,,,,
E07000192,Cannock Chase,Local Authority District,Job density,2024-01-01/P1Y,0.71,Number of jobs per resident aged 16 to 64,Number of jobs per resident aged 16 to 64,,,,
E07000192,Cannock Chase,Local Authority District,Job density,2020-01-01/P1Y,0.69,Number of jobs per resident aged 16 to 64,Number of jobs per resident aged 16 to 64,,,,
E07000192,Cannock Chase,Local Authority District,Job density,2018-01-01/P1Y,0.78,Number of jobs per resident aged 16 to 64,Number of jobs per resident aged 16 to 64,,,,
E07000192,Cannock Chase,Local Authority District,Job density,2021-01-01/P1Y,0.75,Number of jobs per resident aged 16 to 64,Number of jobs per resident aged 16 to 64,,,,
E07000192,Cannock Chase,Local Authority District,Job density,2016-01-01/P1Y,0.78,Number of jobs per resident aged 16 to 64,Number of jobs per resident aged 16 to 64,,,,
E07000192,Cannock Chase,Local Authority District,Job density,2015-01-01/P1Y,0.71,Number of jobs per resident aged 16 to 64,Number of jobs per resident aged 16 to 64,,,,
E07000192,Cannock Chase,Local Authority District,Job density,2014-01-01/P1Y,0.66,Number of jobs per resident aged 16 to 64,Number of jobs per resident aged 16 to 64,,,,
E07000192,Cannock Chase,Local Authority District,Job density,2013-01-01/P1Y,0.66,Number of jobs per resident aged 16 to 64,Number of jobs per resident aged 16 to 64,,,,
E07000192,Cannock Chase,Local Authority District,Job density,2012-01-01/P1Y,0.66,Number of jobs per resident aged 16 to 64,Number of jobs per resident aged 16 to 64,,,,
E07000192,Cannock Chase,Local Authority District,Job density,2011-01-01/P1Y,0.62,Number of jobs per resident aged 16 to 64,Number of jobs per resident aged 16 to 64,,,,
E07000192,Cannock Chase,Local Authority District,Job density,2017-01-01/P1Y,0.75,Number of jobs per resident aged 16 to 64,Number of jobs per resident aged 16 to 64,,,,
E07000193,East Staffordshire,Local Authority District,Job density,2024-01-01/P1Y,0.87,Number of jobs per resident aged 16 to 64,Number of jobs per resident aged 16 to 64,,,,
E07000193,East Staffordshire,Local Authority District,Job density,2023-01-01/P1Y,0.89,Number of jobs per resident aged 16 to 64,Number of jobs per resident aged 16 to 64,,,,
E07000193,East Staffordshire,Local Authority District,Job density,2022-01-01/P1Y,0.89,Number of jobs per resident aged 16 to 64,Number of jobs per resident aged 16 to 64,,,,
E07000193,East Staffordshire,Local Authority District,Job density,2021-01-01/P1Y,0.88,Number of jobs per resident aged 16 to 64,Number of jobs per resident aged 16 to 64,,,,
E07000193,East Staffordshire,Local Authority District,Job density,2020-01-01/P1Y,0.95,Number of jobs per resident aged 16 to 64,Number of jobs per resident aged 16 to 64,,,,
E07000193,East Staffordshire,Local Authority District,Job density,2019-01-01/P1Y,0.85,Number of jobs per resident aged 16 to 64,Number of jobs per resident aged 16 to 64,,,,
E07000193,East Staffordshire,Local Authority District,Job density,2018-01-01/P1Y,0.91,Number of jobs per resident aged 16 to 64,Number of jobs per resident aged 16 to 64,,,,
E07000193,East Staffordshire,Local Authority District,Job density,2017-01-01/P1Y,0.9,Number of jobs per resident aged 16 to 64,Number of jobs per resident aged 16 to 64,,,,
E07000193,East Staffordshire,Local Authority District,Job density,2016-01-01/P1Y,0.89,Number of jobs per resident aged 16 to 64,Number of jobs per resident aged 16 to 64,,,,
E07000193,East Staffordshire,Local Authority District,Job density,2015-01-01/P1Y,0.95,Number of jobs per resident aged 16 to 64,Number of jobs per resident aged 16 to 64,,,,
E07000193,East Staffordshire,Local Authority District,Job density,2014-01-01/P1Y,0.87,Number of jobs per resident aged 16 to 64,Number of jobs per resident aged 16 to 64,,,,
E07000193,East Staffordshire,Local Authority District,Job density,2013-01-01/P1Y,0.85,Number of jobs per resident aged 16 to 64,Number of jobs per resident aged 16 to 64,,,,
E07000193,East Staffordshire,Local Authority District,Job density,2012-01-01/P1Y,0.84,Number of jobs per resident aged 16 to 64,Number of jobs per resident aged 16 to 64,,,,
E07000193,East Staffordshire,Local Authority District,Job density,2011-01-01/P1Y,0.88,Number of jobs per resident aged 16 to 64,Number of jobs per resident aged 16 to 64,,,,
E07000194,Lichfield,Local Authority District,Job density,2023-01-01/P1Y,0.91,Number of jobs per resident aged 16 to 64,Number of jobs per resident aged 16 to 64,,,,
E07000194,Lichfield,Local Authority District,Job density,2022-01-01/P1Y,0.96,Number of jobs per resident aged 16 to 64,Number of jobs per resident aged 16 to 64,,,,
E07000194,Lichfield,Local Authority District,Job density,2021-01-01/P1Y,0.91,Number of jobs per resident aged 16 to 64,Number of jobs per resident aged 16 to 64,,,,
E07000194,Lichfield,Local Authority District,Job density,2020-01-01/P1Y,0.88,Number of jobs per resident aged 16 to 64,Number of jobs per resident aged 16 to 64,,,,
E07000194,Lichfield,Local Authority District,Job density,2019-01-01/P1Y,0.93,Number of jobs per resident aged 16 to 64,Number of jobs per resident aged 16 to 64,,,,
E07000194,Lichfield,Local Authority District,Job density,2018-01-01/P1Y,0.89,Number of jobs per resident aged 16 to 64,Number of jobs per resident aged 16 to 64,,,,
E07000194,Lichfield,Local Authority District,Job density,2024-01-01/P1Y,0.87,Number of jobs per resident aged 16 to 64,Number of jobs per resident aged 16 to 64,,,,
E07000194,Lichfield,Local Authority District,Job density,2016-01-01/P1Y,0.91,Number of jobs per resident aged 16 to 64,Number of jobs per resident aged 16 to 64,,,,
E07000194,Lichfield,Local Authority District,Job density,2015-01-01/P1Y,0.86,Number of jobs per resident aged 16 to 64,Number of jobs per resident aged 16 to 64,,,,
E07000194,Lichfield,Local Authority District,Job density,2014-01-01/P1Y,0.82,Number of jobs per resident aged 16 to 64,Number of jobs per resident aged 16 to 64,,,,
E07000194,Lichfield,Local Authority District,Job density,2013-01-01/P1Y,0.82,Number of jobs per resident aged 16 to 64,Number of jobs per resident aged 16 to 64,,,,
E07000194,Lichfield,Local Authority District,Job density,2012-01-01/P1Y,0.82,Number of jobs per resident aged 16 to 64,Number of jobs per resident aged 16 to 64,,,,
E07000194,Lichfield,Local Authority District,Job density,2011-01-01/P1Y,0.75,Number of jobs per resident aged 16 to 64,Number of jobs per resident aged 16 to 64,,,,
E07000194,Lichfield,Local Authority District,Job density,2017-01-01/P1Y,0.88,Number of jobs per resident aged 16 to 64,Number of jobs per resident aged 16 to 64,,,,
E07000195,Newcastle-under-Lyme,Local Authority District,Job density,2023-01-01/P1Y,0.64,Number of jobs per resident aged 16 to 64,Number of jobs per resident aged 16 to 64,,,,
E07000195,Newcastle-under-Lyme,Local Authority District,Job density,2022-01-01/P1Y,0.66,Number of jobs per resident aged 16 to 64,Number of jobs per resident aged 16 to 64,,,,
E07000195,Newcastle-under-Lyme,Local Authority District,Job density,2021-01-01/P1Y,0.65,Number of jobs per resident aged 16 to 64,Number of jobs per resident aged 16 to 64,,,,
E07000195,Newcastle-under-Lyme,Local Authority District,Job density,2020-01-01/P1Y,0.65,Number of jobs per resident aged 16 to 64,Number of jobs per resident aged 16 to 64,,,,
E07000195,Newcastle-under-Lyme,Local Authority District,Job density,2019-01-01/P1Y,0.63,Number of jobs per resident aged 16 to 64,Number of jobs per resident aged 16 to 64,,,,
E07000195,Newcastle-under-Lyme,Local Authority District,Job density,2018-01-01/P1Y,0.7,Number of jobs per resident aged 16 to 64,Number of jobs per resident aged 16 to 64,,,,
E07000195,Newcastle-under-Lyme,Local Authority District,Job density,2024-01-01/P1Y,0.74,Number of jobs per resident aged 16 to 64,Number of jobs per resident aged 16 to 64,,,,
E07000195,Newcastle-under-Lyme,Local Authority District,Job density,2016-01-01/P1Y,0.66,Number of jobs per resident aged 16 to 64,Number of jobs per resident aged 16 to 64,,,,
E07000195,Newcastle-under-Lyme,Local Authority District,Job density,2015-01-01/P1Y,0.66,Number of jobs per resident aged 16 to 64,Number of jobs per resident aged 16 to 64,,,,
E07000195,Newcastle-under-Lyme,Local Authority District,Job density,2014-01-01/P1Y,0.64,Number of jobs per resident aged 16 to 64,Number of jobs per resident aged 16 to 64,,,,
E07000195,Newcastle-under-Lyme,Local Authority District,Job density,2013-01-01/P1Y,0.67,Number of jobs per resident aged 16 to 64,Number of jobs per resident aged 16 to 64,,,,
E07000195,Newcastle-under-Lyme,Local Authority District,Job density,2012-01-01/P1Y,0.62,Number of jobs per resident aged 16 to 64,Number of jobs per resident aged 16 to 64,,,,
E07000195,Newcastle-under-Lyme,Local Authority District,Job density,2011-01-01/P1Y,0.58,Number of jobs per resident aged 16 to 64,Number of jobs per resident aged 16 to 64,,,,
E07000195,Newcastle-under-Lyme,Local Authority District,Job density,2017-01-01/P1Y,0.69,Number of jobs per resident aged 16 to 64,Number of jobs per resident aged 16 to 64,,,,
E07000196,South Staffordshire,Local Authority District,Job density,2024-01-01/P1Y,0.72,Number of jobs per resident aged 16 to 64,Number of jobs per resident aged 16 to 64,,,,
E07000196,South Staffordshire,Local Authority District,Job density,2023-01-01/P1Y,0.57,Number of jobs per resident aged 16 to 64,Number of jobs per resident aged 16 to 64,,,,
E07000196,South Staffordshire,Local Authority District,Job density,2022-01-01/P1Y,0.69,Number of jobs per resident aged 16 to 64,Number of jobs per resident aged 16 to 64,,,,
E07000196,South Staffordshire,Local Authority District,Job density,2021-01-01/P1Y,0.62,Number of jobs per resident aged 16 to 64,Number of jobs per resident aged 16 to 64,,,,
E07000196,South Staffordshire,Local Authority District,Job density,2020-01-01/P1Y,0.63,Number of jobs per resident aged 16 to 64,Number of jobs per resident aged 16 to 64,,,,
E07000196,South Staffordshire,Local Authority District,Job density,2019-01-01/P1Y,0.62,Number of jobs per resident aged 16 to 64,Number of jobs per resident aged 16 to 64,,,,
E07000196,South Staffordshire,Local Authority District,Job density,2018-01-01/P1Y,0.58,Number of jobs per resident aged 16 to 64,Number of jobs per resident aged 16 to 64,,,,
E07000196,South Staffordshire,Local Authority District,Job density,2017-01-01/P1Y,0.65,Number of jobs per resident aged 16 to 64,Number of jobs per resident aged 16 to 64,,,,
E07000196,South Staffordshire,Local Authority District,Job density,2015-01-01/P1Y,0.6,Number of jobs per resident aged 16 to 64,Number of jobs per resident aged 16 to 64,,,,
E07000196,South Staffordshire,Local Authority District,Job density,2014-01-01/P1Y,0.51,Number of jobs per resident aged 16 to 64,Number of jobs per resident aged 16 to 64,,,,
E07000196,South Staffordshire,Local Authority District,Job density,2013-01-01/P1Y,0.58,Number of jobs per resident aged 16 to 64,Number of jobs per resident aged 16 to 64,,,,
E07000196,South Staffordshire,Local Authority District,Job density,2012-01-01/P1Y,0.52,Number of jobs per resident aged 16 to 64,Number of jobs per resident aged 16 to 64,,,,
E07000196,South Staffordshire,Local Authority District,Job density,2011-01-01/P1Y,0.53,Number of jobs per resident aged 16 to 64,Number of jobs per resident aged 16 to 64,,,,
E07000196,South Staffordshire,Local Authority District,Job density,2016-01-01/P1Y,0.61,Number of jobs per resident aged 16 to 64,Number of jobs per resident aged 16 to 64,,,,
E07000197,Stafford,Local Authority District,Job density,2019-01-01/P1Y,0.85,Number of jobs per resident aged 16 to 64,Number of jobs per resident aged 16 to 64,,,,
E07000197,Stafford,Local Authority District,Job density,2024-01-01/P1Y,0.83,Number of jobs per resident aged 16 to 64,Number of jobs per resident aged 16 to 64,,,,
E07000197,Stafford,Local Authority District,Job density,2023-01-01/P1Y,0.94,Number of jobs per resident aged 16 to 64,Number of jobs per resident aged 16 to 64,,,,
E07000197,Stafford,Local Authority District,Job density,2022-01-01/P1Y,0.92,Number of jobs per resident aged 16 to 64,Number of jobs per resident aged 16 to 64,,,,
E07000197,Stafford,Local Authority District,Job density,2021-01-01/P1Y,0.91,Number of jobs per resident aged 16 to 64,Number of jobs per resident aged 16 to 64,,,,
E07000197,Stafford,Local Authority District,Job density,2020-01-01/P1Y,0.81,Number of jobs per resident aged 16 to 64,Number of jobs per resident aged 16 to 64,,,,
E07000197,Stafford,Local Authority District,Job density,2018-01-01/P1Y,0.9,Number of jobs per resident aged 16 to 64,Number of jobs per resident aged 16 to 64,,,,
E07000197,Stafford,Local Authority District,Job density,2014-01-01/P1Y,0.79,Number of jobs per resident aged 16 to 64,Number of jobs per resident aged 16 to 64,,,,
E07000197,Stafford,Local Authority District,Job density,2016-01-01/P1Y,0.89,Number of jobs per resident aged 16 to 64,Number of jobs per resident aged 16 to 64,,,,
E07000197,Stafford,Local Authority District,Job density,2015-01-01/P1Y,0.8,Number of jobs per resident aged 16 to 64,Number of jobs per resident aged 16 to 64,,,,
E07000197,Stafford,Local Authority District,Job density,2017-01-01/P1Y,0.94,Number of jobs per resident aged 16 to 64,Number of jobs per resident aged 16 to 64,,,,
E07000197,Stafford,Local Authority District,Job density,2013-01-01/P1Y,0.83,Number of jobs per resident aged 16 to 64,Number of jobs per resident aged 16 to 64,,,,
E07000197,Stafford,Local Authority District,Job density,2012-01-01/P1Y,0.83,Number of jobs per resident aged 16 to 64,Number of jobs per resident aged 16 to 64,,,,
E07000197,Stafford,Local Authority District,Job density,2011-01-01/P1Y,0.81,Number of jobs per resident aged 16 to 64,Number of jobs per resident aged 16 to 64,,,,
E07000198,Staffordshire Moorlands,Local Authority District,Job density,2024-01-01/P1Y,0.74,Number of jobs per resident aged 16 to 64,Number of jobs per resident aged 16 to 64,,,,
E07000198,Staffordshire Moorlands,Local Authority District,Job density,2023-01-01/P1Y,0.69,Number of jobs per resident aged 16 to 64,Number of jobs per resident aged 16 to 64,,,,
E07000198,Staffordshire Moorlands,Local Authority District,Job density,2022-01-01/P1Y,0.76,Number of jobs per resident aged 16 to 64,Number of jobs per resident aged 16 to 64,,,,
E07000198,Staffordshire Moorlands,Local Authority District,Job density,2021-01-01/P1Y,0.7,Number of jobs per resident aged 16 to 64,Number of jobs per resident aged 16 to 64,,,,
E07000198,Staffordshire Moorlands,Local Authority District,Job density,2020-01-01/P1Y,0.73,Number of jobs per resident aged 16 to 64,Number of jobs per resident aged 16 to 64,,,,
E07000198,Staffordshire Moorlands,Local Authority District,Job density,2019-01-01/P1Y,0.7,Number of jobs per resident aged 16 to 64,Number of jobs per resident aged 16 to 64,,,,
E07000198,Staffordshire Moorlands,Local Authority District,Job density,2018-01-01/P1Y,0.63,Number of jobs per resident aged 16 to 64,Number of jobs per resident aged 16 to 64,,,,
E07000198,Staffordshire Moorlands,Local Authority District,Job density,2016-01-01/P1Y,0.62,Number of jobs per resident aged 16 to 64,Number of jobs per resident aged 16 to 64,,,,
E07000198,Staffordshire Moorlands,Local Authority District,Job density,2015-01-01/P1Y,0.61,Number of jobs per resident aged 16 to 64,Number of jobs per resident aged 16 to 64,,,,
E07000198,Staffordshire Moorlands,Local Authority District,Job density,2014-01-01/P1Y,0.63,Number of jobs per resident aged 16 to 64,Number of jobs per resident aged 16 to 64,,,,
E07000198,Staffordshire Moorlands,Local Authority District,Job density,2013-01-01/P1Y,0.58,Number of jobs per resident aged 16 to 64,Number of jobs per resident aged 16 to 64,,,,
E07000198,Staffordshire Moorlands,Local Authority District,Job density,2012-01-01/P1Y,0.57,Number of jobs per resident aged 16 to 64,Number of jobs per resident aged 16 to 64,,,,
E07000198,Staffordshire Moorlands,Local Authority District,Job density,2011-01-01/P1Y,0.55,Number of jobs per resident aged 16 to 64,Number of jobs per resident aged 16 to 64,,,,
E07000198,Staffordshire Moorlands,Local Authority District,Job density,2017-01-01/P1Y,0.59,Number of jobs per resident aged 16 to 64,Number of jobs per resident aged 16 to 64,,,,
E07000199,Tamworth,Local Authority District,Job density,2019-01-01/P1Y,0.74,Number of jobs per resident aged 16 to 64,Number of jobs per resident aged 16 to 64,,,,
E07000199,Tamworth,Local Authority District,Job density,2024-01-01/P1Y,0.64,Number of jobs per resident aged 16 to 64,Number of jobs per resident aged 16 to 64,,,,
E07000199,Tamworth,Local Authority District,Job density,2023-01-01/P1Y,0.67,Number of jobs per resident aged 16 to 64,Number of jobs per resident aged 16 to 64,,,,
E07000199,Tamworth,Local Authority District,Job density,2022-01-01/P1Y,0.66,Number of jobs per resident aged 16 to 64,Number of jobs per resident aged 16 to 64,,,,
E07000199,Tamworth,Local Authority District,Job density,2021-01-01/P1Y,0.65,Number of jobs per resident aged 16 to 64,Number of jobs per resident aged 16 to 64,,,,
E07000199,Tamworth,Local Authority District,Job density,2020-01-01/P1Y,0.69,Number of jobs per resident aged 16 to 64,Number of jobs per resident aged 16 to 64,,,,
E07000199,Tamworth,Local Authority District,Job density,2018-01-01/P1Y,0.72,Number of jobs per resident aged 16 to 64,Number of jobs per resident aged 16 to 64,,,,
E07000199,Tamworth,Local Authority District,Job density,2017-01-01/P1Y,0.66,Number of jobs per resident aged 16 to 64,Number of jobs per resident aged 16 to 64,,,,
E07000199,Tamworth,Local Authority District,Job density,2016-01-01/P1Y,0.65,Number of jobs per resident aged 16 to 64,Number of jobs per resident aged 16 to 64,,,,
E07000199,Tamworth,Local Authority District,Job density,2015-01-01/P1Y,0.75,Number of jobs per resident aged 16 to 64,Number of jobs per resident aged 16 to 64,,,,
E07000199,Tamworth,Local Authority District,Job density,2014-01-01/P1Y,0.69,Number of jobs per resident aged 16 to 64,Number of jobs per resident aged 16 to 64,,,,
E07000199,Tamworth,Local Authority District,Job density,2013-01-01/P1Y,0.69,Number of jobs per resident aged 16 to 64,Number of jobs per resident aged 16 to 64,,,,
E07000199,Tamworth,Local Authority District,Job density,2012-01-01/P1Y,0.67,Number of jobs per resident aged 16 to 64,Number of jobs per resident aged 16 to 64,,,,
E07000199,Tamworth,Local Authority District,Job density,2011-01-01/P1Y,0.61,Number of jobs per resident aged 16 to 64,Number of jobs per resident aged 16 to 64,,,,
E10000031,Warwickshire,County or Unitary Authority,Job density,2024-01-01/P1Y,0.94,Number of jobs per resident aged 16 to 64,Number of jobs per resident aged 16 to 64,,,,
E10000031,Warwickshire,County or Unitary Authority,Job density,2023-01-01/P1Y,0.95,Number of jobs per resident aged 16 to 64,Number of jobs per resident aged 16 to 64,,,,
E10000031,Warwickshire,County or Unitary Authority,Job density,2022-01-01/P1Y,0.97,Number of jobs per resident aged 16 to 64,Number of jobs per resident aged 16 to 64,,,,
E10000031,Warwickshire,County or Unitary Authority,Job density,2021-01-01/P1Y,0.91,Number of jobs per resident aged 16 to 64,Number of jobs per resident aged 16 to 64,,,,
E10000031,Warwickshire,County or Unitary Authority,Job density,2020-01-01/P1Y,0.94,Number of jobs per resident aged 16 to 64,Number of jobs per resident aged 16 to 64,,,,
E10000031,Warwickshire,County or Unitary Authority,Job density,2019-01-01/P1Y,0.98,Number of jobs per resident aged 16 to 64,Number of jobs per resident aged 16 to 64,,,,
E10000031,Warwickshire,County or Unitary Authority,Job density,2018-01-01/P1Y,0.97,Number of jobs per resident aged 16 to 64,Number of jobs per resident aged 16 to 64,,,,
E10000031,Warwickshire,County or Unitary Authority,Job density,2017-01-01/P1Y,1.0,Number of jobs per resident aged 16 to 64,Number of jobs per resident aged 16 to 64,,,,
E10000031,Warwickshire,County or Unitary Authority,Job density,2016-01-01/P1Y,0.94,Number of jobs per resident aged 16 to 64,Number of jobs per resident aged 16 to 64,,,,
E10000031,Warwickshire,County or Unitary Authority,Job density,2015-01-01/P1Y,0.92,Number of jobs per resident aged 16 to 64,Number of jobs per resident aged 16 to 64,,,,
E10000031,Warwickshire,County or Unitary Authority,Job density,2014-01-01/P1Y,0.92,Number of jobs per resident aged 16 to 64,Number of jobs per resident aged 16 to 64,,,,
E10000031,Warwickshire,County or Unitary Authority,Job density,2013-01-01/P1Y,0.86,Number of jobs per resident aged 16 to 64,Number of jobs per resident aged 16 to 64,,,,
E10000031,Warwickshire,County or Unitary Authority,Job density,2012-01-01/P1Y,0.86,Number of jobs per resident aged 16 to 64,Number of jobs per resident aged 16 to 64,,,,
E10000031,Warwickshire,County or Unitary Authority,Job density,2011-01-01/P1Y,0.88,Number of jobs per resident aged 16 to 64,Number of jobs per resident aged 16 to 64,,,,
E07000218,North Warwickshire,Local Authority District,Job density,2023-01-01/P1Y,1.43,Number of jobs per resident aged 16 to 64,Number of jobs per resident aged 16 to 64,,,,
E07000218,North Warwickshire,Local Authority District,Job density,2022-01-01/P1Y,1.35,Number of jobs per resident aged 16 to 64,Number of jobs per resident aged 16 to 64,,,,
E07000218,North Warwickshire,Local Authority District,Job density,2021-01-01/P1Y,1.16,Number of jobs per resident aged 16 to 64,Number of jobs per resident aged 16 to 64,,,,
E07000218,North Warwickshire,Local Authority District,Job density,2020-01-01/P1Y,1.27,Number of jobs per resident aged 16 to 64,Number of jobs per resident aged 16 to 64,,,,
E07000218,North Warwickshire,Local Authority District,Job density,2019-01-01/P1Y,1.35,Number of jobs per resident aged 16 to 64,Number of jobs per resident aged 16 to 64,,,,
E07000218,North Warwickshire,Local Authority District,Job density,2018-01-01/P1Y,1.37,Number of jobs per resident aged 16 to 64,Number of jobs per resident aged 16 to 64,,,,
E07000218,North Warwickshire,Local Authority District,Job density,2024-01-01/P1Y,1.46,Number of jobs per resident aged 16 to 64,Number of jobs per resident aged 16 to 64,,,,
E07000218,North Warwickshire,Local Authority District,Job density,2016-01-01/P1Y,1.26,Number of jobs per resident aged 16 to 64,Number of jobs per resident aged 16 to 64,,,,
E07000218,North Warwickshire,Local Authority District,Job density,2015-01-01/P1Y,1.22,Number of jobs per resident aged 16 to 64,Number of jobs per resident aged 16 to 64,,,,
E07000218,North Warwickshire,Local Authority District,Job density,2014-01-01/P1Y,1.17,Number of jobs per resident aged 16 to 64,Number of jobs per resident aged 16 to 64,,,,
E07000218,North Warwickshire,Local Authority District,Job density,2013-01-01/P1Y,0.99,Number of jobs per resident aged 16 to 64,Number of jobs per resident aged 16 to 64,,,,
E07000218,North Warwickshire,Local Authority District,Job density,2012-01-01/P1Y,1.07,Number of jobs per resident aged 16 to 64,Number of jobs per resident aged 16 to 64,,,,
E07000218,North Warwickshire,Local Authority District,Job density,2011-01-01/P1Y,1.12,Number of jobs per resident aged 16 to 64,Number of jobs per resident aged 16 to 64,,,,
E07000218,North Warwickshire,Local Authority District,Job density,2017-01-01/P1Y,1.35,Number of jobs per resident aged 16 to 64,Number of jobs per resident aged 16 to 64,,,,
E07000219,Nuneaton and Bedworth,Local Authority District,Job density,2024-01-01/P1Y,0.56,Number of jobs per resident aged 16 to 64,Number of jobs per resident aged 16 to 64,,,,
E07000219,Nuneaton and Bedworth,Local Authority District,Job density,2023-01-01/P1Y,0.59,Number of jobs per resident aged 16 to 64,Number of jobs per resident aged 16 to 64,,,,
E07000219,Nuneaton and Bedworth,Local Authority District,Job density,2022-01-01/P1Y,0.6,Number of jobs per resident aged 16 to 64,Number of jobs per resident aged 16 to 64,,,,
E07000219,Nuneaton and Bedworth,Local Authority District,Job density,2021-01-01/P1Y,0.65,Number of jobs per resident aged 16 to 64,Number of jobs per resident aged 16 to 64,,,,
E07000219,Nuneaton and Bedworth,Local Authority District,Job density,2020-01-01/P1Y,0.61,Number of jobs per resident aged 16 to 64,Number of jobs per resident aged 16 to 64,,,,
E07000219,Nuneaton and Bedworth,Local Authority District,Job density,2019-01-01/P1Y,0.66,Number of jobs per resident aged 16 to 64,Number of jobs per resident aged 16 to 64,,,,
E07000219,Nuneaton and Bedworth,Local Authority District,Job density,2018-01-01/P1Y,0.67,Number of jobs per resident aged 16 to 64,Number of jobs per resident aged 16 to 64,,,,
E07000219,Nuneaton and Bedworth,Local Authority District,Job density,2017-01-01/P1Y,0.66,Number of jobs per resident aged 16 to 64,Number of jobs per resident aged 16 to 64,,,,
E07000219,Nuneaton and Bedworth,Local Authority District,Job density,2016-01-01/P1Y,0.62,Number of jobs per resident aged 16 to 64,Number of jobs per resident aged 16 to 64,,,,
E07000219,Nuneaton and Bedworth,Local Authority District,Job density,2015-01-01/P1Y,0.64,Number of jobs per resident aged 16 to 64,Number of jobs per resident aged 16 to 64,,,,
E07000219,Nuneaton and Bedworth,Local Authority District,Job density,2014-01-01/P1Y,0.59,Number of jobs per resident aged 16 to 64,Number of jobs per resident aged 16 to 64,,,,
E07000219,Nuneaton and Bedworth,Local Authority District,Job density,2013-01-01/P1Y,0.6,Number of jobs per resident aged 16 to 64,Number of jobs per resident aged 16 to 64,,,,
E07000219,Nuneaton and Bedworth,Local Authority District,Job density,2012-01-01/P1Y,0.57,Number of jobs per resident aged 16 to 64,Number of jobs per resident aged 16 to 64,,,,
E07000219,Nuneaton and Bedworth,Local Authority District,Job density,2011-01-01/P1Y,0.61,Number of jobs per resident aged 16 to 64,Number of jobs per resident aged 16 to 64,,,,
E07000220,Rugby,Local Authority District,Job density,2023-01-01/P1Y,0.82,Number of jobs per resident aged 16 to 64,Number of jobs per resident aged 16 to 64,,,,
E07000220,Rugby,Local Authority District,Job density,2022-01-01/P1Y,0.86,Number of jobs per resident aged 16 to 64,Number of jobs per resident aged 16 to 64,,,,
E07000220,Rugby,Local Authority District,Job density,2021-01-01/P1Y,0.77,Number of jobs per resident aged 16 to 64,Number of jobs per resident aged 16 to 64,,,,
E07000220,Rugby,Local Authority District,Job density,2020-01-01/P1Y,0.81,Number of jobs per resident aged 16 to 64,Number of jobs per resident aged 16 to 64,,,,
E07000220,Rugby,Local Authority District,Job density,2019-01-01/P1Y,0.81,Number of jobs per resident aged 16 to 64,Number of jobs per resident aged 16 to 64,,,,
E07000220,Rugby,Local Authority District,Job density,2018-01-01/P1Y,0.78,Number of jobs per resident aged 16 to 64,Number of jobs per resident aged 16 to 64,,,,
E07000220,Rugby,Local Authority District,Job density,2024-01-01/P1Y,0.75,Number of jobs per resident aged 16 to 64,Number of jobs per resident aged 16 to 64,,,,
E07000220,Rugby,Local Authority District,Job density,2016-01-01/P1Y,0.8,Number of jobs per resident aged 16 to 64,Number of jobs per resident aged 16 to 64,,,,
E07000220,Rugby,Local Authority District,Job density,2015-01-01/P1Y,0.78,Number of jobs per resident aged 16 to 64,Number of jobs per resident aged 16 to 64,,,,
E07000220,Rugby,Local Authority District,Job density,2014-01-01/P1Y,0.81,Number of jobs per resident aged 16 to 64,Number of jobs per resident aged 16 to 64,,,,
E07000220,Rugby,Local Authority District,Job density,2013-01-01/P1Y,0.82,Number of jobs per resident aged 16 to 64,Number of jobs per resident aged 16 to 64,,,,
E07000220,Rugby,Local Authority District,Job density,2012-01-01/P1Y,0.81,Number of jobs per resident aged 16 to 64,Number of jobs per resident aged 16 to 64,,,,
E07000220,Rugby,Local Authority District,Job density,2011-01-01/P1Y,0.79,Number of jobs per resident aged 16 to 64,Number of jobs per resident aged 16 to 64,,,,
E07000220,Rugby,Local Authority District,Job density,2017-01-01/P1Y,0.85,Number of jobs per resident aged 16 to 64,Number of jobs per resident aged 16 to 64,,,,
E07000221,Stratford-on-Avon,Local Authority District,Job density,2023-01-01/P1Y,1.06,Number of jobs per resident aged 16 to 64,Number of jobs per resident aged 16 to 64,,,,
E07000221,Stratford-on-Avon,Local Authority District,Job density,2022-01-01/P1Y,1.06,Number of jobs per resident aged 16 to 64,Number of jobs per resident aged 16 to 64,,,,
E07000221,Stratford-on-Avon,Local Authority District,Job density,2021-01-01/P1Y,1.03,Number of jobs per resident aged 16 to 64,Number of jobs per resident aged 16 to 64,,,,
E07000221,Stratford-on-Avon,Local Authority District,Job density,2020-01-01/P1Y,1.07,Number of jobs per resident aged 16 to 64,Number of jobs per resident aged 16 to 64,,,,
E07000221,Stratford-on-Avon,Local Authority District,Job density,2019-01-01/P1Y,1.17,Number of jobs per resident aged 16 to 64,Number of jobs per resident aged 16 to 64,,,,
E07000221,Stratford-on-Avon,Local Authority District,Job density,2018-01-01/P1Y,1.11,Number of jobs per resident aged 16 to 64,Number of jobs per resident aged 16 to 64,,,,
E07000221,Stratford-on-Avon,Local Authority District,Job density,2024-01-01/P1Y,1.05,Number of jobs per resident aged 16 to 64,Number of jobs per resident aged 16 to 64,,,,
E07000221,Stratford-on-Avon,Local Authority District,Job density,2016-01-01/P1Y,1.1,Number of jobs per resident aged 16 to 64,Number of jobs per resident aged 16 to 64,,,,
E07000221,Stratford-on-Avon,Local Authority District,Job density,2015-01-01/P1Y,1.09,Number of jobs per resident aged 16 to 64,Number of jobs per resident aged 16 to 64,,,,
E07000221,Stratford-on-Avon,Local Authority District,Job density,2014-01-01/P1Y,1.07,Number of jobs per resident aged 16 to 64,Number of jobs per resident aged 16 to 64,,,,
E07000221,Stratford-on-Avon,Local Authority District,Job density,2013-01-01/P1Y,1.0,Number of jobs per resident aged 16 to 64,Number of jobs per resident aged 16 to 64,,,,
E07000221,Stratford-on-Avon,Local Authority District,Job density,2012-01-01/P1Y,0.98,Number of jobs per resident aged 16 to 64,Number of jobs per resident aged 16 to 64,,,,
E07000221,Stratford-on-Avon,Local Authority District,Job density,2011-01-01/P1Y,0.96,Number of jobs per resident aged 16 to 64,Number of jobs per resident aged 16 to 64,,,,
E07000221,Stratford-on-Avon,Local Authority District,Job density,2017-01-01/P1Y,1.2,Number of jobs per resident aged 16 to 64,Number of jobs per resident aged 16 to 64,,,,
E07000222,Warwick,Local Authority District,Job density,2024-01-01/P1Y,1.1,Number of jobs per resident aged 16 to 64,Number of jobs per resident aged 16 to 64,,,,
E07000222,Warwick,Local Authority District,Job density,2023-01-01/P1Y,1.07,Number of jobs per resident aged 16 to 64,Number of jobs per resident aged 16 to 64,,,,
E07000222,Warwick,Local Authority District,Job density,2022-01-01/P1Y,1.14,Number of jobs per resident aged 16 to 64,Number of jobs per resident aged 16 to 64,,,,
E07000222,Warwick,Local Authority District,Job density,2021-01-01/P1Y,1.05,Number of jobs per resident aged 16 to 64,Number of jobs per resident aged 16 to 64,,,,
E07000222,Warwick,Local Authority District,Job density,2020-01-01/P1Y,1.09,Number of jobs per resident aged 16 to 64,Number of jobs per resident aged 16 to 64,,,,
E07000222,Warwick,Local Authority District,Job density,2019-01-01/P1Y,1.07,Number of jobs per resident aged 16 to 64,Number of jobs per resident aged 16 to 64,,,,
E07000222,Warwick,Local Authority District,Job density,2018-01-01/P1Y,1.09,Number of jobs per resident aged 16 to 64,Number of jobs per resident aged 16 to 64,,,,
E07000222,Warwick,Local Authority District,Job density,2017-01-01/P1Y,1.1,Number of jobs per resident aged 16 to 64,Number of jobs per resident aged 16 to 64,,,,
E07000222,Warwick,Local Authority District,Job density,2015-01-01/P1Y,1.02,Number of jobs per resident aged 16 to 64,Number of jobs per resident aged 16 to 64,,,,
E07000222,Warwick,Local Authority District,Job density,2014-01-01/P1Y,1.07,Number of jobs per resident aged 16 to 64,Number of jobs per resident aged 16 to 64,,,,
E07000222,Warwick,Local Authority District,Job density,2013-01-01/P1Y,0.96,Number of jobs per resident aged 16 to 64,Number of jobs per resident aged 16 to 64,,,,
E07000222,Warwick,Local Authority District,Job density,2012-01-01/P1Y,0.97,Number of jobs per resident aged 16 to 64,Number of jobs per resident aged 16 to 64,,,,
E07000222,Warwick,Local Authority District,Job density,2011-01-01/P1Y,1.0,Number of jobs per resident aged 16 to 64,Number of jobs per resident aged 16 to 64,,,,
E07000222,Warwick,Local Authority District,Job density,2016-01-01/P1Y,1.06,Number of jobs per resident aged 16 to 64,Number of jobs per resident aged 16 to 64,,,,
E47000007,West Midlands,Combined Authority or City Region,Job density,2019-01-01/P1Y,0.79,Number of jobs per resident aged 16 to 64,Number of jobs per resident aged 16 to 64,,,,
E47000007,West Midlands,Combined Authority or City Region,Job density,2024-01-01/P1Y,0.76,Number of jobs per resident aged 16 to 64,Number of jobs per resident aged 16 to 64,,,,
E47000007,West Midlands,Combined Authority or City Region,Job density,2023-01-01/P1Y,0.78,Number of jobs per resident aged 16 to 64,Number of jobs per resident aged 16 to 64,,,,
E47000007,West Midlands,Combined Authority or City Region,Job density,2022-01-01/P1Y,0.78,Number of jobs per resident aged 16 to 64,Number of jobs per resident aged 16 to 64,,,,
E47000007,West Midlands,Combined Authority or City Region,Job density,2020-01-01/P1Y,0.77,Number of jobs per resident aged 16 to 64,Number of jobs per resident aged 16 to 64,,,,
E47000007,West Midlands,Combined Authority or City Region,Job density,2018-01-01/P1Y,0.78,Number of jobs per resident aged 16 to 64,Number of jobs per resident aged 16 to 64,,,,
E47000007,West Midlands,Combined Authority or City Region,Job density,2021-01-01/P1Y,0.77,Number of jobs per resident aged 16 to 64,Number of jobs per resident aged 16 to 64,,,,
E47000007,West Midlands,Combined Authority or City Region,Job density,2016-01-01/P1Y,0.76,Number of jobs per resident aged 16 to 64,Number of jobs per resident aged 16 to 64,,,,
E47000007,West Midlands,Combined Authority or City Region,Job density,2015-01-01/P1Y,0.76,Number of jobs per resident aged 16 to 64,Number of jobs per resident aged 16 to 64,,,,
E47000007,West Midlands,Combined Authority or City Region,Job density,2014-01-01/P1Y,0.75,Number of jobs per resident aged 16 to 64,Number of jobs per resident aged 16 to 64,,,,
E47000007,West Midlands,Combined Authority or City Region,Job density,2017-01-01/P1Y,0.78,Number of jobs per resident aged 16 to 64,Number of jobs per resident aged 16 to 64,,,,
E47000007,West Midlands,Combined Authority or City Region,Job density,2013-01-01/P1Y,0.74,Number of jobs per resident aged 16 to 64,Number of jobs per resident aged 16 to 64,,,,
E47000007,West Midlands,Combined Authority or City Region,Job density,2012-01-01/P1Y,0.73,Number of jobs per resident aged 16 to 64,Number of jobs per resident aged 16 to 64,,,,
E47000007,West Midlands,Combined Authority or City Region,Job density,2011-01-01/P1Y,0.73,Number of jobs per resident aged 16 to 64,Number of jobs per resident aged 16 to 64,,,,
E08000025,Birmingham,Local Authority District,Job density,2019-01-01/P1Y,0.81,Number of jobs per resident aged 16 to 64,Number of jobs per resident aged 16 to 64,,,,
E08000025,Birmingham,Local Authority District,Job density,2020-01-01/P1Y,0.81,Number of jobs per resident aged 16 to 64,Number of jobs per resident aged 16 to 64,,,,
E08000025,Birmingham,Local Authority District,Job density,2021-01-01/P1Y,0.8,Number of jobs per resident aged 16 to 64,Number of jobs per resident aged 16 to 64,,,,
E08000025,Birmingham,Local Authority District,Job density,2023-01-01/P1Y,0.83,Number of jobs per resident aged 16 to 64,Number of jobs per resident aged 16 to 64,,,,
E08000025,Birmingham,Local Authority District,Job density,2022-01-01/P1Y,0.83,Number of jobs per resident aged 16 to 64,Number of jobs per resident aged 16 to 64,,,,
E08000025,Birmingham,Local Authority District,Job density,2018-01-01/P1Y,0.8,Number of jobs per resident aged 16 to 64,Number of jobs per resident aged 16 to 64,,,,
E08000025,Birmingham,Local Authority District,Job density,2024-01-01/P1Y,0.81,Number of jobs per resident aged 16 to 64,Number of jobs per resident aged 16 to 64,,,,
E08000025,Birmingham,Local Authority District,Job density,2017-01-01/P1Y,0.81,Number of jobs per resident aged 16 to 64,Number of jobs per resident aged 16 to 64,,,,
E08000025,Birmingham,Local Authority District,Job density,2011-01-01/P1Y,0.76,Number of jobs per resident aged 16 to 64,Number of jobs per resident aged 16 to 64,,,,
E08000025,Birmingham,Local Authority District,Job density,2012-01-01/P1Y,0.75,Number of jobs per resident aged 16 to 64,Number of jobs per resident aged 16 to 64,,,,
E08000025,Birmingham,Local Authority District,Job density,2013-01-01/P1Y,0.77,Number of jobs per resident aged 16 to 64,Number of jobs per resident aged 16 to 64,,,,
E08000025,Birmingham,Local Authority District,Job density,2014-01-01/P1Y,0.78,Number of jobs per resident aged 16 to 64,Number of jobs per resident aged 16 to 64,,,,
E08000025,Birmingham,Local Authority District,Job density,2015-01-01/P1Y,0.79,Number of jobs per resident aged 16 to 64,Number of jobs per resident aged 16 to 64,,,,
E08000025,Birmingham,Local Authority District,Job density,2016-01-01/P1Y,0.79,Number of jobs per resident aged 16 to 64,Number of jobs per resident aged 16 to 64,,,,
E08000026,Coventry,Local Authority District,Job density,2019-01-01/P1Y,0.81,Number of jobs per resident aged 16 to 64,Number of jobs per resident aged 16 to 64,,,,
E08000026,Coventry,Local Authority District,Job density,2020-01-01/P1Y,0.81,Number of jobs per resident aged 16 to 64,Number of jobs per resident aged 16 to 64,,,,
E08000026,Coventry,Local Authority District,Job density,2021-01-01/P1Y,0.82,Number of jobs per resident aged 16 to 64,Number of jobs per resident aged 16 to 64,,,,
E08000026,Coventry,Local Authority District,Job density,2023-01-01/P1Y,0.81,Number of jobs per resident aged 16 to 64,Number of jobs per resident aged 16 to 64,,,,
E08000026,Coventry,Local Authority District,Job density,2022-01-01/P1Y,0.78,Number of jobs per resident aged 16 to 64,Number of jobs per resident aged 16 to 64,,,,
E08000026,Coventry,Local Authority District,Job density,2024-01-01/P1Y,0.74,Number of jobs per resident aged 16 to 64,Number of jobs per resident aged 16 to 64,,,,
E08000026,Coventry,Local Authority District,Job density,2018-01-01/P1Y,0.8,Number of jobs per resident aged 16 to 64,Number of jobs per resident aged 16 to 64,,,,
E08000026,Coventry,Local Authority District,Job density,2012-01-01/P1Y,0.77,Number of jobs per resident aged 16 to 64,Number of jobs per resident aged 16 to 64,,,,
E08000026,Coventry,Local Authority District,Job density,2017-01-01/P1Y,0.81,Number of jobs per resident aged 16 to 64,Number of jobs per resident aged 16 to 64,,,,
E08000026,Coventry,Local Authority District,Job density,2016-01-01/P1Y,0.77,Number of jobs per resident aged 16 to 64,Number of jobs per resident aged 16 to 64,,,,
E08000026,Coventry,Local Authority District,Job density,2015-01-01/P1Y,0.81,Number of jobs per resident aged 16 to 64,Number of jobs per resident aged 16 to 64,,,,
E08000026,Coventry,Local Authority District,Job density,2014-01-01/P1Y,0.81,Number of jobs per resident aged 16 to 64,Number of jobs per resident aged 16 to 64,,,,
E08000026,Coventry,Local Authority District,Job density,2013-01-01/P1Y,0.8,Number of jobs per resident aged 16 to 64,Number of jobs per resident aged 16 to 64,,,,
E08000026,Coventry,Local Authority District,Job density,2011-01-01/P1Y,0.75,Number of jobs per resident aged 16 to 64,Number of jobs per resident aged 16 to 64,,,,
E08000027,Dudley,Local Authority District,Job density,2020-01-01/P1Y,0.65,Number of jobs per resident aged 16 to 64,Number of jobs per resident aged 16 to 64,,,,
E08000027,Dudley,Local Authority District,Job density,2019-01-01/P1Y,0.68,Number of jobs per resident aged 16 to 64,Number of jobs per resident aged 16 to 64,,,,
E08000027,Dudley,Local Authority District,Job density,2021-01-01/P1Y,0.69,Number of jobs per resident aged 16 to 64,Number of jobs per resident aged 16 to 64,,,,
E08000027,Dudley,Local Authority District,Job density,2024-01-01/P1Y,0.6,Number of jobs per resident aged 16 to 64,Number of jobs per resident aged 16 to 64,,,,
E08000027,Dudley,Local Authority District,Job density,2022-01-01/P1Y,0.64,Number of jobs per resident aged 16 to 64,Number of jobs per resident aged 16 to 64,,,,
E08000027,Dudley,Local Authority District,Job density,2023-01-01/P1Y,0.66,Number of jobs per resident aged 16 to 64,Number of jobs per resident aged 16 to 64,,,,
E08000027,Dudley,Local Authority District,Job density,2018-01-01/P1Y,0.67,Number of jobs per resident aged 16 to 64,Number of jobs per resident aged 16 to 64,,,,
E08000027,Dudley,Local Authority District,Job density,2012-01-01/P1Y,0.64,Number of jobs per resident aged 16 to 64,Number of jobs per resident aged 16 to 64,,,,
E08000027,Dudley,Local Authority District,Job density,2017-01-01/P1Y,0.69,Number of jobs per resident aged 16 to 64,Number of jobs per resident aged 16 to 64,,,,
E08000027,Dudley,Local Authority District,Job density,2011-01-01/P1Y,0.64,Number of jobs per resident aged 16 to 64,Number of jobs per resident aged 16 to 64,,,,
E08000027,Dudley,Local Authority District,Job density,2013-01-01/P1Y,0.63,Number of jobs per resident aged 16 to 64,Number of jobs per resident aged 16 to 64,,,,
E08000027,Dudley,Local Authority District,Job density,2014-01-01/P1Y,0.64,Number of jobs per resident aged 16 to 64,Number of jobs per resident aged 16 to 64,,,,
E08000027,Dudley,Local Authority District,Job density,2015-01-01/P1Y,0.66,Number of jobs per resident aged 16 to 64,Number of jobs per resident aged 16 to 64,,,,
E08000027,Dudley,Local Authority District,Job density,2016-01-01/P1Y,0.66,Number of jobs per resident aged 16 to 64,Number of jobs per resident aged 16 to 64,,,,
E08000028,Sandwell,Local Authority District,Job density,2018-01-01/P1Y,0.65,Number of jobs per resident aged 16 to 64,Number of jobs per resident aged 16 to 64,,,,
E08000028,Sandwell,Local Authority District,Job density,2019-01-01/P1Y,0.64,Number of jobs per resident aged 16 to 64,Number of jobs per resident aged 16 to 64,,,,
E08000028,Sandwell,Local Authority District,Job density,2020-01-01/P1Y,0.6,Number of jobs per resident aged 16 to 64,Number of jobs per resident aged 16 to 64,,,,
E08000028,Sandwell,Local Authority District,Job density,2021-01-01/P1Y,0.62,Number of jobs per resident aged 16 to 64,Number of jobs per resident aged 16 to 64,,,,
E08000028,Sandwell,Local Authority District,Job density,2022-01-01/P1Y,0.64,Number of jobs per resident aged 16 to 64,Number of jobs per resident aged 16 to 64,,,,
E08000028,Sandwell,Local Authority District,Job density,2023-01-01/P1Y,0.62,Number of jobs per resident aged 16 to 64,Number of jobs per resident aged 16 to 64,,,,
E08000028,Sandwell,Local Authority District,Job density,2024-01-01/P1Y,0.6,Number of jobs per resident aged 16 to 64,Number of jobs per resident aged 16 to 64,,,,
E08000028,Sandwell,Local Authority District,Job density,2017-01-01/P1Y,0.69,Number of jobs per resident aged 16 to 64,Number of jobs per resident aged 16 to 64,,,,
E08000028,Sandwell,Local Authority District,Job density,2016-01-01/P1Y,0.68,Number of jobs per resident aged 16 to 64,Number of jobs per resident aged 16 to 64,,,,
E08000028,Sandwell,Local Authority District,Job density,2011-01-01/P1Y,0.64,Number of jobs per resident aged 16 to 64,Number of jobs per resident aged 16 to 64,,,,
E08000028,Sandwell,Local Authority District,Job density,2012-01-01/P1Y,0.66,Number of jobs per resident aged 16 to 64,Number of jobs per resident aged 16 to 64,,,,
E08000028,Sandwell,Local Authority District,Job density,2013-01-01/P1Y,0.66,Number of jobs per resident aged 16 to 64,Number of jobs per resident aged 16 to 64,,,,
E08000028,Sandwell,Local Authority District,Job density,2014-01-01/P1Y,0.69,Number of jobs per resident aged 16 to 64,Number of jobs per resident aged 16 to 64,,,,
E08000028,Sandwell,Local Authority District,Job density,2015-01-01/P1Y,0.7,Number of jobs per resident aged 16 to 64,Number of jobs per resident aged 16 to 64,,,,
E08000029,Solihull,Local Authority District,Job density,2020-01-01/P1Y,1.17,Number of jobs per resident aged 16 to 64,Number of jobs per resident aged 16 to 64,,,,
E08000029,Solihull,Local Authority District,Job density,2019-01-01/P1Y,1.19,Number of jobs per resident aged 16 to 64,Number of jobs per resident aged 16 to 64,,,,
E08000029,Solihull,Local Authority District,Job density,2021-01-01/P1Y,1.2,Number of jobs per resident aged 16 to 64,Number of jobs per resident aged 16 to 64,,,,
E08000029,Solihull,Local Authority District,Job density,2018-01-01/P1Y,1.2,Number of jobs per resident aged 16 to 64,Number of jobs per resident aged 16 to 64,,,,
E08000029,Solihull,Local Authority District,Job density,2022-01-01/P1Y,1.21,Number of jobs per resident aged 16 to 64,Number of jobs per resident aged 16 to 64,,,,
E08000029,Solihull,Local Authority District,Job density,2024-01-01/P1Y,1.19,Number of jobs per resident aged 16 to 64,Number of jobs per resident aged 16 to 64,,,,
E08000029,Solihull,Local Authority District,Job density,2023-01-01/P1Y,1.2,Number of jobs per resident aged 16 to 64,Number of jobs per resident aged 16 to 64,,,,
E08000029,Solihull,Local Authority District,Job density,2017-01-01/P1Y,1.04,Number of jobs per resident aged 16 to 64,Number of jobs per resident aged 16 to 64,,,,
E08000029,Solihull,Local Authority District,Job density,2011-01-01/P1Y,0.84,Number of jobs per resident aged 16 to 64,Number of jobs per resident aged 16 to 64,,,,
E08000029,Solihull,Local Authority District,Job density,2012-01-01/P1Y,0.89,Number of jobs per resident aged 16 to 64,Number of jobs per resident aged 16 to 64,,,,
E08000029,Solihull,Local Authority District,Job density,2013-01-01/P1Y,0.87,Number of jobs per resident aged 16 to 64,Number of jobs per resident aged 16 to 64,,,,
E08000029,Solihull,Local Authority District,Job density,2014-01-01/P1Y,0.9,Number of jobs per resident aged 16 to 64,Number of jobs per resident aged 16 to 64,,,,
E08000029,Solihull,Local Authority District,Job density,2015-01-01/P1Y,0.96,Number of jobs per resident aged 16 to 64,Number of jobs per resident aged 16 to 64,,,,
E08000029,Solihull,Local Authority District,Job density,2016-01-01/P1Y,1.0,Number of jobs per resident aged 16 to 64,Number of jobs per resident aged 16 to 64,,,,
E08000030,Walsall,Local Authority District,Job density,2019-01-01/P1Y,0.68,Number of jobs per resident aged 16 to 64,Number of jobs per resident aged 16 to 64,,,,
E08000030,Walsall,Local Authority District,Job density,2020-01-01/P1Y,0.66,Number of jobs per resident aged 16 to 64,Number of jobs per resident aged 16 to 64,,,,
E08000030,Walsall,Local Authority District,Job density,2021-01-01/P1Y,0.66,Number of jobs per resident aged 16 to 64,Number of jobs per resident aged 16 to 64,,,,
E08000030,Walsall,Local Authority District,Job density,2023-01-01/P1Y,0.68,Number of jobs per resident aged 16 to 64,Number of jobs per resident aged 16 to 64,,,,
E08000030,Walsall,Local Authority District,Job density,2022-01-01/P1Y,0.64,Number of jobs per resident aged 16 to 64,Number of jobs per resident aged 16 to 64,,,,
E08000030,Walsall,Local Authority District,Job density,2024-01-01/P1Y,0.63,Number of jobs per resident aged 16 to 64,Number of jobs per resident aged 16 to 64,,,,
E08000030,Walsall,Local Authority District,Job density,2018-01-01/P1Y,0.7,Number of jobs per resident aged 16 to 64,Number of jobs per resident aged 16 to 64,,,,
E08000030,Walsall,Local Authority District,Job density,2017-01-01/P1Y,0.73,Number of jobs per resident aged 16 to 64,Number of jobs per resident aged 16 to 64,,,,
E08000030,Walsall,Local Authority District,Job density,2011-01-01/P1Y,0.61,Number of jobs per resident aged 16 to 64,Number of jobs per resident aged 16 to 64,,,,
E08000030,Walsall,Local Authority District,Job density,2012-01-01/P1Y,0.63,Number of jobs per resident aged 16 to 64,Number of jobs per resident aged 16 to 64,,,,
E08000030,Walsall,Local Authority District,Job density,2013-01-01/P1Y,0.64,Number of jobs per resident aged 16 to 64,Number of jobs per resident aged 16 to 64,,,,
E08000030,Walsall,Local Authority District,Job density,2014-01-01/P1Y,0.65,Number of jobs per resident aged 16 to 64,Number of jobs per resident aged 16 to 64,,,,
E08000030,Walsall,Local Authority District,Job density,2015-01-01/P1Y,0.71,Number of jobs per resident aged 16 to 64,Number of jobs per resident aged 16 to 64,,,,
E08000030,Walsall,Local Authority District,Job density,2016-01-01/P1Y,0.69,Number of jobs per resident aged 16 to 64,Number of jobs per resident aged 16 to 64,,,,
E08000031,Wolverhampton,Local Authority District,Job density,2019-01-01/P1Y,0.72,Number of jobs per resident aged 16 to 64,Number of jobs per resident aged 16 to 64,,,,
E08000031,Wolverhampton,Local Authority District,Job density,2020-01-01/P1Y,0.72,Number of jobs per resident aged 16 to 64,Number of jobs per resident aged 16 to 64,,,,
E08000031,Wolverhampton,Local Authority District,Job density,2021-01-01/P1Y,0.72,Number of jobs per resident aged 16 to 64,Number of jobs per resident aged 16 to 64,,,,
E08000031,Wolverhampton,Local Authority District,Job density,2023-01-01/P1Y,0.72,Number of jobs per resident aged 16 to 64,Number of jobs per resident aged 16 to 64,,,,
E08000031,Wolverhampton,Local Authority District,Job density,2022-01-01/P1Y,0.73,Number of jobs per resident aged 16 to 64,Number of jobs per resident aged 16 to 64,,,,
E08000031,Wolverhampton,Local Authority District,Job density,2024-01-01/P1Y,0.72,Number of jobs per resident aged 16 to 64,Number of jobs per resident aged 16 to 64,,,,
E08000031,Wolverhampton,Local Authority District,Job density,2018-01-01/P1Y,0.73,Number of jobs per resident aged 16 to 64,Number of jobs per resident aged 16 to 64,,,,
E08000031,Wolverhampton,Local Authority District,Job density,2017-01-01/P1Y,0.7,Number of jobs per resident aged 16 to 64,Number of jobs per resident aged 16 to 64,,,,
E08000031,Wolverhampton,Local Authority District,Job density,2011-01-01/P1Y,0.79,Number of jobs per resident aged 16 to 64,Number of jobs per resident aged 16 to 64,,,,
E08000031,Wolverhampton,Local Authority District,Job density,2012-01-01/P1Y,0.77,Number of jobs per resident aged 16 to 64,Number of jobs per resident aged 16 to 64,,,,
E08000031,Wolverhampton,Local Authority District,Job density,2013-01-01/P1Y,0.77,Number of jobs per resident aged 16 to 64,Number of jobs per resident aged 16 to 64,,,,
E08000031,Wolverhampton,Local Authority District,Job density,2014-01-01/P1Y,0.69,Number of jobs per resident aged 16 to 64,Number of jobs per resident aged 16 to 64,,,,
E08000031,Wolverhampton,Local Authority District,Job density,2015-01-01/P1Y,0.71,Number of jobs per resident aged 16 to 64,Number of jobs per resident aged 16 to 64,,,,
E08000031,Wolverhampton,Local Authority District,Job density,2016-01-01/P1Y,0.7,Number of jobs per resident aged 16 to 64,Number of jobs per resident aged 16 to 64,,,,
E10000034,Worcestershire,County or Unitary Authority,Job density,2019-01-01/P1Y,0.85,Number of jobs per resident aged 16 to 64,Number of jobs per resident aged 16 to 64,,,,
E10000034,Worcestershire,County or Unitary Authority,Job density,2024-01-01/P1Y,0.79,Number of jobs per resident aged 16 to 64,Number of jobs per resident aged 16 to 64,,,,
E10000034,Worcestershire,County or Unitary Authority,Job density,2023-01-01/P1Y,0.79,Number of jobs per resident aged 16 to 64,Number of jobs per resident aged 16 to 64,,,,
E10000034,Worcestershire,County or Unitary Authority,Job density,2022-01-01/P1Y,0.81,Number of jobs per resident aged 16 to 64,Number of jobs per resident aged 16 to 64,,,,
E10000034,Worcestershire,County or Unitary Authority,Job density,2021-01-01/P1Y,0.8,Number of jobs per resident aged 16 to 64,Number of jobs per resident aged 16 to 64,,,,
E10000034,Worcestershire,County or Unitary Authority,Job density,2020-01-01/P1Y,0.84,Number of jobs per resident aged 16 to 64,Number of jobs per resident aged 16 to 64,,,,
E10000034,Worcestershire,County or Unitary Authority,Job density,2018-01-01/P1Y,0.85,Number of jobs per resident aged 16 to 64,Number of jobs per resident aged 16 to 64,,,,
E10000034,Worcestershire,County or Unitary Authority,Job density,2013-01-01/P1Y,0.74,Number of jobs per resident aged 16 to 64,Number of jobs per resident aged 16 to 64,,,,
E10000034,Worcestershire,County or Unitary Authority,Job density,2016-01-01/P1Y,0.81,Number of jobs per resident aged 16 to 64,Number of jobs per resident aged 16 to 64,,,,
E10000034,Worcestershire,County or Unitary Authority,Job density,2015-01-01/P1Y,0.78,Number of jobs per resident aged 16 to 64,Number of jobs per resident aged 16 to 64,,,,
E10000034,Worcestershire,County or Unitary Authority,Job density,2014-01-01/P1Y,0.76,Number of jobs per resident aged 16 to 64,Number of jobs per resident aged 16 to 64,,,,
E10000034,Worcestershire,County or Unitary Authority,Job density,2012-01-01/P1Y,0.75,Number of jobs per resident aged 16 to 64,Number of jobs per resident aged 16 to 64,,,,
E10000034,Worcestershire,County or Unitary Authority,Job density,2011-01-01/P1Y,0.73,Number of jobs per resident aged 16 to 64,Number of jobs per resident aged 16 to 64,,,,
E10000034,Worcestershire,County or Unitary Authority,Job density,2017-01-01/P1Y,0.87,Number of jobs per resident aged 16 to 64,Number of jobs per resident aged 16 to 64,,,,
E07000234,Bromsgrove,Local Authority District,Job density,2019-01-01/P1Y,0.93,Number of jobs per resident aged 16 to 64,Number of jobs per resident aged 16 to 64,,,,
E07000234,Bromsgrove,Local Authority District,Job density,2023-01-01/P1Y,0.76,Number of jobs per resident aged 16 to 64,Number of jobs per resident aged 16 to 64,,,,
E07000234,Bromsgrove,Local Authority District,Job density,2022-01-01/P1Y,0.81,Number of jobs per resident aged 16 to 64,Number of jobs per resident aged 16 to 64,,,,
E07000234,Bromsgrove,Local Authority District,Job density,2021-01-01/P1Y,0.79,Number of jobs per resident aged 16 to 64,Number of jobs per resident aged 16 to 64,,,,
E07000234,Bromsgrove,Local Authority District,Job density,2024-01-01/P1Y,0.79,Number of jobs per resident aged 16 to 64,Number of jobs per resident aged 16 to 64,,,,
E07000234,Bromsgrove,Local Authority District,Job density,2018-01-01/P1Y,0.99,Number of jobs per resident aged 16 to 64,Number of jobs per resident aged 16 to 64,,,,
E07000234,Bromsgrove,Local Authority District,Job density,2020-01-01/P1Y,0.95,Number of jobs per resident aged 16 to 64,Number of jobs per resident aged 16 to 64,,,,
E07000234,Bromsgrove,Local Authority District,Job density,2016-01-01/P1Y,0.91,Number of jobs per resident aged 16 to 64,Number of jobs per resident aged 16 to 64,,,,
E07000234,Bromsgrove,Local Authority District,Job density,2015-01-01/P1Y,0.72,Number of jobs per resident aged 16 to 64,Number of jobs per resident aged 16 to 64,,,,
E07000234,Bromsgrove,Local Authority District,Job density,2014-01-01/P1Y,0.69,Number of jobs per resident aged 16 to 64,Number of jobs per resident aged 16 to 64,,,,
E07000234,Bromsgrove,Local Authority District,Job density,2013-01-01/P1Y,0.71,Number of jobs per resident aged 16 to 64,Number of jobs per resident aged 16 to 64,,,,
E07000234,Bromsgrove,Local Authority District,Job density,2012-01-01/P1Y,0.69,Number of jobs per resident aged 16 to 64,Number of jobs per resident aged 16 to 64,,,,
E07000234,Bromsgrove,Local Authority District,Job density,2011-01-01/P1Y,0.63,Number of jobs per resident aged 16 to 64,Number of jobs per resident aged 16 to 64,,,,
E07000234,Bromsgrove,Local Authority District,Job density,2017-01-01/P1Y,1.17,Number of jobs per resident aged 16 to 64,Number of jobs per resident aged 16 to 64,,,,
E07000235,Malvern Hills,Local Authority District,Job density,2023-01-01/P1Y,0.8,Number of jobs per resident aged 16 to 64,Number of jobs per resident aged 16 to 64,,,,
E07000235,Malvern Hills,Local Authority District,Job density,2022-01-01/P1Y,0.84,Number of jobs per resident aged 16 to 64,Number of jobs per resident aged 16 to 64,,,,
E07000235,Malvern Hills,Local Authority District,Job density,2021-01-01/P1Y,0.79,Number of jobs per resident aged 16 to 64,Number of jobs per resident aged 16 to 64,,,,
E07000235,Malvern Hills,Local Authority District,Job density,2020-01-01/P1Y,0.78,Number of jobs per resident aged 16 to 64,Number of jobs per resident aged 16 to 64,,,,
E07000235,Malvern Hills,Local Authority District,Job density,2019-01-01/P1Y,0.85,Number of jobs per resident aged 16 to 64,Number of jobs per resident aged 16 to 64,,,,
E07000235,Malvern Hills,Local Authority District,Job density,2018-01-01/P1Y,0.81,Number of jobs per resident aged 16 to 64,Number of jobs per resident aged 16 to 64,,,,
E07000235,Malvern Hills,Local Authority District,Job density,2024-01-01/P1Y,0.78,Number of jobs per resident aged 16 to 64,Number of jobs per resident aged 16 to 64,,,,
E07000235,Malvern Hills,Local Authority District,Job density,2016-01-01/P1Y,0.77,Number of jobs per resident aged 16 to 64,Number of jobs per resident aged 16 to 64,,,,
E07000235,Malvern Hills,Local Authority District,Job density,2015-01-01/P1Y,0.74,Number of jobs per resident aged 16 to 64,Number of jobs per resident aged 16 to 64,,,,
E07000235,Malvern Hills,Local Authority District,Job density,2014-01-01/P1Y,0.74,Number of jobs per resident aged 16 to 64,Number of jobs per resident aged 16 to 64,,,,
E07000235,Malvern Hills,Local Authority District,Job density,2013-01-01/P1Y,0.71,Number of jobs per resident aged 16 to 64,Number of jobs per resident aged 16 to 64,,,,
E07000235,Malvern Hills,Local Authority District,Job density,2012-01-01/P1Y,0.75,Number of jobs per resident aged 16 to 64,Number of jobs per resident aged 16 to 64,,,,
E07000235,Malvern Hills,Local Authority District,Job density,2011-01-01/P1Y,0.71,Number of jobs per resident aged 16 to 64,Number of jobs per resident aged 16 to 64,,,,
E07000235,Malvern Hills,Local Authority District,Job density,2017-01-01/P1Y,0.76,Number of jobs per resident aged 16 to 64,Number of jobs per resident aged 16 to 64,,,,
E07000236,Redditch,Local Authority District,Job density,2024-01-01/P1Y,0.78,Number of jobs per resident aged 16 to 64,Number of jobs per resident aged 16 to 64,,,,
E07000236,Redditch,Local Authority District,Job density,2023-01-01/P1Y,0.75,Number of jobs per resident aged 16 to 64,Number of jobs per resident aged 16 to 64,,,,
E07000236,Redditch,Local Authority District,Job density,2022-01-01/P1Y,0.83,Number of jobs per resident aged 16 to 64,Number of jobs per resident aged 16 to 64,,,,
E07000236,Redditch,Local Authority District,Job density,2021-01-01/P1Y,0.76,Number of jobs per resident aged 16 to 64,Number of jobs per resident aged 16 to 64,,,,
E07000236,Redditch,Local Authority District,Job density,2020-01-01/P1Y,0.78,Number of jobs per resident aged 16 to 64,Number of jobs per resident aged 16 to 64,,,,
E07000236,Redditch,Local Authority District,Job density,2019-01-01/P1Y,0.85,Number of jobs per resident aged 16 to 64,Number of jobs per resident aged 16 to 64,,,,
E07000236,Redditch,Local Authority District,Job density,2018-01-01/P1Y,0.81,Number of jobs per resident aged 16 to 64,Number of jobs per resident aged 16 to 64,,,,
E07000236,Redditch,Local Authority District,Job density,2017-01-01/P1Y,0.78,Number of jobs per resident aged 16 to 64,Number of jobs per resident aged 16 to 64,,,,
E07000236,Redditch,Local Authority District,Job density,2015-01-01/P1Y,0.77,Number of jobs per resident aged 16 to 64,Number of jobs per resident aged 16 to 64,,,,
E07000236,Redditch,Local Authority District,Job density,2014-01-01/P1Y,0.78,Number of jobs per resident aged 16 to 64,Number of jobs per resident aged 16 to 64,,,,
E07000236,Redditch,Local Authority District,Job density,2013-01-01/P1Y,0.74,Number of jobs per resident aged 16 to 64,Number of jobs per resident aged 16 to 64,,,,
E07000236,Redditch,Local Authority District,Job density,2012-01-01/P1Y,0.72,Number of jobs per resident aged 16 to 64,Number of jobs per resident aged 16 to 64,,,,
E07000236,Redditch,Local Authority District,Job density,2011-01-01/P1Y,0.73,Number of jobs per resident aged 16 to 64,Number of jobs per resident aged 16 to 64,,,,
E07000236,Redditch,Local Authority District,Job density,2016-01-01/P1Y,0.72,Number of jobs per resident aged 16 to 64,Number of jobs per resident aged 16 to 64,,,,
E07000237,Worcester,Local Authority District,Job density,2019-01-01/P1Y,0.9,Number of jobs per resident aged 16 to 64,Number of jobs per resident aged 16 to 64,,,,
E07000237,Worcester,Local Authority District,Job density,2023-01-01/P1Y,1.02,Number of jobs per resident aged 16 to 64,Number of jobs per resident aged 16 to 64,,,,
E07000237,Worcester,Local Authority District,Job density,2022-01-01/P1Y,0.92,Number of jobs per resident aged 16 to 64,Number of jobs per resident aged 16 to 64,,,,
E07000237,Worcester,Local Authority District,Job density,2021-01-01/P1Y,0.94,Number of jobs per resident aged 16 to 64,Number of jobs per resident aged 16 to 64,,,,
E07000237,Worcester,Local Authority District,Job density,2020-01-01/P1Y,0.92,Number of jobs per resident aged 16 to 64,Number of jobs per resident aged 16 to 64,,,,
E07000237,Worcester,Local Authority District,Job density,2018-01-01/P1Y,0.9,Number of jobs per resident aged 16 to 64,Number of jobs per resident aged 16 to 64,,,,
E07000237,Worcester,Local Authority District,Job density,2024-01-01/P1Y,0.84,Number of jobs per resident aged 16 to 64,Number of jobs per resident aged 16 to 64,,,,
E07000237,Worcester,Local Authority District,Job density,2016-01-01/P1Y,0.87,Number of jobs per resident aged 16 to 64,Number of jobs per resident aged 16 to 64,,,,
E07000237,Worcester,Local Authority District,Job density,2015-01-01/P1Y,0.88,Number of jobs per resident aged 16 to 64,Number of jobs per resident aged 16 to 64,,,,
E07000237,Worcester,Local Authority District,Job density,2014-01-01/P1Y,0.85,Number of jobs per resident aged 16 to 64,Number of jobs per resident aged 16 to 64,,,,
E07000237,Worcester,Local Authority District,Job density,2013-01-01/P1Y,0.86,Number of jobs per resident aged 16 to 64,Number of jobs per resident aged 16 to 64,,,,
E07000237,Worcester,Local Authority District,Job density,2012-01-01/P1Y,0.86,Number of jobs per resident aged 16 to 64,Number of jobs per resident aged 16 to 64,,,,
E07000237,Worcester,Local Authority District,Job density,2011-01-01/P1Y,0.88,Number of jobs per resident aged 16 to 64,Number of jobs per resident aged 16 to 64,,,,
E07000237,Worcester,Local Authority District,Job density,2017-01-01/P1Y,0.88,Number of jobs per resident aged 16 to 64,Number of jobs per resident aged 16 to 64,,,,
E07000238,Wychavon,Local Authority District,Job density,2024-01-01/P1Y,0.86,Number of jobs per resident aged 16 to 64,Number of jobs per resident aged 16 to 64,,,,
E07000238,Wychavon,Local Authority District,Job density,2023-01-01/P1Y,0.77,Number of jobs per resident aged 16 to 64,Number of jobs per resident aged 16 to 64,,,,
E07000238,Wychavon,Local Authority District,Job density,2022-01-01/P1Y,0.79,Number of jobs per resident aged 16 to 64,Number of jobs per resident aged 16 to 64,,,,
E07000238,Wychavon,Local Authority District,Job density,2021-01-01/P1Y,0.78,Number of jobs per resident aged 16 to 64,Number of jobs per resident aged 16 to 64,,,,
E07000238,Wychavon,Local Authority District,Job density,2020-01-01/P1Y,0.82,Number of jobs per resident aged 16 to 64,Number of jobs per resident aged 16 to 64,,,,
E07000238,Wychavon,Local Authority District,Job density,2019-01-01/P1Y,0.84,Number of jobs per resident aged 16 to 64,Number of jobs per resident aged 16 to 64,,,,
E07000238,Wychavon,Local Authority District,Job density,2018-01-01/P1Y,0.83,Number of jobs per resident aged 16 to 64,Number of jobs per resident aged 16 to 64,,,,
E07000238,Wychavon,Local Authority District,Job density,2017-01-01/P1Y,0.89,Number of jobs per resident aged 16 to 64,Number of jobs per resident aged 16 to 64,,,,
E07000238,Wychavon,Local Authority District,Job density,2016-01-01/P1Y,0.88,Number of jobs per resident aged 16 to 64,Number of jobs per resident aged 16 to 64,,,,
E07000238,Wychavon,Local Authority District,Job density,2015-01-01/P1Y,0.87,Number of jobs per resident aged 16 to 64,Number of jobs per resident aged 16 to 64,,,,
E07000238,Wychavon,Local Authority District,Job density,2014-01-01/P1Y,0.85,Number of jobs per resident aged 16 to 64,Number of jobs per resident aged 16 to 64,,,,
E07000238,Wychavon,Local Authority District,Job density,2013-01-01/P1Y,0.79,Number of jobs per resident aged 16 to 64,Number of jobs per resident aged 16 to 64,,,,
E07000238,Wychavon,Local Authority District,Job density,2012-01-01/P1Y,0.8,Number of jobs per resident aged 16 to 64,Number of jobs per resident aged 16 to 64,,,,
E07000238,Wychavon,Local Authority District,Job density,2011-01-01/P1Y,0.76,Number of jobs per resident aged 16 to 64,Number of jobs per resident aged 16 to 64,,,,
E07000239,Wyre Forest,Local Authority District,Job density,2024-01-01/P1Y,0.66,Number of jobs per resident aged 16 to 64,Number of jobs per resident aged 16 to 64,,,,
E07000239,Wyre Forest,Local Authority District,Job density,2023-01-01/P1Y,0.62,Number of jobs per resident aged 16 to 64,Number of jobs per resident aged 16 to 64,,,,
E07000239,Wyre Forest,Local Authority District,Job density,2022-01-01/P1Y,0.67,Number of jobs per resident aged 16 to 64,Number of jobs per resident aged 16 to 64,,,,
E07000239,Wyre Forest,Local Authority District,Job density,2021-01-01/P1Y,0.73,Number of jobs per resident aged 16 to 64,Number of jobs per resident aged 16 to 64,,,,
E07000239,Wyre Forest,Local Authority District,Job density,2019-01-01/P1Y,0.73,Number of jobs per resident aged 16 to 64,Number of jobs per resident aged 16 to 64,,,,
E07000239,Wyre Forest,Local Authority District,Job density,2018-01-01/P1Y,0.72,Number of jobs per resident aged 16 to 64,Number of jobs per resident aged 16 to 64,,,,
E07000239,Wyre Forest,Local Authority District,Job density,2020-01-01/P1Y,0.74,Number of jobs per resident aged 16 to 64,Number of jobs per resident aged 16 to 64,,,,
E07000239,Wyre Forest,Local Authority District,Job density,2016-01-01/P1Y,0.69,Number of jobs per resident aged 16 to 64,Number of jobs per resident aged 16 to 64,,,,
E07000239,Wyre Forest,Local Authority District,Job density,2015-01-01/P1Y,0.63,Number of jobs per resident aged 16 to 64,Number of jobs per resident aged 16 to 64,,,,
E07000239,Wyre Forest,Local Authority District,Job density,2014-01-01/P1Y,0.59,Number of jobs per resident aged 16 to 64,Number of jobs per resident aged 16 to 64,,,,
E07000239,Wyre Forest,Local Authority District,Job density,2013-01-01/P1Y,0.6,Number of jobs per resident aged 16 to 64,Number of jobs per resident aged 16 to 64,,,,
E07000239,Wyre Forest,Local Authority District,Job density,2012-01-01/P1Y,0.63,Number of jobs per resident aged 16 to 64,Number of jobs per resident aged 16 to 64,,,,
E07000239,Wyre Forest,Local Authority District,Job density,2011-01-01/P1Y,0.64,Number of jobs per resident aged 16 to 64,Number of jobs per resident aged 16 to 64,,,,
E07000239,Wyre Forest,Local Authority District,Job density,2017-01-01/P1Y,0.7,Number of jobs per resident aged 16 to 64,Number of jobs per resident aged 16 to 64,,,,
E12000006,East of England,Region,Job density,2024-01-01/P1Y,0.83,Number of jobs per resident aged 16 to 64,Number of jobs per resident aged 16 to 64,,,,
E12000006,East of England,Region,Job density,2023-01-01/P1Y,0.84,Number of jobs per resident aged 16 to 64,Number of jobs per resident aged 16 to 64,,,,
E12000006,East of England,Region,Job density,2022-01-01/P1Y,0.83,Number of jobs per resident aged 16 to 64,Number of jobs per resident aged 16 to 64,,,,
E12000006,East of England,Region,Job density,2021-01-01/P1Y,0.84,Number of jobs per resident aged 16 to 64,Number of jobs per resident aged 16 to 64,,,,
E12000006,East of England,Region,Job density,2019-01-01/P1Y,0.85,Number of jobs per resident aged 16 to 64,Number of jobs per resident aged 16 to 64,,,,
E12000006,East of England,Region,Job density,2018-01-01/P1Y,0.85,Number of jobs per resident aged 16 to 64,Number of jobs per resident aged 16 to 64,,,,
E12000006,East of England,Region,Job density,2020-01-01/P1Y,0.83,Number of jobs per resident aged 16 to 64,Number of jobs per resident aged 16 to 64,,,,
E12000006,East of England,Region,Job density,2016-01-01/P1Y,0.83,Number of jobs per resident aged 16 to 64,Number of jobs per resident aged 16 to 64,,,,
E12000006,East of England,Region,Job density,2015-01-01/P1Y,0.81,Number of jobs per resident aged 16 to 64,Number of jobs per resident aged 16 to 64,,,,
E12000006,East of England,Region,Job density,2014-01-01/P1Y,0.79,Number of jobs per resident aged 16 to 64,Number of jobs per resident aged 16 to 64,,,,
E12000006,East of England,Region,Job density,2013-01-01/P1Y,0.77,Number of jobs per resident aged 16 to 64,Number of jobs per resident aged 16 to 64,,,,
E12000006,East of England,Region,Job density,2012-01-01/P1Y,0.77,Number of jobs per resident aged 16 to 64,Number of jobs per resident aged 16 to 64,,,,
E12000006,East of England,Region,Job density,2011-01-01/P1Y,0.76,Number of jobs per resident aged 16 to 64,Number of jobs per resident aged 16 to 64,,,,
E12000006,East of England,Region,Job density,2017-01-01/P1Y,0.84,Number of jobs per resident aged 16 to 64,Number of jobs per resident aged 16 to 64,,,,
E06000055,Bedford,County or Unitary Authority,Job density,2019-01-01/P1Y,0.78,Number of jobs per resident aged 16 to 64,Number of jobs per resident aged 16 to 64,,,,
E06000055,Bedford,County or Unitary Authority,Job density,2020-01-01/P1Y,0.79,Number of jobs per resident aged 16 to 64,Number of jobs per resident aged 16 to 64,,,,
E06000055,Bedford,County or Unitary Authority,Job density,2021-01-01/P1Y,0.78,Number of jobs per resident aged 16 to 64,Number of jobs per resident aged 16 to 64,,,,
E06000055,Bedford,County or Unitary Authority,Job density,2024-01-01/P1Y,0.77,Number of jobs per resident aged 16 to 64,Number of jobs per resident aged 16 to 64,,,,
E06000055,Bedford,County or Unitary Authority,Job density,2022-01-01/P1Y,0.81,Number of jobs per resident aged 16 to 64,Number of jobs per resident aged 16 to 64,,,,
E06000055,Bedford,County or Unitary Authority,Job density,2023-01-01/P1Y,0.77,Number of jobs per resident aged 16 to 64,Number of jobs per resident aged 16 to 64,,,,
E06000055,Bedford,County or Unitary Authority,Job density,2018-01-01/P1Y,0.77,Number of jobs per resident aged 16 to 64,Number of jobs per resident aged 16 to 64,,,,
E06000055,Bedford,County or Unitary Authority,Job density,2017-01-01/P1Y,0.77,Number of jobs per resident aged 16 to 64,Number of jobs per resident aged 16 to 64,,,,
E06000055,Bedford,County or Unitary Authority,Job density,2011-01-01/P1Y,0.79,Number of jobs per resident aged 16 to 64,Number of jobs per resident aged 16 to 64,,,,
E06000055,Bedford,County or Unitary Authority,Job density,2012-01-01/P1Y,0.77,Number of jobs per resident aged 16 to 64,Number of jobs per resident aged 16 to 64,,,,
E06000055,Bedford,County or Unitary Authority,Job density,2013-01-01/P1Y,0.76,Number of jobs per resident aged 16 to 64,Number of jobs per resident aged 16 to 64,,,,
E06000055,Bedford,County or Unitary Authority,Job density,2014-01-01/P1Y,0.78,Number of jobs per resident aged 16 to 64,Number of jobs per resident aged 16 to 64,,,,
E06000055,Bedford,County or Unitary Authority,Job density,2015-01-01/P1Y,0.77,Number of jobs per resident aged 16 to 64,Number of jobs per resident aged 16 to 64,,,,
E06000055,Bedford,County or Unitary Authority,Job density,2016-01-01/P1Y,0.78,Number of jobs per resident aged 16 to 64,Number of jobs per resident aged 16 to 64,,,,
E06000056,Central Bedfordshire,County or Unitary Authority,Job density,2019-01-01/P1Y,0.72,Number of jobs per resident aged 16 to 64,Number of jobs per resident aged 16 to 64,,,,
E06000056,Central Bedfordshire,County or Unitary Authority,Job density,2020-01-01/P1Y,0.64,Number of jobs per resident aged 16 to 64,Number of jobs per resident aged 16 to 64,,,,
E06000056,Central Bedfordshire,County or Unitary Authority,Job density,2021-01-01/P1Y,0.64,Number of jobs per resident aged 16 to 64,Number of jobs per resident aged 16 to 64,,,,
E06000056,Central Bedfordshire,County or Unitary Authority,Job density,2022-01-01/P1Y,0.63,Number of jobs per resident aged 16 to 64,Number of jobs per resident aged 16 to 64,,,,
E06000056,Central Bedfordshire,County or Unitary Authority,Job density,2023-01-01/P1Y,0.66,Number of jobs per resident aged 16 to 64,Number of jobs per resident aged 16 to 64,,,,
E06000056,Central Bedfordshire,County or Unitary Authority,Job density,2024-01-01/P1Y,0.66,Number of jobs per resident aged 16 to 64,Number of jobs per resident aged 16 to 64,,,,
E06000056,Central Bedfordshire,County or Unitary Authority,Job density,2018-01-01/P1Y,0.71,Number of jobs per resident aged 16 to 64,Number of jobs per resident aged 16 to 64,,,,
E06000056,Central Bedfordshire,County or Unitary Authority,Job density,2017-01-01/P1Y,0.6,Number of jobs per resident aged 16 to 64,Number of jobs per resident aged 16 to 64,,,,
E06000056,Central Bedfordshire,County or Unitary Authority,Job density,2011-01-01/P1Y,0.66,Number of jobs per resident aged 16 to 64,Number of jobs per resident aged 16 to 64,,,,
E06000056,Central Bedfordshire,County or Unitary Authority,Job density,2012-01-01/P1Y,0.62,Number of jobs per resident aged 16 to 64,Number of jobs per resident aged 16 to 64,,,,
E06000056,Central Bedfordshire,County or Unitary Authority,Job density,2013-01-01/P1Y,0.65,Number of jobs per resident aged 16 to 64,Number of jobs per resident aged 16 to 64,,,,
E06000056,Central Bedfordshire,County or Unitary Authority,Job density,2014-01-01/P1Y,0.66,Number of jobs per resident aged 16 to 64,Number of jobs per resident aged 16 to 64,,,,
E06000056,Central Bedfordshire,County or Unitary Authority,Job density,2015-01-01/P1Y,0.66,Number of jobs per resident aged 16 to 64,Number of jobs per resident aged 16 to 64,,,,
E06000056,Central Bedfordshire,County or Unitary Authority,Job density,2016-01-01/P1Y,0.61,Number of jobs per resident aged 16 to 64,Number of jobs per resident aged 16 to 64,,,,
E06000032,Luton,County or Unitary Authority,Job density,2018-01-01/P1Y,0.74,Number of jobs per resident aged 16 to 64,Number of jobs per resident aged 16 to 64,,,,
E06000032,Luton,County or Unitary Authority,Job density,2019-01-01/P1Y,0.72,Number of jobs per resident aged 16 to 64,Number of jobs per resident aged 16 to 64,,,,
E06000032,Luton,County or Unitary Authority,Job density,2020-01-01/P1Y,0.71,Number of jobs per resident aged 16 to 64,Number of jobs per resident aged 16 to 64,,,,
E06000032,Luton,County or Unitary Authority,Job density,2021-01-01/P1Y,0.73,Number of jobs per resident aged 16 to 64,Number of jobs per resident aged 16 to 64,,,,
E06000032,Luton,County or Unitary Authority,Job density,2022-01-01/P1Y,0.83,Number of jobs per resident aged 16 to 64,Number of jobs per resident aged 16 to 64,,,,
E06000032,Luton,County or Unitary Authority,Job density,2023-01-01/P1Y,0.82,Number of jobs per resident aged 16 to 64,Number of jobs per resident aged 16 to 64,,,,
E06000032,Luton,County or Unitary Authority,Job density,2024-01-01/P1Y,0.76,Number of jobs per resident aged 16 to 64,Number of jobs per resident aged 16 to 64,,,,
E06000032,Luton,County or Unitary Authority,Job density,2017-01-01/P1Y,0.75,Number of jobs per resident aged 16 to 64,Number of jobs per resident aged 16 to 64,,,,
E06000032,Luton,County or Unitary Authority,Job density,2016-01-01/P1Y,0.73,Number of jobs per resident aged 16 to 64,Number of jobs per resident aged 16 to 64,,,,
E06000032,Luton,County or Unitary Authority,Job density,2011-01-01/P1Y,0.71,Number of jobs per resident aged 16 to 64,Number of jobs per resident aged 16 to 64,,,,
E06000032,Luton,County or Unitary Authority,Job density,2012-01-01/P1Y,0.68,Number of jobs per resident aged 16 to 64,Number of jobs per resident aged 16 to 64,,,,
E06000032,Luton,County or Unitary Authority,Job density,2013-01-01/P1Y,0.7,Number of jobs per resident aged 16 to 64,Number of jobs per resident aged 16 to 64,,,,
E06000032,Luton,County or Unitary Authority,Job density,2014-01-01/P1Y,0.73,Number of jobs per resident aged 16 to 64,Number of jobs per resident aged 16 to 64,,,,
E06000032,Luton,County or Unitary Authority,Job density,2015-01-01/P1Y,0.7,Number of jobs per resident aged 16 to 64,Number of jobs per resident aged 16 to 64,,,,
E06000031,Peterborough,County or Unitary Authority,Job density,2021-01-01/P1Y,0.93,Number of jobs per resident aged 16 to 64,Number of jobs per resident aged 16 to 64,,,,
E06000031,Peterborough,County or Unitary Authority,Job density,2019-01-01/P1Y,0.91,Number of jobs per resident aged 16 to 64,Number of jobs per resident aged 16 to 64,,,,
E06000031,Peterborough,County or Unitary Authority,Job density,2020-01-01/P1Y,0.96,Number of jobs per resident aged 16 to 64,Number of jobs per resident aged 16 to 64,,,,
E06000031,Peterborough,County or Unitary Authority,Job density,2024-01-01/P1Y,0.93,Number of jobs per resident aged 16 to 64,Number of jobs per resident aged 16 to 64,,,,
E06000031,Peterborough,County or Unitary Authority,Job density,2022-01-01/P1Y,0.94,Number of jobs per resident aged 16 to 64,Number of jobs per resident aged 16 to 64,,,,
E06000031,Peterborough,County or Unitary Authority,Job density,2023-01-01/P1Y,0.97,Number of jobs per resident aged 16 to 64,Number of jobs per resident aged 16 to 64,,,,
E06000031,Peterborough,County or Unitary Authority,Job density,2018-01-01/P1Y,0.96,Number of jobs per resident aged 16 to 64,Number of jobs per resident aged 16 to 64,,,,
E06000031,Peterborough,County or Unitary Authority,Job density,2012-01-01/P1Y,0.88,Number of jobs per resident aged 16 to 64,Number of jobs per resident aged 16 to 64,,,,
E06000031,Peterborough,County or Unitary Authority,Job density,2017-01-01/P1Y,0.99,Number of jobs per resident aged 16 to 64,Number of jobs per resident aged 16 to 64,,,,
E06000031,Peterborough,County or Unitary Authority,Job density,2011-01-01/P1Y,0.87,Number of jobs per resident aged 16 to 64,Number of jobs per resident aged 16 to 64,,,,
E06000031,Peterborough,County or Unitary Authority,Job density,2013-01-01/P1Y,0.87,Number of jobs per resident aged 16 to 64,Number of jobs per resident aged 16 to 64,,,,
E06000031,Peterborough,County or Unitary Authority,Job density,2014-01-01/P1Y,0.92,Number of jobs per resident aged 16 to 64,Number of jobs per resident aged 16 to 64,,,,
E06000031,Peterborough,County or Unitary Authority,Job density,2015-01-01/P1Y,0.95,Number of jobs per resident aged 16 to 64,Number of jobs per resident aged 16 to 64,,,,
E06000031,Peterborough,County or Unitary Authority,Job density,2016-01-01/P1Y,0.97,Number of jobs per resident aged 16 to 64,Number of jobs per resident aged 16 to 64,,,,
E06000033,Southend-on-Sea,County or Unitary Authority,Job density,2021-01-01/P1Y,0.73,Number of jobs per resident aged 16 to 64,Number of jobs per resident aged 16 to 64,,,,
E06000033,Southend-on-Sea,County or Unitary Authority,Job density,2019-01-01/P1Y,0.72,Number of jobs per resident aged 16 to 64,Number of jobs per resident aged 16 to 64,,,,
E06000033,Southend-on-Sea,County or Unitary Authority,Job density,2020-01-01/P1Y,0.72,Number of jobs per resident aged 16 to 64,Number of jobs per resident aged 16 to 64,,,,
E06000033,Southend-on-Sea,County or Unitary Authority,Job density,2024-01-01/P1Y,0.69,Number of jobs per resident aged 16 to 64,Number of jobs per resident aged 16 to 64,,,,
E06000033,Southend-on-Sea,County or Unitary Authority,Job density,2022-01-01/P1Y,0.71,Number of jobs per resident aged 16 to 64,Number of jobs per resident aged 16 to 64,,,,
E06000033,Southend-on-Sea,County or Unitary Authority,Job density,2023-01-01/P1Y,0.64,Number of jobs per resident aged 16 to 64,Number of jobs per resident aged 16 to 64,,,,
E06000033,Southend-on-Sea,County or Unitary Authority,Job density,2018-01-01/P1Y,0.74,Number of jobs per resident aged 16 to 64,Number of jobs per resident aged 16 to 64,,,,
E06000033,Southend-on-Sea,County or Unitary Authority,Job density,2017-01-01/P1Y,0.71,Number of jobs per resident aged 16 to 64,Number of jobs per resident aged 16 to 64,,,,
E06000033,Southend-on-Sea,County or Unitary Authority,Job density,2011-01-01/P1Y,0.67,Number of jobs per resident aged 16 to 64,Number of jobs per resident aged 16 to 64,,,,
E06000033,Southend-on-Sea,County or Unitary Authority,Job density,2012-01-01/P1Y,0.68,Number of jobs per resident aged 16 to 64,Number of jobs per resident aged 16 to 64,,,,
E06000033,Southend-on-Sea,County or Unitary Authority,Job density,2013-01-01/P1Y,0.67,Number of jobs per resident aged 16 to 64,Number of jobs per resident aged 16 to 64,,,,
E06000033,Southend-on-Sea,County or Unitary Authority,Job density,2014-01-01/P1Y,0.68,Number of jobs per resident aged 16 to 64,Number of jobs per resident aged 16 to 64,,,,
E06000033,Southend-on-Sea,County or Unitary Authority,Job density,2015-01-01/P1Y,0.68,Number of jobs per resident aged 16 to 64,Number of jobs per resident aged 16 to 64,,,,
E06000033,Southend-on-Sea,County or Unitary Authority,Job density,2016-01-01/P1Y,0.71,Number of jobs per resident aged 16 to 64,Number of jobs per resident aged 16 to 64,,,,
E06000034,Thurrock,County or Unitary Authority,Job density,2019-01-01/P1Y,0.69,Number of jobs per resident aged 16 to 64,Number of jobs per resident aged 16 to 64,,,,
E06000034,Thurrock,County or Unitary Authority,Job density,2020-01-01/P1Y,0.73,Number of jobs per resident aged 16 to 64,Number of jobs per resident aged 16 to 64,,,,
E06000034,Thurrock,County or Unitary Authority,Job density,2021-01-01/P1Y,0.75,Number of jobs per resident aged 16 to 64,Number of jobs per resident aged 16 to 64,,,,
E06000034,Thurrock,County or Unitary Authority,Job density,2022-01-01/P1Y,0.76,Number of jobs per resident aged 16 to 64,Number of jobs per resident aged 16 to 64,,,,
E06000034,Thurrock,County or Unitary Authority,Job density,2023-01-01/P1Y,0.75,Number of jobs per resident aged 16 to 64,Number of jobs per resident aged 16 to 64,,,,
E06000034,Thurrock,County or Unitary Authority,Job density,2024-01-01/P1Y,0.73,Number of jobs per resident aged 16 to 64,Number of jobs per resident aged 16 to 64,,,,
E06000034,Thurrock,County or Unitary Authority,Job density,2018-01-01/P1Y,0.71,Number of jobs per resident aged 16 to 64,Number of jobs per resident aged 16 to 64,,,,
E06000034,Thurrock,County or Unitary Authority,Job density,2017-01-01/P1Y,0.7,Number of jobs per resident aged 16 to 64,Number of jobs per resident aged 16 to 64,,,,
E06000034,Thurrock,County or Unitary Authority,Job density,2011-01-01/P1Y,0.64,Number of jobs per resident aged 16 to 64,Number of jobs per resident aged 16 to 64,,,,
E06000034,Thurrock,County or Unitary Authority,Job density,2012-01-01/P1Y,0.63,Number of jobs per resident aged 16 to 64,Number of jobs per resident aged 16 to 64,,,,
E06000034,Thurrock,County or Unitary Authority,Job density,2013-01-01/P1Y,0.65,Number of jobs per resident aged 16 to 64,Number of jobs per resident aged 16 to 64,,,,
E06000034,Thurrock,County or Unitary Authority,Job density,2014-01-01/P1Y,0.64,Number of jobs per resident aged 16 to 64,Number of jobs per resident aged 16 to 64,,,,
E06000034,Thurrock,County or Unitary Authority,Job density,2015-01-01/P1Y,0.67,Number of jobs per resident aged 16 to 64,Number of jobs per resident aged 16 to 64,,,,
E06000034,Thurrock,County or Unitary Authority,Job density,2016-01-01/P1Y,0.69,Number of jobs per resident aged 16 to 64,Number of jobs per resident aged 16 to 64,,,,
E10000003,Cambridgeshire,County or Unitary Authority,Job density,2019-01-01/P1Y,0.92,Number of jobs per resident aged 16 to 64,Number of jobs per resident aged 16 to 64,,,,
E10000003,Cambridgeshire,County or Unitary Authority,Job density,2024-01-01/P1Y,0.88,Number of jobs per resident aged 16 to 64,Number of jobs per resident aged 16 to 64,,,,
E10000003,Cambridgeshire,County or Unitary Authority,Job density,2023-01-01/P1Y,0.9,Number of jobs per resident aged 16 to 64,Number of jobs per resident aged 16 to 64,,,,
E10000003,Cambridgeshire,County or Unitary Authority,Job density,2022-01-01/P1Y,0.88,Number of jobs per resident aged 16 to 64,Number of jobs per resident aged 16 to 64,,,,
E10000003,Cambridgeshire,County or Unitary Authority,Job density,2021-01-01/P1Y,0.89,Number of jobs per resident aged 16 to 64,Number of jobs per resident aged 16 to 64,,,,
E10000003,Cambridgeshire,County or Unitary Authority,Job density,2020-01-01/P1Y,0.91,Number of jobs per resident aged 16 to 64,Number of jobs per resident aged 16 to 64,,,,
E10000003,Cambridgeshire,County or Unitary Authority,Job density,2018-01-01/P1Y,0.9,Number of jobs per resident aged 16 to 64,Number of jobs per resident aged 16 to 64,,,,
E10000003,Cambridgeshire,County or Unitary Authority,Job density,2013-01-01/P1Y,0.83,Number of jobs per resident aged 16 to 64,Number of jobs per resident aged 16 to 64,,,,
E10000003,Cambridgeshire,County or Unitary Authority,Job density,2016-01-01/P1Y,0.9,Number of jobs per resident aged 16 to 64,Number of jobs per resident aged 16 to 64,,,,
E10000003,Cambridgeshire,County or Unitary Authority,Job density,2015-01-01/P1Y,0.86,Number of jobs per resident aged 16 to 64,Number of jobs per resident aged 16 to 64,,,,
E10000003,Cambridgeshire,County or Unitary Authority,Job density,2014-01-01/P1Y,0.85,Number of jobs per resident aged 16 to 64,Number of jobs per resident aged 16 to 64,,,,
E10000003,Cambridgeshire,County or Unitary Authority,Job density,2012-01-01/P1Y,0.79,Number of jobs per resident aged 16 to 64,Number of jobs per resident aged 16 to 64,,,,
E10000003,Cambridgeshire,County or Unitary Authority,Job density,2011-01-01/P1Y,0.79,Number of jobs per resident aged 16 to 64,Number of jobs per resident aged 16 to 64,,,,
E10000003,Cambridgeshire,County or Unitary Authority,Job density,2017-01-01/P1Y,0.9,Number of jobs per resident aged 16 to 64,Number of jobs per resident aged 16 to 64,,,,
E47000008,Cambridgeshire and Peterborough,Combined Authority or City Region,Job density,2019-01-01/P1Y,0.92,Number of jobs per resident aged 16 to 64,Number of jobs per resident aged 16 to 64,,,,
E47000008,Cambridgeshire and Peterborough,Combined Authority or City Region,Job density,2023-01-01/P1Y,0.91,Number of jobs per resident aged 16 to 64,Number of jobs per resident aged 16 to 64,,,,
E47000008,Cambridgeshire and Peterborough,Combined Authority or City Region,Job density,2022-01-01/P1Y,0.89,Number of jobs per resident aged 16 to 64,Number of jobs per resident aged 16 to 64,,,,
E47000008,Cambridgeshire and Peterborough,Combined Authority or City Region,Job density,2021-01-01/P1Y,0.9,Number of jobs per resident aged 16 to 64,Number of jobs per resident aged 16 to 64,,,,
E47000008,Cambridgeshire and Peterborough,Combined Authority or City Region,Job density,2024-01-01/P1Y,0.89,Number of jobs per resident aged 16 to 64,Number of jobs per resident aged 16 to 64,,,,
E47000008,Cambridgeshire and Peterborough,Combined Authority or City Region,Job density,2018-01-01/P1Y,0.91,Number of jobs per resident aged 16 to 64,Number of jobs per resident aged 16 to 64,,,,
E47000008,Cambridgeshire and Peterborough,Combined Authority or City Region,Job density,2020-01-01/P1Y,0.92,Number of jobs per resident aged 16 to 64,Number of jobs per resident aged 16 to 64,,,,
E47000008,Cambridgeshire and Peterborough,Combined Authority or City Region,Job density,2016-01-01/P1Y,0.91,Number of jobs per resident aged 16 to 64,Number of jobs per resident aged 16 to 64,,,,
E47000008,Cambridgeshire and Peterborough,Combined Authority or City Region,Job density,2015-01-01/P1Y,0.88,Number of jobs per resident aged 16 to 64,Number of jobs per resident aged 16 to 64,,,,
E47000008,Cambridgeshire and Peterborough,Combined Authority or City Region,Job density,2014-01-01/P1Y,0.87,Number of jobs per resident aged 16 to 64,Number of jobs per resident aged 16 to 64,,,,
E47000008,Cambridgeshire and Peterborough,Combined Authority or City Region,Job density,2013-01-01/P1Y,0.84,Number of jobs per resident aged 16 to 64,Number of jobs per resident aged 16 to 64,,,,
E47000008,Cambridgeshire and Peterborough,Combined Authority or City Region,Job density,2012-01-01/P1Y,0.81,Number of jobs per resident aged 16 to 64,Number of jobs per resident aged 16 to 64,,,,
E47000008,Cambridgeshire and Peterborough,Combined Authority or City Region,Job density,2011-01-01/P1Y,0.81,Number of jobs per resident aged 16 to 64,Number of jobs per resident aged 16 to 64,,,,
E47000008,Cambridgeshire and Peterborough,Combined Authority or City Region,Job density,2017-01-01/P1Y,0.92,Number of jobs per resident aged 16 to 64,Number of jobs per resident aged 16 to 64,,,,
E07000008,Cambridge,Local Authority District,Job density,2023-01-01/P1Y,1.11,Number of jobs per resident aged 16 to 64,Number of jobs per resident aged 16 to 64,,,,
E07000008,Cambridge,Local Authority District,Job density,2022-01-01/P1Y,1.12,Number of jobs per resident aged 16 to 64,Number of jobs per resident aged 16 to 64,,,,
E07000008,Cambridge,Local Authority District,Job density,2021-01-01/P1Y,1.1,Number of jobs per resident aged 16 to 64,Number of jobs per resident aged 16 to 64,,,,
E07000008,Cambridge,Local Authority District,Job density,2020-01-01/P1Y,1.14,Number of jobs per resident aged 16 to 64,Number of jobs per resident aged 16 to 64,,,,
E07000008,Cambridge,Local Authority District,Job density,2019-01-01/P1Y,1.16,Number of jobs per resident aged 16 to 64,Number of jobs per resident aged 16 to 64,,,,
E07000008,Cambridge,Local Authority District,Job density,2018-01-01/P1Y,1.16,Number of jobs per resident aged 16 to 64,Number of jobs per resident aged 16 to 64,,,,
E07000008,Cambridge,Local Authority District,Job density,2024-01-01/P1Y,1.19,Number of jobs per resident aged 16 to 64,Number of jobs per resident aged 16 to 64,,,,
E07000008,Cambridge,Local Authority District,Job density,2016-01-01/P1Y,1.15,Number of jobs per resident aged 16 to 64,Number of jobs per resident aged 16 to 64,,,,
E07000008,Cambridge,Local Authority District,Job density,2015-01-01/P1Y,1.16,Number of jobs per resident aged 16 to 64,Number of jobs per resident aged 16 to 64,,,,
E07000008,Cambridge,Local Authority District,Job density,2014-01-01/P1Y,1.17,Number of jobs per resident aged 16 to 64,Number of jobs per resident aged 16 to 64,,,,
E07000008,Cambridge,Local Authority District,Job density,2013-01-01/P1Y,1.15,Number of jobs per resident aged 16 to 64,Number of jobs per resident aged 16 to 64,,,,
E07000008,Cambridge,Local Authority District,Job density,2012-01-01/P1Y,1.09,Number of jobs per resident aged 16 to 64,Number of jobs per resident aged 16 to 64,,,,
E07000008,Cambridge,Local Authority District,Job density,2011-01-01/P1Y,1.08,Number of jobs per resident aged 16 to 64,Number of jobs per resident aged 16 to 64,,,,
E07000008,Cambridge,Local Authority District,Job density,2017-01-01/P1Y,1.15,Number of jobs per resident aged 16 to 64,Number of jobs per resident aged 16 to 64,,,,
E07000009,East Cambridgeshire,Local Authority District,Job density,2024-01-01/P1Y,0.7,Number of jobs per resident aged 16 to 64,Number of jobs per resident aged 16 to 64,,,,
E07000009,East Cambridgeshire,Local Authority District,Job density,2023-01-01/P1Y,0.68,Number of jobs per resident aged 16 to 64,Number of jobs per resident aged 16 to 64,,,,
E07000009,East Cambridgeshire,Local Authority District,Job density,2022-01-01/P1Y,0.72,Number of jobs per resident aged 16 to 64,Number of jobs per resident aged 16 to 64,,,,
E07000009,East Cambridgeshire,Local Authority District,Job density,2021-01-01/P1Y,0.73,Number of jobs per resident aged 16 to 64,Number of jobs per resident aged 16 to 64,,,,
E07000009,East Cambridgeshire,Local Authority District,Job density,2020-01-01/P1Y,0.78,Number of jobs per resident aged 16 to 64,Number of jobs per resident aged 16 to 64,,,,
E07000009,East Cambridgeshire,Local Authority District,Job density,2019-01-01/P1Y,0.76,Number of jobs per resident aged 16 to 64,Number of jobs per resident aged 16 to 64,,,,
E07000009,East Cambridgeshire,Local Authority District,Job density,2018-01-01/P1Y,0.73,Number of jobs per resident aged 16 to 64,Number of jobs per resident aged 16 to 64,,,,
E07000009,East Cambridgeshire,Local Authority District,Job density,2017-01-01/P1Y,0.76,Number of jobs per resident aged 16 to 64,Number of jobs per resident aged 16 to 64,,,,
E07000009,East Cambridgeshire,Local Authority District,Job density,2015-01-01/P1Y,0.69,Number of jobs per resident aged 16 to 64,Number of jobs per resident aged 16 to 64,,,,
E07000009,East Cambridgeshire,Local Authority District,Job density,2014-01-01/P1Y,0.69,Number of jobs per resident aged 16 to 64,Number of jobs per resident aged 16 to 64,,,,
E07000009,East Cambridgeshire,Local Authority District,Job density,2013-01-01/P1Y,0.69,Number of jobs per resident aged 16 to 64,Number of jobs per resident aged 16 to 64,,,,
E07000009,East Cambridgeshire,Local Authority District,Job density,2012-01-01/P1Y,0.61,Number of jobs per resident aged 16 to 64,Number of jobs per resident aged 16 to 64,,,,
E07000009,East Cambridgeshire,Local Authority District,Job density,2011-01-01/P1Y,0.55,Number of jobs per resident aged 16 to 64,Number of jobs per resident aged 16 to 64,,,,
E07000009,East Cambridgeshire,Local Authority District,Job density,2016-01-01/P1Y,0.79,Number of jobs per resident aged 16 to 64,Number of jobs per resident aged 16 to 64,,,,
E07000010,Fenland,Local Authority District,Job density,2019-01-01/P1Y,0.67,Number of jobs per resident aged 16 to 64,Number of jobs per resident aged 16 to 64,,,,
E07000010,Fenland,Local Authority District,Job density,2024-01-01/P1Y,0.72,Number of jobs per resident aged 16 to 64,Number of jobs per resident aged 16 to 64,,,,
E07000010,Fenland,Local Authority District,Job density,2023-01-01/P1Y,0.71,Number of jobs per resident aged 16 to 64,Number of jobs per resident aged 16 to 64,,,,
E07000010,Fenland,Local Authority District,Job density,2022-01-01/P1Y,0.68,Number of jobs per resident aged 16 to 64,Number of jobs per resident aged 16 to 64,,,,
E07000010,Fenland,Local Authority District,Job density,2020-01-01/P1Y,0.73,Number of jobs per resident aged 16 to 64,Number of jobs per resident aged 16 to 64,,,,
E07000010,Fenland,Local Authority District,Job density,2018-01-01/P1Y,0.69,Number of jobs per resident aged 16 to 64,Number of jobs per resident aged 16 to 64,,,,
E07000010,Fenland,Local Authority District,Job density,2021-01-01/P1Y,0.73,Number of jobs per resident aged 16 to 64,Number of jobs per resident aged 16 to 64,,,,
E07000010,Fenland,Local Authority District,Job density,2016-01-01/P1Y,0.71,Number of jobs per resident aged 16 to 64,Number of jobs per resident aged 16 to 64,,,,
E07000010,Fenland,Local Authority District,Job density,2011-01-01/P1Y,0.59,Number of jobs per resident aged 16 to 64,Number of jobs per resident aged 16 to 64,,,,
E07000010,Fenland,Local Authority District,Job density,2012-01-01/P1Y,0.61,Number of jobs per resident aged 16 to 64,Number of jobs per resident aged 16 to 64,,,,
E07000010,Fenland,Local Authority District,Job density,2013-01-01/P1Y,0.63,Number of jobs per resident aged 16 to 64,Number of jobs per resident aged 16 to 64,,,,
E07000010,Fenland,Local Authority District,Job density,2017-01-01/P1Y,0.69,Number of jobs per resident aged 16 to 64,Number of jobs per resident aged 16 to 64,,,,
E07000010,Fenland,Local Authority District,Job density,2014-01-01/P1Y,0.58,Number of jobs per resident aged 16 to 64,Number of jobs per resident aged 16 to 64,,,,
E07000010,Fenland,Local Authority District,Job density,2015-01-01/P1Y,0.6,Number of jobs per resident aged 16 to 64,Number of jobs per resident aged 16 to 64,,,,
E07000011,Huntingdonshire,Local Authority District,Job density,2024-01-01/P1Y,0.78,Number of jobs per resident aged 16 to 64,Number of jobs per resident aged 16 to 64,,,,
E07000011,Huntingdonshire,Local Authority District,Job density,2023-01-01/P1Y,0.85,Number of jobs per resident aged 16 to 64,Number of jobs per resident aged 16 to 64,,,,
E07000011,Huntingdonshire,Local Authority District,Job density,2022-01-01/P1Y,0.76,Number of jobs per resident aged 16 to 64,Number of jobs per resident aged 16 to 64,,,,
E07000011,Huntingdonshire,Local Authority District,Job density,2021-01-01/P1Y,0.78,Number of jobs per resident aged 16 to 64,Number of jobs per resident aged 16 to 64,,,,
E07000011,Huntingdonshire,Local Authority District,Job density,2020-01-01/P1Y,0.79,Number of jobs per resident aged 16 to 64,Number of jobs per resident aged 16 to 64,,,,
E07000011,Huntingdonshire,Local Authority District,Job density,2018-01-01/P1Y,0.77,Number of jobs per resident aged 16 to 64,Number of jobs per resident aged 16 to 64,,,,
E07000011,Huntingdonshire,Local Authority District,Job density,2019-01-01/P1Y,0.82,Number of jobs per resident aged 16 to 64,Number of jobs per resident aged 16 to 64,,,,
E07000011,Huntingdonshire,Local Authority District,Job density,2016-01-01/P1Y,0.79,Number of jobs per resident aged 16 to 64,Number of jobs per resident aged 16 to 64,,,,
E07000011,Huntingdonshire,Local Authority District,Job density,2015-01-01/P1Y,0.79,Number of jobs per resident aged 16 to 64,Number of jobs per resident aged 16 to 64,,,,
E07000011,Huntingdonshire,Local Authority District,Job density,2014-01-01/P1Y,0.77,Number of jobs per resident aged 16 to 64,Number of jobs per resident aged 16 to 64,,,,
E07000011,Huntingdonshire,Local Authority District,Job density,2013-01-01/P1Y,0.74,Number of jobs per resident aged 16 to 64,Number of jobs per resident aged 16 to 64,,,,
E07000011,Huntingdonshire,Local Authority District,Job density,2012-01-01/P1Y,0.73,Number of jobs per resident aged 16 to 64,Number of jobs per resident aged 16 to 64,,,,
E07000011,Huntingdonshire,Local Authority District,Job density,2011-01-01/P1Y,0.74,Number of jobs per resident aged 16 to 64,Number of jobs per resident aged 16 to 64,,,,
E07000011,Huntingdonshire,Local Authority District,Job density,2017-01-01/P1Y,0.75,Number of jobs per resident aged 16 to 64,Number of jobs per resident aged 16 to 64,,,,
E07000012,South Cambridgeshire,Local Authority District,Job density,2019-01-01/P1Y,1.02,Number of jobs per resident aged 16 to 64,Number of jobs per resident aged 16 to 64,,,,
E07000012,South Cambridgeshire,Local Authority District,Job density,2023-01-01/P1Y,0.96,Number of jobs per resident aged 16 to 64,Number of jobs per resident aged 16 to 64,,,,
E07000012,South Cambridgeshire,Local Authority District,Job density,2022-01-01/P1Y,0.96,Number of jobs per resident aged 16 to 64,Number of jobs per resident aged 16 to 64,,,,
E07000012,South Cambridgeshire,Local Authority District,Job density,2021-01-01/P1Y,0.99,Number of jobs per resident aged 16 to 64,Number of jobs per resident aged 16 to 64,,,,
E07000012,South Cambridgeshire,Local Authority District,Job density,2020-01-01/P1Y,0.98,Number of jobs per resident aged 16 to 64,Number of jobs per resident aged 16 to 64,,,,
E07000012,South Cambridgeshire,Local Authority District,Job density,2018-01-01/P1Y,0.97,Number of jobs per resident aged 16 to 64,Number of jobs per resident aged 16 to 64,,,,
E07000012,South Cambridgeshire,Local Authority District,Job density,2024-01-01/P1Y,0.87,Number of jobs per resident aged 16 to 64,Number of jobs per resident aged 16 to 64,,,,
E07000012,South Cambridgeshire,Local Authority District,Job density,2016-01-01/P1Y,0.94,Number of jobs per resident aged 16 to 64,Number of jobs per resident aged 16 to 64,,,,
E07000012,South Cambridgeshire,Local Authority District,Job density,2015-01-01/P1Y,0.9,Number of jobs per resident aged 16 to 64,Number of jobs per resident aged 16 to 64,,,,
E07000012,South Cambridgeshire,Local Authority District,Job density,2014-01-01/P1Y,0.89,Number of jobs per resident aged 16 to 64,Number of jobs per resident aged 16 to 64,,,,
E07000012,South Cambridgeshire,Local Authority District,Job density,2013-01-01/P1Y,0.8,Number of jobs per resident aged 16 to 64,Number of jobs per resident aged 16 to 64,,,,
E07000012,South Cambridgeshire,Local Authority District,Job density,2012-01-01/P1Y,0.78,Number of jobs per resident aged 16 to 64,Number of jobs per resident aged 16 to 64,,,,
E07000012,South Cambridgeshire,Local Authority District,Job density,2011-01-01/P1Y,0.83,Number of jobs per resident aged 16 to 64,Number of jobs per resident aged 16 to 64,,,,
E07000012,South Cambridgeshire,Local Authority District,Job density,2017-01-01/P1Y,1.0,Number of jobs per resident aged 16 to 64,Number of jobs per resident aged 16 to 64,,,,
E10000012,Essex,County or Unitary Authority,Job density,2023-01-01/P1Y,0.75,Number of jobs per resident aged 16 to 64,Number of jobs per resident aged 16 to 64,,,,
E10000012,Essex,County or Unitary Authority,Job density,2022-01-01/P1Y,0.76,Number of jobs per resident aged 16 to 64,Number of jobs per resident aged 16 to 64,,,,
E10000012,Essex,County or Unitary Authority,Job density,2021-01-01/P1Y,0.77,Number of jobs per resident aged 16 to 64,Number of jobs per resident aged 16 to 64,,,,
E10000012,Essex,County or Unitary Authority,Job density,2020-01-01/P1Y,0.77,Number of jobs per resident aged 16 to 64,Number of jobs per resident aged 16 to 64,,,,
E10000012,Essex,County or Unitary Authority,Job density,2019-01-01/P1Y,0.79,Number of jobs per resident aged 16 to 64,Number of jobs per resident aged 16 to 64,,,,
E10000012,Essex,County or Unitary Authority,Job density,2018-01-01/P1Y,0.79,Number of jobs per resident aged 16 to 64,Number of jobs per resident aged 16 to 64,,,,
E10000012,Essex,County or Unitary Authority,Job density,2024-01-01/P1Y,0.76,Number of jobs per resident aged 16 to 64,Number of jobs per resident aged 16 to 64,,,,
E10000012,Essex,County or Unitary Authority,Job density,2016-01-01/P1Y,0.78,Number of jobs per resident aged 16 to 64,Number of jobs per resident aged 16 to 64,,,,
E10000012,Essex,County or Unitary Authority,Job density,2017-01-01/P1Y,0.79,Number of jobs per resident aged 16 to 64,Number of jobs per resident aged 16 to 64,,,,
E10000012,Essex,County or Unitary Authority,Job density,2011-01-01/P1Y,0.72,Number of jobs per resident aged 16 to 64,Number of jobs per resident aged 16 to 64,,,,
E10000012,Essex,County or Unitary Authority,Job density,2012-01-01/P1Y,0.75,Number of jobs per resident aged 16 to 64,Number of jobs per resident aged 16 to 64,,,,
E10000012,Essex,County or Unitary Authority,Job density,2013-01-01/P1Y,0.72,Number of jobs per resident aged 16 to 64,Number of jobs per resident aged 16 to 64,,,,
E10000012,Essex,County or Unitary Authority,Job density,2014-01-01/P1Y,0.73,Number of jobs per resident aged 16 to 64,Number of jobs per resident aged 16 to 64,,,,
E10000012,Essex,County or Unitary Authority,Job density,2015-01-01/P1Y,0.75,Number of jobs per resident aged 16 to 64,Number of jobs per resident aged 16 to 64,,,,
E07000066,Basildon,Local Authority District,Job density,2024-01-01/P1Y,0.81,Number of jobs per resident aged 16 to 64,Number of jobs per resident aged 16 to 64,,,,
E07000066,Basildon,Local Authority District,Job density,2023-01-01/P1Y,0.89,Number of jobs per resident aged 16 to 64,Number of jobs per resident aged 16 to 64,,,,
E07000066,Basildon,Local Authority District,Job density,2022-01-01/P1Y,0.85,Number of jobs per resident aged 16 to 64,Number of jobs per resident aged 16 to 64,,,,
E07000066,Basildon,Local Authority District,Job density,2021-01-01/P1Y,0.84,Number of jobs per resident aged 16 to 64,Number of jobs per resident aged 16 to 64,,,,
E07000066,Basildon,Local Authority District,Job density,2019-01-01/P1Y,0.85,Number of jobs per resident aged 16 to 64,Number of jobs per resident aged 16 to 64,,,,
E07000066,Basildon,Local Authority District,Job density,2018-01-01/P1Y,0.82,Number of jobs per resident aged 16 to 64,Number of jobs per resident aged 16 to 64,,,,
E07000066,Basildon,Local Authority District,Job density,2020-01-01/P1Y,0.81,Number of jobs per resident aged 16 to 64,Number of jobs per resident aged 16 to 64,,,,
E07000066,Basildon,Local Authority District,Job density,2015-01-01/P1Y,0.81,Number of jobs per resident aged 16 to 64,Number of jobs per resident aged 16 to 64,,,,
E07000066,Basildon,Local Authority District,Job density,2014-01-01/P1Y,0.81,Number of jobs per resident aged 16 to 64,Number of jobs per resident aged 16 to 64,,,,
E07000066,Basildon,Local Authority District,Job density,2013-01-01/P1Y,0.77,Number of jobs per resident aged 16 to 64,Number of jobs per resident aged 16 to 64,,,,
E07000066,Basildon,Local Authority District,Job density,2012-01-01/P1Y,0.78,Number of jobs per resident aged 16 to 64,Number of jobs per resident aged 16 to 64,,,,
E07000066,Basildon,Local Authority District,Job density,2011-01-01/P1Y,0.77,Number of jobs per resident aged 16 to 64,Number of jobs per resident aged 16 to 64,,,,
E07000066,Basildon,Local Authority District,Job density,2016-01-01/P1Y,0.86,Number of jobs per resident aged 16 to 64,Number of jobs per resident aged 16 to 64,,,,
E07000066,Basildon,Local Authority District,Job density,2017-01-01/P1Y,0.83,Number of jobs per resident aged 16 to 64,Number of jobs per resident aged 16 to 64,,,,
E07000067,Braintree,Local Authority District,Job density,2024-01-01/P1Y,0.61,Number of jobs per resident aged 16 to 64,Number of jobs per resident aged 16 to 64,,,,
E07000067,Braintree,Local Authority District,Job density,2018-01-01/P1Y,0.71,Number of jobs per resident aged 16 to 64,Number of jobs per resident aged 16 to 64,,,,
E07000067,Braintree,Local Authority District,Job density,2023-01-01/P1Y,0.61,Number of jobs per resident aged 16 to 64,Number of jobs per resident aged 16 to 64,,,,
E07000067,Braintree,Local Authority District,Job density,2022-01-01/P1Y,0.68,Number of jobs per resident aged 16 to 64,Number of jobs per resident aged 16 to 64,,,,
E07000067,Braintree,Local Authority District,Job density,2021-01-01/P1Y,0.69,Number of jobs per resident aged 16 to 64,Number of jobs per resident aged 16 to 64,,,,
E07000067,Braintree,Local Authority District,Job density,2020-01-01/P1Y,0.71,Number of jobs per resident aged 16 to 64,Number of jobs per resident aged 16 to 64,,,,
E07000067,Braintree,Local Authority District,Job density,2019-01-01/P1Y,0.72,Number of jobs per resident aged 16 to 64,Number of jobs per resident aged 16 to 64,,,,
E07000067,Braintree,Local Authority District,Job density,2017-01-01/P1Y,0.75,Number of jobs per resident aged 16 to 64,Number of jobs per resident aged 16 to 64,,,,
E07000067,Braintree,Local Authority District,Job density,2015-01-01/P1Y,0.67,Number of jobs per resident aged 16 to 64,Number of jobs per resident aged 16 to 64,,,,
E07000067,Braintree,Local Authority District,Job density,2014-01-01/P1Y,0.65,Number of jobs per resident aged 16 to 64,Number of jobs per resident aged 16 to 64,,,,
E07000067,Braintree,Local Authority District,Job density,2013-01-01/P1Y,0.6,Number of jobs per resident aged 16 to 64,Number of jobs per resident aged 16 to 64,,,,
E07000067,Braintree,Local Authority District,Job density,2012-01-01/P1Y,0.61,Number of jobs per resident aged 16 to 64,Number of jobs per resident aged 16 to 64,,,,
E07000067,Braintree,Local Authority District,Job density,2011-01-01/P1Y,0.6,Number of jobs per resident aged 16 to 64,Number of jobs per resident aged 16 to 64,,,,
E07000067,Braintree,Local Authority District,Job density,2016-01-01/P1Y,0.74,Number of jobs per resident aged 16 to 64,Number of jobs per resident aged 16 to 64,,,,
E07000068,Brentwood,Local Authority District,Job density,2024-01-01/P1Y,0.79,Number of jobs per resident aged 16 to 64,Number of jobs per resident aged 16 to 64,,,,
E07000068,Brentwood,Local Authority District,Job density,2023-01-01/P1Y,0.8,Number of jobs per resident aged 16 to 64,Number of jobs per resident aged 16 to 64,,,,
E07000068,Brentwood,Local Authority District,Job density,2022-01-01/P1Y,0.8,Number of jobs per resident aged 16 to 64,Number of jobs per resident aged 16 to 64,,,,
E07000068,Brentwood,Local Authority District,Job density,2021-01-01/P1Y,0.82,Number of jobs per resident aged 16 to 64,Number of jobs per resident aged 16 to 64,,,,
E07000068,Brentwood,Local Authority District,Job density,2020-01-01/P1Y,0.88,Number of jobs per resident aged 16 to 64,Number of jobs per resident aged 16 to 64,,,,
E07000068,Brentwood,Local Authority District,Job density,2019-01-01/P1Y,0.89,Number of jobs per resident aged 16 to 64,Number of jobs per resident aged 16 to 64,,,,
E07000068,Brentwood,Local Authority District,Job density,2018-01-01/P1Y,0.87,Number of jobs per resident aged 16 to 64,Number of jobs per resident aged 16 to 64,,,,
E07000068,Brentwood,Local Authority District,Job density,2016-01-01/P1Y,0.94,Number of jobs per resident aged 16 to 64,Number of jobs per resident aged 16 to 64,,,,
E07000068,Brentwood,Local Authority District,Job density,2015-01-01/P1Y,0.88,Number of jobs per resident aged 16 to 64,Number of jobs per resident aged 16 to 64,,,,
E07000068,Brentwood,Local Authority District,Job density,2014-01-01/P1Y,0.81,Number of jobs per resident aged 16 to 64,Number of jobs per resident aged 16 to 64,,,,
E07000068,Brentwood,Local Authority District,Job density,2013-01-01/P1Y,0.88,Number of jobs per resident aged 16 to 64,Number of jobs per resident aged 16 to 64,,,,
E07000068,Brentwood,Local Authority District,Job density,2012-01-01/P1Y,0.84,Number of jobs per resident aged 16 to 64,Number of jobs per resident aged 16 to 64,,,,
E07000068,Brentwood,Local Authority District,Job density,2011-01-01/P1Y,0.78,Number of jobs per resident aged 16 to 64,Number of jobs per resident aged 16 to 64,,,,
E07000068,Brentwood,Local Authority District,Job density,2017-01-01/P1Y,0.82,Number of jobs per resident aged 16 to 64,Number of jobs per resident aged 16 to 64,,,,
E07000069,Castle Point,Local Authority District,Job density,2019-01-01/P1Y,0.55,Number of jobs per resident aged 16 to 64,Number of jobs per resident aged 16 to 64,,,,
E07000069,Castle Point,Local Authority District,Job density,2024-01-01/P1Y,0.57,Number of jobs per resident aged 16 to 64,Number of jobs per resident aged 16 to 64,,,,
E07000069,Castle Point,Local Authority District,Job density,2023-01-01/P1Y,0.52,Number of jobs per resident aged 16 to 64,Number of jobs per resident aged 16 to 64,,,,
E07000069,Castle Point,Local Authority District,Job density,2022-01-01/P1Y,0.64,Number of jobs per resident aged 16 to 64,Number of jobs per resident aged 16 to 64,,,,
E07000069,Castle Point,Local Authority District,Job density,2021-01-01/P1Y,0.5,Number of jobs per resident aged 16 to 64,Number of jobs per resident aged 16 to 64,,,,
E07000069,Castle Point,Local Authority District,Job density,2020-01-01/P1Y,0.58,Number of jobs per resident aged 16 to 64,Number of jobs per resident aged 16 to 64,,,,
E07000069,Castle Point,Local Authority District,Job density,2018-01-01/P1Y,0.56,Number of jobs per resident aged 16 to 64,Number of jobs per resident aged 16 to 64,,,,
E07000069,Castle Point,Local Authority District,Job density,2011-01-01/P1Y,0.48,Number of jobs per resident aged 16 to 64,Number of jobs per resident aged 16 to 64,,,,
E07000069,Castle Point,Local Authority District,Job density,2016-01-01/P1Y,0.5,Number of jobs per resident aged 16 to 64,Number of jobs per resident aged 16 to 64,,,,
E07000069,Castle Point,Local Authority District,Job density,2015-01-01/P1Y,0.52,Number of jobs per resident aged 16 to 64,Number of jobs per resident aged 16 to 64,,,,
E07000069,Castle Point,Local Authority District,Job density,2014-01-01/P1Y,0.48,Number of jobs per resident aged 16 to 64,Number of jobs per resident aged 16 to 64,,,,
E07000069,Castle Point,Local Authority District,Job density,2013-01-01/P1Y,0.46,Number of jobs per resident aged 16 to 64,Number of jobs per resident aged 16 to 64,,,,
E07000069,Castle Point,Local Authority District,Job density,2012-01-01/P1Y,0.54,Number of jobs per resident aged 16 to 64,Number of jobs per resident aged 16 to 64,,,,
E07000069,Castle Point,Local Authority District,Job density,2017-01-01/P1Y,0.5,Number of jobs per resident aged 16 to 64,Number of jobs per resident aged 16 to 64,,,,
E07000070,Chelmsford,Local Authority District,Job density,2019-01-01/P1Y,0.92,Number of jobs per resident aged 16 to 64,Number of jobs per resident aged 16 to 64,,,,
E07000070,Chelmsford,Local Authority District,Job density,2024-01-01/P1Y,0.92,Number of jobs per resident aged 16 to 64,Number of jobs per resident aged 16 to 64,,,,
E07000070,Chelmsford,Local Authority District,Job density,2023-01-01/P1Y,0.9,Number of jobs per resident aged 16 to 64,Number of jobs per resident aged 16 to 64,,,,
E07000070,Chelmsford,Local Authority District,Job density,2022-01-01/P1Y,0.91,Number of jobs per resident aged 16 to 64,Number of jobs per resident aged 16 to 64,,,,
E07000070,Chelmsford,Local Authority District,Job density,2021-01-01/P1Y,0.89,Number of jobs per resident aged 16 to 64,Number of jobs per resident aged 16 to 64,,,,
E07000070,Chelmsford,Local Authority District,Job density,2020-01-01/P1Y,0.89,Number of jobs per resident aged 16 to 64,Number of jobs per resident aged 16 to 64,,,,
E07000070,Chelmsford,Local Authority District,Job density,2018-01-01/P1Y,0.93,Number of jobs per resident aged 16 to 64,Number of jobs per resident aged 16 to 64,,,,
E07000070,Chelmsford,Local Authority District,Job density,2011-01-01/P1Y,0.89,Number of jobs per resident aged 16 to 64,Number of jobs per resident aged 16 to 64,,,,
E07000070,Chelmsford,Local Authority District,Job density,2016-01-01/P1Y,0.9,Number of jobs per resident aged 16 to 64,Number of jobs per resident aged 16 to 64,,,,
E07000070,Chelmsford,Local Authority District,Job density,2015-01-01/P1Y,0.87,Number of jobs per resident aged 16 to 64,Number of jobs per resident aged 16 to 64,,,,
E07000070,Chelmsford,Local Authority District,Job density,2014-01-01/P1Y,0.85,Number of jobs per resident aged 16 to 64,Number of jobs per resident aged 16 to 64,,,,
E07000070,Chelmsford,Local Authority District,Job density,2013-01-01/P1Y,0.85,Number of jobs per resident aged 16 to 64,Number of jobs per resident aged 16 to 64,,,,
E07000070,Chelmsford,Local Authority District,Job density,2012-01-01/P1Y,0.87,Number of jobs per resident aged 16 to 64,Number of jobs per resident aged 16 to 64,,,,
E07000070,Chelmsford,Local Authority District,Job density,2017-01-01/P1Y,0.94,Number of jobs per resident aged 16 to 64,Number of jobs per resident aged 16 to 64,,,,
E07000071,Colchester,Local Authority District,Job density,2024-01-01/P1Y,0.83,Number of jobs per resident aged 16 to 64,Number of jobs per resident aged 16 to 64,,,,
E07000071,Colchester,Local Authority District,Job density,2023-01-01/P1Y,0.85,Number of jobs per resident aged 16 to 64,Number of jobs per resident aged 16 to 64,,,,
E07000071,Colchester,Local Authority District,Job density,2022-01-01/P1Y,0.78,Number of jobs per resident aged 16 to 64,Number of jobs per resident aged 16 to 64,,,,
E07000071,Colchester,Local Authority District,Job density,2021-01-01/P1Y,0.77,Number of jobs per resident aged 16 to 64,Number of jobs per resident aged 16 to 64,,,,
E07000071,Colchester,Local Authority District,Job density,2020-01-01/P1Y,0.77,Number of jobs per resident aged 16 to 64,Number of jobs per resident aged 16 to 64,,,,
E07000071,Colchester,Local Authority District,Job density,2019-01-01/P1Y,0.82,Number of jobs per resident aged 16 to 64,Number of jobs per resident aged 16 to 64,,,,
E07000071,Colchester,Local Authority District,Job density,2018-01-01/P1Y,0.81,Number of jobs per resident aged 16 to 64,Number of jobs per resident aged 16 to 64,,,,
E07000071,Colchester,Local Authority District,Job density,2016-01-01/P1Y,0.84,Number of jobs per resident aged 16 to 64,Number of jobs per resident aged 16 to 64,,,,
E07000071,Colchester,Local Authority District,Job density,2015-01-01/P1Y,0.84,Number of jobs per resident aged 16 to 64,Number of jobs per resident aged 16 to 64,,,,
E07000071,Colchester,Local Authority District,Job density,2014-01-01/P1Y,0.83,Number of jobs per resident aged 16 to 64,Number of jobs per resident aged 16 to 64,,,,
E07000071,Colchester,Local Authority District,Job density,2013-01-01/P1Y,0.8,Number of jobs per resident aged 16 to 64,Number of jobs per resident aged 16 to 64,,,,
E07000071,Colchester,Local Authority District,Job density,2012-01-01/P1Y,0.81,Number of jobs per resident aged 16 to 64,Number of jobs per resident aged 16 to 64,,,,
E07000071,Colchester,Local Authority District,Job density,2011-01-01/P1Y,0.79,Number of jobs per resident aged 16 to 64,Number of jobs per resident aged 16 to 64,,,,
E07000071,Colchester,Local Authority District,Job density,2017-01-01/P1Y,0.86,Number of jobs per resident aged 16 to 64,Number of jobs per resident aged 16 to 64,,,,
E07000072,Epping Forest,Local Authority District,Job density,2019-01-01/P1Y,0.78,Number of jobs per resident aged 16 to 64,Number of jobs per resident aged 16 to 64,,,,
E07000072,Epping Forest,Local Authority District,Job density,2024-01-01/P1Y,0.75,Number of jobs per resident aged 16 to 64,Number of jobs per resident aged 16 to 64,,,,
E07000072,Epping Forest,Local Authority District,Job density,2023-01-01/P1Y,0.78,Number of jobs per resident aged 16 to 64,Number of jobs per resident aged 16 to 64,,,,
E07000072,Epping Forest,Local Authority District,Job density,2022-01-01/P1Y,0.75,Number of jobs per resident aged 16 to 64,Number of jobs per resident aged 16 to 64,,,,
E07000072,Epping Forest,Local Authority District,Job density,2021-01-01/P1Y,0.78,Number of jobs per resident aged 16 to 64,Number of jobs per resident aged 16 to 64,,,,
E07000072,Epping Forest,Local Authority District,Job density,2020-01-01/P1Y,0.78,Number of jobs per resident aged 16 to 64,Number of jobs per resident aged 16 to 64,,,,
E07000072,Epping Forest,Local Authority District,Job density,2018-01-01/P1Y,0.78,Number of jobs per resident aged 16 to 64,Number of jobs per resident aged 16 to 64,,,,
E07000072,Epping Forest,Local Authority District,Job density,2014-01-01/P1Y,0.65,Number of jobs per resident aged 16 to 64,Number of jobs per resident aged 16 to 64,,,,
E07000072,Epping Forest,Local Authority District,Job density,2016-01-01/P1Y,0.75,Number of jobs per resident aged 16 to 64,Number of jobs per resident aged 16 to 64,,,,
E07000072,Epping Forest,Local Authority District,Job density,2015-01-01/P1Y,0.67,Number of jobs per resident aged 16 to 64,Number of jobs per resident aged 16 to 64,,,,
E07000072,Epping Forest,Local Authority District,Job density,2017-01-01/P1Y,0.76,Number of jobs per resident aged 16 to 64,Number of jobs per resident aged 16 to 64,,,,
E07000072,Epping Forest,Local Authority District,Job density,2013-01-01/P1Y,0.68,Number of jobs per resident aged 16 to 64,Number of jobs per resident aged 16 to 64,,,,
E07000072,Epping Forest,Local Authority District,Job density,2012-01-01/P1Y,0.71,Number of jobs per resident aged 16 to 64,Number of jobs per resident aged 16 to 64,,,,
E07000072,Epping Forest,Local Authority District,Job density,2011-01-01/P1Y,0.67,Number of jobs per resident aged 16 to 64,Number of jobs per resident aged 16 to 64,,,,
E07000073,Harlow,Local Authority District,Job density,2024-01-01/P1Y,0.78,Number of jobs per resident aged 16 to 64,Number of jobs per resident aged 16 to 64,,,,
E07000073,Harlow,Local Authority District,Job density,2023-01-01/P1Y,0.75,Number of jobs per resident aged 16 to 64,Number of jobs per resident aged 16 to 64,,,,
E07000073,Harlow,Local Authority District,Job density,2022-01-01/P1Y,0.77,Number of jobs per resident aged 16 to 64,Number of jobs per resident aged 16 to 64,,,,
E07000073,Harlow,Local Authority District,Job density,2021-01-01/P1Y,0.81,Number of jobs per resident aged 16 to 64,Number of jobs per resident aged 16 to 64,,,,
E07000073,Harlow,Local Authority District,Job density,2020-01-01/P1Y,0.74,Number of jobs per resident aged 16 to 64,Number of jobs per resident aged 16 to 64,,,,
E07000073,Harlow,Local Authority District,Job density,2019-01-01/P1Y,0.77,Number of jobs per resident aged 16 to 64,Number of jobs per resident aged 16 to 64,,,,
E07000073,Harlow,Local Authority District,Job density,2018-01-01/P1Y,0.82,Number of jobs per resident aged 16 to 64,Number of jobs per resident aged 16 to 64,,,,
E07000073,Harlow,Local Authority District,Job density,2017-01-01/P1Y,0.83,Number of jobs per resident aged 16 to 64,Number of jobs per resident aged 16 to 64,,,,
E07000073,Harlow,Local Authority District,Job density,2016-01-01/P1Y,0.86,Number of jobs per resident aged 16 to 64,Number of jobs per resident aged 16 to 64,,,,
E07000073,Harlow,Local Authority District,Job density,2015-01-01/P1Y,0.82,Number of jobs per resident aged 16 to 64,Number of jobs per resident aged 16 to 64,,,,
E07000073,Harlow,Local Authority District,Job density,2014-01-01/P1Y,0.8,Number of jobs per resident aged 16 to 64,Number of jobs per resident aged 16 to 64,,,,
E07000073,Harlow,Local Authority District,Job density,2013-01-01/P1Y,0.83,Number of jobs per resident aged 16 to 64,Number of jobs per resident aged 16 to 64,,,,
E07000073,Harlow,Local Authority District,Job density,2012-01-01/P1Y,0.89,Number of jobs per resident aged 16 to 64,Number of jobs per resident aged 16 to 64,,,,
E07000073,Harlow,Local Authority District,Job density,2011-01-01/P1Y,0.82,Number of jobs per resident aged 16 to 64,Number of jobs per resident aged 16 to 64,,,,
E07000074,Maldon,Local Authority District,Job density,2023-01-01/P1Y,0.6,Number of jobs per resident aged 16 to 64,Number of jobs per resident aged 16 to 64,,,,
E07000074,Maldon,Local Authority District,Job density,2022-01-01/P1Y,0.69,Number of jobs per resident aged 16 to 64,Number of jobs per resident aged 16 to 64,,,,
E07000074,Maldon,Local Authority District,Job density,2021-01-01/P1Y,0.67,Number of jobs per resident aged 16 to 64,Number of jobs per resident aged 16 to 64,,,,
E07000074,Maldon,Local Authority District,Job density,2020-01-01/P1Y,0.67,Number of jobs per resident aged 16 to 64,Number of jobs per resident aged 16 to 64,,,,
E07000074,Maldon,Local Authority District,Job density,2019-01-01/P1Y,0.68,Number of jobs per resident aged 16 to 64,Number of jobs per resident aged 16 to 64,,,,
E07000074,Maldon,Local Authority District,Job density,2018-01-01/P1Y,0.73,Number of jobs per resident aged 16 to 64,Number of jobs per resident aged 16 to 64,,,,
E07000074,Maldon,Local Authority District,Job density,2024-01-01/P1Y,0.61,Number of jobs per resident aged 16 to 64,Number of jobs per resident aged 16 to 64,,,,
E07000074,Maldon,Local Authority District,Job density,2016-01-01/P1Y,0.67,Number of jobs per resident aged 16 to 64,Number of jobs per resident aged 16 to 64,,,,
E07000074,Maldon,Local Authority District,Job density,2015-01-01/P1Y,0.74,Number of jobs per resident aged 16 to 64,Number of jobs per resident aged 16 to 64,,,,
E07000074,Maldon,Local Authority District,Job density,2014-01-01/P1Y,0.67,Number of jobs per resident aged 16 to 64,Number of jobs per resident aged 16 to 64,,,,
E07000074,Maldon,Local Authority District,Job density,2013-01-01/P1Y,0.65,Number of jobs per resident aged 16 to 64,Number of jobs per resident aged 16 to 64,,,,
E07000074,Maldon,Local Authority District,Job density,2012-01-01/P1Y,0.7,Number of jobs per resident aged 16 to 64,Number of jobs per resident aged 16 to 64,,,,
E07000074,Maldon,Local Authority District,Job density,2011-01-01/P1Y,0.57,Number of jobs per resident aged 16 to 64,Number of jobs per resident aged 16 to 64,,,,
E07000074,Maldon,Local Authority District,Job density,2017-01-01/P1Y,0.71,Number of jobs per resident aged 16 to 64,Number of jobs per resident aged 16 to 64,,,,
E07000075,Rochford,Local Authority District,Job density,2023-01-01/P1Y,0.52,Number of jobs per resident aged 16 to 64,Number of jobs per resident aged 16 to 64,,,,
E07000075,Rochford,Local Authority District,Job density,2022-01-01/P1Y,0.53,Number of jobs per resident aged 16 to 64,Number of jobs per resident aged 16 to 64,,,,
E07000075,Rochford,Local Authority District,Job density,2021-01-01/P1Y,0.56,Number of jobs per resident aged 16 to 64,Number of jobs per resident aged 16 to 64,,,,
E07000075,Rochford,Local Authority District,Job density,2020-01-01/P1Y,0.55,Number of jobs per resident aged 16 to 64,Number of jobs per resident aged 16 to 64,,,,
E07000075,Rochford,Local Authority District,Job density,2019-01-01/P1Y,0.61,Number of jobs per resident aged 16 to 64,Number of jobs per resident aged 16 to 64,,,,
E07000075,Rochford,Local Authority District,Job density,2018-01-01/P1Y,0.58,Number of jobs per resident aged 16 to 64,Number of jobs per resident aged 16 to 64,,,,
E07000075,Rochford,Local Authority District,Job density,2024-01-01/P1Y,0.59,Number of jobs per resident aged 16 to 64,Number of jobs per resident aged 16 to 64,,,,
E07000075,Rochford,Local Authority District,Job density,2016-01-01/P1Y,0.55,Number of jobs per resident aged 16 to 64,Number of jobs per resident aged 16 to 64,,,,
E07000075,Rochford,Local Authority District,Job density,2015-01-01/P1Y,0.58,Number of jobs per resident aged 16 to 64,Number of jobs per resident aged 16 to 64,,,,
E07000075,Rochford,Local Authority District,Job density,2014-01-01/P1Y,0.52,Number of jobs per resident aged 16 to 64,Number of jobs per resident aged 16 to 64,,,,
E07000075,Rochford,Local Authority District,Job density,2013-01-01/P1Y,0.62,Number of jobs per resident aged 16 to 64,Number of jobs per resident aged 16 to 64,,,,
E07000075,Rochford,Local Authority District,Job density,2012-01-01/P1Y,0.6,Number of jobs per resident aged 16 to 64,Number of jobs per resident aged 16 to 64,,,,
E07000075,Rochford,Local Authority District,Job density,2011-01-01/P1Y,0.56,Number of jobs per resident aged 16 to 64,Number of jobs per resident aged 16 to 64,,,,
E07000075,Rochford,Local Authority District,Job density,2017-01-01/P1Y,0.61,Number of jobs per resident aged 16 to 64,Number of jobs per resident aged 16 to 64,,,,
E07000076,Tendring,Local Authority District,Job density,2024-01-01/P1Y,0.59,Number of jobs per resident aged 16 to 64,Number of jobs per resident aged 16 to 64,,,,
E07000076,Tendring,Local Authority District,Job density,2023-01-01/P1Y,0.57,Number of jobs per resident aged 16 to 64,Number of jobs per resident aged 16 to 64,,,,
E07000076,Tendring,Local Authority District,Job density,2022-01-01/P1Y,0.61,Number of jobs per resident aged 16 to 64,Number of jobs per resident aged 16 to 64,,,,
E07000076,Tendring,Local Authority District,Job density,2021-01-01/P1Y,0.66,Number of jobs per resident aged 16 to 64,Number of jobs per resident aged 16 to 64,,,,
E07000076,Tendring,Local Authority District,Job density,2020-01-01/P1Y,0.65,Number of jobs per resident aged 16 to 64,Number of jobs per resident aged 16 to 64,,,,
E07000076,Tendring,Local Authority District,Job density,2019-01-01/P1Y,0.66,Number of jobs per resident aged 16 to 64,Number of jobs per resident aged 16 to 64,,,,
E07000076,Tendring,Local Authority District,Job density,2018-01-01/P1Y,0.63,Number of jobs per resident aged 16 to 64,Number of jobs per resident aged 16 to 64,,,,
E07000076,Tendring,Local Authority District,Job density,2017-01-01/P1Y,0.6,Number of jobs per resident aged 16 to 64,Number of jobs per resident aged 16 to 64,,,,
E07000076,Tendring,Local Authority District,Job density,2015-01-01/P1Y,0.57,Number of jobs per resident aged 16 to 64,Number of jobs per resident aged 16 to 64,,,,
E07000076,Tendring,Local Authority District,Job density,2014-01-01/P1Y,0.59,Number of jobs per resident aged 16 to 64,Number of jobs per resident aged 16 to 64,,,,
E07000076,Tendring,Local Authority District,Job density,2013-01-01/P1Y,0.58,Number of jobs per resident aged 16 to 64,Number of jobs per resident aged 16 to 64,,,,
E07000076,Tendring,Local Authority District,Job density,2012-01-01/P1Y,0.63,Number of jobs per resident aged 16 to 64,Number of jobs per resident aged 16 to 64,,,,
E07000076,Tendring,Local Authority District,Job density,2011-01-01/P1Y,0.6,Number of jobs per resident aged 16 to 64,Number of jobs per resident aged 16 to 64,,,,
E07000076,Tendring,Local Authority District,Job density,2016-01-01/P1Y,0.61,Number of jobs per resident aged 16 to 64,Number of jobs per resident aged 16 to 64,,,,
E07000077,Uttlesford,Local Authority District,Job density,2020-01-01/P1Y,1.04,Number of jobs per resident aged 16 to 64,Number of jobs per resident aged 16 to 64,,,,
E07000077,Uttlesford,Local Authority District,Job density,2024-01-01/P1Y,1.03,Number of jobs per resident aged 16 to 64,Number of jobs per resident aged 16 to 64,,,,
E07000077,Uttlesford,Local Authority District,Job density,2023-01-01/P1Y,0.96,Number of jobs per resident aged 16 to 64,Number of jobs per resident aged 16 to 64,,,,
E07000077,Uttlesford,Local Authority District,Job density,2022-01-01/P1Y,0.97,Number of jobs per resident aged 16 to 64,Number of jobs per resident aged 16 to 64,,,,
E07000077,Uttlesford,Local Authority District,Job density,2021-01-01/P1Y,1.0,Number of jobs per resident aged 16 to 64,Number of jobs per resident aged 16 to 64,,,,
E07000077,Uttlesford,Local Authority District,Job density,2019-01-01/P1Y,1.04,Number of jobs per resident aged 16 to 64,Number of jobs per resident aged 16 to 64,,,,
E07000077,Uttlesford,Local Authority District,Job density,2018-01-01/P1Y,1.04,Number of jobs per resident aged 16 to 64,Number of jobs per resident aged 16 to 64,,,,
E07000077,Uttlesford,Local Authority District,Job density,2016-01-01/P1Y,0.97,Number of jobs per resident aged 16 to 64,Number of jobs per resident aged 16 to 64,,,,
E07000077,Uttlesford,Local Authority District,Job density,2015-01-01/P1Y,0.89,Number of jobs per resident aged 16 to 64,Number of jobs per resident aged 16 to 64,,,,
E07000077,Uttlesford,Local Authority District,Job density,2014-01-01/P1Y,0.83,Number of jobs per resident aged 16 to 64,Number of jobs per resident aged 16 to 64,,,,
E07000077,Uttlesford,Local Authority District,Job density,2013-01-01/P1Y,0.83,Number of jobs per resident aged 16 to 64,Number of jobs per resident aged 16 to 64,,,,
E07000077,Uttlesford,Local Authority District,Job density,2012-01-01/P1Y,0.9,Number of jobs per resident aged 16 to 64,Number of jobs per resident aged 16 to 64,,,,
E07000077,Uttlesford,Local Authority District,Job density,2011-01-01/P1Y,0.84,Number of jobs per resident aged 16 to 64,Number of jobs per resident aged 16 to 64,,,,
E07000077,Uttlesford,Local Authority District,Job density,2017-01-01/P1Y,1.02,Number of jobs per resident aged 16 to 64,Number of jobs per resident aged 16 to 64,,,,
E10000015,Hertfordshire,County or Unitary Authority,Job density,2017-01-01/P1Y,0.97,Number of jobs per resident aged 16 to 64,Number of jobs per resident aged 16 to 64,,,,
E10000015,Hertfordshire,County or Unitary Authority,Job density,2024-01-01/P1Y,0.98,Number of jobs per resident aged 16 to 64,Number of jobs per resident aged 16 to 64,,,,
E10000015,Hertfordshire,County or Unitary Authority,Job density,2023-01-01/P1Y,0.97,Number of jobs per resident aged 16 to 64,Number of jobs per resident aged 16 to 64,,,,
E10000015,Hertfordshire,County or Unitary Authority,Job density,2022-01-01/P1Y,0.95,Number of jobs per resident aged 16 to 64,Number of jobs per resident aged 16 to 64,,,,
E10000015,Hertfordshire,County or Unitary Authority,Job density,2021-01-01/P1Y,1.0,Number of jobs per resident aged 16 to 64,Number of jobs per resident aged 16 to 64,,,,
E10000015,Hertfordshire,County or Unitary Authority,Job density,2020-01-01/P1Y,0.97,Number of jobs per resident aged 16 to 64,Number of jobs per resident aged 16 to 64,,,,
E10000015,Hertfordshire,County or Unitary Authority,Job density,2019-01-01/P1Y,0.98,Number of jobs per resident aged 16 to 64,Number of jobs per resident aged 16 to 64,,,,
E10000015,Hertfordshire,County or Unitary Authority,Job density,2015-01-01/P1Y,0.91,Number of jobs per resident aged 16 to 64,Number of jobs per resident aged 16 to 64,,,,
E10000015,Hertfordshire,County or Unitary Authority,Job density,2016-01-01/P1Y,0.93,Number of jobs per resident aged 16 to 64,Number of jobs per resident aged 16 to 64,,,,
E10000015,Hertfordshire,County or Unitary Authority,Job density,2014-01-01/P1Y,0.89,Number of jobs per resident aged 16 to 64,Number of jobs per resident aged 16 to 64,,,,
E10000015,Hertfordshire,County or Unitary Authority,Job density,2013-01-01/P1Y,0.86,Number of jobs per resident aged 16 to 64,Number of jobs per resident aged 16 to 64,,,,
E10000015,Hertfordshire,County or Unitary Authority,Job density,2012-01-01/P1Y,0.84,Number of jobs per resident aged 16 to 64,Number of jobs per resident aged 16 to 64,,,,
E10000015,Hertfordshire,County or Unitary Authority,Job density,2011-01-01/P1Y,0.82,Number of jobs per resident aged 16 to 64,Number of jobs per resident aged 16 to 64,,,,
E10000015,Hertfordshire,County or Unitary Authority,Job density,2018-01-01/P1Y,0.98,Number of jobs per resident aged 16 to 64,Number of jobs per resident aged 16 to 64,,,,
E07000095,Broxbourne,Local Authority District,Job density,2020-01-01/P1Y,0.7,Number of jobs per resident aged 16 to 64,Number of jobs per resident aged 16 to 64,,,,
E07000095,Broxbourne,Local Authority District,Job density,2021-01-01/P1Y,0.65,Number of jobs per resident aged 16 to 64,Number of jobs per resident aged 16 to 64,,,,
E07000095,Broxbourne,Local Authority District,Job density,2024-01-01/P1Y,0.66,Number of jobs per resident aged 16 to 64,Number of jobs per resident aged 16 to 64,,,,
E07000095,Broxbourne,Local Authority District,Job density,2019-01-01/P1Y,0.65,Number of jobs per resident aged 16 to 64,Number of jobs per resident aged 16 to 64,,,,
E07000095,Broxbourne,Local Authority District,Job density,2023-01-01/P1Y,0.66,Number of jobs per resident aged 16 to 64,Number of jobs per resident aged 16 to 64,,,,
E07000095,Broxbourne,Local Authority District,Job density,2018-01-01/P1Y,0.67,Number of jobs per resident aged 16 to 64,Number of jobs per resident aged 16 to 64,,,,
E07000095,Broxbourne,Local Authority District,Job density,2022-01-01/P1Y,0.71,Number of jobs per resident aged 16 to 64,Number of jobs per resident aged 16 to 64,,,,
E07000095,Broxbourne,Local Authority District,Job density,2016-01-01/P1Y,0.71,Number of jobs per resident aged 16 to 64,Number of jobs per resident aged 16 to 64,,,,
E07000095,Broxbourne,Local Authority District,Job density,2015-01-01/P1Y,0.74,Number of jobs per resident aged 16 to 64,Number of jobs per resident aged 16 to 64,,,,
E07000095,Broxbourne,Local Authority District,Job density,2014-01-01/P1Y,0.74,Number of jobs per resident aged 16 to 64,Number of jobs per resident aged 16 to 64,,,,
E07000095,Broxbourne,Local Authority District,Job density,2013-01-01/P1Y,0.8,Number of jobs per resident aged 16 to 64,Number of jobs per resident aged 16 to 64,,,,
E07000095,Broxbourne,Local Authority District,Job density,2012-01-01/P1Y,0.74,Number of jobs per resident aged 16 to 64,Number of jobs per resident aged 16 to 64,,,,
E07000095,Broxbourne,Local Authority District,Job density,2011-01-01/P1Y,0.74,Number of jobs per resident aged 16 to 64,Number of jobs per resident aged 16 to 64,,,,
E07000095,Broxbourne,Local Authority District,Job density,2017-01-01/P1Y,0.69,Number of jobs per resident aged 16 to 64,Number of jobs per resident aged 16 to 64,,,,
E07000096,Dacorum,Local Authority District,Job density,2024-01-01/P1Y,1.48,Number of jobs per resident aged 16 to 64,Number of jobs per resident aged 16 to 64,,,,
E07000096,Dacorum,Local Authority District,Job density,2023-01-01/P1Y,1.46,Number of jobs per resident aged 16 to 64,Number of jobs per resident aged 16 to 64,,,,
E07000096,Dacorum,Local Authority District,Job density,2021-01-01/P1Y,1.38,Number of jobs per resident aged 16 to 64,Number of jobs per resident aged 16 to 64,,,,
E07000096,Dacorum,Local Authority District,Job density,2020-01-01/P1Y,1.19,Number of jobs per resident aged 16 to 64,Number of jobs per resident aged 16 to 64,,,,
E07000096,Dacorum,Local Authority District,Job density,2019-01-01/P1Y,1.15,Number of jobs per resident aged 16 to 64,Number of jobs per resident aged 16 to 64,,,,
E07000096,Dacorum,Local Authority District,Job density,2018-01-01/P1Y,0.83,Number of jobs per resident aged 16 to 64,Number of jobs per resident aged 16 to 64,,,,
E07000096,Dacorum,Local Authority District,Job density,2022-01-01/P1Y,1.35,Number of jobs per resident aged 16 to 64,Number of jobs per resident aged 16 to 64,,,,
E07000096,Dacorum,Local Authority District,Job density,2016-01-01/P1Y,0.84,Number of jobs per resident aged 16 to 64,Number of jobs per resident aged 16 to 64,,,,
E07000096,Dacorum,Local Authority District,Job density,2015-01-01/P1Y,0.79,Number of jobs per resident aged 16 to 64,Number of jobs per resident aged 16 to 64,,,,
E07000096,Dacorum,Local Authority District,Job density,2014-01-01/P1Y,0.76,Number of jobs per resident aged 16 to 64,Number of jobs per resident aged 16 to 64,,,,
E07000096,Dacorum,Local Authority District,Job density,2013-01-01/P1Y,0.73,Number of jobs per resident aged 16 to 64,Number of jobs per resident aged 16 to 64,,,,
E07000096,Dacorum,Local Authority District,Job density,2012-01-01/P1Y,0.74,Number of jobs per resident aged 16 to 64,Number of jobs per resident aged 16 to 64,,,,
E07000096,Dacorum,Local Authority District,Job density,2011-01-01/P1Y,0.76,Number of jobs per resident aged 16 to 64,Number of jobs per resident aged 16 to 64,,,,
E07000096,Dacorum,Local Authority District,Job density,2017-01-01/P1Y,0.84,Number of jobs per resident aged 16 to 64,Number of jobs per resident aged 16 to 64,,,,
E07000242,East Hertfordshire,Local Authority District,Job density,2024-01-01/P1Y,0.82,Number of jobs per resident aged 16 to 64,Number of jobs per resident aged 16 to 64,,,,
E07000242,East Hertfordshire,Local Authority District,Job density,2023-01-01/P1Y,0.79,Number of jobs per resident aged 16 to 64,Number of jobs per resident aged 16 to 64,,,,
E07000242,East Hertfordshire,Local Authority District,Job density,2022-01-01/P1Y,0.8,Number of jobs per resident aged 16 to 64,Number of jobs per resident aged 16 to 64,,,,
E07000242,East Hertfordshire,Local Authority District,Job density,2021-01-01/P1Y,0.84,Number of jobs per resident aged 16 to 64,Number of jobs per resident aged 16 to 64,,,,
E07000242,East Hertfordshire,Local Authority District,Job density,2020-01-01/P1Y,0.9,Number of jobs per resident aged 16 to 64,Number of jobs per resident aged 16 to 64,,,,
E07000242,East Hertfordshire,Local Authority District,Job density,2019-01-01/P1Y,0.91,Number of jobs per resident aged 16 to 64,Number of jobs per resident aged 16 to 64,,,,
E07000242,East Hertfordshire,Local Authority District,Job density,2018-01-01/P1Y,1.03,Number of jobs per resident aged 16 to 64,Number of jobs per resident aged 16 to 64,,,,
E07000242,East Hertfordshire,Local Authority District,Job density,2015-01-01/P1Y,0.81,Number of jobs per resident aged 16 to 64,Number of jobs per resident aged 16 to 64,,,,
E07000242,East Hertfordshire,Local Authority District,Job density,2016-01-01/P1Y,0.83,Number of jobs per resident aged 16 to 64,Number of jobs per resident aged 16 to 64,,,,
E07000242,East Hertfordshire,Local Authority District,Job density,2014-01-01/P1Y,0.82,Number of jobs per resident aged 16 to 64,Number of jobs per resident aged 16 to 64,,,,
E07000242,East Hertfordshire,Local Authority District,Job density,2013-01-01/P1Y,0.77,Number of jobs per resident aged 16 to 64,Number of jobs per resident aged 16 to 64,,,,
E07000242,East Hertfordshire,Local Authority District,Job density,2012-01-01/P1Y,0.71,Number of jobs per resident aged 16 to 64,Number of jobs per resident aged 16 to 64,,,,
E07000242,East Hertfordshire,Local Authority District,Job density,2011-01-01/P1Y,0.7,Number of jobs per resident aged 16 to 64,Number of jobs per resident aged 16 to 64,,,,
E07000242,East Hertfordshire,Local Authority District,Job density,2017-01-01/P1Y,0.93,Number of jobs per resident aged 16 to 64,Number of jobs per resident aged 16 to 64,,,,
E07000098,Hertsmere,Local Authority District,Job density,2020-01-01/P1Y,0.94,Number of jobs per resident aged 16 to 64,Number of jobs per resident aged 16 to 64,,,,
E07000098,Hertsmere,Local Authority District,Job density,2021-01-01/P1Y,1.02,Number of jobs per resident aged 16 to 64,Number of jobs per resident aged 16 to 64,,,,
E07000098,Hertsmere,Local Authority District,Job density,2019-01-01/P1Y,0.98,Number of jobs per resident aged 16 to 64,Number of jobs per resident aged 16 to 64,,,,
E07000098,Hertsmere,Local Authority District,Job density,2023-01-01/P1Y,1.09,Number of jobs per resident aged 16 to 64,Number of jobs per resident aged 16 to 64,,,,
E07000098,Hertsmere,Local Authority District,Job density,2024-01-01/P1Y,0.98,Number of jobs per resident aged 16 to 64,Number of jobs per resident aged 16 to 64,,,,
E07000098,Hertsmere,Local Authority District,Job density,2022-01-01/P1Y,0.98,Number of jobs per resident aged 16 to 64,Number of jobs per resident aged 16 to 64,,,,
E07000098,Hertsmere,Local Authority District,Job density,2018-01-01/P1Y,0.93,Number of jobs per resident aged 16 to 64,Number of jobs per resident aged 16 to 64,,,,
E07000098,Hertsmere,Local Authority District,Job density,2011-01-01/P1Y,0.81,Number of jobs per resident aged 16 to 64,Number of jobs per resident aged 16 to 64,,,,
E07000098,Hertsmere,Local Authority District,Job density,2016-01-01/P1Y,0.95,Number of jobs per resident aged 16 to 64,Number of jobs per resident aged 16 to 64,,,,
E07000098,Hertsmere,Local Authority District,Job density,2015-01-01/P1Y,0.92,Number of jobs per resident aged 16 to 64,Number of jobs per resident aged 16 to 64,,,,
E07000098,Hertsmere,Local Authority District,Job density,2014-01-01/P1Y,0.84,Number of jobs per resident aged 16 to 64,Number of jobs per resident aged 16 to 64,,,,
E07000098,Hertsmere,Local Authority District,Job density,2013-01-01/P1Y,0.83,Number of jobs per resident aged 16 to 64,Number of jobs per resident aged 16 to 64,,,,
E07000098,Hertsmere,Local Authority District,Job density,2012-01-01/P1Y,0.85,Number of jobs per resident aged 16 to 64,Number of jobs per resident aged 16 to 64,,,,
E07000098,Hertsmere,Local Authority District,Job density,2017-01-01/P1Y,0.94,Number of jobs per resident aged 16 to 64,Number of jobs per resident aged 16 to 64,,,,
E07000099,North Hertfordshire,Local Authority District,Job density,2024-01-01/P1Y,0.72,Number of jobs per resident aged 16 to 64,Number of jobs per resident aged 16 to 64,,,,
E07000099,North Hertfordshire,Local Authority District,Job density,2023-01-01/P1Y,0.69,Number of jobs per resident aged 16 to 64,Number of jobs per resident aged 16 to 64,,,,
E07000099,North Hertfordshire,Local Authority District,Job density,2022-01-01/P1Y,0.79,Number of jobs per resident aged 16 to 64,Number of jobs per resident aged 16 to 64,,,,
E07000099,North Hertfordshire,Local Authority District,Job density,2021-01-01/P1Y,0.78,Number of jobs per resident aged 16 to 64,Number of jobs per resident aged 16 to 64,,,,
E07000099,North Hertfordshire,Local Authority District,Job density,2020-01-01/P1Y,0.79,Number of jobs per resident aged 16 to 64,Number of jobs per resident aged 16 to 64,,,,
E07000099,North Hertfordshire,Local Authority District,Job density,2019-01-01/P1Y,0.8,Number of jobs per resident aged 16 to 64,Number of jobs per resident aged 16 to 64,,,,
E07000099,North Hertfordshire,Local Authority District,Job density,2018-01-01/P1Y,0.77,Number of jobs per resident aged 16 to 64,Number of jobs per resident aged 16 to 64,,,,
E07000099,North Hertfordshire,Local Authority District,Job density,2016-01-01/P1Y,0.8,Number of jobs per resident aged 16 to 64,Number of jobs per resident aged 16 to 64,,,,
E07000099,North Hertfordshire,Local Authority District,Job density,2015-01-01/P1Y,0.73,Number of jobs per resident aged 16 to 64,Number of jobs per resident aged 16 to 64,,,,
E07000099,North Hertfordshire,Local Authority District,Job density,2014-01-01/P1Y,0.73,Number of jobs per resident aged 16 to 64,Number of jobs per resident aged 16 to 64,,,,
E07000099,North Hertfordshire,Local Authority District,Job density,2013-01-01/P1Y,0.69,Number of jobs per resident aged 16 to 64,Number of jobs per resident aged 16 to 64,,,,
E07000099,North Hertfordshire,Local Authority District,Job density,2012-01-01/P1Y,0.64,Number of jobs per resident aged 16 to 64,Number of jobs per resident aged 16 to 64,,,,
E07000099,North Hertfordshire,Local Authority District,Job density,2011-01-01/P1Y,0.66,Number of jobs per resident aged 16 to 64,Number of jobs per resident aged 16 to 64,,,,
E07000099,North Hertfordshire,Local Authority District,Job density,2017-01-01/P1Y,0.73,Number of jobs per resident aged 16 to 64,Number of jobs per resident aged 16 to 64,,,,
E07000240,St Albans,Local Authority District,Job density,2019-01-01/P1Y,0.97,Number of jobs per resident aged 16 to 64,Number of jobs per resident aged 16 to 64,,,,
E07000240,St Albans,Local Authority District,Job density,2024-01-01/P1Y,0.94,Number of jobs per resident aged 16 to 64,Number of jobs per resident aged 16 to 64,,,,
E07000240,St Albans,Local Authority District,Job density,2023-01-01/P1Y,0.87,Number of jobs per resident aged 16 to 64,Number of jobs per resident aged 16 to 64,,,,
E07000240,St Albans,Local Authority District,Job density,2022-01-01/P1Y,0.82,Number of jobs per resident aged 16 to 64,Number of jobs per resident aged 16 to 64,,,,
E07000240,St Albans,Local Authority District,Job density,2021-01-01/P1Y,0.94,Number of jobs per resident aged 16 to 64,Number of jobs per resident aged 16 to 64,,,,
E07000240,St Albans,Local Authority District,Job density,2020-01-01/P1Y,0.92,Number of jobs per resident aged 16 to 64,Number of jobs per resident aged 16 to 64,,,,
E07000240,St Albans,Local Authority District,Job density,2018-01-01/P1Y,1.0,Number of jobs per resident aged 16 to 64,Number of jobs per resident aged 16 to 64,,,,
E07000240,St Albans,Local Authority District,Job density,2011-01-01/P1Y,0.87,Number of jobs per resident aged 16 to 64,Number of jobs per resident aged 16 to 64,,,,
E07000240,St Albans,Local Authority District,Job density,2016-01-01/P1Y,0.89,Number of jobs per resident aged 16 to 64,Number of jobs per resident aged 16 to 64,,,,
E07000240,St Albans,Local Authority District,Job density,2015-01-01/P1Y,0.96,Number of jobs per resident aged 16 to 64,Number of jobs per resident aged 16 to 64,,,,
E07000240,St Albans,Local Authority District,Job density,2014-01-01/P1Y,0.92,Number of jobs per resident aged 16 to 64,Number of jobs per resident aged 16 to 64,,,,
E07000240,St Albans,Local Authority District,Job density,2013-01-01/P1Y,0.89,Number of jobs per resident aged 16 to 64,Number of jobs per resident aged 16 to 64,,,,
E07000240,St Albans,Local Authority District,Job density,2012-01-01/P1Y,0.88,Number of jobs per resident aged 16 to 64,Number of jobs per resident aged 16 to 64,,,,
E07000240,St Albans,Local Authority District,Job density,2017-01-01/P1Y,0.95,Number of jobs per resident aged 16 to 64,Number of jobs per resident aged 16 to 64,,,,
E07000243,Stevenage,Local Authority District,Job density,2019-01-01/P1Y,0.93,Number of jobs per resident aged 16 to 64,Number of jobs per resident aged 16 to 64,,,,
E07000243,Stevenage,Local Authority District,Job density,2024-01-01/P1Y,0.98,Number of jobs per resident aged 16 to 64,Number of jobs per resident aged 16 to 64,,,,
E07000243,Stevenage,Local Authority District,Job density,2023-01-01/P1Y,0.98,Number of jobs per resident aged 16 to 64,Number of jobs per resident aged 16 to 64,,,,
E07000243,Stevenage,Local Authority District,Job density,2022-01-01/P1Y,0.94,Number of jobs per resident aged 16 to 64,Number of jobs per resident aged 16 to 64,,,,
E07000243,Stevenage,Local Authority District,Job density,2021-01-01/P1Y,0.91,Number of jobs per resident aged 16 to 64,Number of jobs per resident aged 16 to 64,,,,
E07000243,Stevenage,Local Authority District,Job density,2020-01-01/P1Y,0.9,Number of jobs per resident aged 16 to 64,Number of jobs per resident aged 16 to 64,,,,
E07000243,Stevenage,Local Authority District,Job density,2018-01-01/P1Y,0.9,Number of jobs per resident aged 16 to 64,Number of jobs per resident aged 16 to 64,,,,
E07000243,Stevenage,Local Authority District,Job density,2011-01-01/P1Y,0.85,Number of jobs per resident aged 16 to 64,Number of jobs per resident aged 16 to 64,,,,
E07000243,Stevenage,Local Authority District,Job density,2016-01-01/P1Y,0.87,Number of jobs per resident aged 16 to 64,Number of jobs per resident aged 16 to 64,,,,
E07000243,Stevenage,Local Authority District,Job density,2015-01-01/P1Y,0.85,Number of jobs per resident aged 16 to 64,Number of jobs per resident aged 16 to 64,,,,
E07000243,Stevenage,Local Authority District,Job density,2014-01-01/P1Y,0.84,Number of jobs per resident aged 16 to 64,Number of jobs per resident aged 16 to 64,,,,
E07000243,Stevenage,Local Authority District,Job density,2013-01-01/P1Y,0.81,Number of jobs per resident aged 16 to 64,Number of jobs per resident aged 16 to 64,,,,
E07000243,Stevenage,Local Authority District,Job density,2012-01-01/P1Y,0.85,Number of jobs per resident aged 16 to 64,Number of jobs per resident aged 16 to 64,,,,
E07000243,Stevenage,Local Authority District,Job density,2017-01-01/P1Y,0.89,Number of jobs per resident aged 16 to 64,Number of jobs per resident aged 16 to 64,,,,
E07000102,Three Rivers,Local Authority District,Job density,2024-01-01/P1Y,0.87,Number of jobs per resident aged 16 to 64,Number of jobs per resident aged 16 to 64,,,,
E07000102,Three Rivers,Local Authority District,Job density,2023-01-01/P1Y,0.82,Number of jobs per resident aged 16 to 64,Number of jobs per resident aged 16 to 64,,,,
E07000102,Three Rivers,Local Authority District,Job density,2022-01-01/P1Y,0.85,Number of jobs per resident aged 16 to 64,Number of jobs per resident aged 16 to 64,,,,
E07000102,Three Rivers,Local Authority District,Job density,2021-01-01/P1Y,0.86,Number of jobs per resident aged 16 to 64,Number of jobs per resident aged 16 to 64,,,,
E07000102,Three Rivers,Local Authority District,Job density,2020-01-01/P1Y,0.86,Number of jobs per resident aged 16 to 64,Number of jobs per resident aged 16 to 64,,,,
E07000102,Three Rivers,Local Authority District,Job density,2019-01-01/P1Y,0.93,Number of jobs per resident aged 16 to 64,Number of jobs per resident aged 16 to 64,,,,
E07000102,Three Rivers,Local Authority District,Job density,2018-01-01/P1Y,0.9,Number of jobs per resident aged 16 to 64,Number of jobs per resident aged 16 to 64,,,,
E07000102,Three Rivers,Local Authority District,Job density,2016-01-01/P1Y,0.81,Number of jobs per resident aged 16 to 64,Number of jobs per resident aged 16 to 64,,,,
E07000102,Three Rivers,Local Authority District,Job density,2015-01-01/P1Y,0.88,Number of jobs per resident aged 16 to 64,Number of jobs per resident aged 16 to 64,,,,
E07000102,Three Rivers,Local Authority District,Job density,2014-01-01/P1Y,0.82,Number of jobs per resident aged 16 to 64,Number of jobs per resident aged 16 to 64,,,,
E07000102,Three Rivers,Local Authority District,Job density,2013-01-01/P1Y,0.69,Number of jobs per resident aged 16 to 64,Number of jobs per resident aged 16 to 64,,,,
E07000102,Three Rivers,Local Authority District,Job density,2012-01-01/P1Y,0.7,Number of jobs per resident aged 16 to 64,Number of jobs per resident aged 16 to 64,,,,
E07000102,Three Rivers,Local Authority District,Job density,2011-01-01/P1Y,0.67,Number of jobs per resident aged 16 to 64,Number of jobs per resident aged 16 to 64,,,,
E07000102,Three Rivers,Local Authority District,Job density,2017-01-01/P1Y,0.89,Number of jobs per resident aged 16 to 64,Number of jobs per resident aged 16 to 64,,,,
E07000103,Watford,Local Authority District,Job density,2019-01-01/P1Y,1.07,Number of jobs per resident aged 16 to 64,Number of jobs per resident aged 16 to 64,,,,
E07000103,Watford,Local Authority District,Job density,2024-01-01/P1Y,1.08,Number of jobs per resident aged 16 to 64,Number of jobs per resident aged 16 to 64,,,,
E07000103,Watford,Local Authority District,Job density,2023-01-01/P1Y,1.06,Number of jobs per resident aged 16 to 64,Number of jobs per resident aged 16 to 64,,,,
E07000103,Watford,Local Authority District,Job density,2022-01-01/P1Y,1.01,Number of jobs per resident aged 16 to 64,Number of jobs per resident aged 16 to 64,,,,
E07000103,Watford,Local Authority District,Job density,2021-01-01/P1Y,1.22,Number of jobs per resident aged 16 to 64,Number of jobs per resident aged 16 to 64,,,,
E07000103,Watford,Local Authority District,Job density,2020-01-01/P1Y,1.17,Number of jobs per resident aged 16 to 64,Number of jobs per resident aged 16 to 64,,,,
E07000103,Watford,Local Authority District,Job density,2018-01-01/P1Y,1.45,Number of jobs per resident aged 16 to 64,Number of jobs per resident aged 16 to 64,,,,
E07000103,Watford,Local Authority District,Job density,2011-01-01/P1Y,1.23,Number of jobs per resident aged 16 to 64,Number of jobs per resident aged 16 to 64,,,,
E07000103,Watford,Local Authority District,Job density,2016-01-01/P1Y,1.56,Number of jobs per resident aged 16 to 64,Number of jobs per resident aged 16 to 64,,,,
E07000103,Watford,Local Authority District,Job density,2012-01-01/P1Y,1.22,Number of jobs per resident aged 16 to 64,Number of jobs per resident aged 16 to 64,,,,
E07000103,Watford,Local Authority District,Job density,2013-01-01/P1Y,1.29,Number of jobs per resident aged 16 to 64,Number of jobs per resident aged 16 to 64,,,,
E07000103,Watford,Local Authority District,Job density,2017-01-01/P1Y,1.57,Number of jobs per resident aged 16 to 64,Number of jobs per resident aged 16 to 64,,,,
E07000103,Watford,Local Authority District,Job density,2015-01-01/P1Y,1.38,Number of jobs per resident aged 16 to 64,Number of jobs per resident aged 16 to 64,,,,
E07000103,Watford,Local Authority District,Job density,2014-01-01/P1Y,1.34,Number of jobs per resident aged 16 to 64,Number of jobs per resident aged 16 to 64,,,,
E07000241,Welwyn Hatfield,Local Authority District,Job density,2024-01-01/P1Y,1.07,Number of jobs per resident aged 16 to 64,Number of jobs per resident aged 16 to 64,,,,
E07000241,Welwyn Hatfield,Local Authority District,Job density,2023-01-01/P1Y,1.11,Number of jobs per resident aged 16 to 64,Number of jobs per resident aged 16 to 64,,,,
E07000241,Welwyn Hatfield,Local Authority District,Job density,2022-01-01/P1Y,1.11,Number of jobs per resident aged 16 to 64,Number of jobs per resident aged 16 to 64,,,,
E07000241,Welwyn Hatfield,Local Authority District,Job density,2021-01-01/P1Y,1.22,Number of jobs per resident aged 16 to 64,Number of jobs per resident aged 16 to 64,,,,
E07000241,Welwyn Hatfield,Local Authority District,Job density,2020-01-01/P1Y,1.19,Number of jobs per resident aged 16 to 64,Number of jobs per resident aged 16 to 64,,,,
E07000241,Welwyn Hatfield,Local Authority District,Job density,2018-01-01/P1Y,1.3,Number of jobs per resident aged 16 to 64,Number of jobs per resident aged 16 to 64,,,,
E07000241,Welwyn Hatfield,Local Authority District,Job density,2019-01-01/P1Y,1.34,Number of jobs per resident aged 16 to 64,Number of jobs per resident aged 16 to 64,,,,
E07000241,Welwyn Hatfield,Local Authority District,Job density,2016-01-01/P1Y,1.14,Number of jobs per resident aged 16 to 64,Number of jobs per resident aged 16 to 64,,,,
E07000241,Welwyn Hatfield,Local Authority District,Job density,2015-01-01/P1Y,1.07,Number of jobs per resident aged 16 to 64,Number of jobs per resident aged 16 to 64,,,,
E07000241,Welwyn Hatfield,Local Authority District,Job density,2014-01-01/P1Y,1.16,Number of jobs per resident aged 16 to 64,Number of jobs per resident aged 16 to 64,,,,
E07000241,Welwyn Hatfield,Local Authority District,Job density,2013-01-01/P1Y,1.13,Number of jobs per resident aged 16 to 64,Number of jobs per resident aged 16 to 64,,,,
E07000241,Welwyn Hatfield,Local Authority District,Job density,2012-01-01/P1Y,1.09,Number of jobs per resident aged 16 to 64,Number of jobs per resident aged 16 to 64,,,,
E07000241,Welwyn Hatfield,Local Authority District,Job density,2011-01-01/P1Y,1.02,Number of jobs per resident aged 16 to 64,Number of jobs per resident aged 16 to 64,,,,
E07000241,Welwyn Hatfield,Local Authority District,Job density,2017-01-01/P1Y,1.3,Number of jobs per resident aged 16 to 64,Number of jobs per resident aged 16 to 64,,,,
E10000020,Norfolk,County or Unitary Authority,Job density,2024-01-01/P1Y,0.83,Number of jobs per resident aged 16 to 64,Number of jobs per resident aged 16 to 64,,,,
E10000020,Norfolk,County or Unitary Authority,Job density,2023-01-01/P1Y,0.82,Number of jobs per resident aged 16 to 64,Number of jobs per resident aged 16 to 64,,,,
E10000020,Norfolk,County or Unitary Authority,Job density,2022-01-01/P1Y,0.81,Number of jobs per resident aged 16 to 64,Number of jobs per resident aged 16 to 64,,,,
E10000020,Norfolk,County or Unitary Authority,Job density,2021-01-01/P1Y,0.79,Number of jobs per resident aged 16 to 64,Number of jobs per resident aged 16 to 64,,,,
E10000020,Norfolk,County or Unitary Authority,Job density,2020-01-01/P1Y,0.8,Number of jobs per resident aged 16 to 64,Number of jobs per resident aged 16 to 64,,,,
E10000020,Norfolk,County or Unitary Authority,Job density,2019-01-01/P1Y,0.81,Number of jobs per resident aged 16 to 64,Number of jobs per resident aged 16 to 64,,,,
E10000020,Norfolk,County or Unitary Authority,Job density,2018-01-01/P1Y,0.82,Number of jobs per resident aged 16 to 64,Number of jobs per resident aged 16 to 64,,,,
E10000020,Norfolk,County or Unitary Authority,Job density,2016-01-01/P1Y,0.82,Number of jobs per resident aged 16 to 64,Number of jobs per resident aged 16 to 64,,,,
E10000020,Norfolk,County or Unitary Authority,Job density,2015-01-01/P1Y,0.8,Number of jobs per resident aged 16 to 64,Number of jobs per resident aged 16 to 64,,,,
E10000020,Norfolk,County or Unitary Authority,Job density,2014-01-01/P1Y,0.78,Number of jobs per resident aged 16 to 64,Number of jobs per resident aged 16 to 64,,,,
E10000020,Norfolk,County or Unitary Authority,Job density,2013-01-01/P1Y,0.77,Number of jobs per resident aged 16 to 64,Number of jobs per resident aged 16 to 64,,,,
E10000020,Norfolk,County or Unitary Authority,Job density,2012-01-01/P1Y,0.79,Number of jobs per resident aged 16 to 64,Number of jobs per resident aged 16 to 64,,,,
E10000020,Norfolk,County or Unitary Authority,Job density,2011-01-01/P1Y,0.75,Number of jobs per resident aged 16 to 64,Number of jobs per resident aged 16 to 64,,,,
E10000020,Norfolk,County or Unitary Authority,Job density,2017-01-01/P1Y,0.82,Number of jobs per resident aged 16 to 64,Number of jobs per resident aged 16 to 64,,,,
E07000143,Breckland,Local Authority District,Job density,2024-01-01/P1Y,0.77,Number of jobs per resident aged 16 to 64,Number of jobs per resident aged 16 to 64,,,,
E07000143,Breckland,Local Authority District,Job density,2023-01-01/P1Y,0.69,Number of jobs per resident aged 16 to 64,Number of jobs per resident aged 16 to 64,,,,
E07000143,Breckland,Local Authority District,Job density,2022-01-01/P1Y,0.71,Number of jobs per resident aged 16 to 64,Number of jobs per resident aged 16 to 64,,,,
E07000143,Breckland,Local Authority District,Job density,2021-01-01/P1Y,0.67,Number of jobs per resident aged 16 to 64,Number of jobs per resident aged 16 to 64,,,,
E07000143,Breckland,Local Authority District,Job density,2020-01-01/P1Y,0.69,Number of jobs per resident aged 16 to 64,Number of jobs per resident aged 16 to 64,,,,
E07000143,Breckland,Local Authority District,Job density,2019-01-01/P1Y,0.68,Number of jobs per resident aged 16 to 64,Number of jobs per resident aged 16 to 64,,,,
E07000143,Breckland,Local Authority District,Job density,2018-01-01/P1Y,0.7,Number of jobs per resident aged 16 to 64,Number of jobs per resident aged 16 to 64,,,,
E07000143,Breckland,Local Authority District,Job density,2017-01-01/P1Y,0.67,Number of jobs per resident aged 16 to 64,Number of jobs per resident aged 16 to 64,,,,
E07000143,Breckland,Local Authority District,Job density,2015-01-01/P1Y,0.7,Number of jobs per resident aged 16 to 64,Number of jobs per resident aged 16 to 64,,,,
E07000143,Breckland,Local Authority District,Job density,2014-01-01/P1Y,0.68,Number of jobs per resident aged 16 to 64,Number of jobs per resident aged 16 to 64,,,,
E07000143,Breckland,Local Authority District,Job density,2013-01-01/P1Y,0.62,Number of jobs per resident aged 16 to 64,Number of jobs per resident aged 16 to 64,,,,
E07000143,Breckland,Local Authority District,Job density,2012-01-01/P1Y,0.65,Number of jobs per resident aged 16 to 64,Number of jobs per resident aged 16 to 64,,,,
E07000143,Breckland,Local Authority District,Job density,2011-01-01/P1Y,0.64,Number of jobs per resident aged 16 to 64,Number of jobs per resident aged 16 to 64,,,,
E07000143,Breckland,Local Authority District,Job density,2016-01-01/P1Y,0.7,Number of jobs per resident aged 16 to 64,Number of jobs per resident aged 16 to 64,,,,
E07000144,Broadland,Local Authority District,Job density,2019-01-01/P1Y,0.79,Number of jobs per resident aged 16 to 64,Number of jobs per resident aged 16 to 64,,,,
E07000144,Broadland,Local Authority District,Job density,2024-01-01/P1Y,0.7,Number of jobs per resident aged 16 to 64,Number of jobs per resident aged 16 to 64,,,,
E07000144,Broadland,Local Authority District,Job density,2023-01-01/P1Y,0.78,Number of jobs per resident aged 16 to 64,Number of jobs per resident aged 16 to 64,,,,
E07000144,Broadland,Local Authority District,Job density,2022-01-01/P1Y,0.71,Number of jobs per resident aged 16 to 64,Number of jobs per resident aged 16 to 64,,,,
E07000144,Broadland,Local Authority District,Job density,2021-01-01/P1Y,0.7,Number of jobs per resident aged 16 to 64,Number of jobs per resident aged 16 to 64,,,,
E07000144,Broadland,Local Authority District,Job density,2020-01-01/P1Y,0.68,Number of jobs per resident aged 16 to 64,Number of jobs per resident aged 16 to 64,,,,
E07000144,Broadland,Local Authority District,Job density,2018-01-01/P1Y,0.77,Number of jobs per resident aged 16 to 64,Number of jobs per resident aged 16 to 64,,,,
E07000144,Broadland,Local Authority District,Job density,2011-01-01/P1Y,0.67,Number of jobs per resident aged 16 to 64,Number of jobs per resident aged 16 to 64,,,,
E07000144,Broadland,Local Authority District,Job density,2016-01-01/P1Y,0.79,Number of jobs per resident aged 16 to 64,Number of jobs per resident aged 16 to 64,,,,
E07000144,Broadland,Local Authority District,Job density,2015-01-01/P1Y,0.73,Number of jobs per resident aged 16 to 64,Number of jobs per resident aged 16 to 64,,,,
E07000144,Broadland,Local Authority District,Job density,2014-01-01/P1Y,0.71,Number of jobs per resident aged 16 to 64,Number of jobs per resident aged 16 to 64,,,,
E07000144,Broadland,Local Authority District,Job density,2013-01-01/P1Y,0.73,Number of jobs per resident aged 16 to 64,Number of jobs per resident aged 16 to 64,,,,
E07000144,Broadland,Local Authority District,Job density,2012-01-01/P1Y,0.75,Number of jobs per resident aged 16 to 64,Number of jobs per resident aged 16 to 64,,,,
E07000144,Broadland,Local Authority District,Job density,2017-01-01/P1Y,0.83,Number of jobs per resident aged 16 to 64,Number of jobs per resident aged 16 to 64,,,,
E07000145,Great Yarmouth,Local Authority District,Job density,2024-01-01/P1Y,0.71,Number of jobs per resident aged 16 to 64,Number of jobs per resident aged 16 to 64,,,,
E07000145,Great Yarmouth,Local Authority District,Job density,2023-01-01/P1Y,0.74,Number of jobs per resident aged 16 to 64,Number of jobs per resident aged 16 to 64,,,,
E07000145,Great Yarmouth,Local Authority District,Job density,2022-01-01/P1Y,0.75,Number of jobs per resident aged 16 to 64,Number of jobs per resident aged 16 to 64,,,,
E07000145,Great Yarmouth,Local Authority District,Job density,2021-01-01/P1Y,0.74,Number of jobs per resident aged 16 to 64,Number of jobs per resident aged 16 to 64,,,,
E07000145,Great Yarmouth,Local Authority District,Job density,2020-01-01/P1Y,0.76,Number of jobs per resident aged 16 to 64,Number of jobs per resident aged 16 to 64,,,,
E07000145,Great Yarmouth,Local Authority District,Job density,2019-01-01/P1Y,0.73,Number of jobs per resident aged 16 to 64,Number of jobs per resident aged 16 to 64,,,,
E07000145,Great Yarmouth,Local Authority District,Job density,2018-01-01/P1Y,0.69,Number of jobs per resident aged 16 to 64,Number of jobs per resident aged 16 to 64,,,,
E07000145,Great Yarmouth,Local Authority District,Job density,2017-01-01/P1Y,0.71,Number of jobs per resident aged 16 to 64,Number of jobs per resident aged 16 to 64,,,,
E07000145,Great Yarmouth,Local Authority District,Job density,2016-01-01/P1Y,0.76,Number of jobs per resident aged 16 to 64,Number of jobs per resident aged 16 to 64,,,,
E07000145,Great Yarmouth,Local Authority District,Job density,2015-01-01/P1Y,0.7,Number of jobs per resident aged 16 to 64,Number of jobs per resident aged 16 to 64,,,,
E07000145,Great Yarmouth,Local Authority District,Job density,2014-01-01/P1Y,0.73,Number of jobs per resident aged 16 to 64,Number of jobs per resident aged 16 to 64,,,,
E07000145,Great Yarmouth,Local Authority District,Job density,2013-01-01/P1Y,0.74,Number of jobs per resident aged 16 to 64,Number of jobs per resident aged 16 to 64,,,,
E07000145,Great Yarmouth,Local Authority District,Job density,2012-01-01/P1Y,0.74,Number of jobs per resident aged 16 to 64,Number of jobs per resident aged 16 to 64,,,,
E07000145,Great Yarmouth,Local Authority District,Job density,2011-01-01/P1Y,0.7,Number of jobs per resident aged 16 to 64,Number of jobs per resident aged 16 to 64,,,,
E07000146,King's Lynn and West Norfolk,Local Authority District,Job density,2023-01-01/P1Y,0.81,Number of jobs per resident aged 16 to 64,Number of jobs per resident aged 16 to 64,,,,
E07000146,King's Lynn and West Norfolk,Local Authority District,Job density,2022-01-01/P1Y,0.82,Number of jobs per resident aged 16 to 64,Number of jobs per resident aged 16 to 64,,,,
E07000146,King's Lynn and West Norfolk,Local Authority District,Job density,2021-01-01/P1Y,0.8,Number of jobs per resident aged 16 to 64,Number of jobs per resident aged 16 to 64,,,,
E07000146,King's Lynn and West Norfolk,Local Authority District,Job density,2020-01-01/P1Y,0.78,Number of jobs per resident aged 16 to 64,Number of jobs per resident aged 16 to 64,,,,
E07000146,King's Lynn and West Norfolk,Local Authority District,Job density,2019-01-01/P1Y,0.75,Number of jobs per resident aged 16 to 64,Number of jobs per resident aged 16 to 64,,,,
E07000146,King's Lynn and West Norfolk,Local Authority District,Job density,2018-01-01/P1Y,0.78,Number of jobs per resident aged 16 to 64,Number of jobs per resident aged 16 to 64,,,,
E07000146,King's Lynn and West Norfolk,Local Authority District,Job density,2024-01-01/P1Y,0.84,Number of jobs per resident aged 16 to 64,Number of jobs per resident aged 16 to 64,,,,
E07000146,King's Lynn and West Norfolk,Local Authority District,Job density,2016-01-01/P1Y,0.75,Number of jobs per resident aged 16 to 64,Number of jobs per resident aged 16 to 64,,,,
E07000146,King's Lynn and West Norfolk,Local Authority District,Job density,2015-01-01/P1Y,0.76,Number of jobs per resident aged 16 to 64,Number of jobs per resident aged 16 to 64,,,,
E07000146,King's Lynn and West Norfolk,Local Authority District,Job density,2014-01-01/P1Y,0.75,Number of jobs per resident aged 16 to 64,Number of jobs per resident aged 16 to 64,,,,
E07000146,King's Lynn and West Norfolk,Local Authority District,Job density,2013-01-01/P1Y,0.69,Number of jobs per resident aged 16 to 64,Number of jobs per resident aged 16 to 64,,,,
E07000146,King's Lynn and West Norfolk,Local Authority District,Job density,2012-01-01/P1Y,0.76,Number of jobs per resident aged 16 to 64,Number of jobs per resident aged 16 to 64,,,,
E07000146,King's Lynn and West Norfolk,Local Authority District,Job density,2011-01-01/P1Y,0.71,Number of jobs per resident aged 16 to 64,Number of jobs per resident aged 16 to 64,,,,
E07000146,King's Lynn and West Norfolk,Local Authority District,Job density,2017-01-01/P1Y,0.82,Number of jobs per resident aged 16 to 64,Number of jobs per resident aged 16 to 64,,,,
E07000147,North Norfolk,Local Authority District,Job density,2023-01-01/P1Y,0.78,Number of jobs per resident aged 16 to 64,Number of jobs per resident aged 16 to 64,,,,
E07000147,North Norfolk,Local Authority District,Job density,2022-01-01/P1Y,0.77,Number of jobs per resident aged 16 to 64,Number of jobs per resident aged 16 to 64,,,,
E07000147,North Norfolk,Local Authority District,Job density,2021-01-01/P1Y,0.78,Number of jobs per resident aged 16 to 64,Number of jobs per resident aged 16 to 64,,,,
E07000147,North Norfolk,Local Authority District,Job density,2020-01-01/P1Y,0.88,Number of jobs per resident aged 16 to 64,Number of jobs per resident aged 16 to 64,,,,
E07000147,North Norfolk,Local Authority District,Job density,2019-01-01/P1Y,0.8,Number of jobs per resident aged 16 to 64,Number of jobs per resident aged 16 to 64,,,,
E07000147,North Norfolk,Local Authority District,Job density,2018-01-01/P1Y,0.79,Number of jobs per resident aged 16 to 64,Number of jobs per resident aged 16 to 64,,,,
E07000147,North Norfolk,Local Authority District,Job density,2024-01-01/P1Y,0.79,Number of jobs per resident aged 16 to 64,Number of jobs per resident aged 16 to 64,,,,
E07000147,North Norfolk,Local Authority District,Job density,2016-01-01/P1Y,0.83,Number of jobs per resident aged 16 to 64,Number of jobs per resident aged 16 to 64,,,,
E07000147,North Norfolk,Local Authority District,Job density,2015-01-01/P1Y,0.76,Number of jobs per resident aged 16 to 64,Number of jobs per resident aged 16 to 64,,,,
E07000147,North Norfolk,Local Authority District,Job density,2014-01-01/P1Y,0.71,Number of jobs per resident aged 16 to 64,Number of jobs per resident aged 16 to 64,,,,
E07000147,North Norfolk,Local Authority District,Job density,2013-01-01/P1Y,0.73,Number of jobs per resident aged 16 to 64,Number of jobs per resident aged 16 to 64,,,,
E07000147,North Norfolk,Local Authority District,Job density,2012-01-01/P1Y,0.74,Number of jobs per resident aged 16 to 64,Number of jobs per resident aged 16 to 64,,,,
E07000147,North Norfolk,Local Authority District,Job density,2011-01-01/P1Y,0.69,Number of jobs per resident aged 16 to 64,Number of jobs per resident aged 16 to 64,,,,
E07000147,North Norfolk,Local Authority District,Job density,2017-01-01/P1Y,0.74,Number of jobs per resident aged 16 to 64,Number of jobs per resident aged 16 to 64,,,,
E07000148,Norwich,Local Authority District,Job density,2024-01-01/P1Y,1.04,Number of jobs per resident aged 16 to 64,Number of jobs per resident aged 16 to 64,,,,
E07000148,Norwich,Local Authority District,Job density,2023-01-01/P1Y,1.06,Number of jobs per resident aged 16 to 64,Number of jobs per resident aged 16 to 64,,,,
E07000148,Norwich,Local Authority District,Job density,2022-01-01/P1Y,1.03,Number of jobs per resident aged 16 to 64,Number of jobs per resident aged 16 to 64,,,,
E07000148,Norwich,Local Authority District,Job density,2021-01-01/P1Y,0.99,Number of jobs per resident aged 16 to 64,Number of jobs per resident aged 16 to 64,,,,
E07000148,Norwich,Local Authority District,Job density,2020-01-01/P1Y,0.99,Number of jobs per resident aged 16 to 64,Number of jobs per resident aged 16 to 64,,,,
E07000148,Norwich,Local Authority District,Job density,2019-01-01/P1Y,1.08,Number of jobs per resident aged 16 to 64,Number of jobs per resident aged 16 to 64,,,,
E07000148,Norwich,Local Authority District,Job density,2018-01-01/P1Y,1.07,Number of jobs per resident aged 16 to 64,Number of jobs per resident aged 16 to 64,,,,
E07000148,Norwich,Local Authority District,Job density,2017-01-01/P1Y,1.05,Number of jobs per resident aged 16 to 64,Number of jobs per resident aged 16 to 64,,,,
E07000148,Norwich,Local Authority District,Job density,2015-01-01/P1Y,1.05,Number of jobs per resident aged 16 to 64,Number of jobs per resident aged 16 to 64,,,,
E07000148,Norwich,Local Authority District,Job density,2014-01-01/P1Y,1.05,Number of jobs per resident aged 16 to 64,Number of jobs per resident aged 16 to 64,,,,
E07000148,Norwich,Local Authority District,Job density,2013-01-01/P1Y,1.03,Number of jobs per resident aged 16 to 64,Number of jobs per resident aged 16 to 64,,,,
E07000148,Norwich,Local Authority District,Job density,2012-01-01/P1Y,1.06,Number of jobs per resident aged 16 to 64,Number of jobs per resident aged 16 to 64,,,,
E07000148,Norwich,Local Authority District,Job density,2011-01-01/P1Y,1.03,Number of jobs per resident aged 16 to 64,Number of jobs per resident aged 16 to 64,,,,
E07000148,Norwich,Local Authority District,Job density,2016-01-01/P1Y,1.08,Number of jobs per resident aged 16 to 64,Number of jobs per resident aged 16 to 64,,,,
E07000149,South Norfolk,Local Authority District,Job density,2020-01-01/P1Y,0.77,Number of jobs per resident aged 16 to 64,Number of jobs per resident aged 16 to 64,,,,
E07000149,South Norfolk,Local Authority District,Job density,2024-01-01/P1Y,0.83,Number of jobs per resident aged 16 to 64,Number of jobs per resident aged 16 to 64,,,,
E07000149,South Norfolk,Local Authority District,Job density,2023-01-01/P1Y,0.76,Number of jobs per resident aged 16 to 64,Number of jobs per resident aged 16 to 64,,,,
E07000149,South Norfolk,Local Authority District,Job density,2022-01-01/P1Y,0.78,Number of jobs per resident aged 16 to 64,Number of jobs per resident aged 16 to 64,,,,
E07000149,South Norfolk,Local Authority District,Job density,2021-01-01/P1Y,0.77,Number of jobs per resident aged 16 to 64,Number of jobs per resident aged 16 to 64,,,,
E07000149,South Norfolk,Local Authority District,Job density,2019-01-01/P1Y,0.79,Number of jobs per resident aged 16 to 64,Number of jobs per resident aged 16 to 64,,,,
E07000149,South Norfolk,Local Authority District,Job density,2018-01-01/P1Y,0.83,Number of jobs per resident aged 16 to 64,Number of jobs per resident aged 16 to 64,,,,
E07000149,South Norfolk,Local Authority District,Job density,2016-01-01/P1Y,0.8,Number of jobs per resident aged 16 to 64,Number of jobs per resident aged 16 to 64,,,,
E07000149,South Norfolk,Local Authority District,Job density,2015-01-01/P1Y,0.83,Number of jobs per resident aged 16 to 64,Number of jobs per resident aged 16 to 64,,,,
E07000149,South Norfolk,Local Authority District,Job density,2014-01-01/P1Y,0.75,Number of jobs per resident aged 16 to 64,Number of jobs per resident aged 16 to 64,,,,
E07000149,South Norfolk,Local Authority District,Job density,2013-01-01/P1Y,0.77,Number of jobs per resident aged 16 to 64,Number of jobs per resident aged 16 to 64,,,,
E07000149,South Norfolk,Local Authority District,Job density,2012-01-01/P1Y,0.77,Number of jobs per resident aged 16 to 64,Number of jobs per resident aged 16 to 64,,,,
E07000149,South Norfolk,Local Authority District,Job density,2011-01-01/P1Y,0.75,Number of jobs per resident aged 16 to 64,Number of jobs per resident aged 16 to 64,,,,
E07000149,South Norfolk,Local Authority District,Job density,2017-01-01/P1Y,0.81,Number of jobs per resident aged 16 to 64,Number of jobs per resident aged 16 to 64,,,,
E10000029,Suffolk,County or Unitary Authority,Job density,2017-01-01/P1Y,0.86,Number of jobs per resident aged 16 to 64,Number of jobs per resident aged 16 to 64,,,,
E10000029,Suffolk,County or Unitary Authority,Job density,2024-01-01/P1Y,0.87,Number of jobs per resident aged 16 to 64,Number of jobs per resident aged 16 to 64,,,,
E10000029,Suffolk,County or Unitary Authority,Job density,2023-01-01/P1Y,0.88,Number of jobs per resident aged 16 to 64,Number of jobs per resident aged 16 to 64,,,,
E10000029,Suffolk,County or Unitary Authority,Job density,2022-01-01/P1Y,0.85,Number of jobs per resident aged 16 to 64,Number of jobs per resident aged 16 to 64,,,,
E10000029,Suffolk,County or Unitary Authority,Job density,2021-01-01/P1Y,0.87,Number of jobs per resident aged 16 to 64,Number of jobs per resident aged 16 to 64,,,,
E10000029,Suffolk,County or Unitary Authority,Job density,2020-01-01/P1Y,0.87,Number of jobs per resident aged 16 to 64,Number of jobs per resident aged 16 to 64,,,,
E10000029,Suffolk,County or Unitary Authority,Job density,2019-01-01/P1Y,0.86,Number of jobs per resident aged 16 to 64,Number of jobs per resident aged 16 to 64,,,,
E10000029,Suffolk,County or Unitary Authority,Job density,2015-01-01/P1Y,0.82,Number of jobs per resident aged 16 to 64,Number of jobs per resident aged 16 to 64,,,,
E10000029,Suffolk,County or Unitary Authority,Job density,2016-01-01/P1Y,0.83,Number of jobs per resident aged 16 to 64,Number of jobs per resident aged 16 to 64,,,,
E10000029,Suffolk,County or Unitary Authority,Job density,2014-01-01/P1Y,0.82,Number of jobs per resident aged 16 to 64,Number of jobs per resident aged 16 to 64,,,,
E10000029,Suffolk,County or Unitary Authority,Job density,2013-01-01/P1Y,0.8,Number of jobs per resident aged 16 to 64,Number of jobs per resident aged 16 to 64,,,,
E10000029,Suffolk,County or Unitary Authority,Job density,2012-01-01/P1Y,0.79,Number of jobs per resident aged 16 to 64,Number of jobs per resident aged 16 to 64,,,,
E10000029,Suffolk,County or Unitary Authority,Job density,2011-01-01/P1Y,0.8,Number of jobs per resident aged 16 to 64,Number of jobs per resident aged 16 to 64,,,,
E10000029,Suffolk,County or Unitary Authority,Job density,2018-01-01/P1Y,0.87,Number of jobs per resident aged 16 to 64,Number of jobs per resident aged 16 to 64,,,,
E07000200,Babergh,Local Authority District,Job density,2020-01-01/P1Y,0.76,Number of jobs per resident aged 16 to 64,Number of jobs per resident aged 16 to 64,,,,
E07000200,Babergh,Local Authority District,Job density,2021-01-01/P1Y,0.73,Number of jobs per resident aged 16 to 64,Number of jobs per resident aged 16 to 64,,,,
E07000200,Babergh,Local Authority District,Job density,2024-01-01/P1Y,0.73,Number of jobs per resident aged 16 to 64,Number of jobs per resident aged 16 to 64,,,,
E07000200,Babergh,Local Authority District,Job density,2019-01-01/P1Y,0.7,Number of jobs per resident aged 16 to 64,Number of jobs per resident aged 16 to 64,,,,
E07000200,Babergh,Local Authority District,Job density,2023-01-01/P1Y,0.72,Number of jobs per resident aged 16 to 64,Number of jobs per resident aged 16 to 64,,,,
E07000200,Babergh,Local Authority District,Job density,2018-01-01/P1Y,0.71,Number of jobs per resident aged 16 to 64,Number of jobs per resident aged 16 to 64,,,,
E07000200,Babergh,Local Authority District,Job density,2022-01-01/P1Y,0.74,Number of jobs per resident aged 16 to 64,Number of jobs per resident aged 16 to 64,,,,
E07000200,Babergh,Local Authority District,Job density,2016-01-01/P1Y,0.72,Number of jobs per resident aged 16 to 64,Number of jobs per resident aged 16 to 64,,,,
E07000200,Babergh,Local Authority District,Job density,2015-01-01/P1Y,0.76,Number of jobs per resident aged 16 to 64,Number of jobs per resident aged 16 to 64,,,,
E07000200,Babergh,Local Authority District,Job density,2014-01-01/P1Y,0.72,Number of jobs per resident aged 16 to 64,Number of jobs per resident aged 16 to 64,,,,
E07000200,Babergh,Local Authority District,Job density,2013-01-01/P1Y,0.72,Number of jobs per resident aged 16 to 64,Number of jobs per resident aged 16 to 64,,,,
E07000200,Babergh,Local Authority District,Job density,2012-01-01/P1Y,0.71,Number of jobs per resident aged 16 to 64,Number of jobs per resident aged 16 to 64,,,,
E07000200,Babergh,Local Authority District,Job density,2011-01-01/P1Y,0.7,Number of jobs per resident aged 16 to 64,Number of jobs per resident aged 16 to 64,,,,
E07000200,Babergh,Local Authority District,Job density,2017-01-01/P1Y,0.74,Number of jobs per resident aged 16 to 64,Number of jobs per resident aged 16 to 64,,,,
E07000244,East Suffolk,Local Authority District,Job density,2024-01-01/P1Y,0.83,Number of jobs per resident aged 16 to 64,Number of jobs per resident aged 16 to 64,,,,
E07000244,East Suffolk,Local Authority District,Job density,2023-01-01/P1Y,0.86,Number of jobs per resident aged 16 to 64,Number of jobs per resident aged 16 to 64,,,,
E07000244,East Suffolk,Local Authority District,Job density,2021-01-01/P1Y,0.8,Number of jobs per resident aged 16 to 64,Number of jobs per resident aged 16 to 64,,,,
E07000244,East Suffolk,Local Authority District,Job density,2020-01-01/P1Y,0.79,Number of jobs per resident aged 16 to 64,Number of jobs per resident aged 16 to 64,,,,
E07000244,East Suffolk,Local Authority District,Job density,2019-01-01/P1Y,0.79,Number of jobs per resident aged 16 to 64,Number of jobs per resident aged 16 to 64,,,,
E07000244,East Suffolk,Local Authority District,Job density,2018-01-01/P1Y,0.84,Number of jobs per resident aged 16 to 64,Number of jobs per resident aged 16 to 64,,,,
E07000244,East Suffolk,Local Authority District,Job density,2022-01-01/P1Y,0.82,Number of jobs per resident aged 16 to 64,Number of jobs per resident aged 16 to 64,,,,
E07000244,East Suffolk,Local Authority District,Job density,2016-01-01/P1Y,0.79,Number of jobs per resident aged 16 to 64,Number of jobs per resident aged 16 to 64,,,,
E07000244,East Suffolk,Local Authority District,Job density,2015-01-01/P1Y,0.79,Number of jobs per resident aged 16 to 64,Number of jobs per resident aged 16 to 64,,,,
E07000244,East Suffolk,Local Authority District,Job density,2014-01-01/P1Y,0.8,Number of jobs per resident aged 16 to 64,Number of jobs per resident aged 16 to 64,,,,
E07000244,East Suffolk,Local Authority District,Job density,2013-01-01/P1Y,0.74,Number of jobs per resident aged 16 to 64,Number of jobs per resident aged 16 to 64,,,,
E07000244,East Suffolk,Local Authority District,Job density,2012-01-01/P1Y,0.78,Number of jobs per resident aged 16 to 64,Number of jobs per resident aged 16 to 64,,,,
E07000244,East Suffolk,Local Authority District,Job density,2011-01-01/P1Y,0.78,Number of jobs per resident aged 16 to 64,Number of jobs per resident aged 16 to 64,,,,
E07000244,East Suffolk,Local Authority District,Job density,2017-01-01/P1Y,0.81,Number of jobs per resident aged 16 to 64,Number of jobs per resident aged 16 to 64,,,,
E07000202,Ipswich,Local Authority District,Job density,2024-01-01/P1Y,0.89,Number of jobs per resident aged 16 to 64,Number of jobs per resident aged 16 to 64,,,,
E07000202,Ipswich,Local Authority District,Job density,2023-01-01/P1Y,0.94,Number of jobs per resident aged 16 to 64,Number of jobs per resident aged 16 to 64,,,,
E07000202,Ipswich,Local Authority District,Job density,2022-01-01/P1Y,0.88,Number of jobs per resident aged 16 to 64,Number of jobs per resident aged 16 to 64,,,,
E07000202,Ipswich,Local Authority District,Job density,2021-01-01/P1Y,0.91,Number of jobs per resident aged 16 to 64,Number of jobs per resident aged 16 to 64,,,,
E07000202,Ipswich,Local Authority District,Job density,2020-01-01/P1Y,0.9,Number of jobs per resident aged 16 to 64,Number of jobs per resident aged 16 to 64,,,,
E07000202,Ipswich,Local Authority District,Job density,2019-01-01/P1Y,0.89,Number of jobs per resident aged 16 to 64,Number of jobs per resident aged 16 to 64,,,,
E07000202,Ipswich,Local Authority District,Job density,2018-01-01/P1Y,0.91,Number of jobs per resident aged 16 to 64,Number of jobs per resident aged 16 to 64,,,,
E07000202,Ipswich,Local Authority District,Job density,2015-01-01/P1Y,0.85,Number of jobs per resident aged 16 to 64,Number of jobs per resident aged 16 to 64,,,,
E07000202,Ipswich,Local Authority District,Job density,2016-01-01/P1Y,0.89,Number of jobs per resident aged 16 to 64,Number of jobs per resident aged 16 to 64,,,,
E07000202,Ipswich,Local Authority District,Job density,2014-01-01/P1Y,0.83,Number of jobs per resident aged 16 to 64,Number of jobs per resident aged 16 to 64,,,,
E07000202,Ipswich,Local Authority District,Job density,2013-01-01/P1Y,0.84,Number of jobs per resident aged 16 to 64,Number of jobs per resident aged 16 to 64,,,,
E07000202,Ipswich,Local Authority District,Job density,2012-01-01/P1Y,0.82,Number of jobs per resident aged 16 to 64,Number of jobs per resident aged 16 to 64,,,,
E07000202,Ipswich,Local Authority District,Job density,2011-01-01/P1Y,0.86,Number of jobs per resident aged 16 to 64,Number of jobs per resident aged 16 to 64,,,,
E07000202,Ipswich,Local Authority District,Job density,2017-01-01/P1Y,0.89,Number of jobs per resident aged 16 to 64,Number of jobs per resident aged 16 to 64,,,,
E07000203,Mid Suffolk,Local Authority District,Job density,2020-01-01/P1Y,0.83,Number of jobs per resident aged 16 to 64,Number of jobs per resident aged 16 to 64,,,,
E07000203,Mid Suffolk,Local Authority District,Job density,2021-01-01/P1Y,0.81,Number of jobs per resident aged 16 to 64,Number of jobs per resident aged 16 to 64,,,,
E07000203,Mid Suffolk,Local Authority District,Job density,2019-01-01/P1Y,0.81,Number of jobs per resident aged 16 to 64,Number of jobs per resident aged 16 to 64,,,,
E07000203,Mid Suffolk,Local Authority District,Job density,2023-01-01/P1Y,0.74,Number of jobs per resident aged 16 to 64,Number of jobs per resident aged 16 to 64,,,,
E07000203,Mid Suffolk,Local Authority District,Job density,2024-01-01/P1Y,0.78,Number of jobs per resident aged 16 to 64,Number of jobs per resident aged 16 to 64,,,,
E07000203,Mid Suffolk,Local Authority District,Job density,2022-01-01/P1Y,0.76,Number of jobs per resident aged 16 to 64,Number of jobs per resident aged 16 to 64,,,,
E07000203,Mid Suffolk,Local Authority District,Job density,2018-01-01/P1Y,0.8,Number of jobs per resident aged 16 to 64,Number of jobs per resident aged 16 to 64,,,,
E07000203,Mid Suffolk,Local Authority District,Job density,2014-01-01/P1Y,0.77,Number of jobs per resident aged 16 to 64,Number of jobs per resident aged 16 to 64,,,,
E07000203,Mid Suffolk,Local Authority District,Job density,2016-01-01/P1Y,0.75,Number of jobs per resident aged 16 to 64,Number of jobs per resident aged 16 to 64,,,,
E07000203,Mid Suffolk,Local Authority District,Job density,2015-01-01/P1Y,0.79,Number of jobs per resident aged 16 to 64,Number of jobs per resident aged 16 to 64,,,,
E07000203,Mid Suffolk,Local Authority District,Job density,2017-01-01/P1Y,0.79,Number of jobs per resident aged 16 to 64,Number of jobs per resident aged 16 to 64,,,,
E07000203,Mid Suffolk,Local Authority District,Job density,2013-01-01/P1Y,0.77,Number of jobs per resident aged 16 to 64,Number of jobs per resident aged 16 to 64,,,,
E07000203,Mid Suffolk,Local Authority District,Job density,2012-01-01/P1Y,0.73,Number of jobs per resident aged 16 to 64,Number of jobs per resident aged 16 to 64,,,,
E07000203,Mid Suffolk,Local Authority District,Job density,2011-01-01/P1Y,0.73,Number of jobs per resident aged 16 to 64,Number of jobs per resident aged 16 to 64,,,,
E07000245,West Suffolk,Local Authority District,Job density,2024-01-01/P1Y,1.04,Number of jobs per resident aged 16 to 64,Number of jobs per resident aged 16 to 64,,,,
E07000245,West Suffolk,Local Authority District,Job density,2023-01-01/P1Y,1.01,Number of jobs per resident aged 16 to 64,Number of jobs per resident aged 16 to 64,,,,
E07000245,West Suffolk,Local Authority District,Job density,2022-01-01/P1Y,0.98,Number of jobs per resident aged 16 to 64,Number of jobs per resident aged 16 to 64,,,,
E07000245,West Suffolk,Local Authority District,Job density,2021-01-01/P1Y,1.02,Number of jobs per resident aged 16 to 64,Number of jobs per resident aged 16 to 64,,,,
E07000245,West Suffolk,Local Authority District,Job density,2020-01-01/P1Y,1.0,Number of jobs per resident aged 16 to 64,Number of jobs per resident aged 16 to 64,,,,
E07000245,West Suffolk,Local Authority District,Job density,2019-01-01/P1Y,1.02,Number of jobs per resident aged 16 to 64,Number of jobs per resident aged 16 to 64,,,,
E07000245,West Suffolk,Local Authority District,Job density,2018-01-01/P1Y,1.0,Number of jobs per resident aged 16 to 64,Number of jobs per resident aged 16 to 64,,,,
E07000245,West Suffolk,Local Authority District,Job density,2016-01-01/P1Y,0.93,Number of jobs per resident aged 16 to 64,Number of jobs per resident aged 16 to 64,,,,
E07000245,West Suffolk,Local Authority District,Job density,2015-01-01/P1Y,0.89,Number of jobs per resident aged 16 to 64,Number of jobs per resident aged 16 to 64,,,,
E07000245,West Suffolk,Local Authority District,Job density,2014-01-01/P1Y,0.9,Number of jobs per resident aged 16 to 64,Number of jobs per resident aged 16 to 64,,,,
E07000245,West Suffolk,Local Authority District,Job density,2013-01-01/P1Y,0.89,Number of jobs per resident aged 16 to 64,Number of jobs per resident aged 16 to 64,,,,
E07000245,West Suffolk,Local Authority District,Job density,2012-01-01/P1Y,0.86,Number of jobs per resident aged 16 to 64,Number of jobs per resident aged 16 to 64,,,,
E07000245,West Suffolk,Local Authority District,Job density,2011-01-01/P1Y,0.88,Number of jobs per resident aged 16 to 64,Number of jobs per resident aged 16 to 64,,,,
E07000245,West Suffolk,Local Authority District,Job density,2017-01-01/P1Y,0.98,Number of jobs per resident aged 16 to 64,Number of jobs per resident aged 16 to 64,,,,
E12000007,London,Region,Job density,2019-01-01/P1Y,1.02,Number of jobs per resident aged 16 to 64,Number of jobs per resident aged 16 to 64,,,,
E12000007,London,Region,Job density,2024-01-01/P1Y,1.06,Number of jobs per resident aged 16 to 64,Number of jobs per resident aged 16 to 64,,,,
E12000007,London,Region,Job density,2023-01-01/P1Y,1.05,Number of jobs per resident aged 16 to 64,Number of jobs per resident aged 16 to 64,,,,
E12000007,London,Region,Job density,2022-01-01/P1Y,1.06,Number of jobs per resident aged 16 to 64,Number of jobs per resident aged 16 to 64,,,,
E12000007,London,Region,Job density,2021-01-01/P1Y,1.01,Number of jobs per resident aged 16 to 64,Number of jobs per resident aged 16 to 64,,,,
E12000007,London,Region,Job density,2020-01-01/P1Y,0.98,Number of jobs per resident aged 16 to 64,Number of jobs per resident aged 16 to 64,,,,
E12000007,London,Region,Job density,2018-01-01/P1Y,1.01,Number of jobs per resident aged 16 to 64,Number of jobs per resident aged 16 to 64,,,,
E12000007,London,Region,Job density,2014-01-01/P1Y,0.95,Number of jobs per resident aged 16 to 64,Number of jobs per resident aged 16 to 64,,,,
E12000007,London,Region,Job density,2016-01-01/P1Y,1.0,Number of jobs per resident aged 16 to 64,Number of jobs per resident aged 16 to 64,,,,
E12000007,London,Region,Job density,2015-01-01/P1Y,0.98,Number of jobs per resident aged 16 to 64,Number of jobs per resident aged 16 to 64,,,,
E12000007,London,Region,Job density,2013-01-01/P1Y,0.92,Number of jobs per resident aged 16 to 64,Number of jobs per resident aged 16 to 64,,,,
E12000007,London,Region,Job density,2012-01-01/P1Y,0.91,Number of jobs per resident aged 16 to 64,Number of jobs per resident aged 16 to 64,,,,
E12000007,London,Region,Job density,2011-01-01/P1Y,0.89,Number of jobs per resident aged 16 to 64,Number of jobs per resident aged 16 to 64,,,,
E12000007,London,Region,Job density,2017-01-01/P1Y,1.02,Number of jobs per resident aged 16 to 64,Number of jobs per resident aged 16 to 64,,,,
E09000007,Camden,Local Authority District,Job density,2019-01-01/P1Y,2.55,Number of jobs per resident aged 16 to 64,Number of jobs per resident aged 16 to 64,,,,
E09000007,Camden,Local Authority District,Job density,2020-01-01/P1Y,2.5,Number of jobs per resident aged 16 to 64,Number of jobs per resident aged 16 to 64,,,,
E09000007,Camden,Local Authority District,Job density,2021-01-01/P1Y,2.72,Number of jobs per resident aged 16 to 64,Number of jobs per resident aged 16 to 64,,,,
E09000007,Camden,Local Authority District,Job density,2023-01-01/P1Y,2.77,Number of jobs per resident aged 16 to 64,Number of jobs per resident aged 16 to 64,,,,
E09000007,Camden,Local Authority District,Job density,2022-01-01/P1Y,2.71,Number of jobs per resident aged 16 to 64,Number of jobs per resident aged 16 to 64,,,,
E09000007,Camden,Local Authority District,Job density,2024-01-01/P1Y,2.96,Number of jobs per resident aged 16 to 64,Number of jobs per resident aged 16 to 64,,,,
E09000007,Camden,Local Authority District,Job density,2018-01-01/P1Y,2.55,Number of jobs per resident aged 16 to 64,Number of jobs per resident aged 16 to 64,,,,
E09000007,Camden,Local Authority District,Job density,2012-01-01/P1Y,2.16,Number of jobs per resident aged 16 to 64,Number of jobs per resident aged 16 to 64,,,,
E09000007,Camden,Local Authority District,Job density,2017-01-01/P1Y,2.52,Number of jobs per resident aged 16 to 64,Number of jobs per resident aged 16 to 64,,,,
E09000007,Camden,Local Authority District,Job density,2016-01-01/P1Y,2.46,Number of jobs per resident aged 16 to 64,Number of jobs per resident aged 16 to 64,,,,
E09000007,Camden,Local Authority District,Job density,2015-01-01/P1Y,2.4,Number of jobs per resident aged 16 to 64,Number of jobs per resident aged 16 to 64,,,,
E09000007,Camden,Local Authority District,Job density,2014-01-01/P1Y,2.37,Number of jobs per resident aged 16 to 64,Number of jobs per resident aged 16 to 64,,,,
E09000007,Camden,Local Authority District,Job density,2013-01-01/P1Y,2.22,Number of jobs per resident aged 16 to 64,Number of jobs per resident aged 16 to 64,,,,
E09000007,Camden,Local Authority District,Job density,2011-01-01/P1Y,2.06,Number of jobs per resident aged 16 to 64,Number of jobs per resident aged 16 to 64,,,,
E09000001,City of London,Local Authority District,Job density,2020-01-01/P1Y,96.86,Number of jobs per resident aged 16 to 64,Number of jobs per resident aged 16 to 64,,,,
E09000001,City of London,Local Authority District,Job density,2019-01-01/P1Y,97.63,Number of jobs per resident aged 16 to 64,Number of jobs per resident aged 16 to 64,,,,
E09000001,City of London,Local Authority District,Job density,2021-01-01/P1Y,97.9,Number of jobs per resident aged 16 to 64,Number of jobs per resident aged 16 to 64,,,,
E09000001,City of London,Local Authority District,Job density,2024-01-01/P1Y,56.92,Number of jobs per resident aged 16 to 64,Number of jobs per resident aged 16 to 64,,,,
E09000001,City of London,Local Authority District,Job density,2022-01-01/P1Y,74.38,Number of jobs per resident aged 16 to 64,Number of jobs per resident aged 16 to 64,,,,
E09000001,City of London,Local Authority District,Job density,2023-01-01/P1Y,66.15,Number of jobs per resident aged 16 to 64,Number of jobs per resident aged 16 to 64,,,,
E09000001,City of London,Local Authority District,Job density,2018-01-01/P1Y,101.2,Number of jobs per resident aged 16 to 64,Number of jobs per resident aged 16 to 64,,,,
E09000001,City of London,Local Authority District,Job density,2012-01-01/P1Y,76.98,Number of jobs per resident aged 16 to 64,Number of jobs per resident aged 16 to 64,,,,
E09000001,City of London,Local Authority District,Job density,2017-01-01/P1Y,103.19,Number of jobs per resident aged 16 to 64,Number of jobs per resident aged 16 to 64,,,,
E09000001,City of London,Local Authority District,Job density,2011-01-01/P1Y,75.79,Number of jobs per resident aged 16 to 64,Number of jobs per resident aged 16 to 64,,,,
E09000001,City of London,Local Authority District,Job density,2013-01-01/P1Y,79.65,Number of jobs per resident aged 16 to 64,Number of jobs per resident aged 16 to 64,,,,
E09000001,City of London,Local Authority District,Job density,2014-01-01/P1Y,85.33,Number of jobs per resident aged 16 to 64,Number of jobs per resident aged 16 to 64,,,,
E09000001,City of London,Local Authority District,Job density,2015-01-01/P1Y,91.34,Number of jobs per resident aged 16 to 64,Number of jobs per resident aged 16 to 64,,,,
E09000001,City of London,Local Authority District,Job density,2016-01-01/P1Y,97.88,Number of jobs per resident aged 16 to 64,Number of jobs per resident aged 16 to 64,,,,
E09000012,Hackney,Local Authority District,Job density,2019-01-01/P1Y,0.81,Number of jobs per resident aged 16 to 64,Number of jobs per resident aged 16 to 64,,,,
E09000012,Hackney,Local Authority District,Job density,2020-01-01/P1Y,0.79,Number of jobs per resident aged 16 to 64,Number of jobs per resident aged 16 to 64,,,,
E09000012,Hackney,Local Authority District,Job density,2021-01-01/P1Y,0.92,Number of jobs per resident aged 16 to 64,Number of jobs per resident aged 16 to 64,,,,
E09000012,Hackney,Local Authority District,Job density,2022-01-01/P1Y,0.95,Number of jobs per resident aged 16 to 64,Number of jobs per resident aged 16 to 64,,,,
E09000012,Hackney,Local Authority District,Job density,2023-01-01/P1Y,0.99,Number of jobs per resident aged 16 to 64,Number of jobs per resident aged 16 to 64,,,,
E09000012,Hackney,Local Authority District,Job density,2024-01-01/P1Y,1.08,Number of jobs per resident aged 16 to 64,Number of jobs per resident aged 16 to 64,,,,
E09000012,Hackney,Local Authority District,Job density,2018-01-01/P1Y,0.78,Number of jobs per resident aged 16 to 64,Number of jobs per resident aged 16 to 64,,,,
E09000012,Hackney,Local Authority District,Job density,2017-01-01/P1Y,0.73,Number of jobs per resident aged 16 to 64,Number of jobs per resident aged 16 to 64,,,,
E09000012,Hackney,Local Authority District,Job density,2011-01-01/P1Y,0.63,Number of jobs per resident aged 16 to 64,Number of jobs per resident aged 16 to 64,,,,
E09000012,Hackney,Local Authority District,Job density,2012-01-01/P1Y,0.62,Number of jobs per resident aged 16 to 64,Number of jobs per resident aged 16 to 64,,,,
E09000012,Hackney,Local Authority District,Job density,2013-01-01/P1Y,0.6,Number of jobs per resident aged 16 to 64,Number of jobs per resident aged 16 to 64,,,,
E09000012,Hackney,Local Authority District,Job density,2014-01-01/P1Y,0.7,Number of jobs per resident aged 16 to 64,Number of jobs per resident aged 16 to 64,,,,
E09000012,Hackney,Local Authority District,Job density,2015-01-01/P1Y,0.72,Number of jobs per resident aged 16 to 64,Number of jobs per resident aged 16 to 64,,,,
E09000012,Hackney,Local Authority District,Job density,2016-01-01/P1Y,0.75,Number of jobs per resident aged 16 to 64,Number of jobs per resident aged 16 to 64,,,,
E09000013,Hammersmith and Fulham,Local Authority District,Job density,2021-01-01/P1Y,1.12,Number of jobs per resident aged 16 to 64,Number of jobs per resident aged 16 to 64,,,,
E09000013,Hammersmith and Fulham,Local Authority District,Job density,2019-01-01/P1Y,1.14,Number of jobs per resident aged 16 to 64,Number of jobs per resident aged 16 to 64,,,,
E09000013,Hammersmith and Fulham,Local Authority District,Job density,2020-01-01/P1Y,1.19,Number of jobs per resident aged 16 to 64,Number of jobs per resident aged 16 to 64,,,,
E09000013,Hammersmith and Fulham,Local Authority District,Job density,2018-01-01/P1Y,1.1,Number of jobs per resident aged 16 to 64,Number of jobs per resident aged 16 to 64,,,,
E09000013,Hammersmith and Fulham,Local Authority District,Job density,2022-01-01/P1Y,1.16,Number of jobs per resident aged 16 to 64,Number of jobs per resident aged 16 to 64,,,,
E09000013,Hammersmith and Fulham,Local Authority District,Job density,2024-01-01/P1Y,1.16,Number of jobs per resident aged 16 to 64,Number of jobs per resident aged 16 to 64,,,,
E09000013,Hammersmith and Fulham,Local Authority District,Job density,2023-01-01/P1Y,1.15,Number of jobs per resident aged 16 to 64,Number of jobs per resident aged 16 to 64,,,,
E09000013,Hammersmith and Fulham,Local Authority District,Job density,2012-01-01/P1Y,1.07,Number of jobs per resident aged 16 to 64,Number of jobs per resident aged 16 to 64,,,,
E09000013,Hammersmith and Fulham,Local Authority District,Job density,2017-01-01/P1Y,1.14,Number of jobs per resident aged 16 to 64,Number of jobs per resident aged 16 to 64,,,,
E09000013,Hammersmith and Fulham,Local Authority District,Job density,2011-01-01/P1Y,1.03,Number of jobs per resident aged 16 to 64,Number of jobs per resident aged 16 to 64,,,,
E09000013,Hammersmith and Fulham,Local Authority District,Job density,2013-01-01/P1Y,1.01,Number of jobs per resident aged 16 to 64,Number of jobs per resident aged 16 to 64,,,,
E09000013,Hammersmith and Fulham,Local Authority District,Job density,2014-01-01/P1Y,1.07,Number of jobs per resident aged 16 to 64,Number of jobs per resident aged 16 to 64,,,,
E09000013,Hammersmith and Fulham,Local Authority District,Job density,2015-01-01/P1Y,1.1,Number of jobs per resident aged 16 to 64,Number of jobs per resident aged 16 to 64,,,,
E09000013,Hammersmith and Fulham,Local Authority District,Job density,2016-01-01/P1Y,1.13,Number of jobs per resident aged 16 to 64,Number of jobs per resident aged 16 to 64,,,,
E09000014,Haringey,Local Authority District,Job density,2019-01-01/P1Y,0.45,Number of jobs per resident aged 16 to 64,Number of jobs per resident aged 16 to 64,,,,
E09000014,Haringey,Local Authority District,Job density,2020-01-01/P1Y,0.49,Number of jobs per resident aged 16 to 64,Number of jobs per resident aged 16 to 64,,,,
E09000014,Haringey,Local Authority District,Job density,2021-01-01/P1Y,0.49,Number of jobs per resident aged 16 to 64,Number of jobs per resident aged 16 to 64,,,,
E09000014,Haringey,Local Authority District,Job density,2023-01-01/P1Y,0.51,Number of jobs per resident aged 16 to 64,Number of jobs per resident aged 16 to 64,,,,
E09000014,Haringey,Local Authority District,Job density,2022-01-01/P1Y,0.58,Number of jobs per resident aged 16 to 64,Number of jobs per resident aged 16 to 64,,,,
E09000014,Haringey,Local Authority District,Job density,2024-01-01/P1Y,0.52,Number of jobs per resident aged 16 to 64,Number of jobs per resident aged 16 to 64,,,,
E09000014,Haringey,Local Authority District,Job density,2018-01-01/P1Y,0.47,Number of jobs per resident aged 16 to 64,Number of jobs per resident aged 16 to 64,,,,
E09000014,Haringey,Local Authority District,Job density,2011-01-01/P1Y,0.41,Number of jobs per resident aged 16 to 64,Number of jobs per resident aged 16 to 64,,,,
E09000014,Haringey,Local Authority District,Job density,2017-01-01/P1Y,0.47,Number of jobs per resident aged 16 to 64,Number of jobs per resident aged 16 to 64,,,,
E09000014,Haringey,Local Authority District,Job density,2012-01-01/P1Y,0.44,Number of jobs per resident aged 16 to 64,Number of jobs per resident aged 16 to 64,,,,
E09000014,Haringey,Local Authority District,Job density,2013-01-01/P1Y,0.44,Number of jobs per resident aged 16 to 64,Number of jobs per resident aged 16 to 64,,,,
E09000014,Haringey,Local Authority District,Job density,2014-01-01/P1Y,0.47,Number of jobs per resident aged 16 to 64,Number of jobs per resident aged 16 to 64,,,,
E09000014,Haringey,Local Authority District,Job density,2015-01-01/P1Y,0.48,Number of jobs per resident aged 16 to 64,Number of jobs per resident aged 16 to 64,,,,
E09000014,Haringey,Local Authority District,Job density,2016-01-01/P1Y,0.46,Number of jobs per resident aged 16 to 64,Number of jobs per resident aged 16 to 64,,,,
E09000019,Islington,Local Authority District,Job density,2021-01-01/P1Y,1.63,Number of jobs per resident aged 16 to 64,Number of jobs per resident aged 16 to 64,,,,
E09000019,Islington,Local Authority District,Job density,2019-01-01/P1Y,1.56,Number of jobs per resident aged 16 to 64,Number of jobs per resident aged 16 to 64,,,,
E09000019,Islington,Local Authority District,Job density,2020-01-01/P1Y,1.48,Number of jobs per resident aged 16 to 64,Number of jobs per resident aged 16 to 64,,,,
E09000019,Islington,Local Authority District,Job density,2018-01-01/P1Y,1.52,Number of jobs per resident aged 16 to 64,Number of jobs per resident aged 16 to 64,,,,
E09000019,Islington,Local Authority District,Job density,2022-01-01/P1Y,1.67,Number of jobs per resident aged 16 to 64,Number of jobs per resident aged 16 to 64,,,,
E09000019,Islington,Local Authority District,Job density,2023-01-01/P1Y,1.65,Number of jobs per resident aged 16 to 64,Number of jobs per resident aged 16 to 64,,,,
E09000019,Islington,Local Authority District,Job density,2024-01-01/P1Y,1.71,Number of jobs per resident aged 16 to 64,Number of jobs per resident aged 16 to 64,,,,
E09000019,Islington,Local Authority District,Job density,2011-01-01/P1Y,1.29,Number of jobs per resident aged 16 to 64,Number of jobs per resident aged 16 to 64,,,,
E09000019,Islington,Local Authority District,Job density,2017-01-01/P1Y,1.47,Number of jobs per resident aged 16 to 64,Number of jobs per resident aged 16 to 64,,,,
E09000019,Islington,Local Authority District,Job density,2012-01-01/P1Y,1.31,Number of jobs per resident aged 16 to 64,Number of jobs per resident aged 16 to 64,,,,
E09000019,Islington,Local Authority District,Job density,2013-01-01/P1Y,1.37,Number of jobs per resident aged 16 to 64,Number of jobs per resident aged 16 to 64,,,,
E09000019,Islington,Local Authority District,Job density,2014-01-01/P1Y,1.42,Number of jobs per resident aged 16 to 64,Number of jobs per resident aged 16 to 64,,,,
E09000019,Islington,Local Authority District,Job density,2015-01-01/P1Y,1.51,Number of jobs per resident aged 16 to 64,Number of jobs per resident aged 16 to 64,,,,
E09000019,Islington,Local Authority District,Job density,2016-01-01/P1Y,1.5,Number of jobs per resident aged 16 to 64,Number of jobs per resident aged 16 to 64,,,,
E09000020,Kensington and Chelsea,Local Authority District,Job density,2021-01-01/P1Y,1.53,Number of jobs per resident aged 16 to 64,Number of jobs per resident aged 16 to 64,,,,
E09000020,Kensington and Chelsea,Local Authority District,Job density,2019-01-01/P1Y,1.55,Number of jobs per resident aged 16 to 64,Number of jobs per resident aged 16 to 64,,,,
E09000020,Kensington and Chelsea,Local Authority District,Job density,2020-01-01/P1Y,1.44,Number of jobs per resident aged 16 to 64,Number of jobs per resident aged 16 to 64,,,,
E09000020,Kensington and Chelsea,Local Authority District,Job density,2024-01-01/P1Y,1.51,Number of jobs per resident aged 16 to 64,Number of jobs per resident aged 16 to 64,,,,
E09000020,Kensington and Chelsea,Local Authority District,Job density,2022-01-01/P1Y,1.53,Number of jobs per resident aged 16 to 64,Number of jobs per resident aged 16 to 64,,,,
E09000020,Kensington and Chelsea,Local Authority District,Job density,2023-01-01/P1Y,1.47,Number of jobs per resident aged 16 to 64,Number of jobs per resident aged 16 to 64,,,,
E09000020,Kensington and Chelsea,Local Authority District,Job density,2018-01-01/P1Y,1.55,Number of jobs per resident aged 16 to 64,Number of jobs per resident aged 16 to 64,,,,
E09000020,Kensington and Chelsea,Local Authority District,Job density,2011-01-01/P1Y,1.2,Number of jobs per resident aged 16 to 64,Number of jobs per resident aged 16 to 64,,,,
E09000020,Kensington and Chelsea,Local Authority District,Job density,2017-01-01/P1Y,1.56,Number of jobs per resident aged 16 to 64,Number of jobs per resident aged 16 to 64,,,,
E09000020,Kensington and Chelsea,Local Authority District,Job density,2012-01-01/P1Y,1.27,Number of jobs per resident aged 16 to 64,Number of jobs per resident aged 16 to 64,,,,
E09000020,Kensington and Chelsea,Local Authority District,Job density,2013-01-01/P1Y,1.26,Number of jobs per resident aged 16 to 64,Number of jobs per resident aged 16 to 64,,,,
E09000020,Kensington and Chelsea,Local Authority District,Job density,2014-01-01/P1Y,1.26,Number of jobs per resident aged 16 to 64,Number of jobs per resident aged 16 to 64,,,,
E09000020,Kensington and Chelsea,Local Authority District,Job density,2015-01-01/P1Y,1.34,Number of jobs per resident aged 16 to 64,Number of jobs per resident aged 16 to 64,,,,
E09000020,Kensington and Chelsea,Local Authority District,Job density,2016-01-01/P1Y,1.41,Number of jobs per resident aged 16 to 64,Number of jobs per resident aged 16 to 64,,,,
E09000022,Lambeth,Local Authority District,Job density,2019-01-01/P1Y,0.73,Number of jobs per resident aged 16 to 64,Number of jobs per resident aged 16 to 64,,,,
E09000022,Lambeth,Local Authority District,Job density,2020-01-01/P1Y,0.71,Number of jobs per resident aged 16 to 64,Number of jobs per resident aged 16 to 64,,,,
E09000022,Lambeth,Local Authority District,Job density,2021-01-01/P1Y,0.73,Number of jobs per resident aged 16 to 64,Number of jobs per resident aged 16 to 64,,,,
E09000022,Lambeth,Local Authority District,Job density,2022-01-01/P1Y,0.8,Number of jobs per resident aged 16 to 64,Number of jobs per resident aged 16 to 64,,,,
E09000022,Lambeth,Local Authority District,Job density,2023-01-01/P1Y,0.74,Number of jobs per resident aged 16 to 64,Number of jobs per resident aged 16 to 64,,,,
E09000022,Lambeth,Local Authority District,Job density,2024-01-01/P1Y,0.74,Number of jobs per resident aged 16 to 64,Number of jobs per resident aged 16 to 64,,,,
E09000022,Lambeth,Local Authority District,Job density,2018-01-01/P1Y,0.71,Number of jobs per resident aged 16 to 64,Number of jobs per resident aged 16 to 64,,,,
E09000022,Lambeth,Local Authority District,Job density,2017-01-01/P1Y,0.76,Number of jobs per resident aged 16 to 64,Number of jobs per resident aged 16 to 64,,,,
E09000022,Lambeth,Local Authority District,Job density,2011-01-01/P1Y,0.66,Number of jobs per resident aged 16 to 64,Number of jobs per resident aged 16 to 64,,,,
E09000022,Lambeth,Local Authority District,Job density,2012-01-01/P1Y,0.66,Number of jobs per resident aged 16 to 64,Number of jobs per resident aged 16 to 64,,,,
E09000022,Lambeth,Local Authority District,Job density,2013-01-01/P1Y,0.72,Number of jobs per resident aged 16 to 64,Number of jobs per resident aged 16 to 64,,,,
E09000022,Lambeth,Local Authority District,Job density,2014-01-01/P1Y,0.75,Number of jobs per resident aged 16 to 64,Number of jobs per resident aged 16 to 64,,,,
E09000022,Lambeth,Local Authority District,Job density,2015-01-01/P1Y,0.76,Number of jobs per resident aged 16 to 64,Number of jobs per resident aged 16 to 64,,,,
E09000022,Lambeth,Local Authority District,Job density,2016-01-01/P1Y,0.71,Number of jobs per resident aged 16 to 64,Number of jobs per resident aged 16 to 64,,,,
E09000023,Lewisham,Local Authority District,Job density,2021-01-01/P1Y,0.42,Number of jobs per resident aged 16 to 64,Number of jobs per resident aged 16 to 64,,,,
E09000023,Lewisham,Local Authority District,Job density,2019-01-01/P1Y,0.4,Number of jobs per resident aged 16 to 64,Number of jobs per resident aged 16 to 64,,,,
E09000023,Lewisham,Local Authority District,Job density,2020-01-01/P1Y,0.39,Number of jobs per resident aged 16 to 64,Number of jobs per resident aged 16 to 64,,,,
E09000023,Lewisham,Local Authority District,Job density,2018-01-01/P1Y,0.39,Number of jobs per resident aged 16 to 64,Number of jobs per resident aged 16 to 64,,,,
E09000023,Lewisham,Local Authority District,Job density,2022-01-01/P1Y,0.45,Number of jobs per resident aged 16 to 64,Number of jobs per resident aged 16 to 64,,,,
E09000023,Lewisham,Local Authority District,Job density,2023-01-01/P1Y,0.43,Number of jobs per resident aged 16 to 64,Number of jobs per resident aged 16 to 64,,,,
E09000023,Lewisham,Local Authority District,Job density,2024-01-01/P1Y,0.44,Number of jobs per resident aged 16 to 64,Number of jobs per resident aged 16 to 64,,,,
E09000023,Lewisham,Local Authority District,Job density,2011-01-01/P1Y,0.39,Number of jobs per resident aged 16 to 64,Number of jobs per resident aged 16 to 64,,,,
E09000023,Lewisham,Local Authority District,Job density,2017-01-01/P1Y,0.41,Number of jobs per resident aged 16 to 64,Number of jobs per resident aged 16 to 64,,,,
E09000023,Lewisham,Local Authority District,Job density,2012-01-01/P1Y,0.4,Number of jobs per resident aged 16 to 64,Number of jobs per resident aged 16 to 64,,,,
E09000023,Lewisham,Local Authority District,Job density,2013-01-01/P1Y,0.41,Number of jobs per resident aged 16 to 64,Number of jobs per resident aged 16 to 64,,,,
E09000023,Lewisham,Local Authority District,Job density,2014-01-01/P1Y,0.43,Number of jobs per resident aged 16 to 64,Number of jobs per resident aged 16 to 64,,,,
E09000023,Lewisham,Local Authority District,Job density,2015-01-01/P1Y,0.4,Number of jobs per resident aged 16 to 64,Number of jobs per resident aged 16 to 64,,,,
E09000023,Lewisham,Local Authority District,Job density,2016-01-01/P1Y,0.4,Number of jobs per resident aged 16 to 64,Number of jobs per resident aged 16 to 64,,,,
E09000025,Newham,Local Authority District,Job density,2019-01-01/P1Y,0.53,Number of jobs per resident aged 16 to 64,Number of jobs per resident aged 16 to 64,,,,
E09000025,Newham,Local Authority District,Job density,2020-01-01/P1Y,0.55,Number of jobs per resident aged 16 to 64,Number of jobs per resident aged 16 to 64,,,,
E09000025,Newham,Local Authority District,Job density,2021-01-01/P1Y,0.58,Number of jobs per resident aged 16 to 64,Number of jobs per resident aged 16 to 64,,,,
E09000025,Newham,Local Authority District,Job density,2022-01-01/P1Y,0.62,Number of jobs per resident aged 16 to 64,Number of jobs per resident aged 16 to 64,,,,
E09000025,Newham,Local Authority District,Job density,2018-01-01/P1Y,0.57,Number of jobs per resident aged 16 to 64,Number of jobs per resident aged 16 to 64,,,,
E09000025,Newham,Local Authority District,Job density,2023-01-01/P1Y,0.59,Number of jobs per resident aged 16 to 64,Number of jobs per resident aged 16 to 64,,,,
E09000025,Newham,Local Authority District,Job density,2024-01-01/P1Y,0.57,Number of jobs per resident aged 16 to 64,Number of jobs per resident aged 16 to 64,,,,
E09000025,Newham,Local Authority District,Job density,2017-01-01/P1Y,0.53,Number of jobs per resident aged 16 to 64,Number of jobs per resident aged 16 to 64,,,,
E09000025,Newham,Local Authority District,Job density,2011-01-01/P1Y,0.41,Number of jobs per resident aged 16 to 64,Number of jobs per resident aged 16 to 64,,,,
E09000025,Newham,Local Authority District,Job density,2012-01-01/P1Y,0.44,Number of jobs per resident aged 16 to 64,Number of jobs per resident aged 16 to 64,,,,
E09000025,Newham,Local Authority District,Job density,2013-01-01/P1Y,0.47,Number of jobs per resident aged 16 to 64,Number of jobs per resident aged 16 to 64,,,,
E09000025,Newham,Local Authority District,Job density,2014-01-01/P1Y,0.49,Number of jobs per resident aged 16 to 64,Number of jobs per resident aged 16 to 64,,,,
E09000025,Newham,Local Authority District,Job density,2015-01-01/P1Y,0.49,Number of jobs per resident aged 16 to 64,Number of jobs per resident aged 16 to 64,,,,
E09000025,Newham,Local Authority District,Job density,2016-01-01/P1Y,0.53,Number of jobs per resident aged 16 to 64,Number of jobs per resident aged 16 to 64,,,,
E09000028,Southwark,Local Authority District,Job density,2019-01-01/P1Y,1.37,Number of jobs per resident aged 16 to 64,Number of jobs per resident aged 16 to 64,,,,
E09000028,Southwark,Local Authority District,Job density,2020-01-01/P1Y,1.33,Number of jobs per resident aged 16 to 64,Number of jobs per resident aged 16 to 64,,,,
E09000028,Southwark,Local Authority District,Job density,2021-01-01/P1Y,1.32,Number of jobs per resident aged 16 to 64,Number of jobs per resident aged 16 to 64,,,,
E09000028,Southwark,Local Authority District,Job density,2022-01-01/P1Y,1.45,Number of jobs per resident aged 16 to 64,Number of jobs per resident aged 16 to 64,,,,
E09000028,Southwark,Local Authority District,Job density,2023-01-01/P1Y,1.53,Number of jobs per resident aged 16 to 64,Number of jobs per resident aged 16 to 64,,,,
E09000028,Southwark,Local Authority District,Job density,2024-01-01/P1Y,1.66,Number of jobs per resident aged 16 to 64,Number of jobs per resident aged 16 to 64,,,,
E09000028,Southwark,Local Authority District,Job density,2018-01-01/P1Y,1.43,Number of jobs per resident aged 16 to 64,Number of jobs per resident aged 16 to 64,,,,
E09000028,Southwark,Local Authority District,Job density,2017-01-01/P1Y,1.39,Number of jobs per resident aged 16 to 64,Number of jobs per resident aged 16 to 64,,,,
E09000028,Southwark,Local Authority District,Job density,2011-01-01/P1Y,1.16,Number of jobs per resident aged 16 to 64,Number of jobs per resident aged 16 to 64,,,,
E09000028,Southwark,Local Authority District,Job density,2012-01-01/P1Y,1.25,Number of jobs per resident aged 16 to 64,Number of jobs per resident aged 16 to 64,,,,
E09000028,Southwark,Local Authority District,Job density,2013-01-01/P1Y,1.16,Number of jobs per resident aged 16 to 64,Number of jobs per resident aged 16 to 64,,,,
E09000028,Southwark,Local Authority District,Job density,2014-01-01/P1Y,1.27,Number of jobs per resident aged 16 to 64,Number of jobs per resident aged 16 to 64,,,,
E09000028,Southwark,Local Authority District,Job density,2015-01-01/P1Y,1.28,Number of jobs per resident aged 16 to 64,Number of jobs per resident aged 16 to 64,,,,
E09000028,Southwark,Local Authority District,Job density,2016-01-01/P1Y,1.35,Number of jobs per resident aged 16 to 64,Number of jobs per resident aged 16 to 64,,,,
E09000030,Tower Hamlets,Local Authority District,Job density,2018-01-01/P1Y,1.48,Number of jobs per resident aged 16 to 64,Number of jobs per resident aged 16 to 64,,,,
E09000030,Tower Hamlets,Local Authority District,Job density,2019-01-01/P1Y,1.48,Number of jobs per resident aged 16 to 64,Number of jobs per resident aged 16 to 64,,,,
E09000030,Tower Hamlets,Local Authority District,Job density,2020-01-01/P1Y,1.39,Number of jobs per resident aged 16 to 64,Number of jobs per resident aged 16 to 64,,,,
E09000030,Tower Hamlets,Local Authority District,Job density,2021-01-01/P1Y,1.31,Number of jobs per resident aged 16 to 64,Number of jobs per resident aged 16 to 64,,,,
E09000030,Tower Hamlets,Local Authority District,Job density,2022-01-01/P1Y,1.34,Number of jobs per resident aged 16 to 64,Number of jobs per resident aged 16 to 64,,,,
E09000030,Tower Hamlets,Local Authority District,Job density,2023-01-01/P1Y,1.43,Number of jobs per resident aged 16 to 64,Number of jobs per resident aged 16 to 64,,,,
E09000030,Tower Hamlets,Local Authority District,Job density,2024-01-01/P1Y,1.47,Number of jobs per resident aged 16 to 64,Number of jobs per resident aged 16 to 64,,,,
E09000030,Tower Hamlets,Local Authority District,Job density,2017-01-01/P1Y,1.44,Number of jobs per resident aged 16 to 64,Number of jobs per resident aged 16 to 64,,,,
E09000030,Tower Hamlets,Local Authority District,Job density,2016-01-01/P1Y,1.4,Number of jobs per resident aged 16 to 64,Number of jobs per resident aged 16 to 64,,,,
E09000030,Tower Hamlets,Local Authority District,Job density,2011-01-01/P1Y,1.32,Number of jobs per resident aged 16 to 64,Number of jobs per resident aged 16 to 64,,,,
E09000030,Tower Hamlets,Local Authority District,Job density,2012-01-01/P1Y,1.3,Number of jobs per resident aged 16 to 64,Number of jobs per resident aged 16 to 64,,,,
E09000030,Tower Hamlets,Local Authority District,Job density,2013-01-01/P1Y,1.34,Number of jobs per resident aged 16 to 64,Number of jobs per resident aged 16 to 64,,,,
E09000030,Tower Hamlets,Local Authority District,Job density,2014-01-01/P1Y,1.35,Number of jobs per resident aged 16 to 64,Number of jobs per resident aged 16 to 64,,,,
E09000030,Tower Hamlets,Local Authority District,Job density,2015-01-01/P1Y,1.41,Number of jobs per resident aged 16 to 64,Number of jobs per resident aged 16 to 64,,,,
E09000032,Wandsworth,Local Authority District,Job density,2021-01-01/P1Y,0.61,Number of jobs per resident aged 16 to 64,Number of jobs per resident aged 16 to 64,,,,
E09000032,Wandsworth,Local Authority District,Job density,2019-01-01/P1Y,0.62,Number of jobs per resident aged 16 to 64,Number of jobs per resident aged 16 to 64,,,,
E09000032,Wandsworth,Local Authority District,Job density,2020-01-01/P1Y,0.59,Number of jobs per resident aged 16 to 64,Number of jobs per resident aged 16 to 64,,,,
E09000032,Wandsworth,Local Authority District,Job density,2024-01-01/P1Y,0.59,Number of jobs per resident aged 16 to 64,Number of jobs per resident aged 16 to 64,,,,
E09000032,Wandsworth,Local Authority District,Job density,2022-01-01/P1Y,0.62,Number of jobs per resident aged 16 to 64,Number of jobs per resident aged 16 to 64,,,,
E09000032,Wandsworth,Local Authority District,Job density,2023-01-01/P1Y,0.61,Number of jobs per resident aged 16 to 64,Number of jobs per resident aged 16 to 64,,,,
E09000032,Wandsworth,Local Authority District,Job density,2018-01-01/P1Y,0.6,Number of jobs per resident aged 16 to 64,Number of jobs per resident aged 16 to 64,,,,
E09000032,Wandsworth,Local Authority District,Job density,2014-01-01/P1Y,0.56,Number of jobs per resident aged 16 to 64,Number of jobs per resident aged 16 to 64,,,,
E09000032,Wandsworth,Local Authority District,Job density,2017-01-01/P1Y,0.62,Number of jobs per resident aged 16 to 64,Number of jobs per resident aged 16 to 64,,,,
E09000032,Wandsworth,Local Authority District,Job density,2011-01-01/P1Y,0.55,Number of jobs per resident aged 16 to 64,Number of jobs per resident aged 16 to 64,,,,
E09000032,Wandsworth,Local Authority District,Job density,2012-01-01/P1Y,0.59,Number of jobs per resident aged 16 to 64,Number of jobs per resident aged 16 to 64,,,,
E09000032,Wandsworth,Local Authority District,Job density,2013-01-01/P1Y,0.57,Number of jobs per resident aged 16 to 64,Number of jobs per resident aged 16 to 64,,,,
E09000032,Wandsworth,Local Authority District,Job density,2015-01-01/P1Y,0.6,Number of jobs per resident aged 16 to 64,Number of jobs per resident aged 16 to 64,,,,
E09000032,Wandsworth,Local Authority District,Job density,2016-01-01/P1Y,0.61,Number of jobs per resident aged 16 to 64,Number of jobs per resident aged 16 to 64,,,,
E09000033,Westminster,Local Authority District,Job density,2019-01-01/P1Y,5.21,Number of jobs per resident aged 16 to 64,Number of jobs per resident aged 16 to 64,,,,
E09000033,Westminster,Local Authority District,Job density,2020-01-01/P1Y,4.9,Number of jobs per resident aged 16 to 64,Number of jobs per resident aged 16 to 64,,,,
E09000033,Westminster,Local Authority District,Job density,2021-01-01/P1Y,5.23,Number of jobs per resident aged 16 to 64,Number of jobs per resident aged 16 to 64,,,,
E09000033,Westminster,Local Authority District,Job density,2023-01-01/P1Y,5.36,Number of jobs per resident aged 16 to 64,Number of jobs per resident aged 16 to 64,,,,
E09000033,Westminster,Local Authority District,Job density,2022-01-01/P1Y,5.32,Number of jobs per resident aged 16 to 64,Number of jobs per resident aged 16 to 64,,,,
E09000033,Westminster,Local Authority District,Job density,2018-01-01/P1Y,5.02,Number of jobs per resident aged 16 to 64,Number of jobs per resident aged 16 to 64,,,,
E09000033,Westminster,Local Authority District,Job density,2024-01-01/P1Y,5.51,Number of jobs per resident aged 16 to 64,Number of jobs per resident aged 16 to 64,,,,
E09000033,Westminster,Local Authority District,Job density,2017-01-01/P1Y,4.86,Number of jobs per resident aged 16 to 64,Number of jobs per resident aged 16 to 64,,,,
E09000033,Westminster,Local Authority District,Job density,2011-01-01/P1Y,4.16,Number of jobs per resident aged 16 to 64,Number of jobs per resident aged 16 to 64,,,,
E09000033,Westminster,Local Authority District,Job density,2012-01-01/P1Y,4.32,Number of jobs per resident aged 16 to 64,Number of jobs per resident aged 16 to 64,,,,
E09000033,Westminster,Local Authority District,Job density,2013-01-01/P1Y,4.53,Number of jobs per resident aged 16 to 64,Number of jobs per resident aged 16 to 64,,,,
E09000033,Westminster,Local Authority District,Job density,2014-01-01/P1Y,4.68,Number of jobs per resident aged 16 to 64,Number of jobs per resident aged 16 to 64,,,,
E09000033,Westminster,Local Authority District,Job density,2015-01-01/P1Y,4.74,Number of jobs per resident aged 16 to 64,Number of jobs per resident aged 16 to 64,,,,
E09000033,Westminster,Local Authority District,Job density,2016-01-01/P1Y,4.86,Number of jobs per resident aged 16 to 64,Number of jobs per resident aged 16 to 64,,,,
E09000002,Barking and Dagenham,Local Authority District,Job density,2019-01-01/P1Y,0.47,Number of jobs per resident aged 16 to 64,Number of jobs per resident aged 16 to 64,,,,
E09000002,Barking and Dagenham,Local Authority District,Job density,2020-01-01/P1Y,0.5,Number of jobs per resident aged 16 to 64,Number of jobs per resident aged 16 to 64,,,,
E09000002,Barking and Dagenham,Local Authority District,Job density,2021-01-01/P1Y,0.5,Number of jobs per resident aged 16 to 64,Number of jobs per resident aged 16 to 64,,,,
E09000002,Barking and Dagenham,Local Authority District,Job density,2023-01-01/P1Y,0.45,Number of jobs per resident aged 16 to 64,Number of jobs per resident aged 16 to 64,,,,
E09000002,Barking and Dagenham,Local Authority District,Job density,2022-01-01/P1Y,0.52,Number of jobs per resident aged 16 to 64,Number of jobs per resident aged 16 to 64,,,,
E09000002,Barking and Dagenham,Local Authority District,Job density,2024-01-01/P1Y,0.42,Number of jobs per resident aged 16 to 64,Number of jobs per resident aged 16 to 64,,,,
E09000002,Barking and Dagenham,Local Authority District,Job density,2018-01-01/P1Y,0.47,Number of jobs per resident aged 16 to 64,Number of jobs per resident aged 16 to 64,,,,
E09000002,Barking and Dagenham,Local Authority District,Job density,2013-01-01/P1Y,0.44,Number of jobs per resident aged 16 to 64,Number of jobs per resident aged 16 to 64,,,,
E09000002,Barking and Dagenham,Local Authority District,Job density,2017-01-01/P1Y,0.48,Number of jobs per resident aged 16 to 64,Number of jobs per resident aged 16 to 64,,,,
E09000002,Barking and Dagenham,Local Authority District,Job density,2011-01-01/P1Y,0.45,Number of jobs per resident aged 16 to 64,Number of jobs per resident aged 16 to 64,,,,
E09000002,Barking and Dagenham,Local Authority District,Job density,2012-01-01/P1Y,0.45,Number of jobs per resident aged 16 to 64,Number of jobs per resident aged 16 to 64,,,,
E09000002,Barking and Dagenham,Local Authority District,Job density,2014-01-01/P1Y,0.46,Number of jobs per resident aged 16 to 64,Number of jobs per resident aged 16 to 64,,,,
E09000002,Barking and Dagenham,Local Authority District,Job density,2015-01-01/P1Y,0.47,Number of jobs per resident aged 16 to 64,Number of jobs per resident aged 16 to 64,,,,
E09000002,Barking and Dagenham,Local Authority District,Job density,2016-01-01/P1Y,0.47,Number of jobs per resident aged 16 to 64,Number of jobs per resident aged 16 to 64,,,,
E09000003,Barnet,Local Authority District,Job density,2019-01-01/P1Y,0.65,Number of jobs per resident aged 16 to 64,Number of jobs per resident aged 16 to 64,,,,
E09000003,Barnet,Local Authority District,Job density,2021-01-01/P1Y,0.7,Number of jobs per resident aged 16 to 64,Number of jobs per resident aged 16 to 64,,,,
E09000003,Barnet,Local Authority District,Job density,2020-01-01/P1Y,0.64,Number of jobs per resident aged 16 to 64,Number of jobs per resident aged 16 to 64,,,,
E09000003,Barnet,Local Authority District,Job density,2024-01-01/P1Y,0.67,Number of jobs per resident aged 16 to 64,Number of jobs per resident aged 16 to 64,,,,
E09000003,Barnet,Local Authority District,Job density,2022-01-01/P1Y,0.66,Number of jobs per resident aged 16 to 64,Number of jobs per resident aged 16 to 64,,,,
E09000003,Barnet,Local Authority District,Job density,2023-01-01/P1Y,0.62,Number of jobs per resident aged 16 to 64,Number of jobs per resident aged 16 to 64,,,,
E09000003,Barnet,Local Authority District,Job density,2018-01-01/P1Y,0.67,Number of jobs per resident aged 16 to 64,Number of jobs per resident aged 16 to 64,,,,
E09000003,Barnet,Local Authority District,Job density,2012-01-01/P1Y,0.65,Number of jobs per resident aged 16 to 64,Number of jobs per resident aged 16 to 64,,,,
E09000003,Barnet,Local Authority District,Job density,2017-01-01/P1Y,0.7,Number of jobs per resident aged 16 to 64,Number of jobs per resident aged 16 to 64,,,,
E09000003,Barnet,Local Authority District,Job density,2011-01-01/P1Y,0.62,Number of jobs per resident aged 16 to 64,Number of jobs per resident aged 16 to 64,,,,
E09000003,Barnet,Local Authority District,Job density,2013-01-01/P1Y,0.66,Number of jobs per resident aged 16 to 64,Number of jobs per resident aged 16 to 64,,,,
E09000003,Barnet,Local Authority District,Job density,2014-01-01/P1Y,0.68,Number of jobs per resident aged 16 to 64,Number of jobs per resident aged 16 to 64,,,,
E09000003,Barnet,Local Authority District,Job density,2015-01-01/P1Y,0.68,Number of jobs per resident aged 16 to 64,Number of jobs per resident aged 16 to 64,,,,
E09000003,Barnet,Local Authority District,Job density,2016-01-01/P1Y,0.67,Number of jobs per resident aged 16 to 64,Number of jobs per resident aged 16 to 64,,,,
E09000004,Bexley,Local Authority District,Job density,2018-01-01/P1Y,0.56,Number of jobs per resident aged 16 to 64,Number of jobs per resident aged 16 to 64,,,,
E09000004,Bexley,Local Authority District,Job density,2019-01-01/P1Y,0.59,Number of jobs per resident aged 16 to 64,Number of jobs per resident aged 16 to 64,,,,
E09000004,Bexley,Local Authority District,Job density,2020-01-01/P1Y,0.55,Number of jobs per resident aged 16 to 64,Number of jobs per resident aged 16 to 64,,,,
E09000004,Bexley,Local Authority District,Job density,2021-01-01/P1Y,0.55,Number of jobs per resident aged 16 to 64,Number of jobs per resident aged 16 to 64,,,,
E09000004,Bexley,Local Authority District,Job density,2022-01-01/P1Y,0.59,Number of jobs per resident aged 16 to 64,Number of jobs per resident aged 16 to 64,,,,
E09000004,Bexley,Local Authority District,Job density,2023-01-01/P1Y,0.56,Number of jobs per resident aged 16 to 64,Number of jobs per resident aged 16 to 64,,,,
E09000004,Bexley,Local Authority District,Job density,2024-01-01/P1Y,0.52,Number of jobs per resident aged 16 to 64,Number of jobs per resident aged 16 to 64,,,,
E09000004,Bexley,Local Authority District,Job density,2017-01-01/P1Y,0.59,Number of jobs per resident aged 16 to 64,Number of jobs per resident aged 16 to 64,,,,
E09000004,Bexley,Local Authority District,Job density,2016-01-01/P1Y,0.56,Number of jobs per resident aged 16 to 64,Number of jobs per resident aged 16 to 64,,,,
E09000004,Bexley,Local Authority District,Job density,2011-01-01/P1Y,0.53,Number of jobs per resident aged 16 to 64,Number of jobs per resident aged 16 to 64,,,,
E09000004,Bexley,Local Authority District,Job density,2012-01-01/P1Y,0.53,Number of jobs per resident aged 16 to 64,Number of jobs per resident aged 16 to 64,,,,
E09000004,Bexley,Local Authority District,Job density,2013-01-01/P1Y,0.54,Number of jobs per resident aged 16 to 64,Number of jobs per resident aged 16 to 64,,,,
E09000004,Bexley,Local Authority District,Job density,2014-01-01/P1Y,0.54,Number of jobs per resident aged 16 to 64,Number of jobs per resident aged 16 to 64,,,,
E09000004,Bexley,Local Authority District,Job density,2015-01-01/P1Y,0.57,Number of jobs per resident aged 16 to 64,Number of jobs per resident aged 16 to 64,,,,
E09000005,Brent,Local Authority District,Job density,2021-01-01/P1Y,0.62,Number of jobs per resident aged 16 to 64,Number of jobs per resident aged 16 to 64,,,,
E09000005,Brent,Local Authority District,Job density,2019-01-01/P1Y,0.64,Number of jobs per resident aged 16 to 64,Number of jobs per resident aged 16 to 64,,,,
E09000005,Brent,Local Authority District,Job density,2020-01-01/P1Y,0.63,Number of jobs per resident aged 16 to 64,Number of jobs per resident aged 16 to 64,,,,
E09000005,Brent,Local Authority District,Job density,2018-01-01/P1Y,0.66,Number of jobs per resident aged 16 to 64,Number of jobs per resident aged 16 to 64,,,,
E09000005,Brent,Local Authority District,Job density,2022-01-01/P1Y,0.62,Number of jobs per resident aged 16 to 64,Number of jobs per resident aged 16 to 64,,,,
E09000005,Brent,Local Authority District,Job density,2023-01-01/P1Y,0.64,Number of jobs per resident aged 16 to 64,Number of jobs per resident aged 16 to 64,,,,
E09000005,Brent,Local Authority District,Job density,2024-01-01/P1Y,0.63,Number of jobs per resident aged 16 to 64,Number of jobs per resident aged 16 to 64,,,,
E09000005,Brent,Local Authority District,Job density,2017-01-01/P1Y,0.66,Number of jobs per resident aged 16 to 64,Number of jobs per resident aged 16 to 64,,,,
E09000005,Brent,Local Authority District,Job density,2011-01-01/P1Y,0.53,Number of jobs per resident aged 16 to 64,Number of jobs per resident aged 16 to 64,,,,
E09000005,Brent,Local Authority District,Job density,2012-01-01/P1Y,0.56,Number of jobs per resident aged 16 to 64,Number of jobs per resident aged 16 to 64,,,,
E09000005,Brent,Local Authority District,Job density,2013-01-01/P1Y,0.56,Number of jobs per resident aged 16 to 64,Number of jobs per resident aged 16 to 64,,,,
E09000005,Brent,Local Authority District,Job density,2014-01-01/P1Y,0.57,Number of jobs per resident aged 16 to 64,Number of jobs per resident aged 16 to 64,,,,
E09000005,Brent,Local Authority District,Job density,2015-01-01/P1Y,0.58,Number of jobs per resident aged 16 to 64,Number of jobs per resident aged 16 to 64,,,,
E09000005,Brent,Local Authority District,Job density,2016-01-01/P1Y,0.63,Number of jobs per resident aged 16 to 64,Number of jobs per resident aged 16 to 64,,,,
E09000006,Bromley,Local Authority District,Job density,2019-01-01/P1Y,0.64,Number of jobs per resident aged 16 to 64,Number of jobs per resident aged 16 to 64,,,,
E09000006,Bromley,Local Authority District,Job density,2020-01-01/P1Y,0.62,Number of jobs per resident aged 16 to 64,Number of jobs per resident aged 16 to 64,,,,
E09000006,Bromley,Local Authority District,Job density,2021-01-01/P1Y,0.6,Number of jobs per resident aged 16 to 64,Number of jobs per resident aged 16 to 64,,,,
E09000006,Bromley,Local Authority District,Job density,2023-01-01/P1Y,0.62,Number of jobs per resident aged 16 to 64,Number of jobs per resident aged 16 to 64,,,,
E09000006,Bromley,Local Authority District,Job density,2022-01-01/P1Y,0.66,Number of jobs per resident aged 16 to 64,Number of jobs per resident aged 16 to 64,,,,
E09000006,Bromley,Local Authority District,Job density,2024-01-01/P1Y,0.58,Number of jobs per resident aged 16 to 64,Number of jobs per resident aged 16 to 64,,,,
E09000006,Bromley,Local Authority District,Job density,2018-01-01/P1Y,0.61,Number of jobs per resident aged 16 to 64,Number of jobs per resident aged 16 to 64,,,,
E09000006,Bromley,Local Authority District,Job density,2017-01-01/P1Y,0.65,Number of jobs per resident aged 16 to 64,Number of jobs per resident aged 16 to 64,,,,
E09000006,Bromley,Local Authority District,Job density,2011-01-01/P1Y,0.61,Number of jobs per resident aged 16 to 64,Number of jobs per resident aged 16 to 64,,,,
E09000006,Bromley,Local Authority District,Job density,2012-01-01/P1Y,0.61,Number of jobs per resident aged 16 to 64,Number of jobs per resident aged 16 to 64,,,,
E09000006,Bromley,Local Authority District,Job density,2013-01-01/P1Y,0.64,Number of jobs per resident aged 16 to 64,Number of jobs per resident aged 16 to 64,,,,
E09000006,Bromley,Local Authority District,Job density,2014-01-01/P1Y,0.63,Number of jobs per resident aged 16 to 64,Number of jobs per resident aged 16 to 64,,,,
E09000006,Bromley,Local Authority District,Job density,2015-01-01/P1Y,0.6,Number of jobs per resident aged 16 to 64,Number of jobs per resident aged 16 to 64,,,,
E09000006,Bromley,Local Authority District,Job density,2016-01-01/P1Y,0.65,Number of jobs per resident aged 16 to 64,Number of jobs per resident aged 16 to 64,,,,
E09000008,Croydon,Local Authority District,Job density,2019-01-01/P1Y,0.56,Number of jobs per resident aged 16 to 64,Number of jobs per resident aged 16 to 64,,,,
E09000008,Croydon,Local Authority District,Job density,2020-01-01/P1Y,0.56,Number of jobs per resident aged 16 to 64,Number of jobs per resident aged 16 to 64,,,,
E09000008,Croydon,Local Authority District,Job density,2021-01-01/P1Y,0.55,Number of jobs per resident aged 16 to 64,Number of jobs per resident aged 16 to 64,,,,
E09000008,Croydon,Local Authority District,Job density,2022-01-01/P1Y,0.58,Number of jobs per resident aged 16 to 64,Number of jobs per resident aged 16 to 64,,,,
E09000008,Croydon,Local Authority District,Job density,2023-01-01/P1Y,0.56,Number of jobs per resident aged 16 to 64,Number of jobs per resident aged 16 to 64,,,,
E09000008,Croydon,Local Authority District,Job density,2024-01-01/P1Y,0.51,Number of jobs per resident aged 16 to 64,Number of jobs per resident aged 16 to 64,,,,
E09000008,Croydon,Local Authority District,Job density,2018-01-01/P1Y,0.59,Number of jobs per resident aged 16 to 64,Number of jobs per resident aged 16 to 64,,,,
E09000008,Croydon,Local Authority District,Job density,2017-01-01/P1Y,0.62,Number of jobs per resident aged 16 to 64,Number of jobs per resident aged 16 to 64,,,,
E09000008,Croydon,Local Authority District,Job density,2011-01-01/P1Y,0.56,Number of jobs per resident aged 16 to 64,Number of jobs per resident aged 16 to 64,,,,
E09000008,Croydon,Local Authority District,Job density,2012-01-01/P1Y,0.58,Number of jobs per resident aged 16 to 64,Number of jobs per resident aged 16 to 64,,,,
E09000008,Croydon,Local Authority District,Job density,2013-01-01/P1Y,0.53,Number of jobs per resident aged 16 to 64,Number of jobs per resident aged 16 to 64,,,,
E09000008,Croydon,Local Authority District,Job density,2014-01-01/P1Y,0.57,Number of jobs per resident aged 16 to 64,Number of jobs per resident aged 16 to 64,,,,
E09000008,Croydon,Local Authority District,Job density,2015-01-01/P1Y,0.58,Number of jobs per resident aged 16 to 64,Number of jobs per resident aged 16 to 64,,,,
E09000008,Croydon,Local Authority District,Job density,2016-01-01/P1Y,0.59,Number of jobs per resident aged 16 to 64,Number of jobs per resident aged 16 to 64,,,,
E09000009,Ealing,Local Authority District,Job density,2019-01-01/P1Y,0.63,Number of jobs per resident aged 16 to 64,Number of jobs per resident aged 16 to 64,,,,
E09000009,Ealing,Local Authority District,Job density,2020-01-01/P1Y,0.64,Number of jobs per resident aged 16 to 64,Number of jobs per resident aged 16 to 64,,,,
E09000009,Ealing,Local Authority District,Job density,2021-01-01/P1Y,0.63,Number of jobs per resident aged 16 to 64,Number of jobs per resident aged 16 to 64,,,,
E09000009,Ealing,Local Authority District,Job density,2022-01-01/P1Y,0.63,Number of jobs per resident aged 16 to 64,Number of jobs per resident aged 16 to 64,,,,
E09000009,Ealing,Local Authority District,Job density,2023-01-01/P1Y,0.64,Number of jobs per resident aged 16 to 64,Number of jobs per resident aged 16 to 64,,,,
E09000009,Ealing,Local Authority District,Job density,2024-01-01/P1Y,0.56,Number of jobs per resident aged 16 to 64,Number of jobs per resident aged 16 to 64,,,,
E09000009,Ealing,Local Authority District,Job density,2018-01-01/P1Y,0.6,Number of jobs per resident aged 16 to 64,Number of jobs per resident aged 16 to 64,,,,
E09000009,Ealing,Local Authority District,Job density,2017-01-01/P1Y,0.68,Number of jobs per resident aged 16 to 64,Number of jobs per resident aged 16 to 64,,,,
E09000009,Ealing,Local Authority District,Job density,2011-01-01/P1Y,0.63,Number of jobs per resident aged 16 to 64,Number of jobs per resident aged 16 to 64,,,,
E09000009,Ealing,Local Authority District,Job density,2012-01-01/P1Y,0.62,Number of jobs per resident aged 16 to 64,Number of jobs per resident aged 16 to 64,,,,
E09000009,Ealing,Local Authority District,Job density,2013-01-01/P1Y,0.63,Number of jobs per resident aged 16 to 64,Number of jobs per resident aged 16 to 64,,,,
E09000009,Ealing,Local Authority District,Job density,2014-01-01/P1Y,0.66,Number of jobs per resident aged 16 to 64,Number of jobs per resident aged 16 to 64,,,,
E09000009,Ealing,Local Authority District,Job density,2015-01-01/P1Y,0.66,Number of jobs per resident aged 16 to 64,Number of jobs per resident aged 16 to 64,,,,
E09000009,Ealing,Local Authority District,Job density,2016-01-01/P1Y,0.68,Number of jobs per resident aged 16 to 64,Number of jobs per resident aged 16 to 64,,,,
E09000010,Enfield,Local Authority District,Job density,2018-01-01/P1Y,0.62,Number of jobs per resident aged 16 to 64,Number of jobs per resident aged 16 to 64,,,,
E09000010,Enfield,Local Authority District,Job density,2019-01-01/P1Y,0.63,Number of jobs per resident aged 16 to 64,Number of jobs per resident aged 16 to 64,,,,
E09000010,Enfield,Local Authority District,Job density,2020-01-01/P1Y,0.59,Number of jobs per resident aged 16 to 64,Number of jobs per resident aged 16 to 64,,,,
E09000010,Enfield,Local Authority District,Job density,2021-01-01/P1Y,0.58,Number of jobs per resident aged 16 to 64,Number of jobs per resident aged 16 to 64,,,,
E09000010,Enfield,Local Authority District,Job density,2022-01-01/P1Y,0.62,Number of jobs per resident aged 16 to 64,Number of jobs per resident aged 16 to 64,,,,
E09000010,Enfield,Local Authority District,Job density,2023-01-01/P1Y,0.63,Number of jobs per resident aged 16 to 64,Number of jobs per resident aged 16 to 64,,,,
E09000010,Enfield,Local Authority District,Job density,2024-01-01/P1Y,0.69,Number of jobs per resident aged 16 to 64,Number of jobs per resident aged 16 to 64,,,,
E09000010,Enfield,Local Authority District,Job density,2017-01-01/P1Y,0.59,Number of jobs per resident aged 16 to 64,Number of jobs per resident aged 16 to 64,,,,
E09000010,Enfield,Local Authority District,Job density,2016-01-01/P1Y,0.6,Number of jobs per resident aged 16 to 64,Number of jobs per resident aged 16 to 64,,,,
E09000010,Enfield,Local Authority District,Job density,2011-01-01/P1Y,0.54,Number of jobs per resident aged 16 to 64,Number of jobs per resident aged 16 to 64,,,,
E09000010,Enfield,Local Authority District,Job density,2012-01-01/P1Y,0.57,Number of jobs per resident aged 16 to 64,Number of jobs per resident aged 16 to 64,,,,
E09000010,Enfield,Local Authority District,Job density,2013-01-01/P1Y,0.57,Number of jobs per resident aged 16 to 64,Number of jobs per resident aged 16 to 64,,,,
E09000010,Enfield,Local Authority District,Job density,2014-01-01/P1Y,0.6,Number of jobs per resident aged 16 to 64,Number of jobs per resident aged 16 to 64,,,,
E09000010,Enfield,Local Authority District,Job density,2015-01-01/P1Y,0.62,Number of jobs per resident aged 16 to 64,Number of jobs per resident aged 16 to 64,,,,
E09000011,Greenwich,Local Authority District,Job density,2021-01-01/P1Y,0.51,Number of jobs per resident aged 16 to 64,Number of jobs per resident aged 16 to 64,,,,
E09000011,Greenwich,Local Authority District,Job density,2019-01-01/P1Y,0.54,Number of jobs per resident aged 16 to 64,Number of jobs per resident aged 16 to 64,,,,
E09000011,Greenwich,Local Authority District,Job density,2020-01-01/P1Y,0.51,Number of jobs per resident aged 16 to 64,Number of jobs per resident aged 16 to 64,,,,
E09000011,Greenwich,Local Authority District,Job density,2024-01-01/P1Y,0.57,Number of jobs per resident aged 16 to 64,Number of jobs per resident aged 16 to 64,,,,
E09000011,Greenwich,Local Authority District,Job density,2022-01-01/P1Y,0.52,Number of jobs per resident aged 16 to 64,Number of jobs per resident aged 16 to 64,,,,
E09000011,Greenwich,Local Authority District,Job density,2023-01-01/P1Y,0.51,Number of jobs per resident aged 16 to 64,Number of jobs per resident aged 16 to 64,,,,
E09000011,Greenwich,Local Authority District,Job density,2018-01-01/P1Y,0.54,Number of jobs per resident aged 16 to 64,Number of jobs per resident aged 16 to 64,,,,
E09000011,Greenwich,Local Authority District,Job density,2012-01-01/P1Y,0.46,Number of jobs per resident aged 16 to 64,Number of jobs per resident aged 16 to 64,,,,
E09000011,Greenwich,Local Authority District,Job density,2017-01-01/P1Y,0.53,Number of jobs per resident aged 16 to 64,Number of jobs per resident aged 16 to 64,,,,
E09000011,Greenwich,Local Authority District,Job density,2011-01-01/P1Y,0.47,Number of jobs per resident aged 16 to 64,Number of jobs per resident aged 16 to 64,,,,
E09000011,Greenwich,Local Authority District,Job density,2013-01-01/P1Y,0.48,Number of jobs per resident aged 16 to 64,Number of jobs per resident aged 16 to 64,,,,
E09000011,Greenwich,Local Authority District,Job density,2014-01-01/P1Y,0.52,Number of jobs per resident aged 16 to 64,Number of jobs per resident aged 16 to 64,,,,
E09000011,Greenwich,Local Authority District,Job density,2015-01-01/P1Y,0.51,Number of jobs per resident aged 16 to 64,Number of jobs per resident aged 16 to 64,,,,
E09000011,Greenwich,Local Authority District,Job density,2016-01-01/P1Y,0.51,Number of jobs per resident aged 16 to 64,Number of jobs per resident aged 16 to 64,,,,
E09000015,Harrow,Local Authority District,Job density,2019-01-01/P1Y,0.53,Number of jobs per resident aged 16 to 64,Number of jobs per resident aged 16 to 64,,,,
E09000015,Harrow,Local Authority District,Job density,2020-01-01/P1Y,0.53,Number of jobs per resident aged 16 to 64,Number of jobs per resident aged 16 to 64,,,,
E09000015,Harrow,Local Authority District,Job density,2021-01-01/P1Y,0.5,Number of jobs per resident aged 16 to 64,Number of jobs per resident aged 16 to 64,,,,
E09000015,Harrow,Local Authority District,Job density,2023-01-01/P1Y,0.57,Number of jobs per resident aged 16 to 64,Number of jobs per resident aged 16 to 64,,,,
E09000015,Harrow,Local Authority District,Job density,2022-01-01/P1Y,0.54,Number of jobs per resident aged 16 to 64,Number of jobs per resident aged 16 to 64,,,,
E09000015,Harrow,Local Authority District,Job density,2024-01-01/P1Y,0.53,Number of jobs per resident aged 16 to 64,Number of jobs per resident aged 16 to 64,,,,
E09000015,Harrow,Local Authority District,Job density,2018-01-01/P1Y,0.54,Number of jobs per resident aged 16 to 64,Number of jobs per resident aged 16 to 64,,,,
E09000015,Harrow,Local Authority District,Job density,2011-01-01/P1Y,0.48,Number of jobs per resident aged 16 to 64,Number of jobs per resident aged 16 to 64,,,,
E09000015,Harrow,Local Authority District,Job density,2017-01-01/P1Y,0.58,Number of jobs per resident aged 16 to 64,Number of jobs per resident aged 16 to 64,,,,
E09000015,Harrow,Local Authority District,Job density,2012-01-01/P1Y,0.5,Number of jobs per resident aged 16 to 64,Number of jobs per resident aged 16 to 64,,,,
E09000015,Harrow,Local Authority District,Job density,2013-01-01/P1Y,0.48,Number of jobs per resident aged 16 to 64,Number of jobs per resident aged 16 to 64,,,,
E09000015,Harrow,Local Authority District,Job density,2014-01-01/P1Y,0.54,Number of jobs per resident aged 16 to 64,Number of jobs per resident aged 16 to 64,,,,
E09000015,Harrow,Local Authority District,Job density,2015-01-01/P1Y,0.53,Number of jobs per resident aged 16 to 64,Number of jobs per resident aged 16 to 64,,,,
E09000015,Harrow,Local Authority District,Job density,2016-01-01/P1Y,0.55,Number of jobs per resident aged 16 to 64,Number of jobs per resident aged 16 to 64,,,,
E09000016,Havering,Local Authority District,Job density,2021-01-01/P1Y,0.64,Number of jobs per resident aged 16 to 64,Number of jobs per resident aged 16 to 64,,,,
E09000016,Havering,Local Authority District,Job density,2019-01-01/P1Y,0.6,Number of jobs per resident aged 16 to 64,Number of jobs per resident aged 16 to 64,,,,
E09000016,Havering,Local Authority District,Job density,2020-01-01/P1Y,0.59,Number of jobs per resident aged 16 to 64,Number of jobs per resident aged 16 to 64,,,,
E09000016,Havering,Local Authority District,Job density,2018-01-01/P1Y,0.64,Number of jobs per resident aged 16 to 64,Number of jobs per resident aged 16 to 64,,,,
E09000016,Havering,Local Authority District,Job density,2022-01-01/P1Y,0.67,Number of jobs per resident aged 16 to 64,Number of jobs per resident aged 16 to 64,,,,
E09000016,Havering,Local Authority District,Job density,2023-01-01/P1Y,0.63,Number of jobs per resident aged 16 to 64,Number of jobs per resident aged 16 to 64,,,,
E09000016,Havering,Local Authority District,Job density,2024-01-01/P1Y,0.6,Number of jobs per resident aged 16 to 64,Number of jobs per resident aged 16 to 64,,,,
E09000016,Havering,Local Authority District,Job density,2017-01-01/P1Y,0.64,Number of jobs per resident aged 16 to 64,Number of jobs per resident aged 16 to 64,,,,
E09000016,Havering,Local Authority District,Job density,2011-01-01/P1Y,0.55,Number of jobs per resident aged 16 to 64,Number of jobs per resident aged 16 to 64,,,,
E09000016,Havering,Local Authority District,Job density,2012-01-01/P1Y,0.56,Number of jobs per resident aged 16 to 64,Number of jobs per resident aged 16 to 64,,,,
E09000016,Havering,Local Authority District,Job density,2013-01-01/P1Y,0.6,Number of jobs per resident aged 16 to 64,Number of jobs per resident aged 16 to 64,,,,
E09000016,Havering,Local Authority District,Job density,2014-01-01/P1Y,0.59,Number of jobs per resident aged 16 to 64,Number of jobs per resident aged 16 to 64,,,,
E09000016,Havering,Local Authority District,Job density,2015-01-01/P1Y,0.6,Number of jobs per resident aged 16 to 64,Number of jobs per resident aged 16 to 64,,,,
E09000016,Havering,Local Authority District,Job density,2016-01-01/P1Y,0.63,Number of jobs per resident aged 16 to 64,Number of jobs per resident aged 16 to 64,,,,
E09000017,Hillingdon,Local Authority District,Job density,2021-01-01/P1Y,1.01,Number of jobs per resident aged 16 to 64,Number of jobs per resident aged 16 to 64,,,,
E09000017,Hillingdon,Local Authority District,Job density,2019-01-01/P1Y,1.03,Number of jobs per resident aged 16 to 64,Number of jobs per resident aged 16 to 64,,,,
E09000017,Hillingdon,Local Authority District,Job density,2020-01-01/P1Y,1.03,Number of jobs per resident aged 16 to 64,Number of jobs per resident aged 16 to 64,,,,
E09000017,Hillingdon,Local Authority District,Job density,2024-01-01/P1Y,0.99,Number of jobs per resident aged 16 to 64,Number of jobs per resident aged 16 to 64,,,,
E09000017,Hillingdon,Local Authority District,Job density,2022-01-01/P1Y,1.06,Number of jobs per resident aged 16 to 64,Number of jobs per resident aged 16 to 64,,,,
E09000017,Hillingdon,Local Authority District,Job density,2023-01-01/P1Y,0.97,Number of jobs per resident aged 16 to 64,Number of jobs per resident aged 16 to 64,,,,
E09000017,Hillingdon,Local Authority District,Job density,2018-01-01/P1Y,1.05,Number of jobs per resident aged 16 to 64,Number of jobs per resident aged 16 to 64,,,,
E09000017,Hillingdon,Local Authority District,Job density,2017-01-01/P1Y,1.1,Number of jobs per resident aged 16 to 64,Number of jobs per resident aged 16 to 64,,,,
E09000017,Hillingdon,Local Authority District,Job density,2011-01-01/P1Y,1.11,Number of jobs per resident aged 16 to 64,Number of jobs per resident aged 16 to 64,,,,
E09000017,Hillingdon,Local Authority District,Job density,2012-01-01/P1Y,1.15,Number of jobs per resident aged 16 to 64,Number of jobs per resident aged 16 to 64,,,,
E09000017,Hillingdon,Local Authority District,Job density,2013-01-01/P1Y,1.13,Number of jobs per resident aged 16 to 64,Number of jobs per resident aged 16 to 64,,,,
E09000017,Hillingdon,Local Authority District,Job density,2014-01-01/P1Y,1.15,Number of jobs per resident aged 16 to 64,Number of jobs per resident aged 16 to 64,,,,
E09000017,Hillingdon,Local Authority District,Job density,2015-01-01/P1Y,1.05,Number of jobs per resident aged 16 to 64,Number of jobs per resident aged 16 to 64,,,,
E09000017,Hillingdon,Local Authority District,Job density,2016-01-01/P1Y,1.04,Number of jobs per resident aged 16 to 64,Number of jobs per resident aged 16 to 64,,,,
E09000018,Hounslow,Local Authority District,Job density,2019-01-01/P1Y,0.95,Number of jobs per resident aged 16 to 64,Number of jobs per resident aged 16 to 64,,,,
E09000018,Hounslow,Local Authority District,Job density,2020-01-01/P1Y,0.86,Number of jobs per resident aged 16 to 64,Number of jobs per resident aged 16 to 64,,,,
E09000018,Hounslow,Local Authority District,Job density,2021-01-01/P1Y,0.86,Number of jobs per resident aged 16 to 64,Number of jobs per resident aged 16 to 64,,,,
E09000018,Hounslow,Local Authority District,Job density,2022-01-01/P1Y,0.92,Number of jobs per resident aged 16 to 64,Number of jobs per resident aged 16 to 64,,,,
E09000018,Hounslow,Local Authority District,Job density,2023-01-01/P1Y,0.9,Number of jobs per resident aged 16 to 64,Number of jobs per resident aged 16 to 64,,,,
E09000018,Hounslow,Local Authority District,Job density,2024-01-01/P1Y,0.9,Number of jobs per resident aged 16 to 64,Number of jobs per resident aged 16 to 64,,,,
E09000018,Hounslow,Local Authority District,Job density,2018-01-01/P1Y,0.92,Number of jobs per resident aged 16 to 64,Number of jobs per resident aged 16 to 64,,,,
E09000018,Hounslow,Local Authority District,Job density,2017-01-01/P1Y,0.98,Number of jobs per resident aged 16 to 64,Number of jobs per resident aged 16 to 64,,,,
E09000018,Hounslow,Local Authority District,Job density,2011-01-01/P1Y,0.85,Number of jobs per resident aged 16 to 64,Number of jobs per resident aged 16 to 64,,,,
E09000018,Hounslow,Local Authority District,Job density,2012-01-01/P1Y,0.89,Number of jobs per resident aged 16 to 64,Number of jobs per resident aged 16 to 64,,,,
E09000018,Hounslow,Local Authority District,Job density,2013-01-01/P1Y,0.92,Number of jobs per resident aged 16 to 64,Number of jobs per resident aged 16 to 64,,,,
E09000018,Hounslow,Local Authority District,Job density,2014-01-01/P1Y,0.88,Number of jobs per resident aged 16 to 64,Number of jobs per resident aged 16 to 64,,,,
E09000018,Hounslow,Local Authority District,Job density,2015-01-01/P1Y,0.99,Number of jobs per resident aged 16 to 64,Number of jobs per resident aged 16 to 64,,,,
E09000018,Hounslow,Local Authority District,Job density,2016-01-01/P1Y,1.04,Number of jobs per resident aged 16 to 64,Number of jobs per resident aged 16 to 64,,,,
E09000021,Kingston upon Thames,Local Authority District,Job density,2019-01-01/P1Y,0.81,Number of jobs per resident aged 16 to 64,Number of jobs per resident aged 16 to 64,,,,
E09000021,Kingston upon Thames,Local Authority District,Job density,2020-01-01/P1Y,0.79,Number of jobs per resident aged 16 to 64,Number of jobs per resident aged 16 to 64,,,,
E09000021,Kingston upon Thames,Local Authority District,Job density,2021-01-01/P1Y,0.8,Number of jobs per resident aged 16 to 64,Number of jobs per resident aged 16 to 64,,,,
E09000021,Kingston upon Thames,Local Authority District,Job density,2023-01-01/P1Y,0.82,Number of jobs per resident aged 16 to 64,Number of jobs per resident aged 16 to 64,,,,
E09000021,Kingston upon Thames,Local Authority District,Job density,2022-01-01/P1Y,0.82,Number of jobs per resident aged 16 to 64,Number of jobs per resident aged 16 to 64,,,,
E09000021,Kingston upon Thames,Local Authority District,Job density,2024-01-01/P1Y,0.81,Number of jobs per resident aged 16 to 64,Number of jobs per resident aged 16 to 64,,,,
E09000021,Kingston upon Thames,Local Authority District,Job density,2018-01-01/P1Y,0.86,Number of jobs per resident aged 16 to 64,Number of jobs per resident aged 16 to 64,,,,
E09000021,Kingston upon Thames,Local Authority District,Job density,2017-01-01/P1Y,0.89,Number of jobs per resident aged 16 to 64,Number of jobs per resident aged 16 to 64,,,,
E09000021,Kingston upon Thames,Local Authority District,Job density,2011-01-01/P1Y,0.73,Number of jobs per resident aged 16 to 64,Number of jobs per resident aged 16 to 64,,,,
E09000021,Kingston upon Thames,Local Authority District,Job density,2012-01-01/P1Y,0.73,Number of jobs per resident aged 16 to 64,Number of jobs per resident aged 16 to 64,,,,
E09000021,Kingston upon Thames,Local Authority District,Job density,2013-01-01/P1Y,0.72,Number of jobs per resident aged 16 to 64,Number of jobs per resident aged 16 to 64,,,,
E09000021,Kingston upon Thames,Local Authority District,Job density,2014-01-01/P1Y,0.74,Number of jobs per resident aged 16 to 64,Number of jobs per resident aged 16 to 64,,,,
E09000021,Kingston upon Thames,Local Authority District,Job density,2015-01-01/P1Y,0.84,Number of jobs per resident aged 16 to 64,Number of jobs per resident aged 16 to 64,,,,
E09000021,Kingston upon Thames,Local Authority District,Job density,2016-01-01/P1Y,0.88,Number of jobs per resident aged 16 to 64,Number of jobs per resident aged 16 to 64,,,,
E09000024,Merton,Local Authority District,Job density,2019-01-01/P1Y,0.68,Number of jobs per resident aged 16 to 64,Number of jobs per resident aged 16 to 64,,,,
E09000024,Merton,Local Authority District,Job density,2020-01-01/P1Y,0.66,Number of jobs per resident aged 16 to 64,Number of jobs per resident aged 16 to 64,,,,
E09000024,Merton,Local Authority District,Job density,2021-01-01/P1Y,0.63,Number of jobs per resident aged 16 to 64,Number of jobs per resident aged 16 to 64,,,,
E09000024,Merton,Local Authority District,Job density,2022-01-01/P1Y,0.63,Number of jobs per resident aged 16 to 64,Number of jobs per resident aged 16 to 64,,,,
E09000024,Merton,Local Authority District,Job density,2023-01-01/P1Y,0.7,Number of jobs per resident aged 16 to 64,Number of jobs per resident aged 16 to 64,,,,
E09000024,Merton,Local Authority District,Job density,2024-01-01/P1Y,0.63,Number of jobs per resident aged 16 to 64,Number of jobs per resident aged 16 to 64,,,,
E09000024,Merton,Local Authority District,Job density,2018-01-01/P1Y,0.72,Number of jobs per resident aged 16 to 64,Number of jobs per resident aged 16 to 64,,,,
E09000024,Merton,Local Authority District,Job density,2017-01-01/P1Y,0.71,Number of jobs per resident aged 16 to 64,Number of jobs per resident aged 16 to 64,,,,
E09000024,Merton,Local Authority District,Job density,2011-01-01/P1Y,0.62,Number of jobs per resident aged 16 to 64,Number of jobs per resident aged 16 to 64,,,,
E09000024,Merton,Local Authority District,Job density,2012-01-01/P1Y,0.63,Number of jobs per resident aged 16 to 64,Number of jobs per resident aged 16 to 64,,,,
E09000024,Merton,Local Authority District,Job density,2013-01-01/P1Y,0.67,Number of jobs per resident aged 16 to 64,Number of jobs per resident aged 16 to 64,,,,
E09000024,Merton,Local Authority District,Job density,2014-01-01/P1Y,0.67,Number of jobs per resident aged 16 to 64,Number of jobs per resident aged 16 to 64,,,,
E09000024,Merton,Local Authority District,Job density,2015-01-01/P1Y,0.67,Number of jobs per resident aged 16 to 64,Number of jobs per resident aged 16 to 64,,,,
E09000024,Merton,Local Authority District,Job density,2016-01-01/P1Y,0.64,Number of jobs per resident aged 16 to 64,Number of jobs per resident aged 16 to 64,,,,
E09000026,Redbridge,Local Authority District,Job density,2019-01-01/P1Y,0.47,Number of jobs per resident aged 16 to 64,Number of jobs per resident aged 16 to 64,,,,
E09000026,Redbridge,Local Authority District,Job density,2020-01-01/P1Y,0.44,Number of jobs per resident aged 16 to 64,Number of jobs per resident aged 16 to 64,,,,
E09000026,Redbridge,Local Authority District,Job density,2021-01-01/P1Y,0.46,Number of jobs per resident aged 16 to 64,Number of jobs per resident aged 16 to 64,,,,
E09000026,Redbridge,Local Authority District,Job density,2022-01-01/P1Y,0.47,Number of jobs per resident aged 16 to 64,Number of jobs per resident aged 16 to 64,,,,
E09000026,Redbridge,Local Authority District,Job density,2023-01-01/P1Y,0.47,Number of jobs per resident aged 16 to 64,Number of jobs per resident aged 16 to 64,,,,
E09000026,Redbridge,Local Authority District,Job density,2024-01-01/P1Y,0.46,Number of jobs per resident aged 16 to 64,Number of jobs per resident aged 16 to 64,,,,
E09000026,Redbridge,Local Authority District,Job density,2018-01-01/P1Y,0.45,Number of jobs per resident aged 16 to 64,Number of jobs per resident aged 16 to 64,,,,
E09000026,Redbridge,Local Authority District,Job density,2017-01-01/P1Y,0.49,Number of jobs per resident aged 16 to 64,Number of jobs per resident aged 16 to 64,,,,
E09000026,Redbridge,Local Authority District,Job density,2011-01-01/P1Y,0.42,Number of jobs per resident aged 16 to 64,Number of jobs per resident aged 16 to 64,,,,
E09000026,Redbridge,Local Authority District,Job density,2012-01-01/P1Y,0.47,Number of jobs per resident aged 16 to 64,Number of jobs per resident aged 16 to 64,,,,
E09000026,Redbridge,Local Authority District,Job density,2013-01-01/P1Y,0.44,Number of jobs per resident aged 16 to 64,Number of jobs per resident aged 16 to 64,,,,
E09000026,Redbridge,Local Authority District,Job density,2014-01-01/P1Y,0.46,Number of jobs per resident aged 16 to 64,Number of jobs per resident aged 16 to 64,,,,
E09000026,Redbridge,Local Authority District,Job density,2015-01-01/P1Y,0.47,Number of jobs per resident aged 16 to 64,Number of jobs per resident aged 16 to 64,,,,
E09000026,Redbridge,Local Authority District,Job density,2016-01-01/P1Y,0.47,Number of jobs per resident aged 16 to 64,Number of jobs per resident aged 16 to 64,,,,
E09000027,Richmond upon Thames,Local Authority District,Job density,2018-01-01/P1Y,0.88,Number of jobs per resident aged 16 to 64,Number of jobs per resident aged 16 to 64,,,,
E09000027,Richmond upon Thames,Local Authority District,Job density,2019-01-01/P1Y,0.81,Number of jobs per resident aged 16 to 64,Number of jobs per resident aged 16 to 64,,,,
E09000027,Richmond upon Thames,Local Authority District,Job density,2020-01-01/P1Y,0.79,Number of jobs per resident aged 16 to 64,Number of jobs per resident aged 16 to 64,,,,
E09000027,Richmond upon Thames,Local Authority District,Job density,2021-01-01/P1Y,0.78,Number of jobs per resident aged 16 to 64,Number of jobs per resident aged 16 to 64,,,,
E09000027,Richmond upon Thames,Local Authority District,Job density,2022-01-01/P1Y,0.81,Number of jobs per resident aged 16 to 64,Number of jobs per resident aged 16 to 64,,,,
E09000027,Richmond upon Thames,Local Authority District,Job density,2023-01-01/P1Y,0.75,Number of jobs per resident aged 16 to 64,Number of jobs per resident aged 16 to 64,,,,
E09000027,Richmond upon Thames,Local Authority District,Job density,2024-01-01/P1Y,0.85,Number of jobs per resident aged 16 to 64,Number of jobs per resident aged 16 to 64,,,,
E09000027,Richmond upon Thames,Local Authority District,Job density,2017-01-01/P1Y,0.84,Number of jobs per resident aged 16 to 64,Number of jobs per resident aged 16 to 64,,,,
E09000027,Richmond upon Thames,Local Authority District,Job density,2016-01-01/P1Y,0.86,Number of jobs per resident aged 16 to 64,Number of jobs per resident aged 16 to 64,,,,
E09000027,Richmond upon Thames,Local Authority District,Job density,2011-01-01/P1Y,0.76,Number of jobs per resident aged 16 to 64,Number of jobs per resident aged 16 to 64,,,,
E09000027,Richmond upon Thames,Local Authority District,Job density,2012-01-01/P1Y,0.73,Number of jobs per resident aged 16 to 64,Number of jobs per resident aged 16 to 64,,,,
E09000027,Richmond upon Thames,Local Authority District,Job density,2013-01-01/P1Y,0.75,Number of jobs per resident aged 16 to 64,Number of jobs per resident aged 16 to 64,,,,
E09000027,Richmond upon Thames,Local Authority District,Job density,2014-01-01/P1Y,0.75,Number of jobs per resident aged 16 to 64,Number of jobs per resident aged 16 to 64,,,,
E09000027,Richmond upon Thames,Local Authority District,Job density,2015-01-01/P1Y,0.81,Number of jobs per resident aged 16 to 64,Number of jobs per resident aged 16 to 64,,,,
E09000029,Sutton,Local Authority District,Job density,2020-01-01/P1Y,0.61,Number of jobs per resident aged 16 to 64,Number of jobs per resident aged 16 to 64,,,,
E09000029,Sutton,Local Authority District,Job density,2019-01-01/P1Y,0.63,Number of jobs per resident aged 16 to 64,Number of jobs per resident aged 16 to 64,,,,
E09000029,Sutton,Local Authority District,Job density,2021-01-01/P1Y,0.71,Number of jobs per resident aged 16 to 64,Number of jobs per resident aged 16 to 64,,,,
E09000029,Sutton,Local Authority District,Job density,2018-01-01/P1Y,0.59,Number of jobs per resident aged 16 to 64,Number of jobs per resident aged 16 to 64,,,,
E09000029,Sutton,Local Authority District,Job density,2022-01-01/P1Y,0.79,Number of jobs per resident aged 16 to 64,Number of jobs per resident aged 16 to 64,,,,
E09000029,Sutton,Local Authority District,Job density,2023-01-01/P1Y,0.63,Number of jobs per resident aged 16 to 64,Number of jobs per resident aged 16 to 64,,,,
E09000029,Sutton,Local Authority District,Job density,2024-01-01/P1Y,0.62,Number of jobs per resident aged 16 to 64,Number of jobs per resident aged 16 to 64,,,,
E09000029,Sutton,Local Authority District,Job density,2017-01-01/P1Y,0.65,Number of jobs per resident aged 16 to 64,Number of jobs per resident aged 16 to 64,,,,
E09000029,Sutton,Local Authority District,Job density,2011-01-01/P1Y,0.62,Number of jobs per resident aged 16 to 64,Number of jobs per resident aged 16 to 64,,,,
E09000029,Sutton,Local Authority District,Job density,2012-01-01/P1Y,0.62,Number of jobs per resident aged 16 to 64,Number of jobs per resident aged 16 to 64,,,,
E09000029,Sutton,Local Authority District,Job density,2013-01-01/P1Y,0.6,Number of jobs per resident aged 16 to 64,Number of jobs per resident aged 16 to 64,,,,
E09000029,Sutton,Local Authority District,Job density,2014-01-01/P1Y,0.6,Number of jobs per resident aged 16 to 64,Number of jobs per resident aged 16 to 64,,,,
E09000029,Sutton,Local Authority District,Job density,2015-01-01/P1Y,0.62,Number of jobs per resident aged 16 to 64,Number of jobs per resident aged 16 to 64,,,,
E09000029,Sutton,Local Authority District,Job density,2016-01-01/P1Y,0.64,Number of jobs per resident aged 16 to 64,Number of jobs per resident aged 16 to 64,,,,
E09000031,Waltham Forest,Local Authority District,Job density,2019-01-01/P1Y,0.47,Number of jobs per resident aged 16 to 64,Number of jobs per resident aged 16 to 64,,,,
E09000031,Waltham Forest,Local Authority District,Job density,2020-01-01/P1Y,0.44,Number of jobs per resident aged 16 to 64,Number of jobs per resident aged 16 to 64,,,,
E09000031,Waltham Forest,Local Authority District,Job density,2021-01-01/P1Y,0.43,Number of jobs per resident aged 16 to 64,Number of jobs per resident aged 16 to 64,,,,
E09000031,Waltham Forest,Local Authority District,Job density,2023-01-01/P1Y,0.58,Number of jobs per resident aged 16 to 64,Number of jobs per resident aged 16 to 64,,,,
E09000031,Waltham Forest,Local Authority District,Job density,2022-01-01/P1Y,0.5,Number of jobs per resident aged 16 to 64,Number of jobs per resident aged 16 to 64,,,,
E09000031,Waltham Forest,Local Authority District,Job density,2024-01-01/P1Y,0.53,Number of jobs per resident aged 16 to 64,Number of jobs per resident aged 16 to 64,,,,
E09000031,Waltham Forest,Local Authority District,Job density,2018-01-01/P1Y,0.45,Number of jobs per resident aged 16 to 64,Number of jobs per resident aged 16 to 64,,,,
E09000031,Waltham Forest,Local Authority District,Job density,2017-01-01/P1Y,0.46,Number of jobs per resident aged 16 to 64,Number of jobs per resident aged 16 to 64,,,,
E09000031,Waltham Forest,Local Authority District,Job density,2011-01-01/P1Y,0.4,Number of jobs per resident aged 16 to 64,Number of jobs per resident aged 16 to 64,,,,
E09000031,Waltham Forest,Local Authority District,Job density,2012-01-01/P1Y,0.43,Number of jobs per resident aged 16 to 64,Number of jobs per resident aged 16 to 64,,,,
E09000031,Waltham Forest,Local Authority District,Job density,2013-01-01/P1Y,0.44,Number of jobs per resident aged 16 to 64,Number of jobs per resident aged 16 to 64,,,,
E09000031,Waltham Forest,Local Authority District,Job density,2014-01-01/P1Y,0.45,Number of jobs per resident aged 16 to 64,Number of jobs per resident aged 16 to 64,,,,
E09000031,Waltham Forest,Local Authority District,Job density,2015-01-01/P1Y,0.45,Number of jobs per resident aged 16 to 64,Number of jobs per resident aged 16 to 64,,,,
E09000031,Waltham Forest,Local Authority District,Job density,2016-01-01/P1Y,0.45,Number of jobs per resident aged 16 to 64,Number of jobs per resident aged 16 to 64,,,,
E12000008,South East,Region,Job density,2018-01-01/P1Y,0.87,Number of jobs per resident aged 16 to 64,Number of jobs per resident aged 16 to 64,,,,
E12000008,South East,Region,Job density,2023-01-01/P1Y,0.85,Number of jobs per resident aged 16 to 64,Number of jobs per resident aged 16 to 64,,,,
E12000008,South East,Region,Job density,2022-01-01/P1Y,0.86,Number of jobs per resident aged 16 to 64,Number of jobs per resident aged 16 to 64,,,,
E12000008,South East,Region,Job density,2021-01-01/P1Y,0.85,Number of jobs per resident aged 16 to 64,Number of jobs per resident aged 16 to 64,,,,
E12000008,South East,Region,Job density,2020-01-01/P1Y,0.85,Number of jobs per resident aged 16 to 64,Number of jobs per resident aged 16 to 64,,,,
E12000008,South East,Region,Job density,2019-01-01/P1Y,0.89,Number of jobs per resident aged 16 to 64,Number of jobs per resident aged 16 to 64,,,,
E12000008,South East,Region,Job density,2024-01-01/P1Y,0.85,Number of jobs per resident aged 16 to 64,Number of jobs per resident aged 16 to 64,,,,
E12000008,South East,Region,Job density,2017-01-01/P1Y,0.86,Number of jobs per resident aged 16 to 64,Number of jobs per resident aged 16 to 64,,,,
E12000008,South East,Region,Job density,2015-01-01/P1Y,0.86,Number of jobs per resident aged 16 to 64,Number of jobs per resident aged 16 to 64,,,,
E12000008,South East,Region,Job density,2014-01-01/P1Y,0.84,Number of jobs per resident aged 16 to 64,Number of jobs per resident aged 16 to 64,,,,
E12000008,South East,Region,Job density,2013-01-01/P1Y,0.82,Number of jobs per resident aged 16 to 64,Number of jobs per resident aged 16 to 64,,,,
E12000008,South East,Region,Job density,2012-01-01/P1Y,0.81,Number of jobs per resident aged 16 to 64,Number of jobs per resident aged 16 to 64,,,,
E12000008,South East,Region,Job density,2011-01-01/P1Y,0.81,Number of jobs per resident aged 16 to 64,Number of jobs per resident aged 16 to 64,,,,
E12000008,South East,Region,Job density,2016-01-01/P1Y,0.88,Number of jobs per resident aged 16 to 64,Number of jobs per resident aged 16 to 64,,,,
E06000036,Bracknell Forest,County or Unitary Authority,Job density,2019-01-01/P1Y,0.89,Number of jobs per resident aged 16 to 64,Number of jobs per resident aged 16 to 64,,,,
E06000036,Bracknell Forest,County or Unitary Authority,Job density,2020-01-01/P1Y,0.86,Number of jobs per resident aged 16 to 64,Number of jobs per resident aged 16 to 64,,,,
E06000036,Bracknell Forest,County or Unitary Authority,Job density,2021-01-01/P1Y,0.83,Number of jobs per resident aged 16 to 64,Number of jobs per resident aged 16 to 64,,,,
E06000036,Bracknell Forest,County or Unitary Authority,Job density,2023-01-01/P1Y,0.83,Number of jobs per resident aged 16 to 64,Number of jobs per resident aged 16 to 64,,,,
E06000036,Bracknell Forest,County or Unitary Authority,Job density,2022-01-01/P1Y,0.76,Number of jobs per resident aged 16 to 64,Number of jobs per resident aged 16 to 64,,,,
E06000036,Bracknell Forest,County or Unitary Authority,Job density,2024-01-01/P1Y,0.9,Number of jobs per resident aged 16 to 64,Number of jobs per resident aged 16 to 64,,,,
E06000036,Bracknell Forest,County or Unitary Authority,Job density,2018-01-01/P1Y,0.9,Number of jobs per resident aged 16 to 64,Number of jobs per resident aged 16 to 64,,,,
E06000036,Bracknell Forest,County or Unitary Authority,Job density,2014-01-01/P1Y,0.88,Number of jobs per resident aged 16 to 64,Number of jobs per resident aged 16 to 64,,,,
E06000036,Bracknell Forest,County or Unitary Authority,Job density,2017-01-01/P1Y,0.91,Number of jobs per resident aged 16 to 64,Number of jobs per resident aged 16 to 64,,,,
E06000036,Bracknell Forest,County or Unitary Authority,Job density,2011-01-01/P1Y,0.88,Number of jobs per resident aged 16 to 64,Number of jobs per resident aged 16 to 64,,,,
E06000036,Bracknell Forest,County or Unitary Authority,Job density,2012-01-01/P1Y,0.86,Number of jobs per resident aged 16 to 64,Number of jobs per resident aged 16 to 64,,,,
E06000036,Bracknell Forest,County or Unitary Authority,Job density,2013-01-01/P1Y,0.85,Number of jobs per resident aged 16 to 64,Number of jobs per resident aged 16 to 64,,,,
E06000036,Bracknell Forest,County or Unitary Authority,Job density,2015-01-01/P1Y,0.91,Number of jobs per resident aged 16 to 64,Number of jobs per resident aged 16 to 64,,,,
E06000036,Bracknell Forest,County or Unitary Authority,Job density,2016-01-01/P1Y,0.92,Number of jobs per resident aged 16 to 64,Number of jobs per resident aged 16 to 64,,,,
E06000043,Brighton and Hove,County or Unitary Authority,Job density,2018-01-01/P1Y,0.87,Number of jobs per resident aged 16 to 64,Number of jobs per resident aged 16 to 64,,,,
E06000043,Brighton and Hove,County or Unitary Authority,Job density,2019-01-01/P1Y,0.87,Number of jobs per resident aged 16 to 64,Number of jobs per resident aged 16 to 64,,,,
E06000043,Brighton and Hove,County or Unitary Authority,Job density,2020-01-01/P1Y,0.83,Number of jobs per resident aged 16 to 64,Number of jobs per resident aged 16 to 64,,,,
E06000043,Brighton and Hove,County or Unitary Authority,Job density,2021-01-01/P1Y,0.88,Number of jobs per resident aged 16 to 64,Number of jobs per resident aged 16 to 64,,,,
E06000043,Brighton and Hove,County or Unitary Authority,Job density,2022-01-01/P1Y,0.91,Number of jobs per resident aged 16 to 64,Number of jobs per resident aged 16 to 64,,,,
E06000043,Brighton and Hove,County or Unitary Authority,Job density,2024-01-01/P1Y,0.86,Number of jobs per resident aged 16 to 64,Number of jobs per resident aged 16 to 64,,,,
E06000043,Brighton and Hove,County or Unitary Authority,Job density,2023-01-01/P1Y,0.87,Number of jobs per resident aged 16 to 64,Number of jobs per resident aged 16 to 64,,,,
E06000043,Brighton and Hove,County or Unitary Authority,Job density,2017-01-01/P1Y,0.89,Number of jobs per resident aged 16 to 64,Number of jobs per resident aged 16 to 64,,,,
E06000043,Brighton and Hove,County or Unitary Authority,Job density,2016-01-01/P1Y,0.89,Number of jobs per resident aged 16 to 64,Number of jobs per resident aged 16 to 64,,,,
E06000043,Brighton and Hove,County or Unitary Authority,Job density,2011-01-01/P1Y,0.76,Number of jobs per resident aged 16 to 64,Number of jobs per resident aged 16 to 64,,,,
E06000043,Brighton and Hove,County or Unitary Authority,Job density,2012-01-01/P1Y,0.79,Number of jobs per resident aged 16 to 64,Number of jobs per resident aged 16 to 64,,,,
E06000043,Brighton and Hove,County or Unitary Authority,Job density,2013-01-01/P1Y,0.8,Number of jobs per resident aged 16 to 64,Number of jobs per resident aged 16 to 64,,,,
E06000043,Brighton and Hove,County or Unitary Authority,Job density,2014-01-01/P1Y,0.83,Number of jobs per resident aged 16 to 64,Number of jobs per resident aged 16 to 64,,,,
E06000043,Brighton and Hove,County or Unitary Authority,Job density,2015-01-01/P1Y,0.85,Number of jobs per resident aged 16 to 64,Number of jobs per resident aged 16 to 64,,,,
E06000060,Buckinghamshire,County or Unitary Authority,Job density,2020-01-01/P1Y,0.84,Number of jobs per resident aged 16 to 64,Number of jobs per resident aged 16 to 64,,,,
E06000060,Buckinghamshire,County or Unitary Authority,Job density,2019-01-01/P1Y,0.88,Number of jobs per resident aged 16 to 64,Number of jobs per resident aged 16 to 64,,,,
E06000060,Buckinghamshire,County or Unitary Authority,Job density,2021-01-01/P1Y,0.84,Number of jobs per resident aged 16 to 64,Number of jobs per resident aged 16 to 64,,,,
E06000060,Buckinghamshire,County or Unitary Authority,Job density,2018-01-01/P1Y,0.84,Number of jobs per resident aged 16 to 64,Number of jobs per resident aged 16 to 64,,,,
E06000060,Buckinghamshire,County or Unitary Authority,Job density,2022-01-01/P1Y,0.87,Number of jobs per resident aged 16 to 64,Number of jobs per resident aged 16 to 64,,,,
E06000060,Buckinghamshire,County or Unitary Authority,Job density,2023-01-01/P1Y,0.84,Number of jobs per resident aged 16 to 64,Number of jobs per resident aged 16 to 64,,,,
E06000060,Buckinghamshire,County or Unitary Authority,Job density,2024-01-01/P1Y,0.81,Number of jobs per resident aged 16 to 64,Number of jobs per resident aged 16 to 64,,,,
E06000060,Buckinghamshire,County or Unitary Authority,Job density,2017-01-01/P1Y,0.86,Number of jobs per resident aged 16 to 64,Number of jobs per resident aged 16 to 64,,,,
E06000060,Buckinghamshire,County or Unitary Authority,Job density,2011-01-01/P1Y,0.77,Number of jobs per resident aged 16 to 64,Number of jobs per resident aged 16 to 64,,,,
E06000060,Buckinghamshire,County or Unitary Authority,Job density,2012-01-01/P1Y,0.79,Number of jobs per resident aged 16 to 64,Number of jobs per resident aged 16 to 64,,,,
E06000060,Buckinghamshire,County or Unitary Authority,Job density,2013-01-01/P1Y,0.79,Number of jobs per resident aged 16 to 64,Number of jobs per resident aged 16 to 64,,,,
E06000060,Buckinghamshire,County or Unitary Authority,Job density,2014-01-01/P1Y,0.82,Number of jobs per resident aged 16 to 64,Number of jobs per resident aged 16 to 64,,,,
E06000060,Buckinghamshire,County or Unitary Authority,Job density,2015-01-01/P1Y,0.83,Number of jobs per resident aged 16 to 64,Number of jobs per resident aged 16 to 64,,,,
E06000060,Buckinghamshire,County or Unitary Authority,Job density,2016-01-01/P1Y,0.87,Number of jobs per resident aged 16 to 64,Number of jobs per resident aged 16 to 64,,,,
E06000046,Isle of Wight,County or Unitary Authority,Job density,2019-01-01/P1Y,0.8,Number of jobs per resident aged 16 to 64,Number of jobs per resident aged 16 to 64,,,,
E06000046,Isle of Wight,County or Unitary Authority,Job density,2020-01-01/P1Y,0.77,Number of jobs per resident aged 16 to 64,Number of jobs per resident aged 16 to 64,,,,
E06000046,Isle of Wight,County or Unitary Authority,Job density,2021-01-01/P1Y,0.77,Number of jobs per resident aged 16 to 64,Number of jobs per resident aged 16 to 64,,,,
E06000046,Isle of Wight,County or Unitary Authority,Job density,2023-01-01/P1Y,0.82,Number of jobs per resident aged 16 to 64,Number of jobs per resident aged 16 to 64,,,,
E06000046,Isle of Wight,County or Unitary Authority,Job density,2022-01-01/P1Y,0.78,Number of jobs per resident aged 16 to 64,Number of jobs per resident aged 16 to 64,,,,
E06000046,Isle of Wight,County or Unitary Authority,Job density,2024-01-01/P1Y,0.85,Number of jobs per resident aged 16 to 64,Number of jobs per resident aged 16 to 64,,,,
E06000046,Isle of Wight,County or Unitary Authority,Job density,2018-01-01/P1Y,0.79,Number of jobs per resident aged 16 to 64,Number of jobs per resident aged 16 to 64,,,,
E06000046,Isle of Wight,County or Unitary Authority,Job density,2017-01-01/P1Y,0.77,Number of jobs per resident aged 16 to 64,Number of jobs per resident aged 16 to 64,,,,
E06000046,Isle of Wight,County or Unitary Authority,Job density,2011-01-01/P1Y,0.72,Number of jobs per resident aged 16 to 64,Number of jobs per resident aged 16 to 64,,,,
E06000046,Isle of Wight,County or Unitary Authority,Job density,2012-01-01/P1Y,0.72,Number of jobs per resident aged 16 to 64,Number of jobs per resident aged 16 to 64,,,,
E06000046,Isle of Wight,County or Unitary Authority,Job density,2013-01-01/P1Y,0.75,Number of jobs per resident aged 16 to 64,Number of jobs per resident aged 16 to 64,,,,
E06000046,Isle of Wight,County or Unitary Authority,Job density,2014-01-01/P1Y,0.72,Number of jobs per resident aged 16 to 64,Number of jobs per resident aged 16 to 64,,,,
E06000046,Isle of Wight,County or Unitary Authority,Job density,2015-01-01/P1Y,0.77,Number of jobs per resident aged 16 to 64,Number of jobs per resident aged 16 to 64,,,,
E06000046,Isle of Wight,County or Unitary Authority,Job density,2016-01-01/P1Y,0.79,Number of jobs per resident aged 16 to 64,Number of jobs per resident aged 16 to 64,,,,
E06000035,Medway,County or Unitary Authority,Job density,2019-01-01/P1Y,0.6,Number of jobs per resident aged 16 to 64,Number of jobs per resident aged 16 to 64,,,,
E06000035,Medway,County or Unitary Authority,Job density,2020-01-01/P1Y,0.63,Number of jobs per resident aged 16 to 64,Number of jobs per resident aged 16 to 64,,,,
E06000035,Medway,County or Unitary Authority,Job density,2021-01-01/P1Y,0.64,Number of jobs per resident aged 16 to 64,Number of jobs per resident aged 16 to 64,,,,
E06000035,Medway,County or Unitary Authority,Job density,2022-01-01/P1Y,0.65,Number of jobs per resident aged 16 to 64,Number of jobs per resident aged 16 to 64,,,,
E06000035,Medway,County or Unitary Authority,Job density,2023-01-01/P1Y,0.65,Number of jobs per resident aged 16 to 64,Number of jobs per resident aged 16 to 64,,,,
E06000035,Medway,County or Unitary Authority,Job density,2024-01-01/P1Y,0.62,Number of jobs per resident aged 16 to 64,Number of jobs per resident aged 16 to 64,,,,
E06000035,Medway,County or Unitary Authority,Job density,2018-01-01/P1Y,0.62,Number of jobs per resident aged 16 to 64,Number of jobs per resident aged 16 to 64,,,,
E06000035,Medway,County or Unitary Authority,Job density,2017-01-01/P1Y,0.61,Number of jobs per resident aged 16 to 64,Number of jobs per resident aged 16 to 64,,,,
E06000035,Medway,County or Unitary Authority,Job density,2011-01-01/P1Y,0.55,Number of jobs per resident aged 16 to 64,Number of jobs per resident aged 16 to 64,,,,
E06000035,Medway,County or Unitary Authority,Job density,2012-01-01/P1Y,0.57,Number of jobs per resident aged 16 to 64,Number of jobs per resident aged 16 to 64,,,,
E06000035,Medway,County or Unitary Authority,Job density,2013-01-01/P1Y,0.56,Number of jobs per resident aged 16 to 64,Number of jobs per resident aged 16 to 64,,,,
E06000035,Medway,County or Unitary Authority,Job density,2014-01-01/P1Y,0.56,Number of jobs per resident aged 16 to 64,Number of jobs per resident aged 16 to 64,,,,
E06000035,Medway,County or Unitary Authority,Job density,2015-01-01/P1Y,0.57,Number of jobs per resident aged 16 to 64,Number of jobs per resident aged 16 to 64,,,,
E06000035,Medway,County or Unitary Authority,Job density,2016-01-01/P1Y,0.61,Number of jobs per resident aged 16 to 64,Number of jobs per resident aged 16 to 64,,,,
E06000042,Milton Keynes,County or Unitary Authority,Job density,2019-01-01/P1Y,1.13,Number of jobs per resident aged 16 to 64,Number of jobs per resident aged 16 to 64,,,,
E06000042,Milton Keynes,County or Unitary Authority,Job density,2020-01-01/P1Y,1.05,Number of jobs per resident aged 16 to 64,Number of jobs per resident aged 16 to 64,,,,
E06000042,Milton Keynes,County or Unitary Authority,Job density,2021-01-01/P1Y,1.05,Number of jobs per resident aged 16 to 64,Number of jobs per resident aged 16 to 64,,,,
E06000042,Milton Keynes,County or Unitary Authority,Job density,2022-01-01/P1Y,1.03,Number of jobs per resident aged 16 to 64,Number of jobs per resident aged 16 to 64,,,,
E06000042,Milton Keynes,County or Unitary Authority,Job density,2023-01-01/P1Y,1.04,Number of jobs per resident aged 16 to 64,Number of jobs per resident aged 16 to 64,,,,
E06000042,Milton Keynes,County or Unitary Authority,Job density,2024-01-01/P1Y,1.09,Number of jobs per resident aged 16 to 64,Number of jobs per resident aged 16 to 64,,,,
E06000042,Milton Keynes,County or Unitary Authority,Job density,2018-01-01/P1Y,1.1,Number of jobs per resident aged 16 to 64,Number of jobs per resident aged 16 to 64,,,,
E06000042,Milton Keynes,County or Unitary Authority,Job density,2017-01-01/P1Y,1.1,Number of jobs per resident aged 16 to 64,Number of jobs per resident aged 16 to 64,,,,
E06000042,Milton Keynes,County or Unitary Authority,Job density,2011-01-01/P1Y,0.96,Number of jobs per resident aged 16 to 64,Number of jobs per resident aged 16 to 64,,,,
E06000042,Milton Keynes,County or Unitary Authority,Job density,2012-01-01/P1Y,0.97,Number of jobs per resident aged 16 to 64,Number of jobs per resident aged 16 to 64,,,,
E06000042,Milton Keynes,County or Unitary Authority,Job density,2013-01-01/P1Y,1.01,Number of jobs per resident aged 16 to 64,Number of jobs per resident aged 16 to 64,,,,
E06000042,Milton Keynes,County or Unitary Authority,Job density,2014-01-01/P1Y,1.01,Number of jobs per resident aged 16 to 64,Number of jobs per resident aged 16 to 64,,,,
E06000042,Milton Keynes,County or Unitary Authority,Job density,2015-01-01/P1Y,1.07,Number of jobs per resident aged 16 to 64,Number of jobs per resident aged 16 to 64,,,,
E06000042,Milton Keynes,County or Unitary Authority,Job density,2016-01-01/P1Y,1.14,Number of jobs per resident aged 16 to 64,Number of jobs per resident aged 16 to 64,,,,
E06000044,Portsmouth,County or Unitary Authority,Job density,2018-01-01/P1Y,0.9,Number of jobs per resident aged 16 to 64,Number of jobs per resident aged 16 to 64,,,,
E06000044,Portsmouth,County or Unitary Authority,Job density,2019-01-01/P1Y,0.91,Number of jobs per resident aged 16 to 64,Number of jobs per resident aged 16 to 64,,,,
E06000044,Portsmouth,County or Unitary Authority,Job density,2020-01-01/P1Y,0.88,Number of jobs per resident aged 16 to 64,Number of jobs per resident aged 16 to 64,,,,
E06000044,Portsmouth,County or Unitary Authority,Job density,2021-01-01/P1Y,0.9,Number of jobs per resident aged 16 to 64,Number of jobs per resident aged 16 to 64,,,,
E06000044,Portsmouth,County or Unitary Authority,Job density,2022-01-01/P1Y,0.9,Number of jobs per resident aged 16 to 64,Number of jobs per resident aged 16 to 64,,,,
E06000044,Portsmouth,County or Unitary Authority,Job density,2023-01-01/P1Y,0.87,Number of jobs per resident aged 16 to 64,Number of jobs per resident aged 16 to 64,,,,
E06000044,Portsmouth,County or Unitary Authority,Job density,2024-01-01/P1Y,0.85,Number of jobs per resident aged 16 to 64,Number of jobs per resident aged 16 to 64,,,,
E06000044,Portsmouth,County or Unitary Authority,Job density,2017-01-01/P1Y,0.9,Number of jobs per resident aged 16 to 64,Number of jobs per resident aged 16 to 64,,,,
E06000044,Portsmouth,County or Unitary Authority,Job density,2016-01-01/P1Y,0.9,Number of jobs per resident aged 16 to 64,Number of jobs per resident aged 16 to 64,,,,
E06000044,Portsmouth,County or Unitary Authority,Job density,2011-01-01/P1Y,0.88,Number of jobs per resident aged 16 to 64,Number of jobs per resident aged 16 to 64,,,,
E06000044,Portsmouth,County or Unitary Authority,Job density,2012-01-01/P1Y,0.88,Number of jobs per resident aged 16 to 64,Number of jobs per resident aged 16 to 64,,,,
E06000044,Portsmouth,County or Unitary Authority,Job density,2013-01-01/P1Y,0.88,Number of jobs per resident aged 16 to 64,Number of jobs per resident aged 16 to 64,,,,
E06000044,Portsmouth,County or Unitary Authority,Job density,2014-01-01/P1Y,0.87,Number of jobs per resident aged 16 to 64,Number of jobs per resident aged 16 to 64,,,,
E06000044,Portsmouth,County or Unitary Authority,Job density,2015-01-01/P1Y,0.87,Number of jobs per resident aged 16 to 64,Number of jobs per resident aged 16 to 64,,,,
E06000038,Reading,County or Unitary Authority,Job density,2020-01-01/P1Y,1.02,Number of jobs per resident aged 16 to 64,Number of jobs per resident aged 16 to 64,,,,
E06000038,Reading,County or Unitary Authority,Job density,2024-01-01/P1Y,1.08,Number of jobs per resident aged 16 to 64,Number of jobs per resident aged 16 to 64,,,,
E06000038,Reading,County or Unitary Authority,Job density,2019-01-01/P1Y,1.04,Number of jobs per resident aged 16 to 64,Number of jobs per resident aged 16 to 64,,,,
E06000038,Reading,County or Unitary Authority,Job density,2021-01-01/P1Y,1.09,Number of jobs per resident aged 16 to 64,Number of jobs per resident aged 16 to 64,,,,
E06000038,Reading,County or Unitary Authority,Job density,2018-01-01/P1Y,0.99,Number of jobs per resident aged 16 to 64,Number of jobs per resident aged 16 to 64,,,,
E06000038,Reading,County or Unitary Authority,Job density,2022-01-01/P1Y,1.08,Number of jobs per resident aged 16 to 64,Number of jobs per resident aged 16 to 64,,,,
E06000038,Reading,County or Unitary Authority,Job density,2023-01-01/P1Y,1.12,Number of jobs per resident aged 16 to 64,Number of jobs per resident aged 16 to 64,,,,
E06000038,Reading,County or Unitary Authority,Job density,2017-01-01/P1Y,1.01,Number of jobs per resident aged 16 to 64,Number of jobs per resident aged 16 to 64,,,,
E06000038,Reading,County or Unitary Authority,Job density,2011-01-01/P1Y,0.98,Number of jobs per resident aged 16 to 64,Number of jobs per resident aged 16 to 64,,,,
E06000038,Reading,County or Unitary Authority,Job density,2012-01-01/P1Y,0.98,Number of jobs per resident aged 16 to 64,Number of jobs per resident aged 16 to 64,,,,
E06000038,Reading,County or Unitary Authority,Job density,2013-01-01/P1Y,0.97,Number of jobs per resident aged 16 to 64,Number of jobs per resident aged 16 to 64,,,,
E06000038,Reading,County or Unitary Authority,Job density,2014-01-01/P1Y,0.99,Number of jobs per resident aged 16 to 64,Number of jobs per resident aged 16 to 64,,,,
E06000038,Reading,County or Unitary Authority,Job density,2015-01-01/P1Y,1.01,Number of jobs per resident aged 16 to 64,Number of jobs per resident aged 16 to 64,,,,
E06000038,Reading,County or Unitary Authority,Job density,2016-01-01/P1Y,1.0,Number of jobs per resident aged 16 to 64,Number of jobs per resident aged 16 to 64,,,,
E06000039,Slough,County or Unitary Authority,Job density,2019-01-01/P1Y,0.91,Number of jobs per resident aged 16 to 64,Number of jobs per resident aged 16 to 64,,,,
E06000039,Slough,County or Unitary Authority,Job density,2020-01-01/P1Y,0.88,Number of jobs per resident aged 16 to 64,Number of jobs per resident aged 16 to 64,,,,
E06000039,Slough,County or Unitary Authority,Job density,2021-01-01/P1Y,0.9,Number of jobs per resident aged 16 to 64,Number of jobs per resident aged 16 to 64,,,,
E06000039,Slough,County or Unitary Authority,Job density,2023-01-01/P1Y,0.86,Number of jobs per resident aged 16 to 64,Number of jobs per resident aged 16 to 64,,,,
E06000039,Slough,County or Unitary Authority,Job density,2022-01-01/P1Y,0.9,Number of jobs per resident aged 16 to 64,Number of jobs per resident aged 16 to 64,,,,
E06000039,Slough,County or Unitary Authority,Job density,2024-01-01/P1Y,0.77,Number of jobs per resident aged 16 to 64,Number of jobs per resident aged 16 to 64,,,,
E06000039,Slough,County or Unitary Authority,Job density,2018-01-01/P1Y,0.96,Number of jobs per resident aged 16 to 64,Number of jobs per resident aged 16 to 64,,,,
E06000039,Slough,County or Unitary Authority,Job density,2017-01-01/P1Y,0.91,Number of jobs per resident aged 16 to 64,Number of jobs per resident aged 16 to 64,,,,
E06000039,Slough,County or Unitary Authority,Job density,2011-01-01/P1Y,0.92,Number of jobs per resident aged 16 to 64,Number of jobs per resident aged 16 to 64,,,,
E06000039,Slough,County or Unitary Authority,Job density,2012-01-01/P1Y,0.92,Number of jobs per resident aged 16 to 64,Number of jobs per resident aged 16 to 64,,,,
E06000039,Slough,County or Unitary Authority,Job density,2013-01-01/P1Y,0.93,Number of jobs per resident aged 16 to 64,Number of jobs per resident aged 16 to 64,,,,
E06000039,Slough,County or Unitary Authority,Job density,2014-01-01/P1Y,0.89,Number of jobs per resident aged 16 to 64,Number of jobs per resident aged 16 to 64,,,,
E06000039,Slough,County or Unitary Authority,Job density,2015-01-01/P1Y,0.89,Number of jobs per resident aged 16 to 64,Number of jobs per resident aged 16 to 64,,,,
E06000039,Slough,County or Unitary Authority,Job density,2016-01-01/P1Y,0.91,Number of jobs per resident aged 16 to 64,Number of jobs per resident aged 16 to 64,,,,
E06000045,Southampton,County or Unitary Authority,Job density,2019-01-01/P1Y,0.77,Number of jobs per resident aged 16 to 64,Number of jobs per resident aged 16 to 64,,,,
E06000045,Southampton,County or Unitary Authority,Job density,2020-01-01/P1Y,0.76,Number of jobs per resident aged 16 to 64,Number of jobs per resident aged 16 to 64,,,,
E06000045,Southampton,County or Unitary Authority,Job density,2021-01-01/P1Y,0.78,Number of jobs per resident aged 16 to 64,Number of jobs per resident aged 16 to 64,,,,
E06000045,Southampton,County or Unitary Authority,Job density,2022-01-01/P1Y,0.77,Number of jobs per resident aged 16 to 64,Number of jobs per resident aged 16 to 64,,,,
E06000045,Southampton,County or Unitary Authority,Job density,2023-01-01/P1Y,0.73,Number of jobs per resident aged 16 to 64,Number of jobs per resident aged 16 to 64,,,,
E06000045,Southampton,County or Unitary Authority,Job density,2024-01-01/P1Y,0.71,Number of jobs per resident aged 16 to 64,Number of jobs per resident aged 16 to 64,,,,
E06000045,Southampton,County or Unitary Authority,Job density,2018-01-01/P1Y,0.75,Number of jobs per resident aged 16 to 64,Number of jobs per resident aged 16 to 64,,,,
E06000045,Southampton,County or Unitary Authority,Job density,2017-01-01/P1Y,0.76,Number of jobs per resident aged 16 to 64,Number of jobs per resident aged 16 to 64,,,,
E06000045,Southampton,County or Unitary Authority,Job density,2011-01-01/P1Y,0.72,Number of jobs per resident aged 16 to 64,Number of jobs per resident aged 16 to 64,,,,
E06000045,Southampton,County or Unitary Authority,Job density,2012-01-01/P1Y,0.74,Number of jobs per resident aged 16 to 64,Number of jobs per resident aged 16 to 64,,,,
E06000045,Southampton,County or Unitary Authority,Job density,2013-01-01/P1Y,0.77,Number of jobs per resident aged 16 to 64,Number of jobs per resident aged 16 to 64,,,,
E06000045,Southampton,County or Unitary Authority,Job density,2014-01-01/P1Y,0.79,Number of jobs per resident aged 16 to 64,Number of jobs per resident aged 16 to 64,,,,
E06000045,Southampton,County or Unitary Authority,Job density,2015-01-01/P1Y,0.8,Number of jobs per resident aged 16 to 64,Number of jobs per resident aged 16 to 64,,,,
E06000045,Southampton,County or Unitary Authority,Job density,2016-01-01/P1Y,0.78,Number of jobs per resident aged 16 to 64,Number of jobs per resident aged 16 to 64,,,,
E06000037,West Berkshire,County or Unitary Authority,Job density,2019-01-01/P1Y,1.16,Number of jobs per resident aged 16 to 64,Number of jobs per resident aged 16 to 64,,,,
E06000037,West Berkshire,County or Unitary Authority,Job density,2020-01-01/P1Y,1.08,Number of jobs per resident aged 16 to 64,Number of jobs per resident aged 16 to 64,,,,
E06000037,West Berkshire,County or Unitary Authority,Job density,2021-01-01/P1Y,1.06,Number of jobs per resident aged 16 to 64,Number of jobs per resident aged 16 to 64,,,,
E06000037,West Berkshire,County or Unitary Authority,Job density,2022-01-01/P1Y,1.16,Number of jobs per resident aged 16 to 64,Number of jobs per resident aged 16 to 64,,,,
E06000037,West Berkshire,County or Unitary Authority,Job density,2023-01-01/P1Y,1.18,Number of jobs per resident aged 16 to 64,Number of jobs per resident aged 16 to 64,,,,
E06000037,West Berkshire,County or Unitary Authority,Job density,2024-01-01/P1Y,1.17,Number of jobs per resident aged 16 to 64,Number of jobs per resident aged 16 to 64,,,,
E06000037,West Berkshire,County or Unitary Authority,Job density,2018-01-01/P1Y,1.13,Number of jobs per resident aged 16 to 64,Number of jobs per resident aged 16 to 64,,,,
E06000037,West Berkshire,County or Unitary Authority,Job density,2017-01-01/P1Y,1.08,Number of jobs per resident aged 16 to 64,Number of jobs per resident aged 16 to 64,,,,
E06000037,West Berkshire,County or Unitary Authority,Job density,2011-01-01/P1Y,1.01,Number of jobs per resident aged 16 to 64,Number of jobs per resident aged 16 to 64,,,,
E06000037,West Berkshire,County or Unitary Authority,Job density,2012-01-01/P1Y,1.05,Number of jobs per resident aged 16 to 64,Number of jobs per resident aged 16 to 64,,,,
E06000037,West Berkshire,County or Unitary Authority,Job density,2013-01-01/P1Y,1.01,Number of jobs per resident aged 16 to 64,Number of jobs per resident aged 16 to 64,,,,
E06000037,West Berkshire,County or Unitary Authority,Job density,2014-01-01/P1Y,1.05,Number of jobs per resident aged 16 to 64,Number of jobs per resident aged 16 to 64,,,,
E06000037,West Berkshire,County or Unitary Authority,Job density,2015-01-01/P1Y,1.08,Number of jobs per resident aged 16 to 64,Number of jobs per resident aged 16 to 64,,,,
E06000037,West Berkshire,County or Unitary Authority,Job density,2016-01-01/P1Y,1.11,Number of jobs per resident aged 16 to 64,Number of jobs per resident aged 16 to 64,,,,
E06000040,Windsor and Maidenhead,County or Unitary Authority,Job density,2018-01-01/P1Y,1.03,Number of jobs per resident aged 16 to 64,Number of jobs per resident aged 16 to 64,,,,
E06000040,Windsor and Maidenhead,County or Unitary Authority,Job density,2019-01-01/P1Y,1.02,Number of jobs per resident aged 16 to 64,Number of jobs per resident aged 16 to 64,,,,
E06000040,Windsor and Maidenhead,County or Unitary Authority,Job density,2020-01-01/P1Y,0.97,Number of jobs per resident aged 16 to 64,Number of jobs per resident aged 16 to 64,,,,
E06000040,Windsor and Maidenhead,County or Unitary Authority,Job density,2021-01-01/P1Y,0.94,Number of jobs per resident aged 16 to 64,Number of jobs per resident aged 16 to 64,,,,
E06000040,Windsor and Maidenhead,County or Unitary Authority,Job density,2022-01-01/P1Y,1.07,Number of jobs per resident aged 16 to 64,Number of jobs per resident aged 16 to 64,,,,
E06000040,Windsor and Maidenhead,County or Unitary Authority,Job density,2023-01-01/P1Y,1.11,Number of jobs per resident aged 16 to 64,Number of jobs per resident aged 16 to 64,,,,
E06000040,Windsor and Maidenhead,County or Unitary Authority,Job density,2024-01-01/P1Y,1.14,Number of jobs per resident aged 16 to 64,Number of jobs per resident aged 16 to 64,,,,
E06000040,Windsor and Maidenhead,County or Unitary Authority,Job density,2017-01-01/P1Y,0.98,Number of jobs per resident aged 16 to 64,Number of jobs per resident aged 16 to 64,,,,
E06000040,Windsor and Maidenhead,County or Unitary Authority,Job density,2016-01-01/P1Y,1.02,Number of jobs per resident aged 16 to 64,Number of jobs per resident aged 16 to 64,,,,
E06000040,Windsor and Maidenhead,County or Unitary Authority,Job density,2011-01-01/P1Y,0.97,Number of jobs per resident aged 16 to 64,Number of jobs per resident aged 16 to 64,,,,
E06000040,Windsor and Maidenhead,County or Unitary Authority,Job density,2012-01-01/P1Y,0.92,Number of jobs per resident aged 16 to 64,Number of jobs per resident aged 16 to 64,,,,
E06000040,Windsor and Maidenhead,County or Unitary Authority,Job density,2013-01-01/P1Y,0.95,Number of jobs per resident aged 16 to 64,Number of jobs per resident aged 16 to 64,,,,
E06000040,Windsor and Maidenhead,County or Unitary Authority,Job density,2014-01-01/P1Y,0.96,Number of jobs per resident aged 16 to 64,Number of jobs per resident aged 16 to 64,,,,
E06000040,Windsor and Maidenhead,County or Unitary Authority,Job density,2015-01-01/P1Y,0.97,Number of jobs per resident aged 16 to 64,Number of jobs per resident aged 16 to 64,,,,
E06000041,Wokingham,County or Unitary Authority,Job density,2020-01-01/P1Y,0.87,Number of jobs per resident aged 16 to 64,Number of jobs per resident aged 16 to 64,,,,
E06000041,Wokingham,County or Unitary Authority,Job density,2019-01-01/P1Y,0.93,Number of jobs per resident aged 16 to 64,Number of jobs per resident aged 16 to 64,,,,
E06000041,Wokingham,County or Unitary Authority,Job density,2024-01-01/P1Y,0.87,Number of jobs per resident aged 16 to 64,Number of jobs per resident aged 16 to 64,,,,
E06000041,Wokingham,County or Unitary Authority,Job density,2021-01-01/P1Y,0.9,Number of jobs per resident aged 16 to 64,Number of jobs per resident aged 16 to 64,,,,
E06000041,Wokingham,County or Unitary Authority,Job density,2022-01-01/P1Y,0.91,Number of jobs per resident aged 16 to 64,Number of jobs per resident aged 16 to 64,,,,
E06000041,Wokingham,County or Unitary Authority,Job density,2023-01-01/P1Y,0.89,Number of jobs per resident aged 16 to 64,Number of jobs per resident aged 16 to 64,,,,
E06000041,Wokingham,County or Unitary Authority,Job density,2018-01-01/P1Y,0.89,Number of jobs per resident aged 16 to 64,Number of jobs per resident aged 16 to 64,,,,
E06000041,Wokingham,County or Unitary Authority,Job density,2015-01-01/P1Y,0.88,Number of jobs per resident aged 16 to 64,Number of jobs per resident aged 16 to 64,,,,
E06000041,Wokingham,County or Unitary Authority,Job density,2017-01-01/P1Y,0.93,Number of jobs per resident aged 16 to 64,Number of jobs per resident aged 16 to 64,,,,
E06000041,Wokingham,County or Unitary Authority,Job density,2011-01-01/P1Y,0.81,Number of jobs per resident aged 16 to 64,Number of jobs per resident aged 16 to 64,,,,
E06000041,Wokingham,County or Unitary Authority,Job density,2012-01-01/P1Y,0.81,Number of jobs per resident aged 16 to 64,Number of jobs per resident aged 16 to 64,,,,
E06000041,Wokingham,County or Unitary Authority,Job density,2013-01-01/P1Y,0.84,Number of jobs per resident aged 16 to 64,Number of jobs per resident aged 16 to 64,,,,
E06000041,Wokingham,County or Unitary Authority,Job density,2014-01-01/P1Y,0.85,Number of jobs per resident aged 16 to 64,Number of jobs per resident aged 16 to 64,,,,
E06000041,Wokingham,County or Unitary Authority,Job density,2016-01-01/P1Y,0.92,Number of jobs per resident aged 16 to 64,Number of jobs per resident aged 16 to 64,,,,
E10000011,East Sussex,County or Unitary Authority,Job density,2019-01-01/P1Y,0.8,Number of jobs per resident aged 16 to 64,Number of jobs per resident aged 16 to 64,,,,
E10000011,East Sussex,County or Unitary Authority,Job density,2024-01-01/P1Y,0.74,Number of jobs per resident aged 16 to 64,Number of jobs per resident aged 16 to 64,,,,
E10000011,East Sussex,County or Unitary Authority,Job density,2023-01-01/P1Y,0.72,Number of jobs per resident aged 16 to 64,Number of jobs per resident aged 16 to 64,,,,
E10000011,East Sussex,County or Unitary Authority,Job density,2022-01-01/P1Y,0.78,Number of jobs per resident aged 16 to 64,Number of jobs per resident aged 16 to 64,,,,
E10000011,East Sussex,County or Unitary Authority,Job density,2021-01-01/P1Y,0.75,Number of jobs per resident aged 16 to 64,Number of jobs per resident aged 16 to 64,,,,
E10000011,East Sussex,County or Unitary Authority,Job density,2020-01-01/P1Y,0.73,Number of jobs per resident aged 16 to 64,Number of jobs per resident aged 16 to 64,,,,
E10000011,East Sussex,County or Unitary Authority,Job density,2018-01-01/P1Y,0.75,Number of jobs per resident aged 16 to 64,Number of jobs per resident aged 16 to 64,,,,
E10000011,East Sussex,County or Unitary Authority,Job density,2014-01-01/P1Y,0.69,Number of jobs per resident aged 16 to 64,Number of jobs per resident aged 16 to 64,,,,
E10000011,East Sussex,County or Unitary Authority,Job density,2016-01-01/P1Y,0.75,Number of jobs per resident aged 16 to 64,Number of jobs per resident aged 16 to 64,,,,
E10000011,East Sussex,County or Unitary Authority,Job density,2015-01-01/P1Y,0.75,Number of jobs per resident aged 16 to 64,Number of jobs per resident aged 16 to 64,,,,
E10000011,East Sussex,County or Unitary Authority,Job density,2013-01-01/P1Y,0.71,Number of jobs per resident aged 16 to 64,Number of jobs per resident aged 16 to 64,,,,
E10000011,East Sussex,County or Unitary Authority,Job density,2012-01-01/P1Y,0.69,Number of jobs per resident aged 16 to 64,Number of jobs per resident aged 16 to 64,,,,
E10000011,East Sussex,County or Unitary Authority,Job density,2011-01-01/P1Y,0.65,Number of jobs per resident aged 16 to 64,Number of jobs per resident aged 16 to 64,,,,
E10000011,East Sussex,County or Unitary Authority,Job density,2017-01-01/P1Y,0.75,Number of jobs per resident aged 16 to 64,Number of jobs per resident aged 16 to 64,,,,
E07000061,Eastbourne,Local Authority District,Job density,2019-01-01/P1Y,0.77,Number of jobs per resident aged 16 to 64,Number of jobs per resident aged 16 to 64,,,,
E07000061,Eastbourne,Local Authority District,Job density,2024-01-01/P1Y,0.75,Number of jobs per resident aged 16 to 64,Number of jobs per resident aged 16 to 64,,,,
E07000061,Eastbourne,Local Authority District,Job density,2023-01-01/P1Y,0.8,Number of jobs per resident aged 16 to 64,Number of jobs per resident aged 16 to 64,,,,
E07000061,Eastbourne,Local Authority District,Job density,2022-01-01/P1Y,0.95,Number of jobs per resident aged 16 to 64,Number of jobs per resident aged 16 to 64,,,,
E07000061,Eastbourne,Local Authority District,Job density,2021-01-01/P1Y,0.81,Number of jobs per resident aged 16 to 64,Number of jobs per resident aged 16 to 64,,,,
E07000061,Eastbourne,Local Authority District,Job density,2020-01-01/P1Y,0.78,Number of jobs per resident aged 16 to 64,Number of jobs per resident aged 16 to 64,,,,
E07000061,Eastbourne,Local Authority District,Job density,2018-01-01/P1Y,0.84,Number of jobs per resident aged 16 to 64,Number of jobs per resident aged 16 to 64,,,,
E07000061,Eastbourne,Local Authority District,Job density,2014-01-01/P1Y,0.77,Number of jobs per resident aged 16 to 64,Number of jobs per resident aged 16 to 64,,,,
E07000061,Eastbourne,Local Authority District,Job density,2016-01-01/P1Y,0.77,Number of jobs per resident aged 16 to 64,Number of jobs per resident aged 16 to 64,,,,
E07000061,Eastbourne,Local Authority District,Job density,2015-01-01/P1Y,0.82,Number of jobs per resident aged 16 to 64,Number of jobs per resident aged 16 to 64,,,,
E07000061,Eastbourne,Local Authority District,Job density,2013-01-01/P1Y,0.79,Number of jobs per resident aged 16 to 64,Number of jobs per resident aged 16 to 64,,,,
E07000061,Eastbourne,Local Authority District,Job density,2012-01-01/P1Y,0.77,Number of jobs per resident aged 16 to 64,Number of jobs per resident aged 16 to 64,,,,
E07000061,Eastbourne,Local Authority District,Job density,2011-01-01/P1Y,0.71,Number of jobs per resident aged 16 to 64,Number of jobs per resident aged 16 to 64,,,,
E07000061,Eastbourne,Local Authority District,Job density,2017-01-01/P1Y,0.86,Number of jobs per resident aged 16 to 64,Number of jobs per resident aged 16 to 64,,,,
E07000062,Hastings,Local Authority District,Job density,2024-01-01/P1Y,0.68,Number of jobs per resident aged 16 to 64,Number of jobs per resident aged 16 to 64,,,,
E07000062,Hastings,Local Authority District,Job density,2023-01-01/P1Y,0.69,Number of jobs per resident aged 16 to 64,Number of jobs per resident aged 16 to 64,,,,
E07000062,Hastings,Local Authority District,Job density,2022-01-01/P1Y,0.69,Number of jobs per resident aged 16 to 64,Number of jobs per resident aged 16 to 64,,,,
E07000062,Hastings,Local Authority District,Job density,2021-01-01/P1Y,0.7,Number of jobs per resident aged 16 to 64,Number of jobs per resident aged 16 to 64,,,,
E07000062,Hastings,Local Authority District,Job density,2020-01-01/P1Y,0.67,Number of jobs per resident aged 16 to 64,Number of jobs per resident aged 16 to 64,,,,
E07000062,Hastings,Local Authority District,Job density,2019-01-01/P1Y,0.77,Number of jobs per resident aged 16 to 64,Number of jobs per resident aged 16 to 64,,,,
E07000062,Hastings,Local Authority District,Job density,2018-01-01/P1Y,0.66,Number of jobs per resident aged 16 to 64,Number of jobs per resident aged 16 to 64,,,,
E07000062,Hastings,Local Authority District,Job density,2017-01-01/P1Y,0.7,Number of jobs per resident aged 16 to 64,Number of jobs per resident aged 16 to 64,,,,
E07000062,Hastings,Local Authority District,Job density,2015-01-01/P1Y,0.65,Number of jobs per resident aged 16 to 64,Number of jobs per resident aged 16 to 64,,,,
E07000062,Hastings,Local Authority District,Job density,2014-01-01/P1Y,0.61,Number of jobs per resident aged 16 to 64,Number of jobs per resident aged 16 to 64,,,,
E07000062,Hastings,Local Authority District,Job density,2013-01-01/P1Y,0.64,Number of jobs per resident aged 16 to 64,Number of jobs per resident aged 16 to 64,,,,
E07000062,Hastings,Local Authority District,Job density,2012-01-01/P1Y,0.65,Number of jobs per resident aged 16 to 64,Number of jobs per resident aged 16 to 64,,,,
E07000062,Hastings,Local Authority District,Job density,2011-01-01/P1Y,0.64,Number of jobs per resident aged 16 to 64,Number of jobs per resident aged 16 to 64,,,,
E07000062,Hastings,Local Authority District,Job density,2016-01-01/P1Y,0.67,Number of jobs per resident aged 16 to 64,Number of jobs per resident aged 16 to 64,,,,
E07000063,Lewes,Local Authority District,Job density,2019-01-01/P1Y,0.85,Number of jobs per resident aged 16 to 64,Number of jobs per resident aged 16 to 64,,,,
E07000063,Lewes,Local Authority District,Job density,2023-01-01/P1Y,0.69,Number of jobs per resident aged 16 to 64,Number of jobs per resident aged 16 to 64,,,,
E07000063,Lewes,Local Authority District,Job density,2022-01-01/P1Y,0.78,Number of jobs per resident aged 16 to 64,Number of jobs per resident aged 16 to 64,,,,
E07000063,Lewes,Local Authority District,Job density,2024-01-01/P1Y,0.77,Number of jobs per resident aged 16 to 64,Number of jobs per resident aged 16 to 64,,,,
E07000063,Lewes,Local Authority District,Job density,2020-01-01/P1Y,0.8,Number of jobs per resident aged 16 to 64,Number of jobs per resident aged 16 to 64,,,,
E07000063,Lewes,Local Authority District,Job density,2018-01-01/P1Y,0.81,Number of jobs per resident aged 16 to 64,Number of jobs per resident aged 16 to 64,,,,
E07000063,Lewes,Local Authority District,Job density,2021-01-01/P1Y,0.86,Number of jobs per resident aged 16 to 64,Number of jobs per resident aged 16 to 64,,,,
E07000063,Lewes,Local Authority District,Job density,2016-01-01/P1Y,0.82,Number of jobs per resident aged 16 to 64,Number of jobs per resident aged 16 to 64,,,,
E07000063,Lewes,Local Authority District,Job density,2015-01-01/P1Y,0.8,Number of jobs per resident aged 16 to 64,Number of jobs per resident aged 16 to 64,,,,
E07000063,Lewes,Local Authority District,Job density,2014-01-01/P1Y,0.68,Number of jobs per resident aged 16 to 64,Number of jobs per resident aged 16 to 64,,,,
E07000063,Lewes,Local Authority District,Job density,2013-01-01/P1Y,0.71,Number of jobs per resident aged 16 to 64,Number of jobs per resident aged 16 to 64,,,,
E07000063,Lewes,Local Authority District,Job density,2012-01-01/P1Y,0.67,Number of jobs per resident aged 16 to 64,Number of jobs per resident aged 16 to 64,,,,
E07000063,Lewes,Local Authority District,Job density,2011-01-01/P1Y,0.61,Number of jobs per resident aged 16 to 64,Number of jobs per resident aged 16 to 64,,,,
E07000063,Lewes,Local Authority District,Job density,2017-01-01/P1Y,0.71,Number of jobs per resident aged 16 to 64,Number of jobs per resident aged 16 to 64,,,,
E07000064,Rother,Local Authority District,Job density,2024-01-01/P1Y,0.77,Number of jobs per resident aged 16 to 64,Number of jobs per resident aged 16 to 64,,,,
E07000064,Rother,Local Authority District,Job density,2023-01-01/P1Y,0.82,Number of jobs per resident aged 16 to 64,Number of jobs per resident aged 16 to 64,,,,
E07000064,Rother,Local Authority District,Job density,2022-01-01/P1Y,0.79,Number of jobs per resident aged 16 to 64,Number of jobs per resident aged 16 to 64,,,,
E07000064,Rother,Local Authority District,Job density,2021-01-01/P1Y,0.77,Number of jobs per resident aged 16 to 64,Number of jobs per resident aged 16 to 64,,,,
E07000064,Rother,Local Authority District,Job density,2020-01-01/P1Y,0.71,Number of jobs per resident aged 16 to 64,Number of jobs per resident aged 16 to 64,,,,
E07000064,Rother,Local Authority District,Job density,2019-01-01/P1Y,0.79,Number of jobs per resident aged 16 to 64,Number of jobs per resident aged 16 to 64,,,,
E07000064,Rother,Local Authority District,Job density,2018-01-01/P1Y,0.7,Number of jobs per resident aged 16 to 64,Number of jobs per resident aged 16 to 64,,,,
E07000064,Rother,Local Authority District,Job density,2017-01-01/P1Y,0.73,Number of jobs per resident aged 16 to 64,Number of jobs per resident aged 16 to 64,,,,
E07000064,Rother,Local Authority District,Job density,2016-01-01/P1Y,0.74,Number of jobs per resident aged 16 to 64,Number of jobs per resident aged 16 to 64,,,,
E07000064,Rother,Local Authority District,Job density,2015-01-01/P1Y,0.76,Number of jobs per resident aged 16 to 64,Number of jobs per resident aged 16 to 64,,,,
E07000064,Rother,Local Authority District,Job density,2014-01-01/P1Y,0.71,Number of jobs per resident aged 16 to 64,Number of jobs per resident aged 16 to 64,,,,
E07000064,Rother,Local Authority District,Job density,2013-01-01/P1Y,0.71,Number of jobs per resident aged 16 to 64,Number of jobs per resident aged 16 to 64,,,,
E07000064,Rother,Local Authority District,Job density,2012-01-01/P1Y,0.65,Number of jobs per resident aged 16 to 64,Number of jobs per resident aged 16 to 64,,,,
E07000064,Rother,Local Authority District,Job density,2011-01-01/P1Y,0.63,Number of jobs per resident aged 16 to 64,Number of jobs per resident aged 16 to 64,,,,
E07000065,Wealden,Local Authority District,Job density,2023-01-01/P1Y,0.67,Number of jobs per resident aged 16 to 64,Number of jobs per resident aged 16 to 64,,,,
E07000065,Wealden,Local Authority District,Job density,2022-01-01/P1Y,0.71,Number of jobs per resident aged 16 to 64,Number of jobs per resident aged 16 to 64,,,,
E07000065,Wealden,Local Authority District,Job density,2021-01-01/P1Y,0.67,Number of jobs per resident aged 16 to 64,Number of jobs per resident aged 16 to 64,,,,
E07000065,Wealden,Local Authority District,Job density,2020-01-01/P1Y,0.7,Number of jobs per resident aged 16 to 64,Number of jobs per resident aged 16 to 64,,,,
E07000065,Wealden,Local Authority District,Job density,2019-01-01/P1Y,0.81,Number of jobs per resident aged 16 to 64,Number of jobs per resident aged 16 to 64,,,,
E07000065,Wealden,Local Authority District,Job density,2018-01-01/P1Y,0.75,Number of jobs per resident aged 16 to 64,Number of jobs per resident aged 16 to 64,,,,
E07000065,Wealden,Local Authority District,Job density,2024-01-01/P1Y,0.74,Number of jobs per resident aged 16 to 64,Number of jobs per resident aged 16 to 64,,,,
E07000065,Wealden,Local Authority District,Job density,2016-01-01/P1Y,0.76,Number of jobs per resident aged 16 to 64,Number of jobs per resident aged 16 to 64,,,,
E07000065,Wealden,Local Authority District,Job density,2015-01-01/P1Y,0.73,Number of jobs per resident aged 16 to 64,Number of jobs per resident aged 16 to 64,,,,
E07000065,Wealden,Local Authority District,Job density,2014-01-01/P1Y,0.68,Number of jobs per resident aged 16 to 64,Number of jobs per resident aged 16 to 64,,,,
E07000065,Wealden,Local Authority District,Job density,2013-01-01/P1Y,0.7,Number of jobs per resident aged 16 to 64,Number of jobs per resident aged 16 to 64,,,,
E07000065,Wealden,Local Authority District,Job density,2012-01-01/P1Y,0.71,Number of jobs per resident aged 16 to 64,Number of jobs per resident aged 16 to 64,,,,
E07000065,Wealden,Local Authority District,Job density,2011-01-01/P1Y,0.64,Number of jobs per resident aged 16 to 64,Number of jobs per resident aged 16 to 64,,,,
E07000065,Wealden,Local Authority District,Job density,2017-01-01/P1Y,0.75,Number of jobs per resident aged 16 to 64,Number of jobs per resident aged 16 to 64,,,,
E10000014,Hampshire,County or Unitary Authority,Job density,2023-01-01/P1Y,0.83,Number of jobs per resident aged 16 to 64,Number of jobs per resident aged 16 to 64,,,,
E10000014,Hampshire,County or Unitary Authority,Job density,2022-01-01/P1Y,0.83,Number of jobs per resident aged 16 to 64,Number of jobs per resident aged 16 to 64,,,,
E10000014,Hampshire,County or Unitary Authority,Job density,2021-01-01/P1Y,0.81,Number of jobs per resident aged 16 to 64,Number of jobs per resident aged 16 to 64,,,,
E10000014,Hampshire,County or Unitary Authority,Job density,2020-01-01/P1Y,0.83,Number of jobs per resident aged 16 to 64,Number of jobs per resident aged 16 to 64,,,,
E10000014,Hampshire,County or Unitary Authority,Job density,2019-01-01/P1Y,0.87,Number of jobs per resident aged 16 to 64,Number of jobs per resident aged 16 to 64,,,,
E10000014,Hampshire,County or Unitary Authority,Job density,2018-01-01/P1Y,0.85,Number of jobs per resident aged 16 to 64,Number of jobs per resident aged 16 to 64,,,,
E10000014,Hampshire,County or Unitary Authority,Job density,2024-01-01/P1Y,0.82,Number of jobs per resident aged 16 to 64,Number of jobs per resident aged 16 to 64,,,,
E10000014,Hampshire,County or Unitary Authority,Job density,2016-01-01/P1Y,0.87,Number of jobs per resident aged 16 to 64,Number of jobs per resident aged 16 to 64,,,,
E10000014,Hampshire,County or Unitary Authority,Job density,2015-01-01/P1Y,0.88,Number of jobs per resident aged 16 to 64,Number of jobs per resident aged 16 to 64,,,,
E10000014,Hampshire,County or Unitary Authority,Job density,2014-01-01/P1Y,0.83,Number of jobs per resident aged 16 to 64,Number of jobs per resident aged 16 to 64,,,,
E10000014,Hampshire,County or Unitary Authority,Job density,2013-01-01/P1Y,0.83,Number of jobs per resident aged 16 to 64,Number of jobs per resident aged 16 to 64,,,,
E10000014,Hampshire,County or Unitary Authority,Job density,2012-01-01/P1Y,0.82,Number of jobs per resident aged 16 to 64,Number of jobs per resident aged 16 to 64,,,,
E10000014,Hampshire,County or Unitary Authority,Job density,2011-01-01/P1Y,0.81,Number of jobs per resident aged 16 to 64,Number of jobs per resident aged 16 to 64,,,,
E10000014,Hampshire,County or Unitary Authority,Job density,2017-01-01/P1Y,0.84,Number of jobs per resident aged 16 to 64,Number of jobs per resident aged 16 to 64,,,,
E07000084,Basingstoke and Deane,Local Authority District,Job density,2024-01-01/P1Y,0.78,Number of jobs per resident aged 16 to 64,Number of jobs per resident aged 16 to 64,,,,
E07000084,Basingstoke and Deane,Local Authority District,Job density,2023-01-01/P1Y,0.82,Number of jobs per resident aged 16 to 64,Number of jobs per resident aged 16 to 64,,,,
E07000084,Basingstoke and Deane,Local Authority District,Job density,2022-01-01/P1Y,0.78,Number of jobs per resident aged 16 to 64,Number of jobs per resident aged 16 to 64,,,,
E07000084,Basingstoke and Deane,Local Authority District,Job density,2021-01-01/P1Y,0.83,Number of jobs per resident aged 16 to 64,Number of jobs per resident aged 16 to 64,,,,
E07000084,Basingstoke and Deane,Local Authority District,Job density,2020-01-01/P1Y,0.82,Number of jobs per resident aged 16 to 64,Number of jobs per resident aged 16 to 64,,,,
E07000084,Basingstoke and Deane,Local Authority District,Job density,2019-01-01/P1Y,0.86,Number of jobs per resident aged 16 to 64,Number of jobs per resident aged 16 to 64,,,,
E07000084,Basingstoke and Deane,Local Authority District,Job density,2018-01-01/P1Y,0.83,Number of jobs per resident aged 16 to 64,Number of jobs per resident aged 16 to 64,,,,
E07000084,Basingstoke and Deane,Local Authority District,Job density,2017-01-01/P1Y,0.8,Number of jobs per resident aged 16 to 64,Number of jobs per resident aged 16 to 64,,,,
E07000084,Basingstoke and Deane,Local Authority District,Job density,2015-01-01/P1Y,0.82,Number of jobs per resident aged 16 to 64,Number of jobs per resident aged 16 to 64,,,,
E07000084,Basingstoke and Deane,Local Authority District,Job density,2014-01-01/P1Y,0.78,Number of jobs per resident aged 16 to 64,Number of jobs per resident aged 16 to 64,,,,
E07000084,Basingstoke and Deane,Local Authority District,Job density,2013-01-01/P1Y,0.84,Number of jobs per resident aged 16 to 64,Number of jobs per resident aged 16 to 64,,,,
E07000084,Basingstoke and Deane,Local Authority District,Job density,2012-01-01/P1Y,0.83,Number of jobs per resident aged 16 to 64,Number of jobs per resident aged 16 to 64,,,,
E07000084,Basingstoke and Deane,Local Authority District,Job density,2011-01-01/P1Y,0.87,Number of jobs per resident aged 16 to 64,Number of jobs per resident aged 16 to 64,,,,
E07000084,Basingstoke and Deane,Local Authority District,Job density,2016-01-01/P1Y,0.84,Number of jobs per resident aged 16 to 64,Number of jobs per resident aged 16 to 64,,,,
E07000085,East Hampshire,Local Authority District,Job density,2019-01-01/P1Y,0.81,Number of jobs per resident aged 16 to 64,Number of jobs per resident aged 16 to 64,,,,
E07000085,East Hampshire,Local Authority District,Job density,2024-01-01/P1Y,0.73,Number of jobs per resident aged 16 to 64,Number of jobs per resident aged 16 to 64,,,,
E07000085,East Hampshire,Local Authority District,Job density,2023-01-01/P1Y,0.69,Number of jobs per resident aged 16 to 64,Number of jobs per resident aged 16 to 64,,,,
E07000085,East Hampshire,Local Authority District,Job density,2022-01-01/P1Y,0.67,Number of jobs per resident aged 16 to 64,Number of jobs per resident aged 16 to 64,,,,
E07000085,East Hampshire,Local Authority District,Job density,2020-01-01/P1Y,0.75,Number of jobs per resident aged 16 to 64,Number of jobs per resident aged 16 to 64,,,,
E07000085,East Hampshire,Local Authority District,Job density,2018-01-01/P1Y,0.8,Number of jobs per resident aged 16 to 64,Number of jobs per resident aged 16 to 64,,,,
E07000085,East Hampshire,Local Authority District,Job density,2021-01-01/P1Y,0.65,Number of jobs per resident aged 16 to 64,Number of jobs per resident aged 16 to 64,,,,
E07000085,East Hampshire,Local Authority District,Job density,2016-01-01/P1Y,0.75,Number of jobs per resident aged 16 to 64,Number of jobs per resident aged 16 to 64,,,,
E07000085,East Hampshire,Local Authority District,Job density,2011-01-01/P1Y,0.8,Number of jobs per resident aged 16 to 64,Number of jobs per resident aged 16 to 64,,,,
E07000085,East Hampshire,Local Authority District,Job density,2012-01-01/P1Y,0.79,Number of jobs per resident aged 16 to 64,Number of jobs per resident aged 16 to 64,,,,
E07000085,East Hampshire,Local Authority District,Job density,2013-01-01/P1Y,0.71,Number of jobs per resident aged 16 to 64,Number of jobs per resident aged 16 to 64,,,,
E07000085,East Hampshire,Local Authority District,Job density,2017-01-01/P1Y,0.71,Number of jobs per resident aged 16 to 64,Number of jobs per resident aged 16 to 64,,,,
E07000085,East Hampshire,Local Authority District,Job density,2014-01-01/P1Y,0.77,Number of jobs per resident aged 16 to 64,Number of jobs per resident aged 16 to 64,,,,
E07000085,East Hampshire,Local Authority District,Job density,2015-01-01/P1Y,0.84,Number of jobs per resident aged 16 to 64,Number of jobs per resident aged 16 to 64,,,,
E07000086,Eastleigh,Local Authority District,Job density,2024-01-01/P1Y,0.82,Number of jobs per resident aged 16 to 64,Number of jobs per resident aged 16 to 64,,,,
E07000086,Eastleigh,Local Authority District,Job density,2023-01-01/P1Y,0.81,Number of jobs per resident aged 16 to 64,Number of jobs per resident aged 16 to 64,,,,
E07000086,Eastleigh,Local Authority District,Job density,2022-01-01/P1Y,0.85,Number of jobs per resident aged 16 to 64,Number of jobs per resident aged 16 to 64,,,,
E07000086,Eastleigh,Local Authority District,Job density,2021-01-01/P1Y,0.84,Number of jobs per resident aged 16 to 64,Number of jobs per resident aged 16 to 64,,,,
E07000086,Eastleigh,Local Authority District,Job density,2019-01-01/P1Y,0.91,Number of jobs per resident aged 16 to 64,Number of jobs per resident aged 16 to 64,,,,
E07000086,Eastleigh,Local Authority District,Job density,2018-01-01/P1Y,0.91,Number of jobs per resident aged 16 to 64,Number of jobs per resident aged 16 to 64,,,,
E07000086,Eastleigh,Local Authority District,Job density,2020-01-01/P1Y,0.85,Number of jobs per resident aged 16 to 64,Number of jobs per resident aged 16 to 64,,,,
E07000086,Eastleigh,Local Authority District,Job density,2016-01-01/P1Y,0.94,Number of jobs per resident aged 16 to 64,Number of jobs per resident aged 16 to 64,,,,
E07000086,Eastleigh,Local Authority District,Job density,2015-01-01/P1Y,0.92,Number of jobs per resident aged 16 to 64,Number of jobs per resident aged 16 to 64,,,,
E07000086,Eastleigh,Local Authority District,Job density,2014-01-01/P1Y,0.83,Number of jobs per resident aged 16 to 64,Number of jobs per resident aged 16 to 64,,,,
E07000086,Eastleigh,Local Authority District,Job density,2013-01-01/P1Y,0.83,Number of jobs per resident aged 16 to 64,Number of jobs per resident aged 16 to 64,,,,
E07000086,Eastleigh,Local Authority District,Job density,2012-01-01/P1Y,0.85,Number of jobs per resident aged 16 to 64,Number of jobs per resident aged 16 to 64,,,,
E07000086,Eastleigh,Local Authority District,Job density,2011-01-01/P1Y,0.85,Number of jobs per resident aged 16 to 64,Number of jobs per resident aged 16 to 64,,,,
E07000086,Eastleigh,Local Authority District,Job density,2017-01-01/P1Y,0.93,Number of jobs per resident aged 16 to 64,Number of jobs per resident aged 16 to 64,,,,
E07000087,Fareham,Local Authority District,Job density,2019-01-01/P1Y,0.84,Number of jobs per resident aged 16 to 64,Number of jobs per resident aged 16 to 64,,,,
E07000087,Fareham,Local Authority District,Job density,2024-01-01/P1Y,0.85,Number of jobs per resident aged 16 to 64,Number of jobs per resident aged 16 to 64,,,,
E07000087,Fareham,Local Authority District,Job density,2023-01-01/P1Y,0.82,Number of jobs per resident aged 16 to 64,Number of jobs per resident aged 16 to 64,,,,
E07000087,Fareham,Local Authority District,Job density,2022-01-01/P1Y,0.84,Number of jobs per resident aged 16 to 64,Number of jobs per resident aged 16 to 64,,,,
E07000087,Fareham,Local Authority District,Job density,2021-01-01/P1Y,0.84,Number of jobs per resident aged 16 to 64,Number of jobs per resident aged 16 to 64,,,,
E07000087,Fareham,Local Authority District,Job density,2020-01-01/P1Y,0.89,Number of jobs per resident aged 16 to 64,Number of jobs per resident aged 16 to 64,,,,
E07000087,Fareham,Local Authority District,Job density,2018-01-01/P1Y,0.81,Number of jobs per resident aged 16 to 64,Number of jobs per resident aged 16 to 64,,,,
E07000087,Fareham,Local Authority District,Job density,2013-01-01/P1Y,0.83,Number of jobs per resident aged 16 to 64,Number of jobs per resident aged 16 to 64,,,,
E07000087,Fareham,Local Authority District,Job density,2016-01-01/P1Y,0.89,Number of jobs per resident aged 16 to 64,Number of jobs per resident aged 16 to 64,,,,
E07000087,Fareham,Local Authority District,Job density,2015-01-01/P1Y,0.85,Number of jobs per resident aged 16 to 64,Number of jobs per resident aged 16 to 64,,,,
E07000087,Fareham,Local Authority District,Job density,2014-01-01/P1Y,0.84,Number of jobs per resident aged 16 to 64,Number of jobs per resident aged 16 to 64,,,,
E07000087,Fareham,Local Authority District,Job density,2012-01-01/P1Y,0.83,Number of jobs per resident aged 16 to 64,Number of jobs per resident aged 16 to 64,,,,
E07000087,Fareham,Local Authority District,Job density,2011-01-01/P1Y,0.84,Number of jobs per resident aged 16 to 64,Number of jobs per resident aged 16 to 64,,,,
E07000087,Fareham,Local Authority District,Job density,2017-01-01/P1Y,0.84,Number of jobs per resident aged 16 to 64,Number of jobs per resident aged 16 to 64,,,,
E07000088,Gosport,Local Authority District,Job density,2019-01-01/P1Y,0.53,Number of jobs per resident aged 16 to 64,Number of jobs per resident aged 16 to 64,,,,
E07000088,Gosport,Local Authority District,Job density,2024-01-01/P1Y,0.45,Number of jobs per resident aged 16 to 64,Number of jobs per resident aged 16 to 64,,,,
E07000088,Gosport,Local Authority District,Job density,2023-01-01/P1Y,0.51,Number of jobs per resident aged 16 to 64,Number of jobs per resident aged 16 to 64,,,,
E07000088,Gosport,Local Authority District,Job density,2022-01-01/P1Y,0.48,Number of jobs per resident aged 16 to 64,Number of jobs per resident aged 16 to 64,,,,
E07000088,Gosport,Local Authority District,Job density,2021-01-01/P1Y,0.49,Number of jobs per resident aged 16 to 64,Number of jobs per resident aged 16 to 64,,,,
E07000088,Gosport,Local Authority District,Job density,2020-01-01/P1Y,0.48,Number of jobs per resident aged 16 to 64,Number of jobs per resident aged 16 to 64,,,,
E07000088,Gosport,Local Authority District,Job density,2018-01-01/P1Y,0.51,Number of jobs per resident aged 16 to 64,Number of jobs per resident aged 16 to 64,,,,
E07000088,Gosport,Local Authority District,Job density,2012-01-01/P1Y,0.45,Number of jobs per resident aged 16 to 64,Number of jobs per resident aged 16 to 64,,,,
E07000088,Gosport,Local Authority District,Job density,2016-01-01/P1Y,0.47,Number of jobs per resident aged 16 to 64,Number of jobs per resident aged 16 to 64,,,,
E07000088,Gosport,Local Authority District,Job density,2015-01-01/P1Y,0.53,Number of jobs per resident aged 16 to 64,Number of jobs per resident aged 16 to 64,,,,
E07000088,Gosport,Local Authority District,Job density,2014-01-01/P1Y,0.52,Number of jobs per resident aged 16 to 64,Number of jobs per resident aged 16 to 64,,,,
E07000088,Gosport,Local Authority District,Job density,2013-01-01/P1Y,0.5,Number of jobs per resident aged 16 to 64,Number of jobs per resident aged 16 to 64,,,,
E07000088,Gosport,Local Authority District,Job density,2011-01-01/P1Y,0.48,Number of jobs per resident aged 16 to 64,Number of jobs per resident aged 16 to 64,,,,
E07000088,Gosport,Local Authority District,Job density,2017-01-01/P1Y,0.51,Number of jobs per resident aged 16 to 64,Number of jobs per resident aged 16 to 64,,,,
E07000089,Hart,Local Authority District,Job density,2024-01-01/P1Y,0.69,Number of jobs per resident aged 16 to 64,Number of jobs per resident aged 16 to 64,,,,
E07000089,Hart,Local Authority District,Job density,2023-01-01/P1Y,0.71,Number of jobs per resident aged 16 to 64,Number of jobs per resident aged 16 to 64,,,,
E07000089,Hart,Local Authority District,Job density,2022-01-01/P1Y,0.7,Number of jobs per resident aged 16 to 64,Number of jobs per resident aged 16 to 64,,,,
E07000089,Hart,Local Authority District,Job density,2021-01-01/P1Y,0.65,Number of jobs per resident aged 16 to 64,Number of jobs per resident aged 16 to 64,,,,
E07000089,Hart,Local Authority District,Job density,2020-01-01/P1Y,0.69,Number of jobs per resident aged 16 to 64,Number of jobs per resident aged 16 to 64,,,,
E07000089,Hart,Local Authority District,Job density,2019-01-01/P1Y,0.72,Number of jobs per resident aged 16 to 64,Number of jobs per resident aged 16 to 64,,,,
E07000089,Hart,Local Authority District,Job density,2018-01-01/P1Y,0.8,Number of jobs per resident aged 16 to 64,Number of jobs per resident aged 16 to 64,,,,
E07000089,Hart,Local Authority District,Job density,2017-01-01/P1Y,0.85,Number of jobs per resident aged 16 to 64,Number of jobs per resident aged 16 to 64,,,,
E07000089,Hart,Local Authority District,Job density,2015-01-01/P1Y,0.91,Number of jobs per resident aged 16 to 64,Number of jobs per resident aged 16 to 64,,,,
E07000089,Hart,Local Authority District,Job density,2014-01-01/P1Y,0.88,Number of jobs per resident aged 16 to 64,Number of jobs per resident aged 16 to 64,,,,
E07000089,Hart,Local Authority District,Job density,2013-01-01/P1Y,0.86,Number of jobs per resident aged 16 to 64,Number of jobs per resident aged 16 to 64,,,,
E07000089,Hart,Local Authority District,Job density,2012-01-01/P1Y,0.82,Number of jobs per resident aged 16 to 64,Number of jobs per resident aged 16 to 64,,,,
E07000089,Hart,Local Authority District,Job density,2011-01-01/P1Y,0.78,Number of jobs per resident aged 16 to 64,Number of jobs per resident aged 16 to 64,,,,
E07000089,Hart,Local Authority District,Job density,2016-01-01/P1Y,0.84,Number of jobs per resident aged 16 to 64,Number of jobs per resident aged 16 to 64,,,,
E07000090,Havant,Local Authority District,Job density,2019-01-01/P1Y,0.7,Number of jobs per resident aged 16 to 64,Number of jobs per resident aged 16 to 64,,,,
E07000090,Havant,Local Authority District,Job density,2024-01-01/P1Y,0.62,Number of jobs per resident aged 16 to 64,Number of jobs per resident aged 16 to 64,,,,
E07000090,Havant,Local Authority District,Job density,2023-01-01/P1Y,0.62,Number of jobs per resident aged 16 to 64,Number of jobs per resident aged 16 to 64,,,,
E07000090,Havant,Local Authority District,Job density,2022-01-01/P1Y,0.64,Number of jobs per resident aged 16 to 64,Number of jobs per resident aged 16 to 64,,,,
E07000090,Havant,Local Authority District,Job density,2021-01-01/P1Y,0.63,Number of jobs per resident aged 16 to 64,Number of jobs per resident aged 16 to 64,,,,
E07000090,Havant,Local Authority District,Job density,2018-01-01/P1Y,0.65,Number of jobs per resident aged 16 to 64,Number of jobs per resident aged 16 to 64,,,,
E07000090,Havant,Local Authority District,Job density,2020-01-01/P1Y,0.69,Number of jobs per resident aged 16 to 64,Number of jobs per resident aged 16 to 64,,,,
E07000090,Havant,Local Authority District,Job density,2016-01-01/P1Y,0.66,Number of jobs per resident aged 16 to 64,Number of jobs per resident aged 16 to 64,,,,
E07000090,Havant,Local Authority District,Job density,2015-01-01/P1Y,0.69,Number of jobs per resident aged 16 to 64,Number of jobs per resident aged 16 to 64,,,,
E07000090,Havant,Local Authority District,Job density,2017-01-01/P1Y,0.66,Number of jobs per resident aged 16 to 64,Number of jobs per resident aged 16 to 64,,,,
E07000090,Havant,Local Authority District,Job density,2014-01-01/P1Y,0.74,Number of jobs per resident aged 16 to 64,Number of jobs per resident aged 16 to 64,,,,
E07000090,Havant,Local Authority District,Job density,2013-01-01/P1Y,0.73,Number of jobs per resident aged 16 to 64,Number of jobs per resident aged 16 to 64,,,,
E07000090,Havant,Local Authority District,Job density,2012-01-01/P1Y,0.64,Number of jobs per resident aged 16 to 64,Number of jobs per resident aged 16 to 64,,,,
E07000090,Havant,Local Authority District,Job density,2011-01-01/P1Y,0.65,Number of jobs per resident aged 16 to 64,Number of jobs per resident aged 16 to 64,,,,
E07000091,New Forest,Local Authority District,Job density,2024-01-01/P1Y,0.81,Number of jobs per resident aged 16 to 64,Number of jobs per resident aged 16 to 64,,,,
E07000091,New Forest,Local Authority District,Job density,2023-01-01/P1Y,0.87,Number of jobs per resident aged 16 to 64,Number of jobs per resident aged 16 to 64,,,,
E07000091,New Forest,Local Authority District,Job density,2022-01-01/P1Y,0.91,Number of jobs per resident aged 16 to 64,Number of jobs per resident aged 16 to 64,,,,
E07000091,New Forest,Local Authority District,Job density,2021-01-01/P1Y,0.81,Number of jobs per resident aged 16 to 64,Number of jobs per resident aged 16 to 64,,,,
E07000091,New Forest,Local Authority District,Job density,2020-01-01/P1Y,0.81,Number of jobs per resident aged 16 to 64,Number of jobs per resident aged 16 to 64,,,,
E07000091,New Forest,Local Authority District,Job density,2019-01-01/P1Y,0.85,Number of jobs per resident aged 16 to 64,Number of jobs per resident aged 16 to 64,,,,
E07000091,New Forest,Local Authority District,Job density,2018-01-01/P1Y,0.84,Number of jobs per resident aged 16 to 64,Number of jobs per resident aged 16 to 64,,,,
E07000091,New Forest,Local Authority District,Job density,2017-01-01/P1Y,0.82,Number of jobs per resident aged 16 to 64,Number of jobs per resident aged 16 to 64,,,,
E07000091,New Forest,Local Authority District,Job density,2016-01-01/P1Y,0.84,Number of jobs per resident aged 16 to 64,Number of jobs per resident aged 16 to 64,,,,
E07000091,New Forest,Local Authority District,Job density,2015-01-01/P1Y,0.83,Number of jobs per resident aged 16 to 64,Number of jobs per resident aged 16 to 64,,,,
E07000091,New Forest,Local Authority District,Job density,2014-01-01/P1Y,0.79,Number of jobs per resident aged 16 to 64,Number of jobs per resident aged 16 to 64,,,,
E07000091,New Forest,Local Authority District,Job density,2013-01-01/P1Y,0.8,Number of jobs per resident aged 16 to 64,Number of jobs per resident aged 16 to 64,,,,
E07000091,New Forest,Local Authority District,Job density,2012-01-01/P1Y,0.76,Number of jobs per resident aged 16 to 64,Number of jobs per resident aged 16 to 64,,,,
E07000091,New Forest,Local Authority District,Job density,2011-01-01/P1Y,0.76,Number of jobs per resident aged 16 to 64,Number of jobs per resident aged 16 to 64,,,,
E07000092,Rushmoor,Local Authority District,Job density,2023-01-01/P1Y,0.89,Number of jobs per resident aged 16 to 64,Number of jobs per resident aged 16 to 64,,,,
E07000092,Rushmoor,Local Authority District,Job density,2022-01-01/P1Y,0.93,Number of jobs per resident aged 16 to 64,Number of jobs per resident aged 16 to 64,,,,
E07000092,Rushmoor,Local Authority District,Job density,2021-01-01/P1Y,0.85,Number of jobs per resident aged 16 to 64,Number of jobs per resident aged 16 to 64,,,,
E07000092,Rushmoor,Local Authority District,Job density,2020-01-01/P1Y,0.88,Number of jobs per resident aged 16 to 64,Number of jobs per resident aged 16 to 64,,,,
E07000092,Rushmoor,Local Authority District,Job density,2019-01-01/P1Y,0.89,Number of jobs per resident aged 16 to 64,Number of jobs per resident aged 16 to 64,,,,
E07000092,Rushmoor,Local Authority District,Job density,2018-01-01/P1Y,0.91,Number of jobs per resident aged 16 to 64,Number of jobs per resident aged 16 to 64,,,,
E07000092,Rushmoor,Local Authority District,Job density,2024-01-01/P1Y,0.83,Number of jobs per resident aged 16 to 64,Number of jobs per resident aged 16 to 64,,,,
E07000092,Rushmoor,Local Authority District,Job density,2016-01-01/P1Y,0.92,Number of jobs per resident aged 16 to 64,Number of jobs per resident aged 16 to 64,,,,
E07000092,Rushmoor,Local Authority District,Job density,2015-01-01/P1Y,0.88,Number of jobs per resident aged 16 to 64,Number of jobs per resident aged 16 to 64,,,,
E07000092,Rushmoor,Local Authority District,Job density,2014-01-01/P1Y,0.82,Number of jobs per resident aged 16 to 64,Number of jobs per resident aged 16 to 64,,,,
E07000092,Rushmoor,Local Authority District,Job density,2013-01-01/P1Y,0.82,Number of jobs per resident aged 16 to 64,Number of jobs per resident aged 16 to 64,,,,
E07000092,Rushmoor,Local Authority District,Job density,2012-01-01/P1Y,0.81,Number of jobs per resident aged 16 to 64,Number of jobs per resident aged 16 to 64,,,,
E07000092,Rushmoor,Local Authority District,Job density,2011-01-01/P1Y,0.8,Number of jobs per resident aged 16 to 64,Number of jobs per resident aged 16 to 64,,,,
E07000092,Rushmoor,Local Authority District,Job density,2017-01-01/P1Y,0.86,Number of jobs per resident aged 16 to 64,Number of jobs per resident aged 16 to 64,,,,
E07000093,Test Valley,Local Authority District,Job density,2023-01-01/P1Y,0.91,Number of jobs per resident aged 16 to 64,Number of jobs per resident aged 16 to 64,,,,
E07000093,Test Valley,Local Authority District,Job density,2022-01-01/P1Y,0.85,Number of jobs per resident aged 16 to 64,Number of jobs per resident aged 16 to 64,,,,
E07000093,Test Valley,Local Authority District,Job density,2021-01-01/P1Y,0.92,Number of jobs per resident aged 16 to 64,Number of jobs per resident aged 16 to 64,,,,
E07000093,Test Valley,Local Authority District,Job density,2020-01-01/P1Y,0.94,Number of jobs per resident aged 16 to 64,Number of jobs per resident aged 16 to 64,,,,
E07000093,Test Valley,Local Authority District,Job density,2019-01-01/P1Y,0.93,Number of jobs per resident aged 16 to 64,Number of jobs per resident aged 16 to 64,,,,
E07000093,Test Valley,Local Authority District,Job density,2018-01-01/P1Y,0.92,Number of jobs per resident aged 16 to 64,Number of jobs per resident aged 16 to 64,,,,
E07000093,Test Valley,Local Authority District,Job density,2024-01-01/P1Y,0.89,Number of jobs per resident aged 16 to 64,Number of jobs per resident aged 16 to 64,,,,
E07000093,Test Valley,Local Authority District,Job density,2016-01-01/P1Y,1.01,Number of jobs per resident aged 16 to 64,Number of jobs per resident aged 16 to 64,,,,
E07000093,Test Valley,Local Authority District,Job density,2015-01-01/P1Y,1.03,Number of jobs per resident aged 16 to 64,Number of jobs per resident aged 16 to 64,,,,
E07000093,Test Valley,Local Authority District,Job density,2014-01-01/P1Y,0.94,Number of jobs per resident aged 16 to 64,Number of jobs per resident aged 16 to 64,,,,
E07000093,Test Valley,Local Authority District,Job density,2013-01-01/P1Y,0.87,Number of jobs per resident aged 16 to 64,Number of jobs per resident aged 16 to 64,,,,
E07000093,Test Valley,Local Authority District,Job density,2012-01-01/P1Y,0.87,Number of jobs per resident aged 16 to 64,Number of jobs per resident aged 16 to 64,,,,
E07000093,Test Valley,Local Authority District,Job density,2011-01-01/P1Y,0.85,Number of jobs per resident aged 16 to 64,Number of jobs per resident aged 16 to 64,,,,
E07000093,Test Valley,Local Authority District,Job density,2017-01-01/P1Y,0.87,Number of jobs per resident aged 16 to 64,Number of jobs per resident aged 16 to 64,,,,
E07000094,Winchester,Local Authority District,Job density,2024-01-01/P1Y,1.34,Number of jobs per resident aged 16 to 64,Number of jobs per resident aged 16 to 64,,,,
E07000094,Winchester,Local Authority District,Job density,2023-01-01/P1Y,1.3,Number of jobs per resident aged 16 to 64,Number of jobs per resident aged 16 to 64,,,,
E07000094,Winchester,Local Authority District,Job density,2022-01-01/P1Y,1.28,Number of jobs per resident aged 16 to 64,Number of jobs per resident aged 16 to 64,,,,
E07000094,Winchester,Local Authority District,Job density,2021-01-01/P1Y,1.26,Number of jobs per resident aged 16 to 64,Number of jobs per resident aged 16 to 64,,,,
E07000094,Winchester,Local Authority District,Job density,2020-01-01/P1Y,1.23,Number of jobs per resident aged 16 to 64,Number of jobs per resident aged 16 to 64,,,,
E07000094,Winchester,Local Authority District,Job density,2019-01-01/P1Y,1.33,Number of jobs per resident aged 16 to 64,Number of jobs per resident aged 16 to 64,,,,
E07000094,Winchester,Local Authority District,Job density,2018-01-01/P1Y,1.28,Number of jobs per resident aged 16 to 64,Number of jobs per resident aged 16 to 64,,,,
E07000094,Winchester,Local Authority District,Job density,2017-01-01/P1Y,1.26,Number of jobs per resident aged 16 to 64,Number of jobs per resident aged 16 to 64,,,,
E07000094,Winchester,Local Authority District,Job density,2015-01-01/P1Y,1.28,Number of jobs per resident aged 16 to 64,Number of jobs per resident aged 16 to 64,,,,
E07000094,Winchester,Local Authority District,Job density,2014-01-01/P1Y,1.24,Number of jobs per resident aged 16 to 64,Number of jobs per resident aged 16 to 64,,,,
E07000094,Winchester,Local Authority District,Job density,2013-01-01/P1Y,1.25,Number of jobs per resident aged 16 to 64,Number of jobs per resident aged 16 to 64,,,,
E07000094,Winchester,Local Authority District,Job density,2012-01-01/P1Y,1.23,Number of jobs per resident aged 16 to 64,Number of jobs per resident aged 16 to 64,,,,
E07000094,Winchester,Local Authority District,Job density,2011-01-01/P1Y,1.14,Number of jobs per resident aged 16 to 64,Number of jobs per resident aged 16 to 64,,,,
E07000094,Winchester,Local Authority District,Job density,2016-01-01/P1Y,1.26,Number of jobs per resident aged 16 to 64,Number of jobs per resident aged 16 to 64,,,,
E10000016,Kent,County or Unitary Authority,Job density,2019-01-01/P1Y,0.81,Number of jobs per resident aged 16 to 64,Number of jobs per resident aged 16 to 64,,,,
E10000016,Kent,County or Unitary Authority,Job density,2024-01-01/P1Y,0.79,Number of jobs per resident aged 16 to 64,Number of jobs per resident aged 16 to 64,,,,
E10000016,Kent,County or Unitary Authority,Job density,2023-01-01/P1Y,0.81,Number of jobs per resident aged 16 to 64,Number of jobs per resident aged 16 to 64,,,,
E10000016,Kent,County or Unitary Authority,Job density,2022-01-01/P1Y,0.81,Number of jobs per resident aged 16 to 64,Number of jobs per resident aged 16 to 64,,,,
E10000016,Kent,County or Unitary Authority,Job density,2021-01-01/P1Y,0.81,Number of jobs per resident aged 16 to 64,Number of jobs per resident aged 16 to 64,,,,
E10000016,Kent,County or Unitary Authority,Job density,2020-01-01/P1Y,0.79,Number of jobs per resident aged 16 to 64,Number of jobs per resident aged 16 to 64,,,,
E10000016,Kent,County or Unitary Authority,Job density,2018-01-01/P1Y,0.79,Number of jobs per resident aged 16 to 64,Number of jobs per resident aged 16 to 64,,,,
E10000016,Kent,County or Unitary Authority,Job density,2012-01-01/P1Y,0.72,Number of jobs per resident aged 16 to 64,Number of jobs per resident aged 16 to 64,,,,
E10000016,Kent,County or Unitary Authority,Job density,2016-01-01/P1Y,0.81,Number of jobs per resident aged 16 to 64,Number of jobs per resident aged 16 to 64,,,,
E10000016,Kent,County or Unitary Authority,Job density,2015-01-01/P1Y,0.79,Number of jobs per resident aged 16 to 64,Number of jobs per resident aged 16 to 64,,,,
E10000016,Kent,County or Unitary Authority,Job density,2014-01-01/P1Y,0.75,Number of jobs per resident aged 16 to 64,Number of jobs per resident aged 16 to 64,,,,
E10000016,Kent,County or Unitary Authority,Job density,2013-01-01/P1Y,0.75,Number of jobs per resident aged 16 to 64,Number of jobs per resident aged 16 to 64,,,,
E10000016,Kent,County or Unitary Authority,Job density,2017-01-01/P1Y,0.79,Number of jobs per resident aged 16 to 64,Number of jobs per resident aged 16 to 64,,,,
E10000016,Kent,County or Unitary Authority,Job density,2011-01-01/P1Y,0.74,Number of jobs per resident aged 16 to 64,Number of jobs per resident aged 16 to 64,,,,
E07000105,Ashford,Local Authority District,Job density,2024-01-01/P1Y,0.9,Number of jobs per resident aged 16 to 64,Number of jobs per resident aged 16 to 64,,,,
E07000105,Ashford,Local Authority District,Job density,2023-01-01/P1Y,0.92,Number of jobs per resident aged 16 to 64,Number of jobs per resident aged 16 to 64,,,,
E07000105,Ashford,Local Authority District,Job density,2022-01-01/P1Y,0.88,Number of jobs per resident aged 16 to 64,Number of jobs per resident aged 16 to 64,,,,
E07000105,Ashford,Local Authority District,Job density,2021-01-01/P1Y,0.89,Number of jobs per resident aged 16 to 64,Number of jobs per resident aged 16 to 64,,,,
E07000105,Ashford,Local Authority District,Job density,2020-01-01/P1Y,0.85,Number of jobs per resident aged 16 to 64,Number of jobs per resident aged 16 to 64,,,,
E07000105,Ashford,Local Authority District,Job density,2019-01-01/P1Y,0.95,Number of jobs per resident aged 16 to 64,Number of jobs per resident aged 16 to 64,,,,
E07000105,Ashford,Local Authority District,Job density,2018-01-01/P1Y,0.96,Number of jobs per resident aged 16 to 64,Number of jobs per resident aged 16 to 64,,,,
E07000105,Ashford,Local Authority District,Job density,2016-01-01/P1Y,0.91,Number of jobs per resident aged 16 to 64,Number of jobs per resident aged 16 to 64,,,,
E07000105,Ashford,Local Authority District,Job density,2015-01-01/P1Y,0.88,Number of jobs per resident aged 16 to 64,Number of jobs per resident aged 16 to 64,,,,
E07000105,Ashford,Local Authority District,Job density,2014-01-01/P1Y,0.8,Number of jobs per resident aged 16 to 64,Number of jobs per resident aged 16 to 64,,,,
E07000105,Ashford,Local Authority District,Job density,2013-01-01/P1Y,0.83,Number of jobs per resident aged 16 to 64,Number of jobs per resident aged 16 to 64,,,,
E07000105,Ashford,Local Authority District,Job density,2012-01-01/P1Y,0.8,Number of jobs per resident aged 16 to 64,Number of jobs per resident aged 16 to 64,,,,
E07000105,Ashford,Local Authority District,Job density,2011-01-01/P1Y,0.81,Number of jobs per resident aged 16 to 64,Number of jobs per resident aged 16 to 64,,,,
E07000105,Ashford,Local Authority District,Job density,2017-01-01/P1Y,0.94,Number of jobs per resident aged 16 to 64,Number of jobs per resident aged 16 to 64,,,,
E07000106,Canterbury,Local Authority District,Job density,2019-01-01/P1Y,0.88,Number of jobs per resident aged 16 to 64,Number of jobs per resident aged 16 to 64,,,,
E07000106,Canterbury,Local Authority District,Job density,2024-01-01/P1Y,0.83,Number of jobs per resident aged 16 to 64,Number of jobs per resident aged 16 to 64,,,,
E07000106,Canterbury,Local Authority District,Job density,2023-01-01/P1Y,0.79,Number of jobs per resident aged 16 to 64,Number of jobs per resident aged 16 to 64,,,,
E07000106,Canterbury,Local Authority District,Job density,2022-01-01/P1Y,0.89,Number of jobs per resident aged 16 to 64,Number of jobs per resident aged 16 to 64,,,,
E07000106,Canterbury,Local Authority District,Job density,2021-01-01/P1Y,0.85,Number of jobs per resident aged 16 to 64,Number of jobs per resident aged 16 to 64,,,,
E07000106,Canterbury,Local Authority District,Job density,2020-01-01/P1Y,0.82,Number of jobs per resident aged 16 to 64,Number of jobs per resident aged 16 to 64,,,,
E07000106,Canterbury,Local Authority District,Job density,2018-01-01/P1Y,0.84,Number of jobs per resident aged 16 to 64,Number of jobs per resident aged 16 to 64,,,,
E07000106,Canterbury,Local Authority District,Job density,2017-01-01/P1Y,0.84,Number of jobs per resident aged 16 to 64,Number of jobs per resident aged 16 to 64,,,,
E07000106,Canterbury,Local Authority District,Job density,2016-01-01/P1Y,0.83,Number of jobs per resident aged 16 to 64,Number of jobs per resident aged 16 to 64,,,,
E07000106,Canterbury,Local Authority District,Job density,2015-01-01/P1Y,0.79,Number of jobs per resident aged 16 to 64,Number of jobs per resident aged 16 to 64,,,,
E07000106,Canterbury,Local Authority District,Job density,2014-01-01/P1Y,0.78,Number of jobs per resident aged 16 to 64,Number of jobs per resident aged 16 to 64,,,,
E07000106,Canterbury,Local Authority District,Job density,2013-01-01/P1Y,0.72,Number of jobs per resident aged 16 to 64,Number of jobs per resident aged 16 to 64,,,,
E07000106,Canterbury,Local Authority District,Job density,2012-01-01/P1Y,0.72,Number of jobs per resident aged 16 to 64,Number of jobs per resident aged 16 to 64,,,,
E07000106,Canterbury,Local Authority District,Job density,2011-01-01/P1Y,0.76,Number of jobs per resident aged 16 to 64,Number of jobs per resident aged 16 to 64,,,,
E07000107,Dartford,Local Authority District,Job density,2024-01-01/P1Y,0.9,Number of jobs per resident aged 16 to 64,Number of jobs per resident aged 16 to 64,,,,
E07000107,Dartford,Local Authority District,Job density,2023-01-01/P1Y,0.97,Number of jobs per resident aged 16 to 64,Number of jobs per resident aged 16 to 64,,,,
E07000107,Dartford,Local Authority District,Job density,2022-01-01/P1Y,0.95,Number of jobs per resident aged 16 to 64,Number of jobs per resident aged 16 to 64,,,,
E07000107,Dartford,Local Authority District,Job density,2021-01-01/P1Y,0.99,Number of jobs per resident aged 16 to 64,Number of jobs per resident aged 16 to 64,,,,
E07000107,Dartford,Local Authority District,Job density,2020-01-01/P1Y,1.08,Number of jobs per resident aged 16 to 64,Number of jobs per resident aged 16 to 64,,,,
E07000107,Dartford,Local Authority District,Job density,2019-01-01/P1Y,0.93,Number of jobs per resident aged 16 to 64,Number of jobs per resident aged 16 to 64,,,,
E07000107,Dartford,Local Authority District,Job density,2018-01-01/P1Y,0.94,Number of jobs per resident aged 16 to 64,Number of jobs per resident aged 16 to 64,,,,
E07000107,Dartford,Local Authority District,Job density,2017-01-01/P1Y,0.96,Number of jobs per resident aged 16 to 64,Number of jobs per resident aged 16 to 64,,,,
E07000107,Dartford,Local Authority District,Job density,2016-01-01/P1Y,1.09,Number of jobs per resident aged 16 to 64,Number of jobs per resident aged 16 to 64,,,,
E07000107,Dartford,Local Authority District,Job density,2015-01-01/P1Y,1.03,Number of jobs per resident aged 16 to 64,Number of jobs per resident aged 16 to 64,,,,
E07000107,Dartford,Local Authority District,Job density,2014-01-01/P1Y,1.0,Number of jobs per resident aged 16 to 64,Number of jobs per resident aged 16 to 64,,,,
E07000107,Dartford,Local Authority District,Job density,2013-01-01/P1Y,0.98,Number of jobs per resident aged 16 to 64,Number of jobs per resident aged 16 to 64,,,,
E07000107,Dartford,Local Authority District,Job density,2012-01-01/P1Y,0.96,Number of jobs per resident aged 16 to 64,Number of jobs per resident aged 16 to 64,,,,
E07000107,Dartford,Local Authority District,Job density,2011-01-01/P1Y,0.91,Number of jobs per resident aged 16 to 64,Number of jobs per resident aged 16 to 64,,,,
E07000108,Dover,Local Authority District,Job density,2023-01-01/P1Y,0.63,Number of jobs per resident aged 16 to 64,Number of jobs per resident aged 16 to 64,,,,
E07000108,Dover,Local Authority District,Job density,2022-01-01/P1Y,0.65,Number of jobs per resident aged 16 to 64,Number of jobs per resident aged 16 to 64,,,,
E07000108,Dover,Local Authority District,Job density,2021-01-01/P1Y,0.66,Number of jobs per resident aged 16 to 64,Number of jobs per resident aged 16 to 64,,,,
E07000108,Dover,Local Authority District,Job density,2020-01-01/P1Y,0.61,Number of jobs per resident aged 16 to 64,Number of jobs per resident aged 16 to 64,,,,
E07000108,Dover,Local Authority District,Job density,2019-01-01/P1Y,0.63,Number of jobs per resident aged 16 to 64,Number of jobs per resident aged 16 to 64,,,,
E07000108,Dover,Local Authority District,Job density,2018-01-01/P1Y,0.62,Number of jobs per resident aged 16 to 64,Number of jobs per resident aged 16 to 64,,,,
E07000108,Dover,Local Authority District,Job density,2024-01-01/P1Y,0.65,Number of jobs per resident aged 16 to 64,Number of jobs per resident aged 16 to 64,,,,
E07000108,Dover,Local Authority District,Job density,2016-01-01/P1Y,0.63,Number of jobs per resident aged 16 to 64,Number of jobs per resident aged 16 to 64,,,,
E07000108,Dover,Local Authority District,Job density,2015-01-01/P1Y,0.59,Number of jobs per resident aged 16 to 64,Number of jobs per resident aged 16 to 64,,,,
E07000108,Dover,Local Authority District,Job density,2014-01-01/P1Y,0.59,Number of jobs per resident aged 16 to 64,Number of jobs per resident aged 16 to 64,,,,
E07000108,Dover,Local Authority District,Job density,2013-01-01/P1Y,0.62,Number of jobs per resident aged 16 to 64,Number of jobs per resident aged 16 to 64,,,,
E07000108,Dover,Local Authority District,Job density,2012-01-01/P1Y,0.55,Number of jobs per resident aged 16 to 64,Number of jobs per resident aged 16 to 64,,,,
E07000108,Dover,Local Authority District,Job density,2011-01-01/P1Y,0.54,Number of jobs per resident aged 16 to 64,Number of jobs per resident aged 16 to 64,,,,
E07000108,Dover,Local Authority District,Job density,2017-01-01/P1Y,0.64,Number of jobs per resident aged 16 to 64,Number of jobs per resident aged 16 to 64,,,,
E07000112,Folkestone and Hythe,Local Authority District,Job density,2024-01-01/P1Y,0.67,Number of jobs per resident aged 16 to 64,Number of jobs per resident aged 16 to 64,,,,
E07000112,Folkestone and Hythe,Local Authority District,Job density,2023-01-01/P1Y,0.67,Number of jobs per resident aged 16 to 64,Number of jobs per resident aged 16 to 64,,,,
E07000112,Folkestone and Hythe,Local Authority District,Job density,2022-01-01/P1Y,0.78,Number of jobs per resident aged 16 to 64,Number of jobs per resident aged 16 to 64,,,,
E07000112,Folkestone and Hythe,Local Authority District,Job density,2021-01-01/P1Y,0.71,Number of jobs per resident aged 16 to 64,Number of jobs per resident aged 16 to 64,,,,
E07000112,Folkestone and Hythe,Local Authority District,Job density,2020-01-01/P1Y,0.74,Number of jobs per resident aged 16 to 64,Number of jobs per resident aged 16 to 64,,,,
E07000112,Folkestone and Hythe,Local Authority District,Job density,2019-01-01/P1Y,0.73,Number of jobs per resident aged 16 to 64,Number of jobs per resident aged 16 to 64,,,,
E07000112,Folkestone and Hythe,Local Authority District,Job density,2018-01-01/P1Y,0.64,Number of jobs per resident aged 16 to 64,Number of jobs per resident aged 16 to 64,,,,
E07000112,Folkestone and Hythe,Local Authority District,Job density,2017-01-01/P1Y,0.69,Number of jobs per resident aged 16 to 64,Number of jobs per resident aged 16 to 64,,,,
E07000112,Folkestone and Hythe,Local Authority District,Job density,2016-01-01/P1Y,0.71,Number of jobs per resident aged 16 to 64,Number of jobs per resident aged 16 to 64,,,,
E07000112,Folkestone and Hythe,Local Authority District,Job density,2015-01-01/P1Y,0.74,Number of jobs per resident aged 16 to 64,Number of jobs per resident aged 16 to 64,,,,
E07000112,Folkestone and Hythe,Local Authority District,Job density,2014-01-01/P1Y,0.77,Number of jobs per resident aged 16 to 64,Number of jobs per resident aged 16 to 64,,,,
E07000112,Folkestone and Hythe,Local Authority District,Job density,2013-01-01/P1Y,0.73,Number of jobs per resident aged 16 to 64,Number of jobs per resident aged 16 to 64,,,,
E07000112,Folkestone and Hythe,Local Authority District,Job density,2012-01-01/P1Y,0.71,Number of jobs per resident aged 16 to 64,Number of jobs per resident aged 16 to 64,,,,
E07000112,Folkestone and Hythe,Local Authority District,Job density,2011-01-01/P1Y,0.73,Number of jobs per resident aged 16 to 64,Number of jobs per resident aged 16 to 64,,,,
E07000109,Gravesham,Local Authority District,Job density,2023-01-01/P1Y,0.67,Number of jobs per resident aged 16 to 64,Number of jobs per resident aged 16 to 64,,,,
E07000109,Gravesham,Local Authority District,Job density,2022-01-01/P1Y,0.57,Number of jobs per resident aged 16 to 64,Number of jobs per resident aged 16 to 64,,,,
E07000109,Gravesham,Local Authority District,Job density,2021-01-01/P1Y,0.57,Number of jobs per resident aged 16 to 64,Number of jobs per resident aged 16 to 64,,,,
E07000109,Gravesham,Local Authority District,Job density,2020-01-01/P1Y,0.56,Number of jobs per resident aged 16 to 64,Number of jobs per resident aged 16 to 64,,,,
E07000109,Gravesham,Local Authority District,Job density,2019-01-01/P1Y,0.55,Number of jobs per resident aged 16 to 64,Number of jobs per resident aged 16 to 64,,,,
E07000109,Gravesham,Local Authority District,Job density,2018-01-01/P1Y,0.57,Number of jobs per resident aged 16 to 64,Number of jobs per resident aged 16 to 64,,,,
E07000109,Gravesham,Local Authority District,Job density,2024-01-01/P1Y,0.63,Number of jobs per resident aged 16 to 64,Number of jobs per resident aged 16 to 64,,,,
E07000109,Gravesham,Local Authority District,Job density,2016-01-01/P1Y,0.58,Number of jobs per resident aged 16 to 64,Number of jobs per resident aged 16 to 64,,,,
E07000109,Gravesham,Local Authority District,Job density,2015-01-01/P1Y,0.49,Number of jobs per resident aged 16 to 64,Number of jobs per resident aged 16 to 64,,,,
E07000109,Gravesham,Local Authority District,Job density,2014-01-01/P1Y,0.48,Number of jobs per resident aged 16 to 64,Number of jobs per resident aged 16 to 64,,,,
E07000109,Gravesham,Local Authority District,Job density,2013-01-01/P1Y,0.48,Number of jobs per resident aged 16 to 64,Number of jobs per resident aged 16 to 64,,,,
E07000109,Gravesham,Local Authority District,Job density,2012-01-01/P1Y,0.49,Number of jobs per resident aged 16 to 64,Number of jobs per resident aged 16 to 64,,,,
E07000109,Gravesham,Local Authority District,Job density,2011-01-01/P1Y,0.51,Number of jobs per resident aged 16 to 64,Number of jobs per resident aged 16 to 64,,,,
E07000109,Gravesham,Local Authority District,Job density,2017-01-01/P1Y,0.61,Number of jobs per resident aged 16 to 64,Number of jobs per resident aged 16 to 64,,,,
E07000110,Maidstone,Local Authority District,Job density,2023-01-01/P1Y,0.86,Number of jobs per resident aged 16 to 64,Number of jobs per resident aged 16 to 64,,,,
E07000110,Maidstone,Local Authority District,Job density,2022-01-01/P1Y,0.81,Number of jobs per resident aged 16 to 64,Number of jobs per resident aged 16 to 64,,,,
E07000110,Maidstone,Local Authority District,Job density,2021-01-01/P1Y,0.8,Number of jobs per resident aged 16 to 64,Number of jobs per resident aged 16 to 64,,,,
E07000110,Maidstone,Local Authority District,Job density,2020-01-01/P1Y,0.82,Number of jobs per resident aged 16 to 64,Number of jobs per resident aged 16 to 64,,,,
E07000110,Maidstone,Local Authority District,Job density,2019-01-01/P1Y,0.86,Number of jobs per resident aged 16 to 64,Number of jobs per resident aged 16 to 64,,,,
E07000110,Maidstone,Local Authority District,Job density,2018-01-01/P1Y,0.89,Number of jobs per resident aged 16 to 64,Number of jobs per resident aged 16 to 64,,,,
E07000110,Maidstone,Local Authority District,Job density,2024-01-01/P1Y,0.89,Number of jobs per resident aged 16 to 64,Number of jobs per resident aged 16 to 64,,,,
E07000110,Maidstone,Local Authority District,Job density,2016-01-01/P1Y,0.86,Number of jobs per resident aged 16 to 64,Number of jobs per resident aged 16 to 64,,,,
E07000110,Maidstone,Local Authority District,Job density,2015-01-01/P1Y,0.89,Number of jobs per resident aged 16 to 64,Number of jobs per resident aged 16 to 64,,,,
E07000110,Maidstone,Local Authority District,Job density,2014-01-01/P1Y,0.87,Number of jobs per resident aged 16 to 64,Number of jobs per resident aged 16 to 64,,,,
E07000110,Maidstone,Local Authority District,Job density,2013-01-01/P1Y,0.85,Number of jobs per resident aged 16 to 64,Number of jobs per resident aged 16 to 64,,,,
E07000110,Maidstone,Local Authority District,Job density,2012-01-01/P1Y,0.83,Number of jobs per resident aged 16 to 64,Number of jobs per resident aged 16 to 64,,,,
E07000110,Maidstone,Local Authority District,Job density,2011-01-01/P1Y,0.85,Number of jobs per resident aged 16 to 64,Number of jobs per resident aged 16 to 64,,,,
E07000110,Maidstone,Local Authority District,Job density,2017-01-01/P1Y,0.83,Number of jobs per resident aged 16 to 64,Number of jobs per resident aged 16 to 64,,,,
E07000111,Sevenoaks,Local Authority District,Job density,2024-01-01/P1Y,0.81,Number of jobs per resident aged 16 to 64,Number of jobs per resident aged 16 to 64,,,,
E07000111,Sevenoaks,Local Authority District,Job density,2023-01-01/P1Y,0.83,Number of jobs per resident aged 16 to 64,Number of jobs per resident aged 16 to 64,,,,
E07000111,Sevenoaks,Local Authority District,Job density,2022-01-01/P1Y,0.93,Number of jobs per resident aged 16 to 64,Number of jobs per resident aged 16 to 64,,,,
E07000111,Sevenoaks,Local Authority District,Job density,2021-01-01/P1Y,0.88,Number of jobs per resident aged 16 to 64,Number of jobs per resident aged 16 to 64,,,,
E07000111,Sevenoaks,Local Authority District,Job density,2020-01-01/P1Y,0.83,Number of jobs per resident aged 16 to 64,Number of jobs per resident aged 16 to 64,,,,
E07000111,Sevenoaks,Local Authority District,Job density,2019-01-01/P1Y,0.92,Number of jobs per resident aged 16 to 64,Number of jobs per resident aged 16 to 64,,,,
E07000111,Sevenoaks,Local Authority District,Job density,2018-01-01/P1Y,0.85,Number of jobs per resident aged 16 to 64,Number of jobs per resident aged 16 to 64,,,,
E07000111,Sevenoaks,Local Authority District,Job density,2017-01-01/P1Y,0.93,Number of jobs per resident aged 16 to 64,Number of jobs per resident aged 16 to 64,,,,
E07000111,Sevenoaks,Local Authority District,Job density,2015-01-01/P1Y,0.83,Number of jobs per resident aged 16 to 64,Number of jobs per resident aged 16 to 64,,,,
E07000111,Sevenoaks,Local Authority District,Job density,2014-01-01/P1Y,0.78,Number of jobs per resident aged 16 to 64,Number of jobs per resident aged 16 to 64,,,,
E07000111,Sevenoaks,Local Authority District,Job density,2013-01-01/P1Y,0.81,Number of jobs per resident aged 16 to 64,Number of jobs per resident aged 16 to 64,,,,
E07000111,Sevenoaks,Local Authority District,Job density,2012-01-01/P1Y,0.78,Number of jobs per resident aged 16 to 64,Number of jobs per resident aged 16 to 64,,,,
E07000111,Sevenoaks,Local Authority District,Job density,2011-01-01/P1Y,0.78,Number of jobs per resident aged 16 to 64,Number of jobs per resident aged 16 to 64,,,,
E07000111,Sevenoaks,Local Authority District,Job density,2016-01-01/P1Y,0.88,Number of jobs per resident aged 16 to 64,Number of jobs per resident aged 16 to 64,,,,
E07000113,Swale,Local Authority District,Job density,2020-01-01/P1Y,0.62,Number of jobs per resident aged 16 to 64,Number of jobs per resident aged 16 to 64,,,,
E07000113,Swale,Local Authority District,Job density,2024-01-01/P1Y,0.64,Number of jobs per resident aged 16 to 64,Number of jobs per resident aged 16 to 64,,,,
E07000113,Swale,Local Authority District,Job density,2023-01-01/P1Y,0.72,Number of jobs per resident aged 16 to 64,Number of jobs per resident aged 16 to 64,,,,
E07000113,Swale,Local Authority District,Job density,2022-01-01/P1Y,0.69,Number of jobs per resident aged 16 to 64,Number of jobs per resident aged 16 to 64,,,,
E07000113,Swale,Local Authority District,Job density,2021-01-01/P1Y,0.65,Number of jobs per resident aged 16 to 64,Number of jobs per resident aged 16 to 64,,,,
E07000113,Swale,Local Authority District,Job density,2018-01-01/P1Y,0.7,Number of jobs per resident aged 16 to 64,Number of jobs per resident aged 16 to 64,,,,
E07000113,Swale,Local Authority District,Job density,2019-01-01/P1Y,0.69,Number of jobs per resident aged 16 to 64,Number of jobs per resident aged 16 to 64,,,,
E07000113,Swale,Local Authority District,Job density,2016-01-01/P1Y,0.67,Number of jobs per resident aged 16 to 64,Number of jobs per resident aged 16 to 64,,,,
E07000113,Swale,Local Authority District,Job density,2017-01-01/P1Y,0.64,Number of jobs per resident aged 16 to 64,Number of jobs per resident aged 16 to 64,,,,
E07000113,Swale,Local Authority District,Job density,2015-01-01/P1Y,0.66,Number of jobs per resident aged 16 to 64,Number of jobs per resident aged 16 to 64,,,,
E07000113,Swale,Local Authority District,Job density,2014-01-01/P1Y,0.61,Number of jobs per resident aged 16 to 64,Number of jobs per resident aged 16 to 64,,,,
E07000113,Swale,Local Authority District,Job density,2013-01-01/P1Y,0.63,Number of jobs per resident aged 16 to 64,Number of jobs per resident aged 16 to 64,,,,
E07000113,Swale,Local Authority District,Job density,2012-01-01/P1Y,0.61,Number of jobs per resident aged 16 to 64,Number of jobs per resident aged 16 to 64,,,,
E07000113,Swale,Local Authority District,Job density,2011-01-01/P1Y,0.62,Number of jobs per resident aged 16 to 64,Number of jobs per resident aged 16 to 64,,,,
E07000114,Thanet,Local Authority District,Job density,2024-01-01/P1Y,0.67,Number of jobs per resident aged 16 to 64,Number of jobs per resident aged 16 to 64,,,,
E07000114,Thanet,Local Authority District,Job density,2023-01-01/P1Y,0.7,Number of jobs per resident aged 16 to 64,Number of jobs per resident aged 16 to 64,,,,
E07000114,Thanet,Local Authority District,Job density,2022-01-01/P1Y,0.69,Number of jobs per resident aged 16 to 64,Number of jobs per resident aged 16 to 64,,,,
E07000114,Thanet,Local Authority District,Job density,2021-01-01/P1Y,0.69,Number of jobs per resident aged 16 to 64,Number of jobs per resident aged 16 to 64,,,,
E07000114,Thanet,Local Authority District,Job density,2020-01-01/P1Y,0.65,Number of jobs per resident aged 16 to 64,Number of jobs per resident aged 16 to 64,,,,
E07000114,Thanet,Local Authority District,Job density,2019-01-01/P1Y,0.7,Number of jobs per resident aged 16 to 64,Number of jobs per resident aged 16 to 64,,,,
E07000114,Thanet,Local Authority District,Job density,2018-01-01/P1Y,0.65,Number of jobs per resident aged 16 to 64,Number of jobs per resident aged 16 to 64,,,,
E07000114,Thanet,Local Authority District,Job density,2017-01-01/P1Y,0.7,Number of jobs per resident aged 16 to 64,Number of jobs per resident aged 16 to 64,,,,
E07000114,Thanet,Local Authority District,Job density,2016-01-01/P1Y,0.68,Number of jobs per resident aged 16 to 64,Number of jobs per resident aged 16 to 64,,,,
E07000114,Thanet,Local Authority District,Job density,2015-01-01/P1Y,0.59,Number of jobs per resident aged 16 to 64,Number of jobs per resident aged 16 to 64,,,,
E07000114,Thanet,Local Authority District,Job density,2014-01-01/P1Y,0.56,Number of jobs per resident aged 16 to 64,Number of jobs per resident aged 16 to 64,,,,
E07000114,Thanet,Local Authority District,Job density,2013-01-01/P1Y,0.63,Number of jobs per resident aged 16 to 64,Number of jobs per resident aged 16 to 64,,,,
E07000114,Thanet,Local Authority District,Job density,2012-01-01/P1Y,0.6,Number of jobs per resident aged 16 to 64,Number of jobs per resident aged 16 to 64,,,,
E07000114,Thanet,Local Authority District,Job density,2011-01-01/P1Y,0.6,Number of jobs per resident aged 16 to 64,Number of jobs per resident aged 16 to 64,,,,
E07000115,Tonbridge and Malling,Local Authority District,Job density,2024-01-01/P1Y,0.88,Number of jobs per resident aged 16 to 64,Number of jobs per resident aged 16 to 64,,,,
E07000115,Tonbridge and Malling,Local Authority District,Job density,2023-01-01/P1Y,0.93,Number of jobs per resident aged 16 to 64,Number of jobs per resident aged 16 to 64,,,,
E07000115,Tonbridge and Malling,Local Authority District,Job density,2022-01-01/P1Y,0.95,Number of jobs per resident aged 16 to 64,Number of jobs per resident aged 16 to 64,,,,
E07000115,Tonbridge and Malling,Local Authority District,Job density,2021-01-01/P1Y,0.98,Number of jobs per resident aged 16 to 64,Number of jobs per resident aged 16 to 64,,,,
E07000115,Tonbridge and Malling,Local Authority District,Job density,2020-01-01/P1Y,0.94,Number of jobs per resident aged 16 to 64,Number of jobs per resident aged 16 to 64,,,,
E07000115,Tonbridge and Malling,Local Authority District,Job density,2019-01-01/P1Y,0.94,Number of jobs per resident aged 16 to 64,Number of jobs per resident aged 16 to 64,,,,
E07000115,Tonbridge and Malling,Local Authority District,Job density,2018-01-01/P1Y,0.87,Number of jobs per resident aged 16 to 64,Number of jobs per resident aged 16 to 64,,,,
E07000115,Tonbridge and Malling,Local Authority District,Job density,2017-01-01/P1Y,0.83,Number of jobs per resident aged 16 to 64,Number of jobs per resident aged 16 to 64,,,,
E07000115,Tonbridge and Malling,Local Authority District,Job density,2016-01-01/P1Y,0.9,Number of jobs per resident aged 16 to 64,Number of jobs per resident aged 16 to 64,,,,
E07000115,Tonbridge and Malling,Local Authority District,Job density,2015-01-01/P1Y,0.87,Number of jobs per resident aged 16 to 64,Number of jobs per resident aged 16 to 64,,,,
E07000115,Tonbridge and Malling,Local Authority District,Job density,2014-01-01/P1Y,0.88,Number of jobs per resident aged 16 to 64,Number of jobs per resident aged 16 to 64,,,,
E07000115,Tonbridge and Malling,Local Authority District,Job density,2013-01-01/P1Y,0.85,Number of jobs per resident aged 16 to 64,Number of jobs per resident aged 16 to 64,,,,
E07000115,Tonbridge and Malling,Local Authority District,Job density,2012-01-01/P1Y,0.8,Number of jobs per resident aged 16 to 64,Number of jobs per resident aged 16 to 64,,,,
E07000115,Tonbridge and Malling,Local Authority District,Job density,2011-01-01/P1Y,0.88,Number of jobs per resident aged 16 to 64,Number of jobs per resident aged 16 to 64,,,,
E07000116,Tunbridge Wells,Local Authority District,Job density,2024-01-01/P1Y,0.92,Number of jobs per resident aged 16 to 64,Number of jobs per resident aged 16 to 64,,,,
E07000116,Tunbridge Wells,Local Authority District,Job density,2023-01-01/P1Y,0.95,Number of jobs per resident aged 16 to 64,Number of jobs per resident aged 16 to 64,,,,
E07000116,Tunbridge Wells,Local Authority District,Job density,2022-01-01/P1Y,0.92,Number of jobs per resident aged 16 to 64,Number of jobs per resident aged 16 to 64,,,,
E07000116,Tunbridge Wells,Local Authority District,Job density,2021-01-01/P1Y,1.01,Number of jobs per resident aged 16 to 64,Number of jobs per resident aged 16 to 64,,,,
E07000116,Tunbridge Wells,Local Authority District,Job density,2020-01-01/P1Y,0.94,Number of jobs per resident aged 16 to 64,Number of jobs per resident aged 16 to 64,,,,
E07000116,Tunbridge Wells,Local Authority District,Job density,2019-01-01/P1Y,0.93,Number of jobs per resident aged 16 to 64,Number of jobs per resident aged 16 to 64,,,,
E07000116,Tunbridge Wells,Local Authority District,Job density,2018-01-01/P1Y,0.88,Number of jobs per resident aged 16 to 64,Number of jobs per resident aged 16 to 64,,,,
E07000116,Tunbridge Wells,Local Authority District,Job density,2017-01-01/P1Y,0.91,Number of jobs per resident aged 16 to 64,Number of jobs per resident aged 16 to 64,,,,
E07000116,Tunbridge Wells,Local Authority District,Job density,2016-01-01/P1Y,0.93,Number of jobs per resident aged 16 to 64,Number of jobs per resident aged 16 to 64,,,,
E07000116,Tunbridge Wells,Local Authority District,Job density,2015-01-01/P1Y,1.04,Number of jobs per resident aged 16 to 64,Number of jobs per resident aged 16 to 64,,,,
E07000116,Tunbridge Wells,Local Authority District,Job density,2014-01-01/P1Y,0.92,Number of jobs per resident aged 16 to 64,Number of jobs per resident aged 16 to 64,,,,
E07000116,Tunbridge Wells,Local Authority District,Job density,2013-01-01/P1Y,0.8,Number of jobs per resident aged 16 to 64,Number of jobs per resident aged 16 to 64,,,,
E07000116,Tunbridge Wells,Local Authority District,Job density,2012-01-01/P1Y,0.78,Number of jobs per resident aged 16 to 64,Number of jobs per resident aged 16 to 64,,,,
E07000116,Tunbridge Wells,Local Authority District,Job density,2011-01-01/P1Y,0.82,Number of jobs per resident aged 16 to 64,Number of jobs per resident aged 16 to 64,,,,
E10000025,Oxfordshire,County or Unitary Authority,Job density,2023-01-01/P1Y,0.93,Number of jobs per resident aged 16 to 64,Number of jobs per resident aged 16 to 64,,,,
E10000025,Oxfordshire,County or Unitary Authority,Job density,2022-01-01/P1Y,0.94,Number of jobs per resident aged 16 to 64,Number of jobs per resident aged 16 to 64,,,,
E10000025,Oxfordshire,County or Unitary Authority,Job density,2021-01-01/P1Y,0.92,Number of jobs per resident aged 16 to 64,Number of jobs per resident aged 16 to 64,,,,
E10000025,Oxfordshire,County or Unitary Authority,Job density,2020-01-01/P1Y,0.95,Number of jobs per resident aged 16 to 64,Number of jobs per resident aged 16 to 64,,,,
E10000025,Oxfordshire,County or Unitary Authority,Job density,2019-01-01/P1Y,0.99,Number of jobs per resident aged 16 to 64,Number of jobs per resident aged 16 to 64,,,,
E10000025,Oxfordshire,County or Unitary Authority,Job density,2018-01-01/P1Y,0.96,Number of jobs per resident aged 16 to 64,Number of jobs per resident aged 16 to 64,,,,
E10000025,Oxfordshire,County or Unitary Authority,Job density,2024-01-01/P1Y,0.92,Number of jobs per resident aged 16 to 64,Number of jobs per resident aged 16 to 64,,,,
E10000025,Oxfordshire,County or Unitary Authority,Job density,2016-01-01/P1Y,0.99,Number of jobs per resident aged 16 to 64,Number of jobs per resident aged 16 to 64,,,,
E10000025,Oxfordshire,County or Unitary Authority,Job density,2015-01-01/P1Y,0.95,Number of jobs per resident aged 16 to 64,Number of jobs per resident aged 16 to 64,,,,
E10000025,Oxfordshire,County or Unitary Authority,Job density,2014-01-01/P1Y,0.94,Number of jobs per resident aged 16 to 64,Number of jobs per resident aged 16 to 64,,,,
E10000025,Oxfordshire,County or Unitary Authority,Job density,2013-01-01/P1Y,0.92,Number of jobs per resident aged 16 to 64,Number of jobs per resident aged 16 to 64,,,,
E10000025,Oxfordshire,County or Unitary Authority,Job density,2012-01-01/P1Y,0.89,Number of jobs per resident aged 16 to 64,Number of jobs per resident aged 16 to 64,,,,
E10000025,Oxfordshire,County or Unitary Authority,Job density,2011-01-01/P1Y,0.88,Number of jobs per resident aged 16 to 64,Number of jobs per resident aged 16 to 64,,,,
E10000025,Oxfordshire,County or Unitary Authority,Job density,2017-01-01/P1Y,0.97,Number of jobs per resident aged 16 to 64,Number of jobs per resident aged 16 to 64,,,,
E07000177,Cherwell,Local Authority District,Job density,2024-01-01/P1Y,0.91,Number of jobs per resident aged 16 to 64,Number of jobs per resident aged 16 to 64,,,,
E07000177,Cherwell,Local Authority District,Job density,2023-01-01/P1Y,0.91,Number of jobs per resident aged 16 to 64,Number of jobs per resident aged 16 to 64,,,,
E07000177,Cherwell,Local Authority District,Job density,2022-01-01/P1Y,0.9,Number of jobs per resident aged 16 to 64,Number of jobs per resident aged 16 to 64,,,,
E07000177,Cherwell,Local Authority District,Job density,2021-01-01/P1Y,0.9,Number of jobs per resident aged 16 to 64,Number of jobs per resident aged 16 to 64,,,,
E07000177,Cherwell,Local Authority District,Job density,2020-01-01/P1Y,0.94,Number of jobs per resident aged 16 to 64,Number of jobs per resident aged 16 to 64,,,,
E07000177,Cherwell,Local Authority District,Job density,2019-01-01/P1Y,0.95,Number of jobs per resident aged 16 to 64,Number of jobs per resident aged 16 to 64,,,,
E07000177,Cherwell,Local Authority District,Job density,2018-01-01/P1Y,0.88,Number of jobs per resident aged 16 to 64,Number of jobs per resident aged 16 to 64,,,,
E07000177,Cherwell,Local Authority District,Job density,2017-01-01/P1Y,0.89,Number of jobs per resident aged 16 to 64,Number of jobs per resident aged 16 to 64,,,,
E07000177,Cherwell,Local Authority District,Job density,2016-01-01/P1Y,0.89,Number of jobs per resident aged 16 to 64,Number of jobs per resident aged 16 to 64,,,,
E07000177,Cherwell,Local Authority District,Job density,2015-01-01/P1Y,0.87,Number of jobs per resident aged 16 to 64,Number of jobs per resident aged 16 to 64,,,,
E07000177,Cherwell,Local Authority District,Job density,2014-01-01/P1Y,0.87,Number of jobs per resident aged 16 to 64,Number of jobs per resident aged 16 to 64,,,,
E07000177,Cherwell,Local Authority District,Job density,2013-01-01/P1Y,0.9,Number of jobs per resident aged 16 to 64,Number of jobs per resident aged 16 to 64,,,,
E07000177,Cherwell,Local Authority District,Job density,2012-01-01/P1Y,0.84,Number of jobs per resident aged 16 to 64,Number of jobs per resident aged 16 to 64,,,,
E07000177,Cherwell,Local Authority District,Job density,2011-01-01/P1Y,0.83,Number of jobs per resident aged 16 to 64,Number of jobs per resident aged 16 to 64,,,,
E07000178,Oxford,Local Authority District,Job density,2023-01-01/P1Y,1.16,Number of jobs per resident aged 16 to 64,Number of jobs per resident aged 16 to 64,,,,
E07000178,Oxford,Local Authority District,Job density,2022-01-01/P1Y,1.11,Number of jobs per resident aged 16 to 64,Number of jobs per resident aged 16 to 64,,,,
E07000178,Oxford,Local Authority District,Job density,2021-01-01/P1Y,1.1,Number of jobs per resident aged 16 to 64,Number of jobs per resident aged 16 to 64,,,,
E07000178,Oxford,Local Authority District,Job density,2020-01-01/P1Y,1.14,Number of jobs per resident aged 16 to 64,Number of jobs per resident aged 16 to 64,,,,
E07000178,Oxford,Local Authority District,Job density,2019-01-01/P1Y,1.22,Number of jobs per resident aged 16 to 64,Number of jobs per resident aged 16 to 64,,,,
E07000178,Oxford,Local Authority District,Job density,2018-01-01/P1Y,1.24,Number of jobs per resident aged 16 to 64,Number of jobs per resident aged 16 to 64,,,,
E07000178,Oxford,Local Authority District,Job density,2024-01-01/P1Y,1.16,Number of jobs per resident aged 16 to 64,Number of jobs per resident aged 16 to 64,,,,
E07000178,Oxford,Local Authority District,Job density,2016-01-01/P1Y,1.19,Number of jobs per resident aged 16 to 64,Number of jobs per resident aged 16 to 64,,,,
E07000178,Oxford,Local Authority District,Job density,2015-01-01/P1Y,1.18,Number of jobs per resident aged 16 to 64,Number of jobs per resident aged 16 to 64,,,,
E07000178,Oxford,Local Authority District,Job density,2014-01-01/P1Y,1.17,Number of jobs per resident aged 16 to 64,Number of jobs per resident aged 16 to 64,,,,
E07000178,Oxford,Local Authority District,Job density,2013-01-01/P1Y,1.09,Number of jobs per resident aged 16 to 64,Number of jobs per resident aged 16 to 64,,,,
E07000178,Oxford,Local Authority District,Job density,2012-01-01/P1Y,1.08,Number of jobs per resident aged 16 to 64,Number of jobs per resident aged 16 to 64,,,,
E07000178,Oxford,Local Authority District,Job density,2011-01-01/P1Y,1.09,Number of jobs per resident aged 16 to 64,Number of jobs per resident aged 16 to 64,,,,
E07000178,Oxford,Local Authority District,Job density,2017-01-01/P1Y,1.16,Number of jobs per resident aged 16 to 64,Number of jobs per resident aged 16 to 64,,,,
E07000179,South Oxfordshire,Local Authority District,Job density,2023-01-01/P1Y,0.73,Number of jobs per resident aged 16 to 64,Number of jobs per resident aged 16 to 64,,,,
E07000179,South Oxfordshire,Local Authority District,Job density,2022-01-01/P1Y,0.8,Number of jobs per resident aged 16 to 64,Number of jobs per resident aged 16 to 64,,,,
E07000179,South Oxfordshire,Local Authority District,Job density,2021-01-01/P1Y,0.78,Number of jobs per resident aged 16 to 64,Number of jobs per resident aged 16 to 64,,,,
E07000179,South Oxfordshire,Local Authority District,Job density,2020-01-01/P1Y,0.81,Number of jobs per resident aged 16 to 64,Number of jobs per resident aged 16 to 64,,,,
E07000179,South Oxfordshire,Local Authority District,Job density,2019-01-01/P1Y,0.84,Number of jobs per resident aged 16 to 64,Number of jobs per resident aged 16 to 64,,,,
E07000179,South Oxfordshire,Local Authority District,Job density,2018-01-01/P1Y,0.82,Number of jobs per resident aged 16 to 64,Number of jobs per resident aged 16 to 64,,,,
E07000179,South Oxfordshire,Local Authority District,Job density,2024-01-01/P1Y,0.73,Number of jobs per resident aged 16 to 64,Number of jobs per resident aged 16 to 64,,,,
E07000179,South Oxfordshire,Local Authority District,Job density,2016-01-01/P1Y,0.9,Number of jobs per resident aged 16 to 64,Number of jobs per resident aged 16 to 64,,,,
E07000179,South Oxfordshire,Local Authority District,Job density,2015-01-01/P1Y,0.85,Number of jobs per resident aged 16 to 64,Number of jobs per resident aged 16 to 64,,,,
E07000179,South Oxfordshire,Local Authority District,Job density,2014-01-01/P1Y,0.85,Number of jobs per resident aged 16 to 64,Number of jobs per resident aged 16 to 64,,,,
E07000179,South Oxfordshire,Local Authority District,Job density,2013-01-01/P1Y,0.84,Number of jobs per resident aged 16 to 64,Number of jobs per resident aged 16 to 64,,,,
E07000179,South Oxfordshire,Local Authority District,Job density,2012-01-01/P1Y,0.81,Number of jobs per resident aged 16 to 64,Number of jobs per resident aged 16 to 64,,,,
E07000179,South Oxfordshire,Local Authority District,Job density,2011-01-01/P1Y,0.8,Number of jobs per resident aged 16 to 64,Number of jobs per resident aged 16 to 64,,,,
E07000179,South Oxfordshire,Local Authority District,Job density,2017-01-01/P1Y,0.88,Number of jobs per resident aged 16 to 64,Number of jobs per resident aged 16 to 64,,,,
E07000180,Vale of White Horse,Local Authority District,Job density,2024-01-01/P1Y,0.87,Number of jobs per resident aged 16 to 64,Number of jobs per resident aged 16 to 64,,,,
E07000180,Vale of White Horse,Local Authority District,Job density,2023-01-01/P1Y,0.91,Number of jobs per resident aged 16 to 64,Number of jobs per resident aged 16 to 64,,,,
E07000180,Vale of White Horse,Local Authority District,Job density,2022-01-01/P1Y,0.94,Number of jobs per resident aged 16 to 64,Number of jobs per resident aged 16 to 64,,,,
E07000180,Vale of White Horse,Local Authority District,Job density,2021-01-01/P1Y,0.88,Number of jobs per resident aged 16 to 64,Number of jobs per resident aged 16 to 64,,,,
E07000180,Vale of White Horse,Local Authority District,Job density,2020-01-01/P1Y,0.92,Number of jobs per resident aged 16 to 64,Number of jobs per resident aged 16 to 64,,,,
E07000180,Vale of White Horse,Local Authority District,Job density,2019-01-01/P1Y,0.97,Number of jobs per resident aged 16 to 64,Number of jobs per resident aged 16 to 64,,,,
E07000180,Vale of White Horse,Local Authority District,Job density,2018-01-01/P1Y,0.89,Number of jobs per resident aged 16 to 64,Number of jobs per resident aged 16 to 64,,,,
E07000180,Vale of White Horse,Local Authority District,Job density,2017-01-01/P1Y,0.93,Number of jobs per resident aged 16 to 64,Number of jobs per resident aged 16 to 64,,,,
E07000180,Vale of White Horse,Local Authority District,Job density,2015-01-01/P1Y,0.93,Number of jobs per resident aged 16 to 64,Number of jobs per resident aged 16 to 64,,,,
E07000180,Vale of White Horse,Local Authority District,Job density,2014-01-01/P1Y,0.9,Number of jobs per resident aged 16 to 64,Number of jobs per resident aged 16 to 64,,,,
E07000180,Vale of White Horse,Local Authority District,Job density,2013-01-01/P1Y,0.87,Number of jobs per resident aged 16 to 64,Number of jobs per resident aged 16 to 64,,,,
E07000180,Vale of White Horse,Local Authority District,Job density,2012-01-01/P1Y,0.87,Number of jobs per resident aged 16 to 64,Number of jobs per resident aged 16 to 64,,,,
E07000180,Vale of White Horse,Local Authority District,Job density,2011-01-01/P1Y,0.83,Number of jobs per resident aged 16 to 64,Number of jobs per resident aged 16 to 64,,,,
E07000180,Vale of White Horse,Local Authority District,Job density,2016-01-01/P1Y,0.95,Number of jobs per resident aged 16 to 64,Number of jobs per resident aged 16 to 64,,,,
E07000181,West Oxfordshire,Local Authority District,Job density,2019-01-01/P1Y,0.85,Number of jobs per resident aged 16 to 64,Number of jobs per resident aged 16 to 64,,,,
E07000181,West Oxfordshire,Local Authority District,Job density,2023-01-01/P1Y,0.83,Number of jobs per resident aged 16 to 64,Number of jobs per resident aged 16 to 64,,,,
E07000181,West Oxfordshire,Local Authority District,Job density,2022-01-01/P1Y,0.91,Number of jobs per resident aged 16 to 64,Number of jobs per resident aged 16 to 64,,,,
E07000181,West Oxfordshire,Local Authority District,Job density,2021-01-01/P1Y,0.88,Number of jobs per resident aged 16 to 64,Number of jobs per resident aged 16 to 64,,,,
E07000181,West Oxfordshire,Local Authority District,Job density,2020-01-01/P1Y,0.86,Number of jobs per resident aged 16 to 64,Number of jobs per resident aged 16 to 64,,,,
E07000181,West Oxfordshire,Local Authority District,Job density,2018-01-01/P1Y,0.84,Number of jobs per resident aged 16 to 64,Number of jobs per resident aged 16 to 64,,,,
E07000181,West Oxfordshire,Local Authority District,Job density,2024-01-01/P1Y,0.84,Number of jobs per resident aged 16 to 64,Number of jobs per resident aged 16 to 64,,,,
E07000181,West Oxfordshire,Local Authority District,Job density,2016-01-01/P1Y,0.92,Number of jobs per resident aged 16 to 64,Number of jobs per resident aged 16 to 64,,,,
E07000181,West Oxfordshire,Local Authority District,Job density,2011-01-01/P1Y,0.78,Number of jobs per resident aged 16 to 64,Number of jobs per resident aged 16 to 64,,,,
E07000181,West Oxfordshire,Local Authority District,Job density,2012-01-01/P1Y,0.78,Number of jobs per resident aged 16 to 64,Number of jobs per resident aged 16 to 64,,,,
E07000181,West Oxfordshire,Local Authority District,Job density,2017-01-01/P1Y,0.91,Number of jobs per resident aged 16 to 64,Number of jobs per resident aged 16 to 64,,,,
E07000181,West Oxfordshire,Local Authority District,Job density,2014-01-01/P1Y,0.8,Number of jobs per resident aged 16 to 64,Number of jobs per resident aged 16 to 64,,,,
E07000181,West Oxfordshire,Local Authority District,Job density,2015-01-01/P1Y,0.86,Number of jobs per resident aged 16 to 64,Number of jobs per resident aged 16 to 64,,,,
E07000181,West Oxfordshire,Local Authority District,Job density,2013-01-01/P1Y,0.85,Number of jobs per resident aged 16 to 64,Number of jobs per resident aged 16 to 64,,,,
E10000030,Surrey,County or Unitary Authority,Job density,2024-01-01/P1Y,0.87,Number of jobs per resident aged 16 to 64,Number of jobs per resident aged 16 to 64,,,,
E10000030,Surrey,County or Unitary Authority,Job density,2023-01-01/P1Y,0.85,Number of jobs per resident aged 16 to 64,Number of jobs per resident aged 16 to 64,,,,
E10000030,Surrey,County or Unitary Authority,Job density,2022-01-01/P1Y,0.87,Number of jobs per resident aged 16 to 64,Number of jobs per resident aged 16 to 64,,,,
E10000030,Surrey,County or Unitary Authority,Job density,2021-01-01/P1Y,0.88,Number of jobs per resident aged 16 to 64,Number of jobs per resident aged 16 to 64,,,,
E10000030,Surrey,County or Unitary Authority,Job density,2020-01-01/P1Y,0.88,Number of jobs per resident aged 16 to 64,Number of jobs per resident aged 16 to 64,,,,
E10000030,Surrey,County or Unitary Authority,Job density,2018-01-01/P1Y,0.92,Number of jobs per resident aged 16 to 64,Number of jobs per resident aged 16 to 64,,,,
E10000030,Surrey,County or Unitary Authority,Job density,2019-01-01/P1Y,0.95,Number of jobs per resident aged 16 to 64,Number of jobs per resident aged 16 to 64,,,,
E10000030,Surrey,County or Unitary Authority,Job density,2016-01-01/P1Y,0.92,Number of jobs per resident aged 16 to 64,Number of jobs per resident aged 16 to 64,,,,
E10000030,Surrey,County or Unitary Authority,Job density,2015-01-01/P1Y,0.91,Number of jobs per resident aged 16 to 64,Number of jobs per resident aged 16 to 64,,,,
E10000030,Surrey,County or Unitary Authority,Job density,2014-01-01/P1Y,0.9,Number of jobs per resident aged 16 to 64,Number of jobs per resident aged 16 to 64,,,,
E10000030,Surrey,County or Unitary Authority,Job density,2013-01-01/P1Y,0.87,Number of jobs per resident aged 16 to 64,Number of jobs per resident aged 16 to 64,,,,
E10000030,Surrey,County or Unitary Authority,Job density,2012-01-01/P1Y,0.87,Number of jobs per resident aged 16 to 64,Number of jobs per resident aged 16 to 64,,,,
E10000030,Surrey,County or Unitary Authority,Job density,2011-01-01/P1Y,0.87,Number of jobs per resident aged 16 to 64,Number of jobs per resident aged 16 to 64,,,,
E10000030,Surrey,County or Unitary Authority,Job density,2017-01-01/P1Y,0.89,Number of jobs per resident aged 16 to 64,Number of jobs per resident aged 16 to 64,,,,
E07000207,Elmbridge,Local Authority District,Job density,2019-01-01/P1Y,0.87,Number of jobs per resident aged 16 to 64,Number of jobs per resident aged 16 to 64,,,,
E07000207,Elmbridge,Local Authority District,Job density,2023-01-01/P1Y,0.87,Number of jobs per resident aged 16 to 64,Number of jobs per resident aged 16 to 64,,,,
E07000207,Elmbridge,Local Authority District,Job density,2022-01-01/P1Y,0.82,Number of jobs per resident aged 16 to 64,Number of jobs per resident aged 16 to 64,,,,
E07000207,Elmbridge,Local Authority District,Job density,2021-01-01/P1Y,0.82,Number of jobs per resident aged 16 to 64,Number of jobs per resident aged 16 to 64,,,,
E07000207,Elmbridge,Local Authority District,Job density,2020-01-01/P1Y,0.82,Number of jobs per resident aged 16 to 64,Number of jobs per resident aged 16 to 64,,,,
E07000207,Elmbridge,Local Authority District,Job density,2018-01-01/P1Y,0.88,Number of jobs per resident aged 16 to 64,Number of jobs per resident aged 16 to 64,,,,
E07000207,Elmbridge,Local Authority District,Job density,2024-01-01/P1Y,0.88,Number of jobs per resident aged 16 to 64,Number of jobs per resident aged 16 to 64,,,,
E07000207,Elmbridge,Local Authority District,Job density,2016-01-01/P1Y,0.96,Number of jobs per resident aged 16 to 64,Number of jobs per resident aged 16 to 64,,,,
E07000207,Elmbridge,Local Authority District,Job density,2015-01-01/P1Y,0.86,Number of jobs per resident aged 16 to 64,Number of jobs per resident aged 16 to 64,,,,
E07000207,Elmbridge,Local Authority District,Job density,2014-01-01/P1Y,0.84,Number of jobs per resident aged 16 to 64,Number of jobs per resident aged 16 to 64,,,,
E07000207,Elmbridge,Local Authority District,Job density,2013-01-01/P1Y,0.82,Number of jobs per resident aged 16 to 64,Number of jobs per resident aged 16 to 64,,,,
E07000207,Elmbridge,Local Authority District,Job density,2012-01-01/P1Y,0.81,Number of jobs per resident aged 16 to 64,Number of jobs per resident aged 16 to 64,,,,
E07000207,Elmbridge,Local Authority District,Job density,2011-01-01/P1Y,0.82,Number of jobs per resident aged 16 to 64,Number of jobs per resident aged 16 to 64,,,,
E07000207,Elmbridge,Local Authority District,Job density,2017-01-01/P1Y,0.84,Number of jobs per resident aged 16 to 64,Number of jobs per resident aged 16 to 64,,,,
E07000208,Epsom and Ewell,Local Authority District,Job density,2023-01-01/P1Y,0.69,Number of jobs per resident aged 16 to 64,Number of jobs per resident aged 16 to 64,,,,
E07000208,Epsom and Ewell,Local Authority District,Job density,2022-01-01/P1Y,0.7,Number of jobs per resident aged 16 to 64,Number of jobs per resident aged 16 to 64,,,,
E07000208,Epsom and Ewell,Local Authority District,Job density,2021-01-01/P1Y,0.72,Number of jobs per resident aged 16 to 64,Number of jobs per resident aged 16 to 64,,,,
E07000208,Epsom and Ewell,Local Authority District,Job density,2020-01-01/P1Y,0.74,Number of jobs per resident aged 16 to 64,Number of jobs per resident aged 16 to 64,,,,
E07000208,Epsom and Ewell,Local Authority District,Job density,2019-01-01/P1Y,0.74,Number of jobs per resident aged 16 to 64,Number of jobs per resident aged 16 to 64,,,,
E07000208,Epsom and Ewell,Local Authority District,Job density,2018-01-01/P1Y,0.68,Number of jobs per resident aged 16 to 64,Number of jobs per resident aged 16 to 64,,,,
E07000208,Epsom and Ewell,Local Authority District,Job density,2024-01-01/P1Y,0.76,Number of jobs per resident aged 16 to 64,Number of jobs per resident aged 16 to 64,,,,
E07000208,Epsom and Ewell,Local Authority District,Job density,2016-01-01/P1Y,0.74,Number of jobs per resident aged 16 to 64,Number of jobs per resident aged 16 to 64,,,,
E07000208,Epsom and Ewell,Local Authority District,Job density,2017-01-01/P1Y,0.68,Number of jobs per resident aged 16 to 64,Number of jobs per resident aged 16 to 64,,,,
E07000208,Epsom and Ewell,Local Authority District,Job density,2011-01-01/P1Y,0.77,Number of jobs per resident aged 16 to 64,Number of jobs per resident aged 16 to 64,,,,
E07000208,Epsom and Ewell,Local Authority District,Job density,2012-01-01/P1Y,0.74,Number of jobs per resident aged 16 to 64,Number of jobs per resident aged 16 to 64,,,,
E07000208,Epsom and Ewell,Local Authority District,Job density,2014-01-01/P1Y,0.73,Number of jobs per resident aged 16 to 64,Number of jobs per resident aged 16 to 64,,,,
E07000208,Epsom and Ewell,Local Authority District,Job density,2013-01-01/P1Y,0.69,Number of jobs per resident aged 16 to 64,Number of jobs per resident aged 16 to 64,,,,
E07000208,Epsom and Ewell,Local Authority District,Job density,2015-01-01/P1Y,0.72,Number of jobs per resident aged 16 to 64,Number of jobs per resident aged 16 to 64,,,,
E07000209,Guildford,Local Authority District,Job density,2019-01-01/P1Y,1.11,Number of jobs per resident aged 16 to 64,Number of jobs per resident aged 16 to 64,,,,
E07000209,Guildford,Local Authority District,Job density,2024-01-01/P1Y,0.99,Number of jobs per resident aged 16 to 64,Number of jobs per resident aged 16 to 64,,,,
E07000209,Guildford,Local Authority District,Job density,2023-01-01/P1Y,0.99,Number of jobs per resident aged 16 to 64,Number of jobs per resident aged 16 to 64,,,,
E07000209,Guildford,Local Authority District,Job density,2022-01-01/P1Y,1.06,Number of jobs per resident aged 16 to 64,Number of jobs per resident aged 16 to 64,,,,
E07000209,Guildford,Local Authority District,Job density,2021-01-01/P1Y,1.05,Number of jobs per resident aged 16 to 64,Number of jobs per resident aged 16 to 64,,,,
E07000209,Guildford,Local Authority District,Job density,2020-01-01/P1Y,0.97,Number of jobs per resident aged 16 to 64,Number of jobs per resident aged 16 to 64,,,,
E07000209,Guildford,Local Authority District,Job density,2018-01-01/P1Y,1.05,Number of jobs per resident aged 16 to 64,Number of jobs per resident aged 16 to 64,,,,
E07000209,Guildford,Local Authority District,Job density,2017-01-01/P1Y,1.0,Number of jobs per resident aged 16 to 64,Number of jobs per resident aged 16 to 64,,,,
E07000209,Guildford,Local Authority District,Job density,2015-01-01/P1Y,1.03,Number of jobs per resident aged 16 to 64,Number of jobs per resident aged 16 to 64,,,,
E07000209,Guildford,Local Authority District,Job density,2014-01-01/P1Y,1.04,Number of jobs per resident aged 16 to 64,Number of jobs per resident aged 16 to 64,,,,
E07000209,Guildford,Local Authority District,Job density,2013-01-01/P1Y,1.0,Number of jobs per resident aged 16 to 64,Number of jobs per resident aged 16 to 64,,,,
E07000209,Guildford,Local Authority District,Job density,2012-01-01/P1Y,0.94,Number of jobs per resident aged 16 to 64,Number of jobs per resident aged 16 to 64,,,,
E07000209,Guildford,Local Authority District,Job density,2011-01-01/P1Y,0.98,Number of jobs per resident aged 16 to 64,Number of jobs per resident aged 16 to 64,,,,
E07000209,Guildford,Local Authority District,Job density,2016-01-01/P1Y,1.0,Number of jobs per resident aged 16 to 64,Number of jobs per resident aged 16 to 64,,,,
E07000210,Mole Valley,Local Authority District,Job density,2018-01-01/P1Y,1.06,Number of jobs per resident aged 16 to 64,Number of jobs per resident aged 16 to 64,,,,
E07000210,Mole Valley,Local Authority District,Job density,2023-01-01/P1Y,1.04,Number of jobs per resident aged 16 to 64,Number of jobs per resident aged 16 to 64,,,,
E07000210,Mole Valley,Local Authority District,Job density,2022-01-01/P1Y,1.05,Number of jobs per resident aged 16 to 64,Number of jobs per resident aged 16 to 64,,,,
E07000210,Mole Valley,Local Authority District,Job density,2021-01-01/P1Y,1.03,Number of jobs per resident aged 16 to 64,Number of jobs per resident aged 16 to 64,,,,
E07000210,Mole Valley,Local Authority District,Job density,2020-01-01/P1Y,0.97,Number of jobs per resident aged 16 to 64,Number of jobs per resident aged 16 to 64,,,,
E07000210,Mole Valley,Local Authority District,Job density,2019-01-01/P1Y,1.07,Number of jobs per resident aged 16 to 64,Number of jobs per resident aged 16 to 64,,,,
E07000210,Mole Valley,Local Authority District,Job density,2024-01-01/P1Y,1.04,Number of jobs per resident aged 16 to 64,Number of jobs per resident aged 16 to 64,,,,
E07000210,Mole Valley,Local Authority District,Job density,2017-01-01/P1Y,0.96,Number of jobs per resident aged 16 to 64,Number of jobs per resident aged 16 to 64,,,,
E07000210,Mole Valley,Local Authority District,Job density,2015-01-01/P1Y,1.0,Number of jobs per resident aged 16 to 64,Number of jobs per resident aged 16 to 64,,,,
E07000210,Mole Valley,Local Authority District,Job density,2014-01-01/P1Y,0.96,Number of jobs per resident aged 16 to 64,Number of jobs per resident aged 16 to 64,,,,
E07000210,Mole Valley,Local Authority District,Job density,2013-01-01/P1Y,0.96,Number of jobs per resident aged 16 to 64,Number of jobs per resident aged 16 to 64,,,,
E07000210,Mole Valley,Local Authority District,Job density,2012-01-01/P1Y,1.04,Number of jobs per resident aged 16 to 64,Number of jobs per resident aged 16 to 64,,,,
E07000210,Mole Valley,Local Authority District,Job density,2011-01-01/P1Y,1.01,Number of jobs per resident aged 16 to 64,Number of jobs per resident aged 16 to 64,,,,
E07000210,Mole Valley,Local Authority District,Job density,2016-01-01/P1Y,1.0,Number of jobs per resident aged 16 to 64,Number of jobs per resident aged 16 to 64,,,,
E07000211,Reigate and Banstead,Local Authority District,Job density,2024-01-01/P1Y,0.77,Number of jobs per resident aged 16 to 64,Number of jobs per resident aged 16 to 64,,,,
E07000211,Reigate and Banstead,Local Authority District,Job density,2023-01-01/P1Y,0.77,Number of jobs per resident aged 16 to 64,Number of jobs per resident aged 16 to 64,,,,
E07000211,Reigate and Banstead,Local Authority District,Job density,2022-01-01/P1Y,0.81,Number of jobs per resident aged 16 to 64,Number of jobs per resident aged 16 to 64,,,,
E07000211,Reigate and Banstead,Local Authority District,Job density,2021-01-01/P1Y,0.9,Number of jobs per resident aged 16 to 64,Number of jobs per resident aged 16 to 64,,,,
E07000211,Reigate and Banstead,Local Authority District,Job density,2020-01-01/P1Y,0.8,Number of jobs per resident aged 16 to 64,Number of jobs per resident aged 16 to 64,,,,
E07000211,Reigate and Banstead,Local Authority District,Job density,2019-01-01/P1Y,0.93,Number of jobs per resident aged 16 to 64,Number of jobs per resident aged 16 to 64,,,,
E07000211,Reigate and Banstead,Local Authority District,Job density,2018-01-01/P1Y,0.86,Number of jobs per resident aged 16 to 64,Number of jobs per resident aged 16 to 64,,,,
E07000211,Reigate and Banstead,Local Authority District,Job density,2017-01-01/P1Y,0.84,Number of jobs per resident aged 16 to 64,Number of jobs per resident aged 16 to 64,,,,
E07000211,Reigate and Banstead,Local Authority District,Job density,2016-01-01/P1Y,0.93,Number of jobs per resident aged 16 to 64,Number of jobs per resident aged 16 to 64,,,,
E07000211,Reigate and Banstead,Local Authority District,Job density,2015-01-01/P1Y,0.89,Number of jobs per resident aged 16 to 64,Number of jobs per resident aged 16 to 64,,,,
E07000211,Reigate and Banstead,Local Authority District,Job density,2014-01-01/P1Y,0.85,Number of jobs per resident aged 16 to 64,Number of jobs per resident aged 16 to 64,,,,
E07000211,Reigate and Banstead,Local Authority District,Job density,2013-01-01/P1Y,0.85,Number of jobs per resident aged 16 to 64,Number of jobs per resident aged 16 to 64,,,,
E07000211,Reigate and Banstead,Local Authority District,Job density,2012-01-01/P1Y,0.84,Number of jobs per resident aged 16 to 64,Number of jobs per resident aged 16 to 64,,,,
E07000211,Reigate and Banstead,Local Authority District,Job density,2011-01-01/P1Y,0.84,Number of jobs per resident aged 16 to 64,Number of jobs per resident aged 16 to 64,,,,
E07000212,Runnymede,Local Authority District,Job density,2023-01-01/P1Y,1.04,Number of jobs per resident aged 16 to 64,Number of jobs per resident aged 16 to 64,,,,
E07000212,Runnymede,Local Authority District,Job density,2022-01-01/P1Y,1.13,Number of jobs per resident aged 16 to 64,Number of jobs per resident aged 16 to 64,,,,
E07000212,Runnymede,Local Authority District,Job density,2021-01-01/P1Y,1.05,Number of jobs per resident aged 16 to 64,Number of jobs per resident aged 16 to 64,,,,
E07000212,Runnymede,Local Authority District,Job density,2020-01-01/P1Y,1.19,Number of jobs per resident aged 16 to 64,Number of jobs per resident aged 16 to 64,,,,
E07000212,Runnymede,Local Authority District,Job density,2019-01-01/P1Y,1.23,Number of jobs per resident aged 16 to 64,Number of jobs per resident aged 16 to 64,,,,
E07000212,Runnymede,Local Authority District,Job density,2018-01-01/P1Y,1.15,Number of jobs per resident aged 16 to 64,Number of jobs per resident aged 16 to 64,,,,
E07000212,Runnymede,Local Authority District,Job density,2024-01-01/P1Y,1.03,Number of jobs per resident aged 16 to 64,Number of jobs per resident aged 16 to 64,,,,
E07000212,Runnymede,Local Authority District,Job density,2016-01-01/P1Y,1.16,Number of jobs per resident aged 16 to 64,Number of jobs per resident aged 16 to 64,,,,
E07000212,Runnymede,Local Authority District,Job density,2015-01-01/P1Y,1.09,Number of jobs per resident aged 16 to 64,Number of jobs per resident aged 16 to 64,,,,
E07000212,Runnymede,Local Authority District,Job density,2014-01-01/P1Y,1.07,Number of jobs per resident aged 16 to 64,Number of jobs per resident aged 16 to 64,,,,
E07000212,Runnymede,Local Authority District,Job density,2013-01-01/P1Y,1.04,Number of jobs per resident aged 16 to 64,Number of jobs per resident aged 16 to 64,,,,
E07000212,Runnymede,Local Authority District,Job density,2012-01-01/P1Y,1.15,Number of jobs per resident aged 16 to 64,Number of jobs per resident aged 16 to 64,,,,
E07000212,Runnymede,Local Authority District,Job density,2011-01-01/P1Y,1.15,Number of jobs per resident aged 16 to 64,Number of jobs per resident aged 16 to 64,,,,
E07000212,Runnymede,Local Authority District,Job density,2017-01-01/P1Y,1.15,Number of jobs per resident aged 16 to 64,Number of jobs per resident aged 16 to 64,,,,
E07000213,Spelthorne,Local Authority District,Job density,2023-01-01/P1Y,0.65,Number of jobs per resident aged 16 to 64,Number of jobs per resident aged 16 to 64,,,,
E07000213,Spelthorne,Local Authority District,Job density,2022-01-01/P1Y,0.67,Number of jobs per resident aged 16 to 64,Number of jobs per resident aged 16 to 64,,,,
E07000213,Spelthorne,Local Authority District,Job density,2021-01-01/P1Y,0.66,Number of jobs per resident aged 16 to 64,Number of jobs per resident aged 16 to 64,,,,
E07000213,Spelthorne,Local Authority District,Job density,2020-01-01/P1Y,0.7,Number of jobs per resident aged 16 to 64,Number of jobs per resident aged 16 to 64,,,,
E07000213,Spelthorne,Local Authority District,Job density,2019-01-01/P1Y,0.79,Number of jobs per resident aged 16 to 64,Number of jobs per resident aged 16 to 64,,,,
E07000213,Spelthorne,Local Authority District,Job density,2018-01-01/P1Y,0.73,Number of jobs per resident aged 16 to 64,Number of jobs per resident aged 16 to 64,,,,
E07000213,Spelthorne,Local Authority District,Job density,2024-01-01/P1Y,0.71,Number of jobs per resident aged 16 to 64,Number of jobs per resident aged 16 to 64,,,,
E07000213,Spelthorne,Local Authority District,Job density,2016-01-01/P1Y,0.69,Number of jobs per resident aged 16 to 64,Number of jobs per resident aged 16 to 64,,,,
E07000213,Spelthorne,Local Authority District,Job density,2015-01-01/P1Y,0.67,Number of jobs per resident aged 16 to 64,Number of jobs per resident aged 16 to 64,,,,
E07000213,Spelthorne,Local Authority District,Job density,2014-01-01/P1Y,0.69,Number of jobs per resident aged 16 to 64,Number of jobs per resident aged 16 to 64,,,,
E07000213,Spelthorne,Local Authority District,Job density,2013-01-01/P1Y,0.67,Number of jobs per resident aged 16 to 64,Number of jobs per resident aged 16 to 64,,,,
E07000213,Spelthorne,Local Authority District,Job density,2012-01-01/P1Y,0.7,Number of jobs per resident aged 16 to 64,Number of jobs per resident aged 16 to 64,,,,
E07000213,Spelthorne,Local Authority District,Job density,2011-01-01/P1Y,0.67,Number of jobs per resident aged 16 to 64,Number of jobs per resident aged 16 to 64,,,,
E07000213,Spelthorne,Local Authority District,Job density,2017-01-01/P1Y,0.69,Number of jobs per resident aged 16 to 64,Number of jobs per resident aged 16 to 64,,,,
E07000214,Surrey Heath,Local Authority District,Job density,2024-01-01/P1Y,1.0,Number of jobs per resident aged 16 to 64,Number of jobs per resident aged 16 to 64,,,,
E07000214,Surrey Heath,Local Authority District,Job density,2023-01-01/P1Y,1.04,Number of jobs per resident aged 16 to 64,Number of jobs per resident aged 16 to 64,,,,
E07000214,Surrey Heath,Local Authority District,Job density,2022-01-01/P1Y,1.07,Number of jobs per resident aged 16 to 64,Number of jobs per resident aged 16 to 64,,,,
E07000214,Surrey Heath,Local Authority District,Job density,2021-01-01/P1Y,1.04,Number of jobs per resident aged 16 to 64,Number of jobs per resident aged 16 to 64,,,,
E07000214,Surrey Heath,Local Authority District,Job density,2020-01-01/P1Y,1.04,Number of jobs per resident aged 16 to 64,Number of jobs per resident aged 16 to 64,,,,
E07000214,Surrey Heath,Local Authority District,Job density,2019-01-01/P1Y,1.05,Number of jobs per resident aged 16 to 64,Number of jobs per resident aged 16 to 64,,,,
E07000214,Surrey Heath,Local Authority District,Job density,2018-01-01/P1Y,1.14,Number of jobs per resident aged 16 to 64,Number of jobs per resident aged 16 to 64,,,,
E07000214,Surrey Heath,Local Authority District,Job density,2017-01-01/P1Y,1.2,Number of jobs per resident aged 16 to 64,Number of jobs per resident aged 16 to 64,,,,
E07000214,Surrey Heath,Local Authority District,Job density,2015-01-01/P1Y,1.12,Number of jobs per resident aged 16 to 64,Number of jobs per resident aged 16 to 64,,,,
E07000214,Surrey Heath,Local Authority District,Job density,2014-01-01/P1Y,1.11,Number of jobs per resident aged 16 to 64,Number of jobs per resident aged 16 to 64,,,,
E07000214,Surrey Heath,Local Authority District,Job density,2013-01-01/P1Y,1.05,Number of jobs per resident aged 16 to 64,Number of jobs per resident aged 16 to 64,,,,
E07000214,Surrey Heath,Local Authority District,Job density,2012-01-01/P1Y,1.03,Number of jobs per resident aged 16 to 64,Number of jobs per resident aged 16 to 64,,,,
E07000214,Surrey Heath,Local Authority District,Job density,2011-01-01/P1Y,0.92,Number of jobs per resident aged 16 to 64,Number of jobs per resident aged 16 to 64,,,,
E07000214,Surrey Heath,Local Authority District,Job density,2016-01-01/P1Y,1.0,Number of jobs per resident aged 16 to 64,Number of jobs per resident aged 16 to 64,,,,
E07000215,Tandridge,Local Authority District,Job density,2018-01-01/P1Y,0.85,Number of jobs per resident aged 16 to 64,Number of jobs per resident aged 16 to 64,,,,
E07000215,Tandridge,Local Authority District,Job density,2024-01-01/P1Y,0.71,Number of jobs per resident aged 16 to 64,Number of jobs per resident aged 16 to 64,,,,
E07000215,Tandridge,Local Authority District,Job density,2022-01-01/P1Y,0.75,Number of jobs per resident aged 16 to 64,Number of jobs per resident aged 16 to 64,,,,
E07000215,Tandridge,Local Authority District,Job density,2021-01-01/P1Y,0.75,Number of jobs per resident aged 16 to 64,Number of jobs per resident aged 16 to 64,,,,
E07000215,Tandridge,Local Authority District,Job density,2019-01-01/P1Y,0.91,Number of jobs per resident aged 16 to 64,Number of jobs per resident aged 16 to 64,,,,
E07000215,Tandridge,Local Authority District,Job density,2017-01-01/P1Y,0.74,Number of jobs per resident aged 16 to 64,Number of jobs per resident aged 16 to 64,,,,
E07000215,Tandridge,Local Authority District,Job density,2023-01-01/P1Y,0.68,Number of jobs per resident aged 16 to 64,Number of jobs per resident aged 16 to 64,,,,
E07000215,Tandridge,Local Authority District,Job density,2015-01-01/P1Y,0.79,Number of jobs per resident aged 16 to 64,Number of jobs per resident aged 16 to 64,,,,
E07000215,Tandridge,Local Authority District,Job density,2016-01-01/P1Y,0.76,Number of jobs per resident aged 16 to 64,Number of jobs per resident aged 16 to 64,,,,
E07000215,Tandridge,Local Authority District,Job density,2011-01-01/P1Y,0.74,Number of jobs per resident aged 16 to 64,Number of jobs per resident aged 16 to 64,,,,
E07000215,Tandridge,Local Authority District,Job density,2012-01-01/P1Y,0.77,Number of jobs per resident aged 16 to 64,Number of jobs per resident aged 16 to 64,,,,
E07000215,Tandridge,Local Authority District,Job density,2020-01-01/P1Y,0.7,Number of jobs per resident aged 16 to 64,Number of jobs per resident aged 16 to 64,,,,
E07000215,Tandridge,Local Authority District,Job density,2013-01-01/P1Y,0.81,Number of jobs per resident aged 16 to 64,Number of jobs per resident aged 16 to 64,,,,
E07000215,Tandridge,Local Authority District,Job density,2014-01-01/P1Y,0.83,Number of jobs per resident aged 16 to 64,Number of jobs per resident aged 16 to 64,,,,
E07000216,Waverley,Local Authority District,Job density,2020-01-01/P1Y,0.91,Number of jobs per resident aged 16 to 64,Number of jobs per resident aged 16 to 64,,,,
E07000216,Waverley,Local Authority District,Job density,2024-01-01/P1Y,0.84,Number of jobs per resident aged 16 to 64,Number of jobs per resident aged 16 to 64,,,,
E07000216,Waverley,Local Authority District,Job density,2023-01-01/P1Y,0.73,Number of jobs per resident aged 16 to 64,Number of jobs per resident aged 16 to 64,,,,
E07000216,Waverley,Local Authority District,Job density,2022-01-01/P1Y,0.81,Number of jobs per resident aged 16 to 64,Number of jobs per resident aged 16 to 64,,,,
E07000216,Waverley,Local Authority District,Job density,2021-01-01/P1Y,0.82,Number of jobs per resident aged 16 to 64,Number of jobs per resident aged 16 to 64,,,,
E07000216,Waverley,Local Authority District,Job density,2019-01-01/P1Y,0.86,Number of jobs per resident aged 16 to 64,Number of jobs per resident aged 16 to 64,,,,
E07000216,Waverley,Local Authority District,Job density,2018-01-01/P1Y,0.85,Number of jobs per resident aged 16 to 64,Number of jobs per resident aged 16 to 64,,,,
E07000216,Waverley,Local Authority District,Job density,2017-01-01/P1Y,0.91,Number of jobs per resident aged 16 to 64,Number of jobs per resident aged 16 to 64,,,,
E07000216,Waverley,Local Authority District,Job density,2015-01-01/P1Y,0.94,Number of jobs per resident aged 16 to 64,Number of jobs per resident aged 16 to 64,,,,
E07000216,Waverley,Local Authority District,Job density,2014-01-01/P1Y,0.86,Number of jobs per resident aged 16 to 64,Number of jobs per resident aged 16 to 64,,,,
E07000216,Waverley,Local Authority District,Job density,2013-01-01/P1Y,0.82,Number of jobs per resident aged 16 to 64,Number of jobs per resident aged 16 to 64,,,,
E07000216,Waverley,Local Authority District,Job density,2012-01-01/P1Y,0.79,Number of jobs per resident aged 16 to 64,Number of jobs per resident aged 16 to 64,,,,
E07000216,Waverley,Local Authority District,Job density,2011-01-01/P1Y,0.82,Number of jobs per resident aged 16 to 64,Number of jobs per resident aged 16 to 64,,,,
E07000216,Waverley,Local Authority District,Job density,2016-01-01/P1Y,0.93,Number of jobs per resident aged 16 to 64,Number of jobs per resident aged 16 to 64,,,,
E07000217,Woking,Local Authority District,Job density,2021-01-01/P1Y,0.74,Number of jobs per resident aged 16 to 64,Number of jobs per resident aged 16 to 64,,,,
E07000217,Woking,Local Authority District,Job density,2022-01-01/P1Y,0.72,Number of jobs per resident aged 16 to 64,Number of jobs per resident aged 16 to 64,,,,
E07000217,Woking,Local Authority District,Job density,2019-01-01/P1Y,0.88,Number of jobs per resident aged 16 to 64,Number of jobs per resident aged 16 to 64,,,,
E07000217,Woking,Local Authority District,Job density,2024-01-01/P1Y,0.82,Number of jobs per resident aged 16 to 64,Number of jobs per resident aged 16 to 64,,,,
E07000217,Woking,Local Authority District,Job density,2020-01-01/P1Y,0.84,Number of jobs per resident aged 16 to 64,Number of jobs per resident aged 16 to 64,,,,
E07000217,Woking,Local Authority District,Job density,2023-01-01/P1Y,0.84,Number of jobs per resident aged 16 to 64,Number of jobs per resident aged 16 to 64,,,,
E07000217,Woking,Local Authority District,Job density,2018-01-01/P1Y,0.87,Number of jobs per resident aged 16 to 64,Number of jobs per resident aged 16 to 64,,,,
E07000217,Woking,Local Authority District,Job density,2013-01-01/P1Y,0.8,Number of jobs per resident aged 16 to 64,Number of jobs per resident aged 16 to 64,,,,
E07000217,Woking,Local Authority District,Job density,2016-01-01/P1Y,0.85,Number of jobs per resident aged 16 to 64,Number of jobs per resident aged 16 to 64,,,,
E07000217,Woking,Local Authority District,Job density,2015-01-01/P1Y,0.86,Number of jobs per resident aged 16 to 64,Number of jobs per resident aged 16 to 64,,,,
E07000217,Woking,Local Authority District,Job density,2014-01-01/P1Y,0.87,Number of jobs per resident aged 16 to 64,Number of jobs per resident aged 16 to 64,,,,
E07000217,Woking,Local Authority District,Job density,2012-01-01/P1Y,0.84,Number of jobs per resident aged 16 to 64,Number of jobs per resident aged 16 to 64,,,,
E07000217,Woking,Local Authority District,Job density,2011-01-01/P1Y,0.83,Number of jobs per resident aged 16 to 64,Number of jobs per resident aged 16 to 64,,,,
E07000217,Woking,Local Authority District,Job density,2017-01-01/P1Y,0.82,Number of jobs per resident aged 16 to 64,Number of jobs per resident aged 16 to 64,,,,
E10000032,West Sussex,County or Unitary Authority,Job density,2024-01-01/P1Y,0.85,Number of jobs per resident aged 16 to 64,Number of jobs per resident aged 16 to 64,,,,
E10000032,West Sussex,County or Unitary Authority,Job density,2019-01-01/P1Y,0.9,Number of jobs per resident aged 16 to 64,Number of jobs per resident aged 16 to 64,,,,
E10000032,West Sussex,County or Unitary Authority,Job density,2023-01-01/P1Y,0.86,Number of jobs per resident aged 16 to 64,Number of jobs per resident aged 16 to 64,,,,
E10000032,West Sussex,County or Unitary Authority,Job density,2022-01-01/P1Y,0.85,Number of jobs per resident aged 16 to 64,Number of jobs per resident aged 16 to 64,,,,
E10000032,West Sussex,County or Unitary Authority,Job density,2021-01-01/P1Y,0.83,Number of jobs per resident aged 16 to 64,Number of jobs per resident aged 16 to 64,,,,
E10000032,West Sussex,County or Unitary Authority,Job density,2020-01-01/P1Y,0.87,Number of jobs per resident aged 16 to 64,Number of jobs per resident aged 16 to 64,,,,
E10000032,West Sussex,County or Unitary Authority,Job density,2018-01-01/P1Y,0.88,Number of jobs per resident aged 16 to 64,Number of jobs per resident aged 16 to 64,,,,
E10000032,West Sussex,County or Unitary Authority,Job density,2013-01-01/P1Y,0.84,Number of jobs per resident aged 16 to 64,Number of jobs per resident aged 16 to 64,,,,
E10000032,West Sussex,County or Unitary Authority,Job density,2016-01-01/P1Y,0.89,Number of jobs per resident aged 16 to 64,Number of jobs per resident aged 16 to 64,,,,
E10000032,West Sussex,County or Unitary Authority,Job density,2015-01-01/P1Y,0.87,Number of jobs per resident aged 16 to 64,Number of jobs per resident aged 16 to 64,,,,
E10000032,West Sussex,County or Unitary Authority,Job density,2014-01-01/P1Y,0.85,Number of jobs per resident aged 16 to 64,Number of jobs per resident aged 16 to 64,,,,
E10000032,West Sussex,County or Unitary Authority,Job density,2012-01-01/P1Y,0.83,Number of jobs per resident aged 16 to 64,Number of jobs per resident aged 16 to 64,,,,
E10000032,West Sussex,County or Unitary Authority,Job density,2011-01-01/P1Y,0.82,Number of jobs per resident aged 16 to 64,Number of jobs per resident aged 16 to 64,,,,
E10000032,West Sussex,County or Unitary Authority,Job density,2017-01-01/P1Y,0.88,Number of jobs per resident aged 16 to 64,Number of jobs per resident aged 16 to 64,,,,
E07000223,Adur,Local Authority District,Job density,2019-01-01/P1Y,0.7,Number of jobs per resident aged 16 to 64,Number of jobs per resident aged 16 to 64,,,,
E07000223,Adur,Local Authority District,Job density,2023-01-01/P1Y,0.61,Number of jobs per resident aged 16 to 64,Number of jobs per resident aged 16 to 64,,,,
E07000223,Adur,Local Authority District,Job density,2022-01-01/P1Y,0.63,Number of jobs per resident aged 16 to 64,Number of jobs per resident aged 16 to 64,,,,
E07000223,Adur,Local Authority District,Job density,2021-01-01/P1Y,0.64,Number of jobs per resident aged 16 to 64,Number of jobs per resident aged 16 to 64,,,,
E07000223,Adur,Local Authority District,Job density,2020-01-01/P1Y,0.7,Number of jobs per resident aged 16 to 64,Number of jobs per resident aged 16 to 64,,,,
E07000223,Adur,Local Authority District,Job density,2018-01-01/P1Y,0.66,Number of jobs per resident aged 16 to 64,Number of jobs per resident aged 16 to 64,,,,
E07000223,Adur,Local Authority District,Job density,2024-01-01/P1Y,0.62,Number of jobs per resident aged 16 to 64,Number of jobs per resident aged 16 to 64,,,,
E07000223,Adur,Local Authority District,Job density,2016-01-01/P1Y,0.62,Number of jobs per resident aged 16 to 64,Number of jobs per resident aged 16 to 64,,,,
E07000223,Adur,Local Authority District,Job density,2015-01-01/P1Y,0.66,Number of jobs per resident aged 16 to 64,Number of jobs per resident aged 16 to 64,,,,
E07000223,Adur,Local Authority District,Job density,2014-01-01/P1Y,0.57,Number of jobs per resident aged 16 to 64,Number of jobs per resident aged 16 to 64,,,,
E07000223,Adur,Local Authority District,Job density,2013-01-01/P1Y,0.61,Number of jobs per resident aged 16 to 64,Number of jobs per resident aged 16 to 64,,,,
E07000223,Adur,Local Authority District,Job density,2012-01-01/P1Y,0.63,Number of jobs per resident aged 16 to 64,Number of jobs per resident aged 16 to 64,,,,
E07000223,Adur,Local Authority District,Job density,2011-01-01/P1Y,0.56,Number of jobs per resident aged 16 to 64,Number of jobs per resident aged 16 to 64,,,,
E07000223,Adur,Local Authority District,Job density,2017-01-01/P1Y,0.57,Number of jobs per resident aged 16 to 64,Number of jobs per resident aged 16 to 64,,,,
E07000224,Arun,Local Authority District,Job density,2024-01-01/P1Y,0.65,Number of jobs per resident aged 16 to 64,Number of jobs per resident aged 16 to 64,,,,
E07000224,Arun,Local Authority District,Job density,2023-01-01/P1Y,0.59,Number of jobs per resident aged 16 to 64,Number of jobs per resident aged 16 to 64,,,,
E07000224,Arun,Local Authority District,Job density,2019-01-01/P1Y,0.62,Number of jobs per resident aged 16 to 64,Number of jobs per resident aged 16 to 64,,,,
E07000224,Arun,Local Authority District,Job density,2022-01-01/P1Y,0.65,Number of jobs per resident aged 16 to 64,Number of jobs per resident aged 16 to 64,,,,
E07000224,Arun,Local Authority District,Job density,2021-01-01/P1Y,0.62,Number of jobs per resident aged 16 to 64,Number of jobs per resident aged 16 to 64,,,,
E07000224,Arun,Local Authority District,Job density,2020-01-01/P1Y,0.58,Number of jobs per resident aged 16 to 64,Number of jobs per resident aged 16 to 64,,,,
E07000224,Arun,Local Authority District,Job density,2018-01-01/P1Y,0.66,Number of jobs per resident aged 16 to 64,Number of jobs per resident aged 16 to 64,,,,
E07000224,Arun,Local Authority District,Job density,2012-01-01/P1Y,0.62,Number of jobs per resident aged 16 to 64,Number of jobs per resident aged 16 to 64,,,,
E07000224,Arun,Local Authority District,Job density,2016-01-01/P1Y,0.61,Number of jobs per resident aged 16 to 64,Number of jobs per resident aged 16 to 64,,,,
E07000224,Arun,Local Authority District,Job density,2015-01-01/P1Y,0.62,Number of jobs per resident aged 16 to 64,Number of jobs per resident aged 16 to 64,,,,
E07000224,Arun,Local Authority District,Job density,2014-01-01/P1Y,0.61,Number of jobs per resident aged 16 to 64,Number of jobs per resident aged 16 to 64,,,,
E07000224,Arun,Local Authority District,Job density,2013-01-01/P1Y,0.57,Number of jobs per resident aged 16 to 64,Number of jobs per resident aged 16 to 64,,,,
E07000224,Arun,Local Authority District,Job density,2011-01-01/P1Y,0.57,Number of jobs per resident aged 16 to 64,Number of jobs per resident aged 16 to 64,,,,
E07000224,Arun,Local Authority District,Job density,2017-01-01/P1Y,0.59,Number of jobs per resident aged 16 to 64,Number of jobs per resident aged 16 to 64,,,,
E07000225,Chichester,Local Authority District,Job density,2024-01-01/P1Y,1.06,Number of jobs per resident aged 16 to 64,Number of jobs per resident aged 16 to 64,,,,
E07000225,Chichester,Local Authority District,Job density,2023-01-01/P1Y,1.08,Number of jobs per resident aged 16 to 64,Number of jobs per resident aged 16 to 64,,,,
E07000225,Chichester,Local Authority District,Job density,2022-01-01/P1Y,0.95,Number of jobs per resident aged 16 to 64,Number of jobs per resident aged 16 to 64,,,,
E07000225,Chichester,Local Authority District,Job density,2021-01-01/P1Y,1.07,Number of jobs per resident aged 16 to 64,Number of jobs per resident aged 16 to 64,,,,
E07000225,Chichester,Local Authority District,Job density,2020-01-01/P1Y,1.11,Number of jobs per resident aged 16 to 64,Number of jobs per resident aged 16 to 64,,,,
E07000225,Chichester,Local Authority District,Job density,2019-01-01/P1Y,1.15,Number of jobs per resident aged 16 to 64,Number of jobs per resident aged 16 to 64,,,,
E07000225,Chichester,Local Authority District,Job density,2018-01-01/P1Y,1.09,Number of jobs per resident aged 16 to 64,Number of jobs per resident aged 16 to 64,,,,
E07000225,Chichester,Local Authority District,Job density,2016-01-01/P1Y,1.15,Number of jobs per resident aged 16 to 64,Number of jobs per resident aged 16 to 64,,,,
E07000225,Chichester,Local Authority District,Job density,2015-01-01/P1Y,1.12,Number of jobs per resident aged 16 to 64,Number of jobs per resident aged 16 to 64,,,,
E07000225,Chichester,Local Authority District,Job density,2014-01-01/P1Y,1.1,Number of jobs per resident aged 16 to 64,Number of jobs per resident aged 16 to 64,,,,
E07000225,Chichester,Local Authority District,Job density,2013-01-01/P1Y,1.05,Number of jobs per resident aged 16 to 64,Number of jobs per resident aged 16 to 64,,,,
E07000225,Chichester,Local Authority District,Job density,2012-01-01/P1Y,1.03,Number of jobs per resident aged 16 to 64,Number of jobs per resident aged 16 to 64,,,,
E07000225,Chichester,Local Authority District,Job density,2011-01-01/P1Y,1.05,Number of jobs per resident aged 16 to 64,Number of jobs per resident aged 16 to 64,,,,
E07000225,Chichester,Local Authority District,Job density,2017-01-01/P1Y,1.14,Number of jobs per resident aged 16 to 64,Number of jobs per resident aged 16 to 64,,,,
E07000226,Crawley,Local Authority District,Job density,2019-01-01/P1Y,1.33,Number of jobs per resident aged 16 to 64,Number of jobs per resident aged 16 to 64,,,,
E07000226,Crawley,Local Authority District,Job density,2023-01-01/P1Y,1.13,Number of jobs per resident aged 16 to 64,Number of jobs per resident aged 16 to 64,,,,
E07000226,Crawley,Local Authority District,Job density,2022-01-01/P1Y,1.18,Number of jobs per resident aged 16 to 64,Number of jobs per resident aged 16 to 64,,,,
E07000226,Crawley,Local Authority District,Job density,2021-01-01/P1Y,1.15,Number of jobs per resident aged 16 to 64,Number of jobs per resident aged 16 to 64,,,,
E07000226,Crawley,Local Authority District,Job density,2020-01-01/P1Y,1.27,Number of jobs per resident aged 16 to 64,Number of jobs per resident aged 16 to 64,,,,
E07000226,Crawley,Local Authority District,Job density,2024-01-01/P1Y,1.2,Number of jobs per resident aged 16 to 64,Number of jobs per resident aged 16 to 64,,,,
E07000226,Crawley,Local Authority District,Job density,2018-01-01/P1Y,1.32,Number of jobs per resident aged 16 to 64,Number of jobs per resident aged 16 to 64,,,,
E07000226,Crawley,Local Authority District,Job density,2015-01-01/P1Y,1.31,Number of jobs per resident aged 16 to 64,Number of jobs per resident aged 16 to 64,,,,
E07000226,Crawley,Local Authority District,Job density,2016-01-01/P1Y,1.3,Number of jobs per resident aged 16 to 64,Number of jobs per resident aged 16 to 64,,,,
E07000226,Crawley,Local Authority District,Job density,2014-01-01/P1Y,1.24,Number of jobs per resident aged 16 to 64,Number of jobs per resident aged 16 to 64,,,,
E07000226,Crawley,Local Authority District,Job density,2013-01-01/P1Y,1.22,Number of jobs per resident aged 16 to 64,Number of jobs per resident aged 16 to 64,,,,
E07000226,Crawley,Local Authority District,Job density,2012-01-01/P1Y,1.19,Number of jobs per resident aged 16 to 64,Number of jobs per resident aged 16 to 64,,,,
E07000226,Crawley,Local Authority District,Job density,2011-01-01/P1Y,1.18,Number of jobs per resident aged 16 to 64,Number of jobs per resident aged 16 to 64,,,,
E07000226,Crawley,Local Authority District,Job density,2017-01-01/P1Y,1.31,Number of jobs per resident aged 16 to 64,Number of jobs per resident aged 16 to 64,,,,
E07000227,Horsham,Local Authority District,Job density,2024-01-01/P1Y,0.81,Number of jobs per resident aged 16 to 64,Number of jobs per resident aged 16 to 64,,,,
E07000227,Horsham,Local Authority District,Job density,2023-01-01/P1Y,0.84,Number of jobs per resident aged 16 to 64,Number of jobs per resident aged 16 to 64,,,,
E07000227,Horsham,Local Authority District,Job density,2022-01-01/P1Y,0.83,Number of jobs per resident aged 16 to 64,Number of jobs per resident aged 16 to 64,,,,
E07000227,Horsham,Local Authority District,Job density,2021-01-01/P1Y,0.73,Number of jobs per resident aged 16 to 64,Number of jobs per resident aged 16 to 64,,,,
E07000227,Horsham,Local Authority District,Job density,2020-01-01/P1Y,0.76,Number of jobs per resident aged 16 to 64,Number of jobs per resident aged 16 to 64,,,,
E07000227,Horsham,Local Authority District,Job density,2019-01-01/P1Y,0.83,Number of jobs per resident aged 16 to 64,Number of jobs per resident aged 16 to 64,,,,
E07000227,Horsham,Local Authority District,Job density,2018-01-01/P1Y,0.76,Number of jobs per resident aged 16 to 64,Number of jobs per resident aged 16 to 64,,,,
E07000227,Horsham,Local Authority District,Job density,2015-01-01/P1Y,0.76,Number of jobs per resident aged 16 to 64,Number of jobs per resident aged 16 to 64,,,,
E07000227,Horsham,Local Authority District,Job density,2016-01-01/P1Y,0.83,Number of jobs per resident aged 16 to 64,Number of jobs per resident aged 16 to 64,,,,
E07000227,Horsham,Local Authority District,Job density,2014-01-01/P1Y,0.74,Number of jobs per resident aged 16 to 64,Number of jobs per resident aged 16 to 64,,,,
E07000227,Horsham,Local Authority District,Job density,2013-01-01/P1Y,0.79,Number of jobs per resident aged 16 to 64,Number of jobs per resident aged 16 to 64,,,,
E07000227,Horsham,Local Authority District,Job density,2012-01-01/P1Y,0.71,Number of jobs per resident aged 16 to 64,Number of jobs per resident aged 16 to 64,,,,
E07000227,Horsham,Local Authority District,Job density,2011-01-01/P1Y,0.78,Number of jobs per resident aged 16 to 64,Number of jobs per resident aged 16 to 64,,,,
E07000227,Horsham,Local Authority District,Job density,2017-01-01/P1Y,0.84,Number of jobs per resident aged 16 to 64,Number of jobs per resident aged 16 to 64,,,,
E07000228,Mid Sussex,Local Authority District,Job density,2020-01-01/P1Y,0.79,Number of jobs per resident aged 16 to 64,Number of jobs per resident aged 16 to 64,,,,
E07000228,Mid Sussex,Local Authority District,Job density,2021-01-01/P1Y,0.73,Number of jobs per resident aged 16 to 64,Number of jobs per resident aged 16 to 64,,,,
E07000228,Mid Sussex,Local Authority District,Job density,2023-01-01/P1Y,0.8,Number of jobs per resident aged 16 to 64,Number of jobs per resident aged 16 to 64,,,,
E07000228,Mid Sussex,Local Authority District,Job density,2024-01-01/P1Y,0.76,Number of jobs per resident aged 16 to 64,Number of jobs per resident aged 16 to 64,,,,
E07000228,Mid Sussex,Local Authority District,Job density,2022-01-01/P1Y,0.78,Number of jobs per resident aged 16 to 64,Number of jobs per resident aged 16 to 64,,,,
E07000228,Mid Sussex,Local Authority District,Job density,2018-01-01/P1Y,0.75,Number of jobs per resident aged 16 to 64,Number of jobs per resident aged 16 to 64,,,,
E07000228,Mid Sussex,Local Authority District,Job density,2019-01-01/P1Y,0.8,Number of jobs per resident aged 16 to 64,Number of jobs per resident aged 16 to 64,,,,
E07000228,Mid Sussex,Local Authority District,Job density,2016-01-01/P1Y,0.82,Number of jobs per resident aged 16 to 64,Number of jobs per resident aged 16 to 64,,,,
E07000228,Mid Sussex,Local Authority District,Job density,2015-01-01/P1Y,0.79,Number of jobs per resident aged 16 to 64,Number of jobs per resident aged 16 to 64,,,,
E07000228,Mid Sussex,Local Authority District,Job density,2014-01-01/P1Y,0.77,Number of jobs per resident aged 16 to 64,Number of jobs per resident aged 16 to 64,,,,
E07000228,Mid Sussex,Local Authority District,Job density,2013-01-01/P1Y,0.76,Number of jobs per resident aged 16 to 64,Number of jobs per resident aged 16 to 64,,,,
E07000228,Mid Sussex,Local Authority District,Job density,2012-01-01/P1Y,0.77,Number of jobs per resident aged 16 to 64,Number of jobs per resident aged 16 to 64,,,,
E07000228,Mid Sussex,Local Authority District,Job density,2017-01-01/P1Y,0.82,Number of jobs per resident aged 16 to 64,Number of jobs per resident aged 16 to 64,,,,
E07000228,Mid Sussex,Local Authority District,Job density,2011-01-01/P1Y,0.74,Number of jobs per resident aged 16 to 64,Number of jobs per resident aged 16 to 64,,,,
E07000229,Worthing,Local Authority District,Job density,2024-01-01/P1Y,0.83,Number of jobs per resident aged 16 to 64,Number of jobs per resident aged 16 to 64,,,,
E07000229,Worthing,Local Authority District,Job density,2023-01-01/P1Y,0.91,Number of jobs per resident aged 16 to 64,Number of jobs per resident aged 16 to 64,,,,
E07000229,Worthing,Local Authority District,Job density,2022-01-01/P1Y,0.88,Number of jobs per resident aged 16 to 64,Number of jobs per resident aged 16 to 64,,,,
E07000229,Worthing,Local Authority District,Job density,2021-01-01/P1Y,0.88,Number of jobs per resident aged 16 to 64,Number of jobs per resident aged 16 to 64,,,,
E07000229,Worthing,Local Authority District,Job density,2020-01-01/P1Y,0.86,Number of jobs per resident aged 16 to 64,Number of jobs per resident aged 16 to 64,,,,
E07000229,Worthing,Local Authority District,Job density,2019-01-01/P1Y,0.87,Number of jobs per resident aged 16 to 64,Number of jobs per resident aged 16 to 64,,,,
E07000229,Worthing,Local Authority District,Job density,2018-01-01/P1Y,0.88,Number of jobs per resident aged 16 to 64,Number of jobs per resident aged 16 to 64,,,,
E07000229,Worthing,Local Authority District,Job density,2017-01-01/P1Y,0.82,Number of jobs per resident aged 16 to 64,Number of jobs per resident aged 16 to 64,,,,
E07000229,Worthing,Local Authority District,Job density,2016-01-01/P1Y,0.88,Number of jobs per resident aged 16 to 64,Number of jobs per resident aged 16 to 64,,,,
E07000229,Worthing,Local Authority District,Job density,2015-01-01/P1Y,0.85,Number of jobs per resident aged 16 to 64,Number of jobs per resident aged 16 to 64,,,,
E07000229,Worthing,Local Authority District,Job density,2014-01-01/P1Y,0.85,Number of jobs per resident aged 16 to 64,Number of jobs per resident aged 16 to 64,,,,
E07000229,Worthing,Local Authority District,Job density,2013-01-01/P1Y,0.88,Number of jobs per resident aged 16 to 64,Number of jobs per resident aged 16 to 64,,,,
E07000229,Worthing,Local Authority District,Job density,2012-01-01/P1Y,0.86,Number of jobs per resident aged 16 to 64,Number of jobs per resident aged 16 to 64,,,,
E07000229,Worthing,Local Authority District,Job density,2011-01-01/P1Y,0.83,Number of jobs per resident aged 16 to 64,Number of jobs per resident aged 16 to 64,,,,
E12000009,South West,Region,Job density,2024-01-01/P1Y,0.88,Number of jobs per resident aged 16 to 64,Number of jobs per resident aged 16 to 64,,,,
E12000009,South West,Region,Job density,2023-01-01/P1Y,0.88,Number of jobs per resident aged 16 to 64,Number of jobs per resident aged 16 to 64,,,,
E12000009,South West,Region,Job density,2022-01-01/P1Y,0.88,Number of jobs per resident aged 16 to 64,Number of jobs per resident aged 16 to 64,,,,
E12000009,South West,Region,Job density,2021-01-01/P1Y,0.87,Number of jobs per resident aged 16 to 64,Number of jobs per resident aged 16 to 64,,,,
E12000009,South West,Region,Job density,2020-01-01/P1Y,0.87,Number of jobs per resident aged 16 to 64,Number of jobs per resident aged 16 to 64,,,,
E12000009,South West,Region,Job density,2019-01-01/P1Y,0.9,Number of jobs per resident aged 16 to 64,Number of jobs per resident aged 16 to 64,,,,
E12000009,South West,Region,Job density,2018-01-01/P1Y,0.88,Number of jobs per resident aged 16 to 64,Number of jobs per resident aged 16 to 64,,,,
E12000009,South West,Region,Job density,2017-01-01/P1Y,0.88,Number of jobs per resident aged 16 to 64,Number of jobs per resident aged 16 to 64,,,,
E12000009,South West,Region,Job density,2016-01-01/P1Y,0.87,Number of jobs per resident aged 16 to 64,Number of jobs per resident aged 16 to 64,,,,
E12000009,South West,Region,Job density,2015-01-01/P1Y,0.87,Number of jobs per resident aged 16 to 64,Number of jobs per resident aged 16 to 64,,,,
E12000009,South West,Region,Job density,2014-01-01/P1Y,0.85,Number of jobs per resident aged 16 to 64,Number of jobs per resident aged 16 to 64,,,,
E12000009,South West,Region,Job density,2013-01-01/P1Y,0.83,Number of jobs per resident aged 16 to 64,Number of jobs per resident aged 16 to 64,,,,
E12000009,South West,Region,Job density,2012-01-01/P1Y,0.81,Number of jobs per resident aged 16 to 64,Number of jobs per resident aged 16 to 64,,,,
E12000009,South West,Region,Job density,2011-01-01/P1Y,0.82,Number of jobs per resident aged 16 to 64,Number of jobs per resident aged 16 to 64,,,,
E47000009,West of England,Combined Authority or City Region,Job density,2024-01-01/P1Y,0.97,Number of jobs per resident aged 16 to 64,Number of jobs per resident aged 16 to 64,,,,
E47000009,West of England,Combined Authority or City Region,Job density,2023-01-01/P1Y,0.97,Number of jobs per resident aged 16 to 64,Number of jobs per resident aged 16 to 64,,,,
E47000009,West of England,Combined Authority or City Region,Job density,2022-01-01/P1Y,0.97,Number of jobs per resident aged 16 to 64,Number of jobs per resident aged 16 to 64,,,,
E47000009,West of England,Combined Authority or City Region,Job density,2021-01-01/P1Y,0.96,Number of jobs per resident aged 16 to 64,Number of jobs per resident aged 16 to 64,,,,
E47000009,West of England,Combined Authority or City Region,Job density,2020-01-01/P1Y,0.95,Number of jobs per resident aged 16 to 64,Number of jobs per resident aged 16 to 64,,,,
E47000009,West of England,Combined Authority or City Region,Job density,2019-01-01/P1Y,0.99,Number of jobs per resident aged 16 to 64,Number of jobs per resident aged 16 to 64,,,,
E47000009,West of England,Combined Authority or City Region,Job density,2018-01-01/P1Y,0.94,Number of jobs per resident aged 16 to 64,Number of jobs per resident aged 16 to 64,,,,
E47000009,West of England,Combined Authority or City Region,Job density,2017-01-01/P1Y,0.95,Number of jobs per resident aged 16 to 64,Number of jobs per resident aged 16 to 64,,,,
E47000009,West of England,Combined Authority or City Region,Job density,2016-01-01/P1Y,0.94,Number of jobs per resident aged 16 to 64,Number of jobs per resident aged 16 to 64,,,,
E47000009,West of England,Combined Authority or City Region,Job density,2015-01-01/P1Y,0.94,Number of jobs per resident aged 16 to 64,Number of jobs per resident aged 16 to 64,,,,
E47000009,West of England,Combined Authority or City Region,Job density,2014-01-01/P1Y,0.94,Number of jobs per resident aged 16 to 64,Number of jobs per resident aged 16 to 64,,,,
E47000009,West of England,Combined Authority or City Region,Job density,2013-01-01/P1Y,0.9,Number of jobs per resident aged 16 to 64,Number of jobs per resident aged 16 to 64,,,,
E47000009,West of England,Combined Authority or City Region,Job density,2012-01-01/P1Y,0.89,Number of jobs per resident aged 16 to 64,Number of jobs per resident aged 16 to 64,,,,
E47000009,West of England,Combined Authority or City Region,Job density,2011-01-01/P1Y,0.91,Number of jobs per resident aged 16 to 64,Number of jobs per resident aged 16 to 64,,,,
E47000015,Devon and Torbay,Combined Authority or City Region,Job density,2024-01-01/P1Y,0.87,Number of jobs per resident aged 16 to 64,Number of jobs per resident aged 16 to 64,,,,
E47000015,Devon and Torbay,Combined Authority or City Region,Job density,2022-01-01/P1Y,0.88,Number of jobs per resident aged 16 to 64,Number of jobs per resident aged 16 to 64,,,,
E47000015,Devon and Torbay,Combined Authority or City Region,Job density,2021-01-01/P1Y,0.87,Number of jobs per resident aged 16 to 64,Number of jobs per resident aged 16 to 64,,,,
E47000015,Devon and Torbay,Combined Authority or City Region,Job density,2020-01-01/P1Y,0.86,Number of jobs per resident aged 16 to 64,Number of jobs per resident aged 16 to 64,,,,
E47000015,Devon and Torbay,Combined Authority or City Region,Job density,2019-01-01/P1Y,0.89,Number of jobs per resident aged 16 to 64,Number of jobs per resident aged 16 to 64,,,,
E47000015,Devon and Torbay,Combined Authority or City Region,Job density,2018-01-01/P1Y,0.89,Number of jobs per resident aged 16 to 64,Number of jobs per resident aged 16 to 64,,,,
E47000015,Devon and Torbay,Combined Authority or City Region,Job density,2023-01-01/P1Y,0.86,Number of jobs per resident aged 16 to 64,Number of jobs per resident aged 16 to 64,,,,
E47000015,Devon and Torbay,Combined Authority or City Region,Job density,2016-01-01/P1Y,0.88,Number of jobs per resident aged 16 to 64,Number of jobs per resident aged 16 to 64,,,,
E47000015,Devon and Torbay,Combined Authority or City Region,Job density,2015-01-01/P1Y,0.89,Number of jobs per resident aged 16 to 64,Number of jobs per resident aged 16 to 64,,,,
E47000015,Devon and Torbay,Combined Authority or City Region,Job density,2014-01-01/P1Y,0.85,Number of jobs per resident aged 16 to 64,Number of jobs per resident aged 16 to 64,,,,
E47000015,Devon and Torbay,Combined Authority or City Region,Job density,2013-01-01/P1Y,0.83,Number of jobs per resident aged 16 to 64,Number of jobs per resident aged 16 to 64,,,,
E47000015,Devon and Torbay,Combined Authority or City Region,Job density,2012-01-01/P1Y,0.82,Number of jobs per resident aged 16 to 64,Number of jobs per resident aged 16 to 64,,,,
E47000015,Devon and Torbay,Combined Authority or City Region,Job density,2011-01-01/P1Y,0.8,Number of jobs per resident aged 16 to 64,Number of jobs per resident aged 16 to 64,,,,
E47000015,Devon and Torbay,Combined Authority or City Region,Job density,2017-01-01/P1Y,0.9,Number of jobs per resident aged 16 to 64,Number of jobs per resident aged 16 to 64,,,,
E06000022,Bath and North East Somerset,County or Unitary Authority,Job density,2019-01-01/P1Y,0.89,Number of jobs per resident aged 16 to 64,Number of jobs per resident aged 16 to 64,,,,
E06000022,Bath and North East Somerset,County or Unitary Authority,Job density,2020-01-01/P1Y,0.89,Number of jobs per resident aged 16 to 64,Number of jobs per resident aged 16 to 64,,,,
E06000022,Bath and North East Somerset,County or Unitary Authority,Job density,2021-01-01/P1Y,0.9,Number of jobs per resident aged 16 to 64,Number of jobs per resident aged 16 to 64,,,,
E06000022,Bath and North East Somerset,County or Unitary Authority,Job density,2023-01-01/P1Y,0.87,Number of jobs per resident aged 16 to 64,Number of jobs per resident aged 16 to 64,,,,
E06000022,Bath and North East Somerset,County or Unitary Authority,Job density,2022-01-01/P1Y,0.87,Number of jobs per resident aged 16 to 64,Number of jobs per resident aged 16 to 64,,,,
E06000022,Bath and North East Somerset,County or Unitary Authority,Job density,2018-01-01/P1Y,0.85,Number of jobs per resident aged 16 to 64,Number of jobs per resident aged 16 to 64,,,,
E06000022,Bath and North East Somerset,County or Unitary Authority,Job density,2024-01-01/P1Y,0.9,Number of jobs per resident aged 16 to 64,Number of jobs per resident aged 16 to 64,,,,
E06000022,Bath and North East Somerset,County or Unitary Authority,Job density,2017-01-01/P1Y,0.87,Number of jobs per resident aged 16 to 64,Number of jobs per resident aged 16 to 64,,,,
E06000022,Bath and North East Somerset,County or Unitary Authority,Job density,2011-01-01/P1Y,0.86,Number of jobs per resident aged 16 to 64,Number of jobs per resident aged 16 to 64,,,,
E06000022,Bath and North East Somerset,County or Unitary Authority,Job density,2012-01-01/P1Y,0.88,Number of jobs per resident aged 16 to 64,Number of jobs per resident aged 16 to 64,,,,
E06000022,Bath and North East Somerset,County or Unitary Authority,Job density,2013-01-01/P1Y,0.84,Number of jobs per resident aged 16 to 64,Number of jobs per resident aged 16 to 64,,,,
E06000022,Bath and North East Somerset,County or Unitary Authority,Job density,2014-01-01/P1Y,0.88,Number of jobs per resident aged 16 to 64,Number of jobs per resident aged 16 to 64,,,,
E06000022,Bath and North East Somerset,County or Unitary Authority,Job density,2015-01-01/P1Y,0.87,Number of jobs per resident aged 16 to 64,Number of jobs per resident aged 16 to 64,,,,
E06000022,Bath and North East Somerset,County or Unitary Authority,Job density,2016-01-01/P1Y,0.85,Number of jobs per resident aged 16 to 64,Number of jobs per resident aged 16 to 64,,,,
E06000058,"Bournemouth, Christchurch and Poole",County or Unitary Authority,Job density,2020-01-01/P1Y,0.87,Number of jobs per resident aged 16 to 64,Number of jobs per resident aged 16 to 64,,,,
E06000058,"Bournemouth, Christchurch and Poole",County or Unitary Authority,Job density,2019-01-01/P1Y,0.9,Number of jobs per resident aged 16 to 64,Number of jobs per resident aged 16 to 64,,,,
E06000058,"Bournemouth, Christchurch and Poole",County or Unitary Authority,Job density,2021-01-01/P1Y,0.89,Number of jobs per resident aged 16 to 64,Number of jobs per resident aged 16 to 64,,,,
E06000058,"Bournemouth, Christchurch and Poole",County or Unitary Authority,Job density,2024-01-01/P1Y,0.85,Number of jobs per resident aged 16 to 64,Number of jobs per resident aged 16 to 64,,,,
E06000058,"Bournemouth, Christchurch and Poole",County or Unitary Authority,Job density,2022-01-01/P1Y,0.89,Number of jobs per resident aged 16 to 64,Number of jobs per resident aged 16 to 64,,,,
E06000058,"Bournemouth, Christchurch and Poole",County or Unitary Authority,Job density,2023-01-01/P1Y,0.87,Number of jobs per resident aged 16 to 64,Number of jobs per resident aged 16 to 64,,,,
E06000058,"Bournemouth, Christchurch and Poole",County or Unitary Authority,Job density,2018-01-01/P1Y,0.89,Number of jobs per resident aged 16 to 64,Number of jobs per resident aged 16 to 64,,,,
E06000058,"Bournemouth, Christchurch and Poole",County or Unitary Authority,Job density,2015-01-01/P1Y,0.84,Number of jobs per resident aged 16 to 64,Number of jobs per resident aged 16 to 64,,,,
E06000058,"Bournemouth, Christchurch and Poole",County or Unitary Authority,Job density,2017-01-01/P1Y,0.87,Number of jobs per resident aged 16 to 64,Number of jobs per resident aged 16 to 64,,,,
E06000058,"Bournemouth, Christchurch and Poole",County or Unitary Authority,Job density,2011-01-01/P1Y,0.79,Number of jobs per resident aged 16 to 64,Number of jobs per resident aged 16 to 64,,,,
E06000058,"Bournemouth, Christchurch and Poole",County or Unitary Authority,Job density,2012-01-01/P1Y,0.81,Number of jobs per resident aged 16 to 64,Number of jobs per resident aged 16 to 64,,,,
E06000058,"Bournemouth, Christchurch and Poole",County or Unitary Authority,Job density,2013-01-01/P1Y,0.84,Number of jobs per resident aged 16 to 64,Number of jobs per resident aged 16 to 64,,,,
E06000058,"Bournemouth, Christchurch and Poole",County or Unitary Authority,Job density,2014-01-01/P1Y,0.85,Number of jobs per resident aged 16 to 64,Number of jobs per resident aged 16 to 64,,,,
E06000058,"Bournemouth, Christchurch and Poole",County or Unitary Authority,Job density,2016-01-01/P1Y,0.85,Number of jobs per resident aged 16 to 64,Number of jobs per resident aged 16 to 64,,,,
E06000023,"Bristol, City of",County or Unitary Authority,Job density,2019-01-01/P1Y,1.0,Number of jobs per resident aged 16 to 64,Number of jobs per resident aged 16 to 64,,,,
E06000023,"Bristol, City of",County or Unitary Authority,Job density,2020-01-01/P1Y,0.97,Number of jobs per resident aged 16 to 64,Number of jobs per resident aged 16 to 64,,,,
E06000023,"Bristol, City of",County or Unitary Authority,Job density,2021-01-01/P1Y,0.98,Number of jobs per resident aged 16 to 64,Number of jobs per resident aged 16 to 64,,,,
E06000023,"Bristol, City of",County or Unitary Authority,Job density,2024-01-01/P1Y,1.01,Number of jobs per resident aged 16 to 64,Number of jobs per resident aged 16 to 64,,,,
E06000023,"Bristol, City of",County or Unitary Authority,Job density,2022-01-01/P1Y,1.0,Number of jobs per resident aged 16 to 64,Number of jobs per resident aged 16 to 64,,,,
E06000023,"Bristol, City of",County or Unitary Authority,Job density,2023-01-01/P1Y,1.01,Number of jobs per resident aged 16 to 64,Number of jobs per resident aged 16 to 64,,,,
E06000023,"Bristol, City of",County or Unitary Authority,Job density,2018-01-01/P1Y,0.97,Number of jobs per resident aged 16 to 64,Number of jobs per resident aged 16 to 64,,,,
E06000023,"Bristol, City of",County or Unitary Authority,Job density,2017-01-01/P1Y,1.0,Number of jobs per resident aged 16 to 64,Number of jobs per resident aged 16 to 64,,,,
E06000023,"Bristol, City of",County or Unitary Authority,Job density,2011-01-01/P1Y,0.92,Number of jobs per resident aged 16 to 64,Number of jobs per resident aged 16 to 64,,,,
E06000023,"Bristol, City of",County or Unitary Authority,Job density,2012-01-01/P1Y,0.91,Number of jobs per resident aged 16 to 64,Number of jobs per resident aged 16 to 64,,,,
E06000023,"Bristol, City of",County or Unitary Authority,Job density,2013-01-01/P1Y,0.93,Number of jobs per resident aged 16 to 64,Number of jobs per resident aged 16 to 64,,,,
E06000023,"Bristol, City of",County or Unitary Authority,Job density,2014-01-01/P1Y,0.97,Number of jobs per resident aged 16 to 64,Number of jobs per resident aged 16 to 64,,,,
E06000023,"Bristol, City of",County or Unitary Authority,Job density,2015-01-01/P1Y,0.97,Number of jobs per resident aged 16 to 64,Number of jobs per resident aged 16 to 64,,,,
E06000023,"Bristol, City of",County or Unitary Authority,Job density,2016-01-01/P1Y,0.96,Number of jobs per resident aged 16 to 64,Number of jobs per resident aged 16 to 64,,,,
E06000052,Cornwall,County or Unitary Authority,Job density,2019-01-01/P1Y,0.85,Number of jobs per resident aged 16 to 64,Number of jobs per resident aged 16 to 64,,,,
E06000052,Cornwall,County or Unitary Authority,Job density,2020-01-01/P1Y,0.85,Number of jobs per resident aged 16 to 64,Number of jobs per resident aged 16 to 64,,,,
E06000052,Cornwall,County or Unitary Authority,Job density,2021-01-01/P1Y,0.86,Number of jobs per resident aged 16 to 64,Number of jobs per resident aged 16 to 64,,,,
E06000052,Cornwall,County or Unitary Authority,Job density,2023-01-01/P1Y,0.87,Number of jobs per resident aged 16 to 64,Number of jobs per resident aged 16 to 64,,,,
E06000052,Cornwall,County or Unitary Authority,Job density,2022-01-01/P1Y,0.84,Number of jobs per resident aged 16 to 64,Number of jobs per resident aged 16 to 64,,,,
E06000052,Cornwall,County or Unitary Authority,Job density,2018-01-01/P1Y,0.86,Number of jobs per resident aged 16 to 64,Number of jobs per resident aged 16 to 64,,,,
E06000052,Cornwall,County or Unitary Authority,Job density,2024-01-01/P1Y,0.87,Number of jobs per resident aged 16 to 64,Number of jobs per resident aged 16 to 64,,,,
E06000052,Cornwall,County or Unitary Authority,Job density,2017-01-01/P1Y,0.87,Number of jobs per resident aged 16 to 64,Number of jobs per resident aged 16 to 64,,,,
E06000052,Cornwall,County or Unitary Authority,Job density,2011-01-01/P1Y,0.79,Number of jobs per resident aged 16 to 64,Number of jobs per resident aged 16 to 64,,,,
E06000052,Cornwall,County or Unitary Authority,Job density,2012-01-01/P1Y,0.78,Number of jobs per resident aged 16 to 64,Number of jobs per resident aged 16 to 64,,,,
E06000052,Cornwall,County or Unitary Authority,Job density,2013-01-01/P1Y,0.8,Number of jobs per resident aged 16 to 64,Number of jobs per resident aged 16 to 64,,,,
E06000052,Cornwall,County or Unitary Authority,Job density,2014-01-01/P1Y,0.82,Number of jobs per resident aged 16 to 64,Number of jobs per resident aged 16 to 64,,,,
E06000052,Cornwall,County or Unitary Authority,Job density,2015-01-01/P1Y,0.82,Number of jobs per resident aged 16 to 64,Number of jobs per resident aged 16 to 64,,,,
E06000052,Cornwall,County or Unitary Authority,Job density,2016-01-01/P1Y,0.84,Number of jobs per resident aged 16 to 64,Number of jobs per resident aged 16 to 64,,,,
E06000059,Dorset,County or Unitary Authority,Job density,2019-01-01/P1Y,0.88,Number of jobs per resident aged 16 to 64,Number of jobs per resident aged 16 to 64,,,,
E06000059,Dorset,County or Unitary Authority,Job density,2020-01-01/P1Y,0.85,Number of jobs per resident aged 16 to 64,Number of jobs per resident aged 16 to 64,,,,
E06000059,Dorset,County or Unitary Authority,Job density,2021-01-01/P1Y,0.87,Number of jobs per resident aged 16 to 64,Number of jobs per resident aged 16 to 64,,,,
E06000059,Dorset,County or Unitary Authority,Job density,2022-01-01/P1Y,0.88,Number of jobs per resident aged 16 to 64,Number of jobs per resident aged 16 to 64,,,,
E06000059,Dorset,County or Unitary Authority,Job density,2023-01-01/P1Y,0.87,Number of jobs per resident aged 16 to 64,Number of jobs per resident aged 16 to 64,,,,
E06000059,Dorset,County or Unitary Authority,Job density,2024-01-01/P1Y,0.88,Number of jobs per resident aged 16 to 64,Number of jobs per resident aged 16 to 64,,,,
E06000059,Dorset,County or Unitary Authority,Job density,2018-01-01/P1Y,0.88,Number of jobs per resident aged 16 to 64,Number of jobs per resident aged 16 to 64,,,,
E06000059,Dorset,County or Unitary Authority,Job density,2017-01-01/P1Y,0.86,Number of jobs per resident aged 16 to 64,Number of jobs per resident aged 16 to 64,,,,
E06000059,Dorset,County or Unitary Authority,Job density,2011-01-01/P1Y,0.79,Number of jobs per resident aged 16 to 64,Number of jobs per resident aged 16 to 64,,,,
E06000059,Dorset,County or Unitary Authority,Job density,2012-01-01/P1Y,0.8,Number of jobs per resident aged 16 to 64,Number of jobs per resident aged 16 to 64,,,,
E06000059,Dorset,County or Unitary Authority,Job density,2013-01-01/P1Y,0.83,Number of jobs per resident aged 16 to 64,Number of jobs per resident aged 16 to 64,,,,
E06000059,Dorset,County or Unitary Authority,Job density,2014-01-01/P1Y,0.83,Number of jobs per resident aged 16 to 64,Number of jobs per resident aged 16 to 64,,,,
E06000059,Dorset,County or Unitary Authority,Job density,2015-01-01/P1Y,0.83,Number of jobs per resident aged 16 to 64,Number of jobs per resident aged 16 to 64,,,,
E06000059,Dorset,County or Unitary Authority,Job density,2016-01-01/P1Y,0.86,Number of jobs per resident aged 16 to 64,Number of jobs per resident aged 16 to 64,,,,
E06000053,Isles of Scilly,County or Unitary Authority,Job density,2019-01-01/P1Y,1.11,Number of jobs per resident aged 16 to 64,Number of jobs per resident aged 16 to 64,,,,
E06000053,Isles of Scilly,County or Unitary Authority,Job density,2020-01-01/P1Y,0.96,Number of jobs per resident aged 16 to 64,Number of jobs per resident aged 16 to 64,,,,
E06000053,Isles of Scilly,County or Unitary Authority,Job density,2021-01-01/P1Y,0.85,Number of jobs per resident aged 16 to 64,Number of jobs per resident aged 16 to 64,,,,
E06000053,Isles of Scilly,County or Unitary Authority,Job density,2022-01-01/P1Y,0.98,Number of jobs per resident aged 16 to 64,Number of jobs per resident aged 16 to 64,,,,
E06000053,Isles of Scilly,County or Unitary Authority,Job density,2023-01-01/P1Y,0.64,Number of jobs per resident aged 16 to 64,Number of jobs per resident aged 16 to 64,,,,
E06000053,Isles of Scilly,County or Unitary Authority,Job density,2024-01-01/P1Y,0.86,Number of jobs per resident aged 16 to 64,Number of jobs per resident aged 16 to 64,,,,
E06000053,Isles of Scilly,County or Unitary Authority,Job density,2018-01-01/P1Y,0.96,Number of jobs per resident aged 16 to 64,Number of jobs per resident aged 16 to 64,,,,
E06000053,Isles of Scilly,County or Unitary Authority,Job density,2017-01-01/P1Y,0.95,Number of jobs per resident aged 16 to 64,Number of jobs per resident aged 16 to 64,,,,
E06000053,Isles of Scilly,County or Unitary Authority,Job density,2011-01-01/P1Y,0.9,Number of jobs per resident aged 16 to 64,Number of jobs per resident aged 16 to 64,,,,
E06000053,Isles of Scilly,County or Unitary Authority,Job density,2012-01-01/P1Y,0.84,Number of jobs per resident aged 16 to 64,Number of jobs per resident aged 16 to 64,,,,
E06000053,Isles of Scilly,County or Unitary Authority,Job density,2013-01-01/P1Y,0.89,Number of jobs per resident aged 16 to 64,Number of jobs per resident aged 16 to 64,,,,
E06000053,Isles of Scilly,County or Unitary Authority,Job density,2014-01-01/P1Y,2.24,Number of jobs per resident aged 16 to 64,Number of jobs per resident aged 16 to 64,,,,
E06000053,Isles of Scilly,County or Unitary Authority,Job density,2016-01-01/P1Y,0.89,Number of jobs per resident aged 16 to 64,Number of jobs per resident aged 16 to 64,,,,
E06000053,Isles of Scilly,County or Unitary Authority,Job density,2015-01-01/P1Y,2.13,Number of jobs per resident aged 16 to 64,Number of jobs per resident aged 16 to 64,,,,
E06000024,North Somerset,County or Unitary Authority,Job density,2024-01-01/P1Y,0.81,Number of jobs per resident aged 16 to 64,Number of jobs per resident aged 16 to 64,,,,
E06000024,North Somerset,County or Unitary Authority,Job density,2023-01-01/P1Y,0.81,Number of jobs per resident aged 16 to 64,Number of jobs per resident aged 16 to 64,,,,
E06000024,North Somerset,County or Unitary Authority,Job density,2022-01-01/P1Y,0.82,Number of jobs per resident aged 16 to 64,Number of jobs per resident aged 16 to 64,,,,
E06000024,North Somerset,County or Unitary Authority,Job density,2018-01-01/P1Y,0.81,Number of jobs per resident aged 16 to 64,Number of jobs per resident aged 16 to 64,,,,
E06000024,North Somerset,County or Unitary Authority,Job density,2021-01-01/P1Y,0.82,Number of jobs per resident aged 16 to 64,Number of jobs per resident aged 16 to 64,,,,
E06000024,North Somerset,County or Unitary Authority,Job density,2020-01-01/P1Y,0.8,Number of jobs per resident aged 16 to 64,Number of jobs per resident aged 16 to 64,,,,
E06000024,North Somerset,County or Unitary Authority,Job density,2019-01-01/P1Y,0.81,Number of jobs per resident aged 16 to 64,Number of jobs per resident aged 16 to 64,,,,
E06000024,North Somerset,County or Unitary Authority,Job density,2016-01-01/P1Y,0.8,Number of jobs per resident aged 16 to 64,Number of jobs per resident aged 16 to 64,,,,
E06000024,North Somerset,County or Unitary Authority,Job density,2017-01-01/P1Y,0.8,Number of jobs per resident aged 16 to 64,Number of jobs per resident aged 16 to 64,,,,
E06000024,North Somerset,County or Unitary Authority,Job density,2011-01-01/P1Y,0.74,Number of jobs per resident aged 16 to 64,Number of jobs per resident aged 16 to 64,,,,
E06000024,North Somerset,County or Unitary Authority,Job density,2012-01-01/P1Y,0.71,Number of jobs per resident aged 16 to 64,Number of jobs per resident aged 16 to 64,,,,
E06000024,North Somerset,County or Unitary Authority,Job density,2013-01-01/P1Y,0.71,Number of jobs per resident aged 16 to 64,Number of jobs per resident aged 16 to 64,,,,
E06000024,North Somerset,County or Unitary Authority,Job density,2014-01-01/P1Y,0.73,Number of jobs per resident aged 16 to 64,Number of jobs per resident aged 16 to 64,,,,
E06000024,North Somerset,County or Unitary Authority,Job density,2015-01-01/P1Y,0.76,Number of jobs per resident aged 16 to 64,Number of jobs per resident aged 16 to 64,,,,
E06000026,Plymouth,County or Unitary Authority,Job density,2018-01-01/P1Y,0.76,Number of jobs per resident aged 16 to 64,Number of jobs per resident aged 16 to 64,,,,
E06000026,Plymouth,County or Unitary Authority,Job density,2019-01-01/P1Y,0.79,Number of jobs per resident aged 16 to 64,Number of jobs per resident aged 16 to 64,,,,
E06000026,Plymouth,County or Unitary Authority,Job density,2020-01-01/P1Y,0.78,Number of jobs per resident aged 16 to 64,Number of jobs per resident aged 16 to 64,,,,
E06000026,Plymouth,County or Unitary Authority,Job density,2021-01-01/P1Y,0.8,Number of jobs per resident aged 16 to 64,Number of jobs per resident aged 16 to 64,,,,
E06000026,Plymouth,County or Unitary Authority,Job density,2022-01-01/P1Y,0.81,Number of jobs per resident aged 16 to 64,Number of jobs per resident aged 16 to 64,,,,
E06000026,Plymouth,County or Unitary Authority,Job density,2023-01-01/P1Y,0.79,Number of jobs per resident aged 16 to 64,Number of jobs per resident aged 16 to 64,,,,
E06000026,Plymouth,County or Unitary Authority,Job density,2024-01-01/P1Y,0.78,Number of jobs per resident aged 16 to 64,Number of jobs per resident aged 16 to 64,,,,
E06000026,Plymouth,County or Unitary Authority,Job density,2017-01-01/P1Y,0.77,Number of jobs per resident aged 16 to 64,Number of jobs per resident aged 16 to 64,,,,
E06000026,Plymouth,County or Unitary Authority,Job density,2016-01-01/P1Y,0.76,Number of jobs per resident aged 16 to 64,Number of jobs per resident aged 16 to 64,,,,
E06000026,Plymouth,County or Unitary Authority,Job density,2011-01-01/P1Y,0.75,Number of jobs per resident aged 16 to 64,Number of jobs per resident aged 16 to 64,,,,
E06000026,Plymouth,County or Unitary Authority,Job density,2012-01-01/P1Y,0.77,Number of jobs per resident aged 16 to 64,Number of jobs per resident aged 16 to 64,,,,
E06000026,Plymouth,County or Unitary Authority,Job density,2013-01-01/P1Y,0.76,Number of jobs per resident aged 16 to 64,Number of jobs per resident aged 16 to 64,,,,
E06000026,Plymouth,County or Unitary Authority,Job density,2014-01-01/P1Y,0.77,Number of jobs per resident aged 16 to 64,Number of jobs per resident aged 16 to 64,,,,
E06000026,Plymouth,County or Unitary Authority,Job density,2015-01-01/P1Y,0.79,Number of jobs per resident aged 16 to 64,Number of jobs per resident aged 16 to 64,,,,
E06000066,Somerset,County or Unitary Authority,Job density,2021-01-01/P1Y,0.82,Number of jobs per resident aged 16 to 64,Number of jobs per resident aged 16 to 64,,,,
E06000066,Somerset,County or Unitary Authority,Job density,2019-01-01/P1Y,0.87,Number of jobs per resident aged 16 to 64,Number of jobs per resident aged 16 to 64,,,,
E06000066,Somerset,County or Unitary Authority,Job density,2020-01-01/P1Y,0.84,Number of jobs per resident aged 16 to 64,Number of jobs per resident aged 16 to 64,,,,
E06000066,Somerset,County or Unitary Authority,Job density,2024-01-01/P1Y,0.86,Number of jobs per resident aged 16 to 64,Number of jobs per resident aged 16 to 64,,,,
E06000066,Somerset,County or Unitary Authority,Job density,2022-01-01/P1Y,0.85,Number of jobs per resident aged 16 to 64,Number of jobs per resident aged 16 to 64,,,,
E06000066,Somerset,County or Unitary Authority,Job density,2023-01-01/P1Y,0.88,Number of jobs per resident aged 16 to 64,Number of jobs per resident aged 16 to 64,,,,
E06000066,Somerset,County or Unitary Authority,Job density,2018-01-01/P1Y,0.87,Number of jobs per resident aged 16 to 64,Number of jobs per resident aged 16 to 64,,,,
E06000066,Somerset,County or Unitary Authority,Job density,2017-01-01/P1Y,0.86,Number of jobs per resident aged 16 to 64,Number of jobs per resident aged 16 to 64,,,,
E06000066,Somerset,County or Unitary Authority,Job density,2011-01-01/P1Y,0.79,Number of jobs per resident aged 16 to 64,Number of jobs per resident aged 16 to 64,,,,
E06000066,Somerset,County or Unitary Authority,Job density,2012-01-01/P1Y,0.77,Number of jobs per resident aged 16 to 64,Number of jobs per resident aged 16 to 64,,,,
E06000066,Somerset,County or Unitary Authority,Job density,2013-01-01/P1Y,0.82,Number of jobs per resident aged 16 to 64,Number of jobs per resident aged 16 to 64,,,,
E06000066,Somerset,County or Unitary Authority,Job density,2014-01-01/P1Y,0.82,Number of jobs per resident aged 16 to 64,Number of jobs per resident aged 16 to 64,,,,
E06000066,Somerset,County or Unitary Authority,Job density,2015-01-01/P1Y,0.84,Number of jobs per resident aged 16 to 64,Number of jobs per resident aged 16 to 64,,,,
E06000066,Somerset,County or Unitary Authority,Job density,2016-01-01/P1Y,0.84,Number of jobs per resident aged 16 to 64,Number of jobs per resident aged 16 to 64,,,,
E06000025,South Gloucestershire,County or Unitary Authority,Job density,2019-01-01/P1Y,1.04,Number of jobs per resident aged 16 to 64,Number of jobs per resident aged 16 to 64,,,,
E06000025,South Gloucestershire,County or Unitary Authority,Job density,2020-01-01/P1Y,0.96,Number of jobs per resident aged 16 to 64,Number of jobs per resident aged 16 to 64,,,,
E06000025,South Gloucestershire,County or Unitary Authority,Job density,2021-01-01/P1Y,0.95,Number of jobs per resident aged 16 to 64,Number of jobs per resident aged 16 to 64,,,,
E06000025,South Gloucestershire,County or Unitary Authority,Job density,2022-01-01/P1Y,0.99,Number of jobs per resident aged 16 to 64,Number of jobs per resident aged 16 to 64,,,,
E06000025,South Gloucestershire,County or Unitary Authority,Job density,2023-01-01/P1Y,0.97,Number of jobs per resident aged 16 to 64,Number of jobs per resident aged 16 to 64,,,,
E06000025,South Gloucestershire,County or Unitary Authority,Job density,2024-01-01/P1Y,0.96,Number of jobs per resident aged 16 to 64,Number of jobs per resident aged 16 to 64,,,,
E06000025,South Gloucestershire,County or Unitary Authority,Job density,2018-01-01/P1Y,0.94,Number of jobs per resident aged 16 to 64,Number of jobs per resident aged 16 to 64,,,,
E06000025,South Gloucestershire,County or Unitary Authority,Job density,2017-01-01/P1Y,0.92,Number of jobs per resident aged 16 to 64,Number of jobs per resident aged 16 to 64,,,,
E06000025,South Gloucestershire,County or Unitary Authority,Job density,2011-01-01/P1Y,0.93,Number of jobs per resident aged 16 to 64,Number of jobs per resident aged 16 to 64,,,,
E06000025,South Gloucestershire,County or Unitary Authority,Job density,2012-01-01/P1Y,0.87,Number of jobs per resident aged 16 to 64,Number of jobs per resident aged 16 to 64,,,,
E06000025,South Gloucestershire,County or Unitary Authority,Job density,2013-01-01/P1Y,0.89,Number of jobs per resident aged 16 to 64,Number of jobs per resident aged 16 to 64,,,,
E06000025,South Gloucestershire,County or Unitary Authority,Job density,2014-01-01/P1Y,0.93,Number of jobs per resident aged 16 to 64,Number of jobs per resident aged 16 to 64,,,,
E06000025,South Gloucestershire,County or Unitary Authority,Job density,2015-01-01/P1Y,0.93,Number of jobs per resident aged 16 to 64,Number of jobs per resident aged 16 to 64,,,,
E06000025,South Gloucestershire,County or Unitary Authority,Job density,2016-01-01/P1Y,0.95,Number of jobs per resident aged 16 to 64,Number of jobs per resident aged 16 to 64,,,,
E06000030,Swindon,County or Unitary Authority,Job density,2019-01-01/P1Y,0.85,Number of jobs per resident aged 16 to 64,Number of jobs per resident aged 16 to 64,,,,
E06000030,Swindon,County or Unitary Authority,Job density,2020-01-01/P1Y,0.84,Number of jobs per resident aged 16 to 64,Number of jobs per resident aged 16 to 64,,,,
E06000030,Swindon,County or Unitary Authority,Job density,2021-01-01/P1Y,0.84,Number of jobs per resident aged 16 to 64,Number of jobs per resident aged 16 to 64,,,,
E06000030,Swindon,County or Unitary Authority,Job density,2022-01-01/P1Y,0.81,Number of jobs per resident aged 16 to 64,Number of jobs per resident aged 16 to 64,,,,
E06000030,Swindon,County or Unitary Authority,Job density,2023-01-01/P1Y,0.8,Number of jobs per resident aged 16 to 64,Number of jobs per resident aged 16 to 64,,,,
E06000030,Swindon,County or Unitary Authority,Job density,2024-01-01/P1Y,0.79,Number of jobs per resident aged 16 to 64,Number of jobs per resident aged 16 to 64,,,,
E06000030,Swindon,County or Unitary Authority,Job density,2018-01-01/P1Y,0.86,Number of jobs per resident aged 16 to 64,Number of jobs per resident aged 16 to 64,,,,
E06000030,Swindon,County or Unitary Authority,Job density,2017-01-01/P1Y,0.87,Number of jobs per resident aged 16 to 64,Number of jobs per resident aged 16 to 64,,,,
E06000030,Swindon,County or Unitary Authority,Job density,2011-01-01/P1Y,0.86,Number of jobs per resident aged 16 to 64,Number of jobs per resident aged 16 to 64,,,,
E06000030,Swindon,County or Unitary Authority,Job density,2012-01-01/P1Y,0.82,Number of jobs per resident aged 16 to 64,Number of jobs per resident aged 16 to 64,,,,
E06000030,Swindon,County or Unitary Authority,Job density,2013-01-01/P1Y,0.85,Number of jobs per resident aged 16 to 64,Number of jobs per resident aged 16 to 64,,,,
E06000030,Swindon,County or Unitary Authority,Job density,2014-01-01/P1Y,0.86,Number of jobs per resident aged 16 to 64,Number of jobs per resident aged 16 to 64,,,,
E06000030,Swindon,County or Unitary Authority,Job density,2015-01-01/P1Y,0.87,Number of jobs per resident aged 16 to 64,Number of jobs per resident aged 16 to 64,,,,
E06000030,Swindon,County or Unitary Authority,Job density,2016-01-01/P1Y,0.89,Number of jobs per resident aged 16 to 64,Number of jobs per resident aged 16 to 64,,,,
E06000027,Torbay,County or Unitary Authority,Job density,2018-01-01/P1Y,0.72,Number of jobs per resident aged 16 to 64,Number of jobs per resident aged 16 to 64,,,,
E06000027,Torbay,County or Unitary Authority,Job density,2019-01-01/P1Y,0.74,Number of jobs per resident aged 16 to 64,Number of jobs per resident aged 16 to 64,,,,
E06000027,Torbay,County or Unitary Authority,Job density,2020-01-01/P1Y,0.71,Number of jobs per resident aged 16 to 64,Number of jobs per resident aged 16 to 64,,,,
E06000027,Torbay,County or Unitary Authority,Job density,2021-01-01/P1Y,0.74,Number of jobs per resident aged 16 to 64,Number of jobs per resident aged 16 to 64,,,,
E06000027,Torbay,County or Unitary Authority,Job density,2022-01-01/P1Y,0.77,Number of jobs per resident aged 16 to 64,Number of jobs per resident aged 16 to 64,,,,
E06000027,Torbay,County or Unitary Authority,Job density,2023-01-01/P1Y,0.74,Number of jobs per resident aged 16 to 64,Number of jobs per resident aged 16 to 64,,,,
E06000027,Torbay,County or Unitary Authority,Job density,2024-01-01/P1Y,0.74,Number of jobs per resident aged 16 to 64,Number of jobs per resident aged 16 to 64,,,,
E06000027,Torbay,County or Unitary Authority,Job density,2017-01-01/P1Y,0.75,Number of jobs per resident aged 16 to 64,Number of jobs per resident aged 16 to 64,,,,
E06000027,Torbay,County or Unitary Authority,Job density,2016-01-01/P1Y,0.73,Number of jobs per resident aged 16 to 64,Number of jobs per resident aged 16 to 64,,,,
E06000027,Torbay,County or Unitary Authority,Job density,2011-01-01/P1Y,0.73,Number of jobs per resident aged 16 to 64,Number of jobs per resident aged 16 to 64,,,,
E06000027,Torbay,County or Unitary Authority,Job density,2012-01-01/P1Y,0.76,Number of jobs per resident aged 16 to 64,Number of jobs per resident aged 16 to 64,,,,
E06000027,Torbay,County or Unitary Authority,Job density,2013-01-01/P1Y,0.74,Number of jobs per resident aged 16 to 64,Number of jobs per resident aged 16 to 64,,,,
E06000027,Torbay,County or Unitary Authority,Job density,2014-01-01/P1Y,0.74,Number of jobs per resident aged 16 to 64,Number of jobs per resident aged 16 to 64,,,,
E06000027,Torbay,County or Unitary Authority,Job density,2015-01-01/P1Y,0.74,Number of jobs per resident aged 16 to 64,Number of jobs per resident aged 16 to 64,,,,
E06000054,Wiltshire,County or Unitary Authority,Job density,2020-01-01/P1Y,0.89,Number of jobs per resident aged 16 to 64,Number of jobs per resident aged 16 to 64,,,,
E06000054,Wiltshire,County or Unitary Authority,Job density,2019-01-01/P1Y,0.91,Number of jobs per resident aged 16 to 64,Number of jobs per resident aged 16 to 64,,,,
E06000054,Wiltshire,County or Unitary Authority,Job density,2021-01-01/P1Y,0.83,Number of jobs per resident aged 16 to 64,Number of jobs per resident aged 16 to 64,,,,
E06000054,Wiltshire,County or Unitary Authority,Job density,2018-01-01/P1Y,0.87,Number of jobs per resident aged 16 to 64,Number of jobs per resident aged 16 to 64,,,,
E06000054,Wiltshire,County or Unitary Authority,Job density,2022-01-01/P1Y,0.84,Number of jobs per resident aged 16 to 64,Number of jobs per resident aged 16 to 64,,,,
E06000054,Wiltshire,County or Unitary Authority,Job density,2023-01-01/P1Y,0.86,Number of jobs per resident aged 16 to 64,Number of jobs per resident aged 16 to 64,,,,
E06000054,Wiltshire,County or Unitary Authority,Job density,2024-01-01/P1Y,0.87,Number of jobs per resident aged 16 to 64,Number of jobs per resident aged 16 to 64,,,,
E06000054,Wiltshire,County or Unitary Authority,Job density,2017-01-01/P1Y,0.86,Number of jobs per resident aged 16 to 64,Number of jobs per resident aged 16 to 64,,,,
E06000054,Wiltshire,County or Unitary Authority,Job density,2011-01-01/P1Y,0.78,Number of jobs per resident aged 16 to 64,Number of jobs per resident aged 16 to 64,,,,
E06000054,Wiltshire,County or Unitary Authority,Job density,2012-01-01/P1Y,0.72,Number of jobs per resident aged 16 to 64,Number of jobs per resident aged 16 to 64,,,,
E06000054,Wiltshire,County or Unitary Authority,Job density,2013-01-01/P1Y,0.75,Number of jobs per resident aged 16 to 64,Number of jobs per resident aged 16 to 64,,,,
E06000054,Wiltshire,County or Unitary Authority,Job density,2014-01-01/P1Y,0.85,Number of jobs per resident aged 16 to 64,Number of jobs per resident aged 16 to 64,,,,
E06000054,Wiltshire,County or Unitary Authority,Job density,2015-01-01/P1Y,0.85,Number of jobs per resident aged 16 to 64,Number of jobs per resident aged 16 to 64,,,,
E06000054,Wiltshire,County or Unitary Authority,Job density,2016-01-01/P1Y,0.89,Number of jobs per resident aged 16 to 64,Number of jobs per resident aged 16 to 64,,,,
E10000008,Devon,County or Unitary Authority,Job density,2019-01-01/P1Y,0.91,Number of jobs per resident aged 16 to 64,Number of jobs per resident aged 16 to 64,,,,
E10000008,Devon,County or Unitary Authority,Job density,2024-01-01/P1Y,0.89,Number of jobs per resident aged 16 to 64,Number of jobs per resident aged 16 to 64,,,,
E10000008,Devon,County or Unitary Authority,Job density,2023-01-01/P1Y,0.88,Number of jobs per resident aged 16 to 64,Number of jobs per resident aged 16 to 64,,,,
E10000008,Devon,County or Unitary Authority,Job density,2022-01-01/P1Y,0.9,Number of jobs per resident aged 16 to 64,Number of jobs per resident aged 16 to 64,,,,
E10000008,Devon,County or Unitary Authority,Job density,2021-01-01/P1Y,0.89,Number of jobs per resident aged 16 to 64,Number of jobs per resident aged 16 to 64,,,,
E10000008,Devon,County or Unitary Authority,Job density,2020-01-01/P1Y,0.89,Number of jobs per resident aged 16 to 64,Number of jobs per resident aged 16 to 64,,,,
E10000008,Devon,County or Unitary Authority,Job density,2018-01-01/P1Y,0.92,Number of jobs per resident aged 16 to 64,Number of jobs per resident aged 16 to 64,,,,
E10000008,Devon,County or Unitary Authority,Job density,2014-01-01/P1Y,0.87,Number of jobs per resident aged 16 to 64,Number of jobs per resident aged 16 to 64,,,,
E10000008,Devon,County or Unitary Authority,Job density,2016-01-01/P1Y,0.9,Number of jobs per resident aged 16 to 64,Number of jobs per resident aged 16 to 64,,,,
E10000008,Devon,County or Unitary Authority,Job density,2015-01-01/P1Y,0.91,Number of jobs per resident aged 16 to 64,Number of jobs per resident aged 16 to 64,,,,
E10000008,Devon,County or Unitary Authority,Job density,2013-01-01/P1Y,0.84,Number of jobs per resident aged 16 to 64,Number of jobs per resident aged 16 to 64,,,,
E10000008,Devon,County or Unitary Authority,Job density,2012-01-01/P1Y,0.83,Number of jobs per resident aged 16 to 64,Number of jobs per resident aged 16 to 64,,,,
E10000008,Devon,County or Unitary Authority,Job density,2011-01-01/P1Y,0.82,Number of jobs per resident aged 16 to 64,Number of jobs per resident aged 16 to 64,,,,
E10000008,Devon,County or Unitary Authority,Job density,2017-01-01/P1Y,0.92,Number of jobs per resident aged 16 to 64,Number of jobs per resident aged 16 to 64,,,,
E07000040,East Devon,Local Authority District,Job density,2019-01-01/P1Y,0.81,Number of jobs per resident aged 16 to 64,Number of jobs per resident aged 16 to 64,,,,
E07000040,East Devon,Local Authority District,Job density,2024-01-01/P1Y,0.78,Number of jobs per resident aged 16 to 64,Number of jobs per resident aged 16 to 64,,,,
E07000040,East Devon,Local Authority District,Job density,2023-01-01/P1Y,0.74,Number of jobs per resident aged 16 to 64,Number of jobs per resident aged 16 to 64,,,,
E07000040,East Devon,Local Authority District,Job density,2022-01-01/P1Y,0.77,Number of jobs per resident aged 16 to 64,Number of jobs per resident aged 16 to 64,,,,
E07000040,East Devon,Local Authority District,Job density,2021-01-01/P1Y,0.74,Number of jobs per resident aged 16 to 64,Number of jobs per resident aged 16 to 64,,,,
E07000040,East Devon,Local Authority District,Job density,2020-01-01/P1Y,0.76,Number of jobs per resident aged 16 to 64,Number of jobs per resident aged 16 to 64,,,,
E07000040,East Devon,Local Authority District,Job density,2018-01-01/P1Y,0.82,Number of jobs per resident aged 16 to 64,Number of jobs per resident aged 16 to 64,,,,
E07000040,East Devon,Local Authority District,Job density,2014-01-01/P1Y,0.79,Number of jobs per resident aged 16 to 64,Number of jobs per resident aged 16 to 64,,,,
E07000040,East Devon,Local Authority District,Job density,2016-01-01/P1Y,0.83,Number of jobs per resident aged 16 to 64,Number of jobs per resident aged 16 to 64,,,,
E07000040,East Devon,Local Authority District,Job density,2015-01-01/P1Y,0.88,Number of jobs per resident aged 16 to 64,Number of jobs per resident aged 16 to 64,,,,
E07000040,East Devon,Local Authority District,Job density,2013-01-01/P1Y,0.73,Number of jobs per resident aged 16 to 64,Number of jobs per resident aged 16 to 64,,,,
E07000040,East Devon,Local Authority District,Job density,2012-01-01/P1Y,0.75,Number of jobs per resident aged 16 to 64,Number of jobs per resident aged 16 to 64,,,,
E07000040,East Devon,Local Authority District,Job density,2011-01-01/P1Y,0.78,Number of jobs per resident aged 16 to 64,Number of jobs per resident aged 16 to 64,,,,
E07000040,East Devon,Local Authority District,Job density,2017-01-01/P1Y,0.79,Number of jobs per resident aged 16 to 64,Number of jobs per resident aged 16 to 64,,,,
E07000041,Exeter,Local Authority District,Job density,2024-01-01/P1Y,1.15,Number of jobs per resident aged 16 to 64,Number of jobs per resident aged 16 to 64,,,,
E07000041,Exeter,Local Authority District,Job density,2023-01-01/P1Y,1.15,Number of jobs per resident aged 16 to 64,Number of jobs per resident aged 16 to 64,,,,
E07000041,Exeter,Local Authority District,Job density,2022-01-01/P1Y,1.2,Number of jobs per resident aged 16 to 64,Number of jobs per resident aged 16 to 64,,,,
E07000041,Exeter,Local Authority District,Job density,2021-01-01/P1Y,1.23,Number of jobs per resident aged 16 to 64,Number of jobs per resident aged 16 to 64,,,,
E07000041,Exeter,Local Authority District,Job density,2020-01-01/P1Y,1.21,Number of jobs per resident aged 16 to 64,Number of jobs per resident aged 16 to 64,,,,
E07000041,Exeter,Local Authority District,Job density,2019-01-01/P1Y,1.28,Number of jobs per resident aged 16 to 64,Number of jobs per resident aged 16 to 64,,,,
E07000041,Exeter,Local Authority District,Job density,2018-01-01/P1Y,1.29,Number of jobs per resident aged 16 to 64,Number of jobs per resident aged 16 to 64,,,,
E07000041,Exeter,Local Authority District,Job density,2016-01-01/P1Y,1.24,Number of jobs per resident aged 16 to 64,Number of jobs per resident aged 16 to 64,,,,
E07000041,Exeter,Local Authority District,Job density,2015-01-01/P1Y,1.25,Number of jobs per resident aged 16 to 64,Number of jobs per resident aged 16 to 64,,,,
E07000041,Exeter,Local Authority District,Job density,2014-01-01/P1Y,1.25,Number of jobs per resident aged 16 to 64,Number of jobs per resident aged 16 to 64,,,,
E07000041,Exeter,Local Authority District,Job density,2013-01-01/P1Y,1.18,Number of jobs per resident aged 16 to 64,Number of jobs per resident aged 16 to 64,,,,
E07000041,Exeter,Local Authority District,Job density,2012-01-01/P1Y,1.1,Number of jobs per resident aged 16 to 64,Number of jobs per resident aged 16 to 64,,,,
E07000041,Exeter,Local Authority District,Job density,2011-01-01/P1Y,1.08,Number of jobs per resident aged 16 to 64,Number of jobs per resident aged 16 to 64,,,,
E07000041,Exeter,Local Authority District,Job density,2017-01-01/P1Y,1.24,Number of jobs per resident aged 16 to 64,Number of jobs per resident aged 16 to 64,,,,
E07000042,Mid Devon,Local Authority District,Job density,2019-01-01/P1Y,0.71,Number of jobs per resident aged 16 to 64,Number of jobs per resident aged 16 to 64,,,,
E07000042,Mid Devon,Local Authority District,Job density,2024-01-01/P1Y,0.73,Number of jobs per resident aged 16 to 64,Number of jobs per resident aged 16 to 64,,,,
E07000042,Mid Devon,Local Authority District,Job density,2023-01-01/P1Y,0.76,Number of jobs per resident aged 16 to 64,Number of jobs per resident aged 16 to 64,,,,
E07000042,Mid Devon,Local Authority District,Job density,2022-01-01/P1Y,0.74,Number of jobs per resident aged 16 to 64,Number of jobs per resident aged 16 to 64,,,,
E07000042,Mid Devon,Local Authority District,Job density,2021-01-01/P1Y,0.65,Number of jobs per resident aged 16 to 64,Number of jobs per resident aged 16 to 64,,,,
E07000042,Mid Devon,Local Authority District,Job density,2020-01-01/P1Y,0.71,Number of jobs per resident aged 16 to 64,Number of jobs per resident aged 16 to 64,,,,
E07000042,Mid Devon,Local Authority District,Job density,2018-01-01/P1Y,0.68,Number of jobs per resident aged 16 to 64,Number of jobs per resident aged 16 to 64,,,,
E07000042,Mid Devon,Local Authority District,Job density,2013-01-01/P1Y,0.65,Number of jobs per resident aged 16 to 64,Number of jobs per resident aged 16 to 64,,,,
E07000042,Mid Devon,Local Authority District,Job density,2016-01-01/P1Y,0.81,Number of jobs per resident aged 16 to 64,Number of jobs per resident aged 16 to 64,,,,
E07000042,Mid Devon,Local Authority District,Job density,2011-01-01/P1Y,0.67,Number of jobs per resident aged 16 to 64,Number of jobs per resident aged 16 to 64,,,,
E07000042,Mid Devon,Local Authority District,Job density,2012-01-01/P1Y,0.65,Number of jobs per resident aged 16 to 64,Number of jobs per resident aged 16 to 64,,,,
E07000042,Mid Devon,Local Authority District,Job density,2017-01-01/P1Y,0.79,Number of jobs per resident aged 16 to 64,Number of jobs per resident aged 16 to 64,,,,
E07000042,Mid Devon,Local Authority District,Job density,2014-01-01/P1Y,0.75,Number of jobs per resident aged 16 to 64,Number of jobs per resident aged 16 to 64,,,,
E07000042,Mid Devon,Local Authority District,Job density,2015-01-01/P1Y,0.78,Number of jobs per resident aged 16 to 64,Number of jobs per resident aged 16 to 64,,,,
E07000043,North Devon,Local Authority District,Job density,2024-01-01/P1Y,0.94,Number of jobs per resident aged 16 to 64,Number of jobs per resident aged 16 to 64,,,,
E07000043,North Devon,Local Authority District,Job density,2023-01-01/P1Y,0.92,Number of jobs per resident aged 16 to 64,Number of jobs per resident aged 16 to 64,,,,
E07000043,North Devon,Local Authority District,Job density,2022-01-01/P1Y,1.0,Number of jobs per resident aged 16 to 64,Number of jobs per resident aged 16 to 64,,,,
E07000043,North Devon,Local Authority District,Job density,2021-01-01/P1Y,0.98,Number of jobs per resident aged 16 to 64,Number of jobs per resident aged 16 to 64,,,,
E07000043,North Devon,Local Authority District,Job density,2019-01-01/P1Y,1.07,Number of jobs per resident aged 16 to 64,Number of jobs per resident aged 16 to 64,,,,
E07000043,North Devon,Local Authority District,Job density,2017-01-01/P1Y,1.13,Number of jobs per resident aged 16 to 64,Number of jobs per resident aged 16 to 64,,,,
E07000043,North Devon,Local Authority District,Job density,2020-01-01/P1Y,0.92,Number of jobs per resident aged 16 to 64,Number of jobs per resident aged 16 to 64,,,,
E07000043,North Devon,Local Authority District,Job density,2015-01-01/P1Y,1.06,Number of jobs per resident aged 16 to 64,Number of jobs per resident aged 16 to 64,,,,
E07000043,North Devon,Local Authority District,Job density,2014-01-01/P1Y,0.97,Number of jobs per resident aged 16 to 64,Number of jobs per resident aged 16 to 64,,,,
E07000043,North Devon,Local Authority District,Job density,2013-01-01/P1Y,0.95,Number of jobs per resident aged 16 to 64,Number of jobs per resident aged 16 to 64,,,,
E07000043,North Devon,Local Authority District,Job density,2012-01-01/P1Y,0.9,Number of jobs per resident aged 16 to 64,Number of jobs per resident aged 16 to 64,,,,
E07000043,North Devon,Local Authority District,Job density,2011-01-01/P1Y,0.89,Number of jobs per resident aged 16 to 64,Number of jobs per resident aged 16 to 64,,,,
E07000043,North Devon,Local Authority District,Job density,2016-01-01/P1Y,0.94,Number of jobs per resident aged 16 to 64,Number of jobs per resident aged 16 to 64,,,,
E07000043,North Devon,Local Authority District,Job density,2018-01-01/P1Y,1.08,Number of jobs per resident aged 16 to 64,Number of jobs per resident aged 16 to 64,,,,
E07000044,South Hams,Local Authority District,Job density,2018-01-01/P1Y,1.05,Number of jobs per resident aged 16 to 64,Number of jobs per resident aged 16 to 64,,,,
E07000044,South Hams,Local Authority District,Job density,2024-01-01/P1Y,1.06,Number of jobs per resident aged 16 to 64,Number of jobs per resident aged 16 to 64,,,,
E07000044,South Hams,Local Authority District,Job density,2023-01-01/P1Y,0.98,Number of jobs per resident aged 16 to 64,Number of jobs per resident aged 16 to 64,,,,
E07000044,South Hams,Local Authority District,Job density,2022-01-01/P1Y,0.94,Number of jobs per resident aged 16 to 64,Number of jobs per resident aged 16 to 64,,,,
E07000044,South Hams,Local Authority District,Job density,2021-01-01/P1Y,1.01,Number of jobs per resident aged 16 to 64,Number of jobs per resident aged 16 to 64,,,,
E07000044,South Hams,Local Authority District,Job density,2020-01-01/P1Y,1.03,Number of jobs per resident aged 16 to 64,Number of jobs per resident aged 16 to 64,,,,
E07000044,South Hams,Local Authority District,Job density,2019-01-01/P1Y,0.96,Number of jobs per resident aged 16 to 64,Number of jobs per resident aged 16 to 64,,,,
E07000044,South Hams,Local Authority District,Job density,2017-01-01/P1Y,0.99,Number of jobs per resident aged 16 to 64,Number of jobs per resident aged 16 to 64,,,,
E07000044,South Hams,Local Authority District,Job density,2015-01-01/P1Y,0.93,Number of jobs per resident aged 16 to 64,Number of jobs per resident aged 16 to 64,,,,
E07000044,South Hams,Local Authority District,Job density,2014-01-01/P1Y,0.9,Number of jobs per resident aged 16 to 64,Number of jobs per resident aged 16 to 64,,,,
E07000044,South Hams,Local Authority District,Job density,2013-01-01/P1Y,0.88,Number of jobs per resident aged 16 to 64,Number of jobs per resident aged 16 to 64,,,,
E07000044,South Hams,Local Authority District,Job density,2012-01-01/P1Y,0.97,Number of jobs per resident aged 16 to 64,Number of jobs per resident aged 16 to 64,,,,
E07000044,South Hams,Local Authority District,Job density,2011-01-01/P1Y,0.94,Number of jobs per resident aged 16 to 64,Number of jobs per resident aged 16 to 64,,,,
E07000044,South Hams,Local Authority District,Job density,2016-01-01/P1Y,0.94,Number of jobs per resident aged 16 to 64,Number of jobs per resident aged 16 to 64,,,,
E07000045,Teignbridge,Local Authority District,Job density,2024-01-01/P1Y,0.77,Number of jobs per resident aged 16 to 64,Number of jobs per resident aged 16 to 64,,,,
E07000045,Teignbridge,Local Authority District,Job density,2023-01-01/P1Y,0.73,Number of jobs per resident aged 16 to 64,Number of jobs per resident aged 16 to 64,,,,
E07000045,Teignbridge,Local Authority District,Job density,2022-01-01/P1Y,0.74,Number of jobs per resident aged 16 to 64,Number of jobs per resident aged 16 to 64,,,,
E07000045,Teignbridge,Local Authority District,Job density,2021-01-01/P1Y,0.8,Number of jobs per resident aged 16 to 64,Number of jobs per resident aged 16 to 64,,,,
E07000045,Teignbridge,Local Authority District,Job density,2020-01-01/P1Y,0.75,Number of jobs per resident aged 16 to 64,Number of jobs per resident aged 16 to 64,,,,
E07000045,Teignbridge,Local Authority District,Job density,2019-01-01/P1Y,0.76,Number of jobs per resident aged 16 to 64,Number of jobs per resident aged 16 to 64,,,,
E07000045,Teignbridge,Local Authority District,Job density,2018-01-01/P1Y,0.73,Number of jobs per resident aged 16 to 64,Number of jobs per resident aged 16 to 64,,,,
E07000045,Teignbridge,Local Authority District,Job density,2017-01-01/P1Y,0.78,Number of jobs per resident aged 16 to 64,Number of jobs per resident aged 16 to 64,,,,
E07000045,Teignbridge,Local Authority District,Job density,2015-01-01/P1Y,0.75,Number of jobs per resident aged 16 to 64,Number of jobs per resident aged 16 to 64,,,,
E07000045,Teignbridge,Local Authority District,Job density,2014-01-01/P1Y,0.71,Number of jobs per resident aged 16 to 64,Number of jobs per resident aged 16 to 64,,,,
E07000045,Teignbridge,Local Authority District,Job density,2013-01-01/P1Y,0.74,Number of jobs per resident aged 16 to 64,Number of jobs per resident aged 16 to 64,,,,
E07000045,Teignbridge,Local Authority District,Job density,2012-01-01/P1Y,0.76,Number of jobs per resident aged 16 to 64,Number of jobs per resident aged 16 to 64,,,,
E07000045,Teignbridge,Local Authority District,Job density,2011-01-01/P1Y,0.73,Number of jobs per resident aged 16 to 64,Number of jobs per resident aged 16 to 64,,,,
E07000045,Teignbridge,Local Authority District,Job density,2016-01-01/P1Y,0.77,Number of jobs per resident aged 16 to 64,Number of jobs per resident aged 16 to 64,,,,
E07000046,Torridge,Local Authority District,Job density,2019-01-01/P1Y,0.8,Number of jobs per resident aged 16 to 64,Number of jobs per resident aged 16 to 64,,,,
E07000046,Torridge,Local Authority District,Job density,2023-01-01/P1Y,0.86,Number of jobs per resident aged 16 to 64,Number of jobs per resident aged 16 to 64,,,,
E07000046,Torridge,Local Authority District,Job density,2022-01-01/P1Y,0.76,Number of jobs per resident aged 16 to 64,Number of jobs per resident aged 16 to 64,,,,
E07000046,Torridge,Local Authority District,Job density,2021-01-01/P1Y,0.74,Number of jobs per resident aged 16 to 64,Number of jobs per resident aged 16 to 64,,,,
E07000046,Torridge,Local Authority District,Job density,2020-01-01/P1Y,0.82,Number of jobs per resident aged 16 to 64,Number of jobs per resident aged 16 to 64,,,,
E07000046,Torridge,Local Authority District,Job density,2018-01-01/P1Y,0.71,Number of jobs per resident aged 16 to 64,Number of jobs per resident aged 16 to 64,,,,
E07000046,Torridge,Local Authority District,Job density,2024-01-01/P1Y,0.86,Number of jobs per resident aged 16 to 64,Number of jobs per resident aged 16 to 64,,,,
E07000046,Torridge,Local Authority District,Job density,2016-01-01/P1Y,0.71,Number of jobs per resident aged 16 to 64,Number of jobs per resident aged 16 to 64,,,,
E07000046,Torridge,Local Authority District,Job density,2015-01-01/P1Y,0.64,Number of jobs per resident aged 16 to 64,Number of jobs per resident aged 16 to 64,,,,
E07000046,Torridge,Local Authority District,Job density,2014-01-01/P1Y,0.62,Number of jobs per resident aged 16 to 64,Number of jobs per resident aged 16 to 64,,,,
E07000046,Torridge,Local Authority District,Job density,2013-01-01/P1Y,0.71,Number of jobs per resident aged 16 to 64,Number of jobs per resident aged 16 to 64,,,,
E07000046,Torridge,Local Authority District,Job density,2012-01-01/P1Y,0.66,Number of jobs per resident aged 16 to 64,Number of jobs per resident aged 16 to 64,,,,
E07000046,Torridge,Local Authority District,Job density,2011-01-01/P1Y,0.61,Number of jobs per resident aged 16 to 64,Number of jobs per resident aged 16 to 64,,,,
E07000046,Torridge,Local Authority District,Job density,2017-01-01/P1Y,0.69,Number of jobs per resident aged 16 to 64,Number of jobs per resident aged 16 to 64,,,,
E07000047,West Devon,Local Authority District,Job density,2024-01-01/P1Y,0.66,Number of jobs per resident aged 16 to 64,Number of jobs per resident aged 16 to 64,,,,
E07000047,West Devon,Local Authority District,Job density,2023-01-01/P1Y,0.78,Number of jobs per resident aged 16 to 64,Number of jobs per resident aged 16 to 64,,,,
E07000047,West Devon,Local Authority District,Job density,2022-01-01/P1Y,0.84,Number of jobs per resident aged 16 to 64,Number of jobs per resident aged 16 to 64,,,,
E07000047,West Devon,Local Authority District,Job density,2021-01-01/P1Y,0.77,Number of jobs per resident aged 16 to 64,Number of jobs per resident aged 16 to 64,,,,
E07000047,West Devon,Local Authority District,Job density,2020-01-01/P1Y,0.75,Number of jobs per resident aged 16 to 64,Number of jobs per resident aged 16 to 64,,,,
E07000047,West Devon,Local Authority District,Job density,2019-01-01/P1Y,0.65,Number of jobs per resident aged 16 to 64,Number of jobs per resident aged 16 to 64,,,,
E07000047,West Devon,Local Authority District,Job density,2018-01-01/P1Y,0.68,Number of jobs per resident aged 16 to 64,Number of jobs per resident aged 16 to 64,,,,
E07000047,West Devon,Local Authority District,Job density,2017-01-01/P1Y,0.76,Number of jobs per resident aged 16 to 64,Number of jobs per resident aged 16 to 64,,,,
E07000047,West Devon,Local Authority District,Job density,2016-01-01/P1Y,0.74,Number of jobs per resident aged 16 to 64,Number of jobs per resident aged 16 to 64,,,,
E07000047,West Devon,Local Authority District,Job density,2015-01-01/P1Y,0.77,Number of jobs per resident aged 16 to 64,Number of jobs per resident aged 16 to 64,,,,
E07000047,West Devon,Local Authority District,Job density,2014-01-01/P1Y,0.7,Number of jobs per resident aged 16 to 64,Number of jobs per resident aged 16 to 64,,,,
E07000047,West Devon,Local Authority District,Job density,2013-01-01/P1Y,0.68,Number of jobs per resident aged 16 to 64,Number of jobs per resident aged 16 to 64,,,,
E07000047,West Devon,Local Authority District,Job density,2012-01-01/P1Y,0.69,Number of jobs per resident aged 16 to 64,Number of jobs per resident aged 16 to 64,,,,
E07000047,West Devon,Local Authority District,Job density,2011-01-01/P1Y,0.55,Number of jobs per resident aged 16 to 64,Number of jobs per resident aged 16 to 64,,,,
E10000013,Gloucestershire,County or Unitary Authority,Job density,2023-01-01/P1Y,0.91,Number of jobs per resident aged 16 to 64,Number of jobs per resident aged 16 to 64,,,,
E10000013,Gloucestershire,County or Unitary Authority,Job density,2022-01-01/P1Y,0.88,Number of jobs per resident aged 16 to 64,Number of jobs per resident aged 16 to 64,,,,
E10000013,Gloucestershire,County or Unitary Authority,Job density,2021-01-01/P1Y,0.87,Number of jobs per resident aged 16 to 64,Number of jobs per resident aged 16 to 64,,,,
E10000013,Gloucestershire,County or Unitary Authority,Job density,2020-01-01/P1Y,0.89,Number of jobs per resident aged 16 to 64,Number of jobs per resident aged 16 to 64,,,,
E10000013,Gloucestershire,County or Unitary Authority,Job density,2019-01-01/P1Y,0.92,Number of jobs per resident aged 16 to 64,Number of jobs per resident aged 16 to 64,,,,
E10000013,Gloucestershire,County or Unitary Authority,Job density,2018-01-01/P1Y,0.91,Number of jobs per resident aged 16 to 64,Number of jobs per resident aged 16 to 64,,,,
E10000013,Gloucestershire,County or Unitary Authority,Job density,2024-01-01/P1Y,0.9,Number of jobs per resident aged 16 to 64,Number of jobs per resident aged 16 to 64,,,,
E10000013,Gloucestershire,County or Unitary Authority,Job density,2016-01-01/P1Y,0.87,Number of jobs per resident aged 16 to 64,Number of jobs per resident aged 16 to 64,,,,
E10000013,Gloucestershire,County or Unitary Authority,Job density,2015-01-01/P1Y,0.89,Number of jobs per resident aged 16 to 64,Number of jobs per resident aged 16 to 64,,,,
E10000013,Gloucestershire,County or Unitary Authority,Job density,2014-01-01/P1Y,0.88,Number of jobs per resident aged 16 to 64,Number of jobs per resident aged 16 to 64,,,,
E10000013,Gloucestershire,County or Unitary Authority,Job density,2013-01-01/P1Y,0.85,Number of jobs per resident aged 16 to 64,Number of jobs per resident aged 16 to 64,,,,
E10000013,Gloucestershire,County or Unitary Authority,Job density,2012-01-01/P1Y,0.86,Number of jobs per resident aged 16 to 64,Number of jobs per resident aged 16 to 64,,,,
E10000013,Gloucestershire,County or Unitary Authority,Job density,2011-01-01/P1Y,0.84,Number of jobs per resident aged 16 to 64,Number of jobs per resident aged 16 to 64,,,,
E10000013,Gloucestershire,County or Unitary Authority,Job density,2017-01-01/P1Y,0.88,Number of jobs per resident aged 16 to 64,Number of jobs per resident aged 16 to 64,,,,
E07000078,Cheltenham,Local Authority District,Job density,2023-01-01/P1Y,0.99,Number of jobs per resident aged 16 to 64,Number of jobs per resident aged 16 to 64,,,,
E07000078,Cheltenham,Local Authority District,Job density,2022-01-01/P1Y,0.98,Number of jobs per resident aged 16 to 64,Number of jobs per resident aged 16 to 64,,,,
E07000078,Cheltenham,Local Authority District,Job density,2021-01-01/P1Y,0.98,Number of jobs per resident aged 16 to 64,Number of jobs per resident aged 16 to 64,,,,
E07000078,Cheltenham,Local Authority District,Job density,2020-01-01/P1Y,1.0,Number of jobs per resident aged 16 to 64,Number of jobs per resident aged 16 to 64,,,,
E07000078,Cheltenham,Local Authority District,Job density,2019-01-01/P1Y,0.98,Number of jobs per resident aged 16 to 64,Number of jobs per resident aged 16 to 64,,,,
E07000078,Cheltenham,Local Authority District,Job density,2018-01-01/P1Y,0.92,Number of jobs per resident aged 16 to 64,Number of jobs per resident aged 16 to 64,,,,
E07000078,Cheltenham,Local Authority District,Job density,2024-01-01/P1Y,1.03,Number of jobs per resident aged 16 to 64,Number of jobs per resident aged 16 to 64,,,,
E07000078,Cheltenham,Local Authority District,Job density,2016-01-01/P1Y,0.89,Number of jobs per resident aged 16 to 64,Number of jobs per resident aged 16 to 64,,,,
E07000078,Cheltenham,Local Authority District,Job density,2015-01-01/P1Y,1.0,Number of jobs per resident aged 16 to 64,Number of jobs per resident aged 16 to 64,,,,
E07000078,Cheltenham,Local Authority District,Job density,2014-01-01/P1Y,0.99,Number of jobs per resident aged 16 to 64,Number of jobs per resident aged 16 to 64,,,,
E07000078,Cheltenham,Local Authority District,Job density,2013-01-01/P1Y,0.96,Number of jobs per resident aged 16 to 64,Number of jobs per resident aged 16 to 64,,,,
E07000078,Cheltenham,Local Authority District,Job density,2012-01-01/P1Y,0.95,Number of jobs per resident aged 16 to 64,Number of jobs per resident aged 16 to 64,,,,
E07000078,Cheltenham,Local Authority District,Job density,2011-01-01/P1Y,0.94,Number of jobs per resident aged 16 to 64,Number of jobs per resident aged 16 to 64,,,,
E07000078,Cheltenham,Local Authority District,Job density,2017-01-01/P1Y,0.98,Number of jobs per resident aged 16 to 64,Number of jobs per resident aged 16 to 64,,,,
E07000079,Cotswold,Local Authority District,Job density,2024-01-01/P1Y,1.09,Number of jobs per resident aged 16 to 64,Number of jobs per resident aged 16 to 64,,,,
E07000079,Cotswold,Local Authority District,Job density,2023-01-01/P1Y,1.1,Number of jobs per resident aged 16 to 64,Number of jobs per resident aged 16 to 64,,,,
E07000079,Cotswold,Local Authority District,Job density,2022-01-01/P1Y,1.05,Number of jobs per resident aged 16 to 64,Number of jobs per resident aged 16 to 64,,,,
E07000079,Cotswold,Local Authority District,Job density,2021-01-01/P1Y,1.03,Number of jobs per resident aged 16 to 64,Number of jobs per resident aged 16 to 64,,,,
E07000079,Cotswold,Local Authority District,Job density,2020-01-01/P1Y,1.06,Number of jobs per resident aged 16 to 64,Number of jobs per resident aged 16 to 64,,,,
E07000079,Cotswold,Local Authority District,Job density,2019-01-01/P1Y,1.08,Number of jobs per resident aged 16 to 64,Number of jobs per resident aged 16 to 64,,,,
E07000079,Cotswold,Local Authority District,Job density,2018-01-01/P1Y,1.09,Number of jobs per resident aged 16 to 64,Number of jobs per resident aged 16 to 64,,,,
E07000079,Cotswold,Local Authority District,Job density,2017-01-01/P1Y,1.02,Number of jobs per resident aged 16 to 64,Number of jobs per resident aged 16 to 64,,,,
E07000079,Cotswold,Local Authority District,Job density,2015-01-01/P1Y,1.02,Number of jobs per resident aged 16 to 64,Number of jobs per resident aged 16 to 64,,,,
E07000079,Cotswold,Local Authority District,Job density,2014-01-01/P1Y,1.01,Number of jobs per resident aged 16 to 64,Number of jobs per resident aged 16 to 64,,,,
E07000079,Cotswold,Local Authority District,Job density,2013-01-01/P1Y,1.01,Number of jobs per resident aged 16 to 64,Number of jobs per resident aged 16 to 64,,,,
E07000079,Cotswold,Local Authority District,Job density,2012-01-01/P1Y,0.95,Number of jobs per resident aged 16 to 64,Number of jobs per resident aged 16 to 64,,,,
E07000079,Cotswold,Local Authority District,Job density,2011-01-01/P1Y,0.9,Number of jobs per resident aged 16 to 64,Number of jobs per resident aged 16 to 64,,,,
E07000079,Cotswold,Local Authority District,Job density,2016-01-01/P1Y,1.08,Number of jobs per resident aged 16 to 64,Number of jobs per resident aged 16 to 64,,,,
E07000080,Forest of Dean,Local Authority District,Job density,2019-01-01/P1Y,0.64,Number of jobs per resident aged 16 to 64,Number of jobs per resident aged 16 to 64,,,,
E07000080,Forest of Dean,Local Authority District,Job density,2023-01-01/P1Y,0.69,Number of jobs per resident aged 16 to 64,Number of jobs per resident aged 16 to 64,,,,
E07000080,Forest of Dean,Local Authority District,Job density,2022-01-01/P1Y,0.59,Number of jobs per resident aged 16 to 64,Number of jobs per resident aged 16 to 64,,,,
E07000080,Forest of Dean,Local Authority District,Job density,2024-01-01/P1Y,0.63,Number of jobs per resident aged 16 to 64,Number of jobs per resident aged 16 to 64,,,,
E07000080,Forest of Dean,Local Authority District,Job density,2021-01-01/P1Y,0.59,Number of jobs per resident aged 16 to 64,Number of jobs per resident aged 16 to 64,,,,
E07000080,Forest of Dean,Local Authority District,Job density,2020-01-01/P1Y,0.58,Number of jobs per resident aged 16 to 64,Number of jobs per resident aged 16 to 64,,,,
E07000080,Forest of Dean,Local Authority District,Job density,2018-01-01/P1Y,0.64,Number of jobs per resident aged 16 to 64,Number of jobs per resident aged 16 to 64,,,,
E07000080,Forest of Dean,Local Authority District,Job density,2013-01-01/P1Y,0.59,Number of jobs per resident aged 16 to 64,Number of jobs per resident aged 16 to 64,,,,
E07000080,Forest of Dean,Local Authority District,Job density,2016-01-01/P1Y,0.6,Number of jobs per resident aged 16 to 64,Number of jobs per resident aged 16 to 64,,,,
E07000080,Forest of Dean,Local Authority District,Job density,2015-01-01/P1Y,0.63,Number of jobs per resident aged 16 to 64,Number of jobs per resident aged 16 to 64,,,,
E07000080,Forest of Dean,Local Authority District,Job density,2014-01-01/P1Y,0.61,Number of jobs per resident aged 16 to 64,Number of jobs per resident aged 16 to 64,,,,
E07000080,Forest of Dean,Local Authority District,Job density,2012-01-01/P1Y,0.62,Number of jobs per resident aged 16 to 64,Number of jobs per resident aged 16 to 64,,,,
E07000080,Forest of Dean,Local Authority District,Job density,2011-01-01/P1Y,0.65,Number of jobs per resident aged 16 to 64,Number of jobs per resident aged 16 to 64,,,,
E07000080,Forest of Dean,Local Authority District,Job density,2017-01-01/P1Y,0.55,Number of jobs per resident aged 16 to 64,Number of jobs per resident aged 16 to 64,,,,
E07000081,Gloucester,Local Authority District,Job density,2024-01-01/P1Y,0.87,Number of jobs per resident aged 16 to 64,Number of jobs per resident aged 16 to 64,,,,
E07000081,Gloucester,Local Authority District,Job density,2023-01-01/P1Y,0.87,Number of jobs per resident aged 16 to 64,Number of jobs per resident aged 16 to 64,,,,
E07000081,Gloucester,Local Authority District,Job density,2022-01-01/P1Y,0.85,Number of jobs per resident aged 16 to 64,Number of jobs per resident aged 16 to 64,,,,
E07000081,Gloucester,Local Authority District,Job density,2021-01-01/P1Y,0.89,Number of jobs per resident aged 16 to 64,Number of jobs per resident aged 16 to 64,,,,
E07000081,Gloucester,Local Authority District,Job density,2020-01-01/P1Y,0.86,Number of jobs per resident aged 16 to 64,Number of jobs per resident aged 16 to 64,,,,
E07000081,Gloucester,Local Authority District,Job density,2019-01-01/P1Y,0.9,Number of jobs per resident aged 16 to 64,Number of jobs per resident aged 16 to 64,,,,
E07000081,Gloucester,Local Authority District,Job density,2018-01-01/P1Y,0.87,Number of jobs per resident aged 16 to 64,Number of jobs per resident aged 16 to 64,,,,
E07000081,Gloucester,Local Authority District,Job density,2017-01-01/P1Y,0.84,Number of jobs per resident aged 16 to 64,Number of jobs per resident aged 16 to 64,,,,
E07000081,Gloucester,Local Authority District,Job density,2016-01-01/P1Y,0.81,Number of jobs per resident aged 16 to 64,Number of jobs per resident aged 16 to 64,,,,
E07000081,Gloucester,Local Authority District,Job density,2015-01-01/P1Y,0.84,Number of jobs per resident aged 16 to 64,Number of jobs per resident aged 16 to 64,,,,
E07000081,Gloucester,Local Authority District,Job density,2014-01-01/P1Y,0.83,Number of jobs per resident aged 16 to 64,Number of jobs per resident aged 16 to 64,,,,
E07000081,Gloucester,Local Authority District,Job density,2013-01-01/P1Y,0.82,Number of jobs per resident aged 16 to 64,Number of jobs per resident aged 16 to 64,,,,
E07000081,Gloucester,Local Authority District,Job density,2012-01-01/P1Y,0.83,Number of jobs per resident aged 16 to 64,Number of jobs per resident aged 16 to 64,,,,
E07000081,Gloucester,Local Authority District,Job density,2011-01-01/P1Y,0.83,Number of jobs per resident aged 16 to 64,Number of jobs per resident aged 16 to 64,,,,
E07000082,Stroud,Local Authority District,Job density,2023-01-01/P1Y,0.85,Number of jobs per resident aged 16 to 64,Number of jobs per resident aged 16 to 64,,,,
E07000082,Stroud,Local Authority District,Job density,2022-01-01/P1Y,0.77,Number of jobs per resident aged 16 to 64,Number of jobs per resident aged 16 to 64,,,,
E07000082,Stroud,Local Authority District,Job density,2024-01-01/P1Y,0.87,Number of jobs per resident aged 16 to 64,Number of jobs per resident aged 16 to 64,,,,
E07000082,Stroud,Local Authority District,Job density,2020-01-01/P1Y,0.83,Number of jobs per resident aged 16 to 64,Number of jobs per resident aged 16 to 64,,,,
E07000082,Stroud,Local Authority District,Job density,2019-01-01/P1Y,0.87,Number of jobs per resident aged 16 to 64,Number of jobs per resident aged 16 to 64,,,,
E07000082,Stroud,Local Authority District,Job density,2018-01-01/P1Y,0.9,Number of jobs per resident aged 16 to 64,Number of jobs per resident aged 16 to 64,,,,
E07000082,Stroud,Local Authority District,Job density,2021-01-01/P1Y,0.78,Number of jobs per resident aged 16 to 64,Number of jobs per resident aged 16 to 64,,,,
E07000082,Stroud,Local Authority District,Job density,2016-01-01/P1Y,0.87,Number of jobs per resident aged 16 to 64,Number of jobs per resident aged 16 to 64,,,,
E07000082,Stroud,Local Authority District,Job density,2015-01-01/P1Y,0.86,Number of jobs per resident aged 16 to 64,Number of jobs per resident aged 16 to 64,,,,
E07000082,Stroud,Local Authority District,Job density,2014-01-01/P1Y,0.85,Number of jobs per resident aged 16 to 64,Number of jobs per resident aged 16 to 64,,,,
E07000082,Stroud,Local Authority District,Job density,2013-01-01/P1Y,0.84,Number of jobs per resident aged 16 to 64,Number of jobs per resident aged 16 to 64,,,,
E07000082,Stroud,Local Authority District,Job density,2012-01-01/P1Y,0.86,Number of jobs per resident aged 16 to 64,Number of jobs per resident aged 16 to 64,,,,
E07000082,Stroud,Local Authority District,Job density,2011-01-01/P1Y,0.82,Number of jobs per resident aged 16 to 64,Number of jobs per resident aged 16 to 64,,,,
E07000082,Stroud,Local Authority District,Job density,2017-01-01/P1Y,0.86,Number of jobs per resident aged 16 to 64,Number of jobs per resident aged 16 to 64,,,,
E07000083,Tewkesbury,Local Authority District,Job density,2024-01-01/P1Y,0.9,Number of jobs per resident aged 16 to 64,Number of jobs per resident aged 16 to 64,,,,
E07000083,Tewkesbury,Local Authority District,Job density,2023-01-01/P1Y,0.94,Number of jobs per resident aged 16 to 64,Number of jobs per resident aged 16 to 64,,,,
E07000083,Tewkesbury,Local Authority District,Job density,2022-01-01/P1Y,1.02,Number of jobs per resident aged 16 to 64,Number of jobs per resident aged 16 to 64,,,,
E07000083,Tewkesbury,Local Authority District,Job density,2021-01-01/P1Y,0.93,Number of jobs per resident aged 16 to 64,Number of jobs per resident aged 16 to 64,,,,
E07000083,Tewkesbury,Local Authority District,Job density,2019-01-01/P1Y,1.06,Number of jobs per resident aged 16 to 64,Number of jobs per resident aged 16 to 64,,,,
E07000083,Tewkesbury,Local Authority District,Job density,2018-01-01/P1Y,1.03,Number of jobs per resident aged 16 to 64,Number of jobs per resident aged 16 to 64,,,,
E07000083,Tewkesbury,Local Authority District,Job density,2020-01-01/P1Y,0.95,Number of jobs per resident aged 16 to 64,Number of jobs per resident aged 16 to 64,,,,
E07000083,Tewkesbury,Local Authority District,Job density,2016-01-01/P1Y,1.03,Number of jobs per resident aged 16 to 64,Number of jobs per resident aged 16 to 64,,,,
E07000083,Tewkesbury,Local Authority District,Job density,2015-01-01/P1Y,0.97,Number of jobs per resident aged 16 to 64,Number of jobs per resident aged 16 to 64,,,,
E07000083,Tewkesbury,Local Authority District,Job density,2014-01-01/P1Y,0.96,Number of jobs per resident aged 16 to 64,Number of jobs per resident aged 16 to 64,,,,
E07000083,Tewkesbury,Local Authority District,Job density,2013-01-01/P1Y,0.89,Number of jobs per resident aged 16 to 64,Number of jobs per resident aged 16 to 64,,,,
E07000083,Tewkesbury,Local Authority District,Job density,2012-01-01/P1Y,0.89,Number of jobs per resident aged 16 to 64,Number of jobs per resident aged 16 to 64,,,,
E07000083,Tewkesbury,Local Authority District,Job density,2011-01-01/P1Y,0.87,Number of jobs per resident aged 16 to 64,Number of jobs per resident aged 16 to 64,,,,
E07000083,Tewkesbury,Local Authority District,Job density,2017-01-01/P1Y,1.0,Number of jobs per resident aged 16 to 64,Number of jobs per resident aged 16 to 64,,,,
W92000004,Wales,Nation,Job density,2019-01-01/P1Y,0.79,Number of jobs per resident aged 16 to 64,Number of jobs per resident aged 16 to 64,,,,
W92000004,Wales,Nation,Job density,2020-01-01/P1Y,0.78,Number of jobs per resident aged 16 to 64,Number of jobs per resident aged 16 to 64,,,,
W92000004,Wales,Nation,Job density,2021-01-01/P1Y,0.77,Number of jobs per resident aged 16 to 64,Number of jobs per resident aged 16 to 64,,,,
W92000004,Wales,Nation,Job density,2023-01-01/P1Y,0.77,Number of jobs per resident aged 16 to 64,Number of jobs per resident aged 16 to 64,,,,
W92000004,Wales,Nation,Job density,2022-01-01/P1Y,0.77,Number of jobs per resident aged 16 to 64,Number of jobs per resident aged 16 to 64,,,,
W92000004,Wales,Nation,Job density,2024-01-01/P1Y,0.76,Number of jobs per resident aged 16 to 64,Number of jobs per resident aged 16 to 64,,,,
W92000004,Wales,Nation,Job density,2018-01-01/P1Y,0.79,Number of jobs per resident aged 16 to 64,Number of jobs per resident aged 16 to 64,,,,
W92000004,Wales,Nation,Job density,2017-01-01/P1Y,0.77,Number of jobs per resident aged 16 to 64,Number of jobs per resident aged 16 to 64,,,,
W92000004,Wales,Nation,Job density,2011-01-01/P1Y,0.7,Number of jobs per resident aged 16 to 64,Number of jobs per resident aged 16 to 64,,,,
W92000004,Wales,Nation,Job density,2012-01-01/P1Y,0.71,Number of jobs per resident aged 16 to 64,Number of jobs per resident aged 16 to 64,,,,
W92000004,Wales,Nation,Job density,2013-01-01/P1Y,0.73,Number of jobs per resident aged 16 to 64,Number of jobs per resident aged 16 to 64,,,,
W92000004,Wales,Nation,Job density,2014-01-01/P1Y,0.73,Number of jobs per resident aged 16 to 64,Number of jobs per resident aged 16 to 64,,,,
W92000004,Wales,Nation,Job density,2015-01-01/P1Y,0.75,Number of jobs per resident aged 16 to 64,Number of jobs per resident aged 16 to 64,,,,
W92000004,Wales,Nation,Job density,2016-01-01/P1Y,0.78,Number of jobs per resident aged 16 to 64,Number of jobs per resident aged 16 to 64,,,,
W06000001,Isle of Anglesey,Local Authority District,Job density,2019-01-01/P1Y,0.71,Number of jobs per resident aged 16 to 64,Number of jobs per resident aged 16 to 64,,,,
W06000001,Isle of Anglesey,Local Authority District,Job density,2020-01-01/P1Y,0.69,Number of jobs per resident aged 16 to 64,Number of jobs per resident aged 16 to 64,,,,
W06000001,Isle of Anglesey,Local Authority District,Job density,2021-01-01/P1Y,0.67,Number of jobs per resident aged 16 to 64,Number of jobs per resident aged 16 to 64,,,,
W06000001,Isle of Anglesey,Local Authority District,Job density,2023-01-01/P1Y,0.7,Number of jobs per resident aged 16 to 64,Number of jobs per resident aged 16 to 64,,,,
W06000001,Isle of Anglesey,Local Authority District,Job density,2022-01-01/P1Y,0.73,Number of jobs per resident aged 16 to 64,Number of jobs per resident aged 16 to 64,,,,
W06000001,Isle of Anglesey,Local Authority District,Job density,2018-01-01/P1Y,0.71,Number of jobs per resident aged 16 to 64,Number of jobs per resident aged 16 to 64,,,,
W06000001,Isle of Anglesey,Local Authority District,Job density,2024-01-01/P1Y,0.71,Number of jobs per resident aged 16 to 64,Number of jobs per resident aged 16 to 64,,,,
W06000001,Isle of Anglesey,Local Authority District,Job density,2017-01-01/P1Y,0.66,Number of jobs per resident aged 16 to 64,Number of jobs per resident aged 16 to 64,,,,
W06000001,Isle of Anglesey,Local Authority District,Job density,2011-01-01/P1Y,0.59,Number of jobs per resident aged 16 to 64,Number of jobs per resident aged 16 to 64,,,,
W06000001,Isle of Anglesey,Local Authority District,Job density,2012-01-01/P1Y,0.62,Number of jobs per resident aged 16 to 64,Number of jobs per resident aged 16 to 64,,,,
W06000001,Isle of Anglesey,Local Authority District,Job density,2013-01-01/P1Y,0.6,Number of jobs per resident aged 16 to 64,Number of jobs per resident aged 16 to 64,,,,
W06000001,Isle of Anglesey,Local Authority District,Job density,2014-01-01/P1Y,0.62,Number of jobs per resident aged 16 to 64,Number of jobs per resident aged 16 to 64,,,,
W06000001,Isle of Anglesey,Local Authority District,Job density,2015-01-01/P1Y,0.64,Number of jobs per resident aged 16 to 64,Number of jobs per resident aged 16 to 64,,,,
W06000001,Isle of Anglesey,Local Authority District,Job density,2016-01-01/P1Y,0.67,Number of jobs per resident aged 16 to 64,Number of jobs per resident aged 16 to 64,,,,
W06000002,Gwynedd,Local Authority District,Job density,2019-01-01/P1Y,0.94,Number of jobs per resident aged 16 to 64,Number of jobs per resident aged 16 to 64,,,,
W06000002,Gwynedd,Local Authority District,Job density,2020-01-01/P1Y,0.92,Number of jobs per resident aged 16 to 64,Number of jobs per resident aged 16 to 64,,,,
W06000002,Gwynedd,Local Authority District,Job density,2021-01-01/P1Y,0.87,Number of jobs per resident aged 16 to 64,Number of jobs per resident aged 16 to 64,,,,
W06000002,Gwynedd,Local Authority District,Job density,2022-01-01/P1Y,0.91,Number of jobs per resident aged 16 to 64,Number of jobs per resident aged 16 to 64,,,,
W06000002,Gwynedd,Local Authority District,Job density,2023-01-01/P1Y,0.92,Number of jobs per resident aged 16 to 64,Number of jobs per resident aged 16 to 64,,,,
W06000002,Gwynedd,Local Authority District,Job density,2024-01-01/P1Y,0.93,Number of jobs per resident aged 16 to 64,Number of jobs per resident aged 16 to 64,,,,
W06000002,Gwynedd,Local Authority District,Job density,2018-01-01/P1Y,0.96,Number of jobs per resident aged 16 to 64,Number of jobs per resident aged 16 to 64,,,,
W06000002,Gwynedd,Local Authority District,Job density,2017-01-01/P1Y,0.94,Number of jobs per resident aged 16 to 64,Number of jobs per resident aged 16 to 64,,,,
W06000002,Gwynedd,Local Authority District,Job density,2011-01-01/P1Y,0.79,Number of jobs per resident aged 16 to 64,Number of jobs per resident aged 16 to 64,,,,
W06000002,Gwynedd,Local Authority District,Job density,2012-01-01/P1Y,0.85,Number of jobs per resident aged 16 to 64,Number of jobs per resident aged 16 to 64,,,,
W06000002,Gwynedd,Local Authority District,Job density,2013-01-01/P1Y,0.89,Number of jobs per resident aged 16 to 64,Number of jobs per resident aged 16 to 64,,,,
W06000002,Gwynedd,Local Authority District,Job density,2014-01-01/P1Y,0.86,Number of jobs per resident aged 16 to 64,Number of jobs per resident aged 16 to 64,,,,
W06000002,Gwynedd,Local Authority District,Job density,2015-01-01/P1Y,0.92,Number of jobs per resident aged 16 to 64,Number of jobs per resident aged 16 to 64,,,,
W06000002,Gwynedd,Local Authority District,Job density,2016-01-01/P1Y,0.95,Number of jobs per resident aged 16 to 64,Number of jobs per resident aged 16 to 64,,,,
W06000003,Conwy,Local Authority District,Job density,2019-01-01/P1Y,0.77,Number of jobs per resident aged 16 to 64,Number of jobs per resident aged 16 to 64,,,,
W06000003,Conwy,Local Authority District,Job density,2020-01-01/P1Y,0.8,Number of jobs per resident aged 16 to 64,Number of jobs per resident aged 16 to 64,,,,
W06000003,Conwy,Local Authority District,Job density,2021-01-01/P1Y,0.75,Number of jobs per resident aged 16 to 64,Number of jobs per resident aged 16 to 64,,,,
W06000003,Conwy,Local Authority District,Job density,2022-01-01/P1Y,0.81,Number of jobs per resident aged 16 to 64,Number of jobs per resident aged 16 to 64,,,,
W06000003,Conwy,Local Authority District,Job density,2023-01-01/P1Y,0.8,Number of jobs per resident aged 16 to 64,Number of jobs per resident aged 16 to 64,,,,
W06000003,Conwy,Local Authority District,Job density,2024-01-01/P1Y,0.82,Number of jobs per resident aged 16 to 64,Number of jobs per resident aged 16 to 64,,,,
W06000003,Conwy,Local Authority District,Job density,2018-01-01/P1Y,0.77,Number of jobs per resident aged 16 to 64,Number of jobs per resident aged 16 to 64,,,,
W06000003,Conwy,Local Authority District,Job density,2017-01-01/P1Y,0.79,Number of jobs per resident aged 16 to 64,Number of jobs per resident aged 16 to 64,,,,
W06000003,Conwy,Local Authority District,Job density,2011-01-01/P1Y,0.67,Number of jobs per resident aged 16 to 64,Number of jobs per resident aged 16 to 64,,,,
W06000003,Conwy,Local Authority District,Job density,2012-01-01/P1Y,0.7,Number of jobs per resident aged 16 to 64,Number of jobs per resident aged 16 to 64,,,,
W06000003,Conwy,Local Authority District,Job density,2013-01-01/P1Y,0.72,Number of jobs per resident aged 16 to 64,Number of jobs per resident aged 16 to 64,,,,
W06000003,Conwy,Local Authority District,Job density,2014-01-01/P1Y,0.71,Number of jobs per resident aged 16 to 64,Number of jobs per resident aged 16 to 64,,,,
W06000003,Conwy,Local Authority District,Job density,2016-01-01/P1Y,0.81,Number of jobs per resident aged 16 to 64,Number of jobs per resident aged 16 to 64,,,,
W06000003,Conwy,Local Authority District,Job density,2015-01-01/P1Y,0.77,Number of jobs per resident aged 16 to 64,Number of jobs per resident aged 16 to 64,,,,
W06000004,Denbighshire,Local Authority District,Job density,2024-01-01/P1Y,0.91,Number of jobs per resident aged 16 to 64,Number of jobs per resident aged 16 to 64,,,,
W06000004,Denbighshire,Local Authority District,Job density,2023-01-01/P1Y,0.87,Number of jobs per resident aged 16 to 64,Number of jobs per resident aged 16 to 64,,,,
W06000004,Denbighshire,Local Authority District,Job density,2022-01-01/P1Y,0.87,Number of jobs per resident aged 16 to 64,Number of jobs per resident aged 16 to 64,,,,
W06000004,Denbighshire,Local Authority District,Job density,2018-01-01/P1Y,0.89,Number of jobs per resident aged 16 to 64,Number of jobs per resident aged 16 to 64,,,,
W06000004,Denbighshire,Local Authority District,Job density,2021-01-01/P1Y,0.85,Number of jobs per resident aged 16 to 64,Number of jobs per resident aged 16 to 64,,,,
W06000004,Denbighshire,Local Authority District,Job density,2020-01-01/P1Y,0.87,Number of jobs per resident aged 16 to 64,Number of jobs per resident aged 16 to 64,,,,
W06000004,Denbighshire,Local Authority District,Job density,2019-01-01/P1Y,0.86,Number of jobs per resident aged 16 to 64,Number of jobs per resident aged 16 to 64,,,,
W06000004,Denbighshire,Local Authority District,Job density,2016-01-01/P1Y,0.83,Number of jobs per resident aged 16 to 64,Number of jobs per resident aged 16 to 64,,,,
W06000004,Denbighshire,Local Authority District,Job density,2017-01-01/P1Y,0.85,Number of jobs per resident aged 16 to 64,Number of jobs per resident aged 16 to 64,,,,
W06000004,Denbighshire,Local Authority District,Job density,2011-01-01/P1Y,0.75,Number of jobs per resident aged 16 to 64,Number of jobs per resident aged 16 to 64,,,,
W06000004,Denbighshire,Local Authority District,Job density,2012-01-01/P1Y,0.77,Number of jobs per resident aged 16 to 64,Number of jobs per resident aged 16 to 64,,,,
W06000004,Denbighshire,Local Authority District,Job density,2013-01-01/P1Y,0.8,Number of jobs per resident aged 16 to 64,Number of jobs per resident aged 16 to 64,,,,
W06000004,Denbighshire,Local Authority District,Job density,2014-01-01/P1Y,0.77,Number of jobs per resident aged 16 to 64,Number of jobs per resident aged 16 to 64,,,,
W06000004,Denbighshire,Local Authority District,Job density,2015-01-01/P1Y,0.8,Number of jobs per resident aged 16 to 64,Number of jobs per resident aged 16 to 64,,,,
W06000005,Flintshire,Local Authority District,Job density,2018-01-01/P1Y,0.89,Number of jobs per resident aged 16 to 64,Number of jobs per resident aged 16 to 64,,,,
W06000005,Flintshire,Local Authority District,Job density,2019-01-01/P1Y,0.9,Number of jobs per resident aged 16 to 64,Number of jobs per resident aged 16 to 64,,,,
W06000005,Flintshire,Local Authority District,Job density,2020-01-01/P1Y,0.87,Number of jobs per resident aged 16 to 64,Number of jobs per resident aged 16 to 64,,,,
W06000005,Flintshire,Local Authority District,Job density,2021-01-01/P1Y,0.86,Number of jobs per resident aged 16 to 64,Number of jobs per resident aged 16 to 64,,,,
W06000005,Flintshire,Local Authority District,Job density,2022-01-01/P1Y,0.84,Number of jobs per resident aged 16 to 64,Number of jobs per resident aged 16 to 64,,,,
W06000005,Flintshire,Local Authority District,Job density,2023-01-01/P1Y,0.83,Number of jobs per resident aged 16 to 64,Number of jobs per resident aged 16 to 64,,,,
W06000005,Flintshire,Local Authority District,Job density,2024-01-01/P1Y,0.82,Number of jobs per resident aged 16 to 64,Number of jobs per resident aged 16 to 64,,,,
W06000005,Flintshire,Local Authority District,Job density,2017-01-01/P1Y,0.84,Number of jobs per resident aged 16 to 64,Number of jobs per resident aged 16 to 64,,,,
W06000005,Flintshire,Local Authority District,Job density,2016-01-01/P1Y,0.87,Number of jobs per resident aged 16 to 64,Number of jobs per resident aged 16 to 64,,,,
W06000005,Flintshire,Local Authority District,Job density,2011-01-01/P1Y,0.79,Number of jobs per resident aged 16 to 64,Number of jobs per resident aged 16 to 64,,,,
W06000005,Flintshire,Local Authority District,Job density,2012-01-01/P1Y,0.8,Number of jobs per resident aged 16 to 64,Number of jobs per resident aged 16 to 64,,,,
W06000005,Flintshire,Local Authority District,Job density,2013-01-01/P1Y,0.8,Number of jobs per resident aged 16 to 64,Number of jobs per resident aged 16 to 64,,,,
W06000005,Flintshire,Local Authority District,Job density,2014-01-01/P1Y,0.85,Number of jobs per resident aged 16 to 64,Number of jobs per resident aged 16 to 64,,,,
W06000005,Flintshire,Local Authority District,Job density,2015-01-01/P1Y,0.86,Number of jobs per resident aged 16 to 64,Number of jobs per resident aged 16 to 64,,,,
W06000006,Wrexham,Local Authority District,Job density,2019-01-01/P1Y,0.82,Number of jobs per resident aged 16 to 64,Number of jobs per resident aged 16 to 64,,,,
W06000006,Wrexham,Local Authority District,Job density,2020-01-01/P1Y,0.84,Number of jobs per resident aged 16 to 64,Number of jobs per resident aged 16 to 64,,,,
W06000006,Wrexham,Local Authority District,Job density,2021-01-01/P1Y,0.84,Number of jobs per resident aged 16 to 64,Number of jobs per resident aged 16 to 64,,,,
W06000006,Wrexham,Local Authority District,Job density,2023-01-01/P1Y,0.78,Number of jobs per resident aged 16 to 64,Number of jobs per resident aged 16 to 64,,,,
W06000006,Wrexham,Local Authority District,Job density,2022-01-01/P1Y,0.81,Number of jobs per resident aged 16 to 64,Number of jobs per resident aged 16 to 64,,,,
W06000006,Wrexham,Local Authority District,Job density,2024-01-01/P1Y,0.75,Number of jobs per resident aged 16 to 64,Number of jobs per resident aged 16 to 64,,,,
W06000006,Wrexham,Local Authority District,Job density,2018-01-01/P1Y,0.81,Number of jobs per resident aged 16 to 64,Number of jobs per resident aged 16 to 64,,,,
W06000006,Wrexham,Local Authority District,Job density,2011-01-01/P1Y,0.71,Number of jobs per resident aged 16 to 64,Number of jobs per resident aged 16 to 64,,,,
W06000006,Wrexham,Local Authority District,Job density,2017-01-01/P1Y,0.77,Number of jobs per resident aged 16 to 64,Number of jobs per resident aged 16 to 64,,,,
W06000006,Wrexham,Local Authority District,Job density,2012-01-01/P1Y,0.72,Number of jobs per resident aged 16 to 64,Number of jobs per resident aged 16 to 64,,,,
W06000006,Wrexham,Local Authority District,Job density,2013-01-01/P1Y,0.74,Number of jobs per resident aged 16 to 64,Number of jobs per resident aged 16 to 64,,,,
W06000006,Wrexham,Local Authority District,Job density,2014-01-01/P1Y,0.74,Number of jobs per resident aged 16 to 64,Number of jobs per resident aged 16 to 64,,,,
W06000006,Wrexham,Local Authority District,Job density,2015-01-01/P1Y,0.73,Number of jobs per resident aged 16 to 64,Number of jobs per resident aged 16 to 64,,,,
W06000006,Wrexham,Local Authority District,Job density,2016-01-01/P1Y,0.74,Number of jobs per resident aged 16 to 64,Number of jobs per resident aged 16 to 64,,,,
W06000023,Powys,Local Authority District,Job density,2021-01-01/P1Y,0.86,Number of jobs per resident aged 16 to 64,Number of jobs per resident aged 16 to 64,,,,
W06000023,Powys,Local Authority District,Job density,2019-01-01/P1Y,0.91,Number of jobs per resident aged 16 to 64,Number of jobs per resident aged 16 to 64,,,,
W06000023,Powys,Local Authority District,Job density,2020-01-01/P1Y,0.88,Number of jobs per resident aged 16 to 64,Number of jobs per resident aged 16 to 64,,,,
W06000023,Powys,Local Authority District,Job density,2018-01-01/P1Y,0.92,Number of jobs per resident aged 16 to 64,Number of jobs per resident aged 16 to 64,,,,
W06000023,Powys,Local Authority District,Job density,2022-01-01/P1Y,0.87,Number of jobs per resident aged 16 to 64,Number of jobs per resident aged 16 to 64,,,,
W06000023,Powys,Local Authority District,Job density,2023-01-01/P1Y,0.89,Number of jobs per resident aged 16 to 64,Number of jobs per resident aged 16 to 64,,,,
W06000023,Powys,Local Authority District,Job density,2024-01-01/P1Y,0.83,Number of jobs per resident aged 16 to 64,Number of jobs per resident aged 16 to 64,,,,
W06000023,Powys,Local Authority District,Job density,2011-01-01/P1Y,0.81,Number of jobs per resident aged 16 to 64,Number of jobs per resident aged 16 to 64,,,,
W06000023,Powys,Local Authority District,Job density,2017-01-01/P1Y,0.89,Number of jobs per resident aged 16 to 64,Number of jobs per resident aged 16 to 64,,,,
W06000023,Powys,Local Authority District,Job density,2012-01-01/P1Y,0.83,Number of jobs per resident aged 16 to 64,Number of jobs per resident aged 16 to 64,,,,
W06000023,Powys,Local Authority District,Job density,2013-01-01/P1Y,0.86,Number of jobs per resident aged 16 to 64,Number of jobs per resident aged 16 to 64,,,,
W06000023,Powys,Local Authority District,Job density,2014-01-01/P1Y,0.83,Number of jobs per resident aged 16 to 64,Number of jobs per resident aged 16 to 64,,,,
W06000023,Powys,Local Authority District,Job density,2015-01-01/P1Y,0.9,Number of jobs per resident aged 16 to 64,Number of jobs per resident aged 16 to 64,,,,
W06000023,Powys,Local Authority District,Job density,2016-01-01/P1Y,0.93,Number of jobs per resident aged 16 to 64,Number of jobs per resident aged 16 to 64,,,,
W06000008,Ceredigion,Local Authority District,Job density,2021-01-01/P1Y,0.84,Number of jobs per resident aged 16 to 64,Number of jobs per resident aged 16 to 64,,,,
W06000008,Ceredigion,Local Authority District,Job density,2019-01-01/P1Y,0.87,Number of jobs per resident aged 16 to 64,Number of jobs per resident aged 16 to 64,,,,
W06000008,Ceredigion,Local Authority District,Job density,2020-01-01/P1Y,0.83,Number of jobs per resident aged 16 to 64,Number of jobs per resident aged 16 to 64,,,,
W06000008,Ceredigion,Local Authority District,Job density,2024-01-01/P1Y,0.82,Number of jobs per resident aged 16 to 64,Number of jobs per resident aged 16 to 64,,,,
W06000008,Ceredigion,Local Authority District,Job density,2022-01-01/P1Y,0.84,Number of jobs per resident aged 16 to 64,Number of jobs per resident aged 16 to 64,,,,
W06000008,Ceredigion,Local Authority District,Job density,2023-01-01/P1Y,0.84,Number of jobs per resident aged 16 to 64,Number of jobs per resident aged 16 to 64,,,,
W06000008,Ceredigion,Local Authority District,Job density,2018-01-01/P1Y,0.82,Number of jobs per resident aged 16 to 64,Number of jobs per resident aged 16 to 64,,,,
W06000008,Ceredigion,Local Authority District,Job density,2011-01-01/P1Y,0.73,Number of jobs per resident aged 16 to 64,Number of jobs per resident aged 16 to 64,,,,
W06000008,Ceredigion,Local Authority District,Job density,2017-01-01/P1Y,0.8,Number of jobs per resident aged 16 to 64,Number of jobs per resident aged 16 to 64,,,,
W06000008,Ceredigion,Local Authority District,Job density,2012-01-01/P1Y,0.7,Number of jobs per resident aged 16 to 64,Number of jobs per resident aged 16 to 64,,,,
W06000008,Ceredigion,Local Authority District,Job density,2013-01-01/P1Y,0.73,Number of jobs per resident aged 16 to 64,Number of jobs per resident aged 16 to 64,,,,
W06000008,Ceredigion,Local Authority District,Job density,2014-01-01/P1Y,0.72,Number of jobs per resident aged 16 to 64,Number of jobs per resident aged 16 to 64,,,,
W06000008,Ceredigion,Local Authority District,Job density,2015-01-01/P1Y,0.8,Number of jobs per resident aged 16 to 64,Number of jobs per resident aged 16 to 64,,,,
W06000008,Ceredigion,Local Authority District,Job density,2016-01-01/P1Y,0.88,Number of jobs per resident aged 16 to 64,Number of jobs per resident aged 16 to 64,,,,
W06000009,Pembrokeshire,Local Authority District,Job density,2019-01-01/P1Y,0.85,Number of jobs per resident aged 16 to 64,Number of jobs per resident aged 16 to 64,,,,
W06000009,Pembrokeshire,Local Authority District,Job density,2020-01-01/P1Y,0.83,Number of jobs per resident aged 16 to 64,Number of jobs per resident aged 16 to 64,,,,
W06000009,Pembrokeshire,Local Authority District,Job density,2021-01-01/P1Y,0.79,Number of jobs per resident aged 16 to 64,Number of jobs per resident aged 16 to 64,,,,
W06000009,Pembrokeshire,Local Authority District,Job density,2022-01-01/P1Y,0.82,Number of jobs per resident aged 16 to 64,Number of jobs per resident aged 16 to 64,,,,
W06000009,Pembrokeshire,Local Authority District,Job density,2023-01-01/P1Y,0.82,Number of jobs per resident aged 16 to 64,Number of jobs per resident aged 16 to 64,,,,
W06000009,Pembrokeshire,Local Authority District,Job density,2024-01-01/P1Y,0.8,Number of jobs per resident aged 16 to 64,Number of jobs per resident aged 16 to 64,,,,
W06000009,Pembrokeshire,Local Authority District,Job density,2018-01-01/P1Y,0.84,Number of jobs per resident aged 16 to 64,Number of jobs per resident aged 16 to 64,,,,
W06000009,Pembrokeshire,Local Authority District,Job density,2017-01-01/P1Y,0.79,Number of jobs per resident aged 16 to 64,Number of jobs per resident aged 16 to 64,,,,
W06000009,Pembrokeshire,Local Authority District,Job density,2011-01-01/P1Y,0.75,Number of jobs per resident aged 16 to 64,Number of jobs per resident aged 16 to 64,,,,
W06000009,Pembrokeshire,Local Authority District,Job density,2012-01-01/P1Y,0.77,Number of jobs per resident aged 16 to 64,Number of jobs per resident aged 16 to 64,,,,
W06000009,Pembrokeshire,Local Authority District,Job density,2013-01-01/P1Y,0.78,Number of jobs per resident aged 16 to 64,Number of jobs per resident aged 16 to 64,,,,
W06000009,Pembrokeshire,Local Authority District,Job density,2014-01-01/P1Y,0.77,Number of jobs per resident aged 16 to 64,Number of jobs per resident aged 16 to 64,,,,
W06000009,Pembrokeshire,Local Authority District,Job density,2015-01-01/P1Y,0.77,Number of jobs per resident aged 16 to 64,Number of jobs per resident aged 16 to 64,,,,
W06000009,Pembrokeshire,Local Authority District,Job density,2016-01-01/P1Y,0.84,Number of jobs per resident aged 16 to 64,Number of jobs per resident aged 16 to 64,,,,
W06000010,Carmarthenshire,Local Authority District,Job density,2021-01-01/P1Y,0.73,Number of jobs per resident aged 16 to 64,Number of jobs per resident aged 16 to 64,,,,
W06000010,Carmarthenshire,Local Authority District,Job density,2019-01-01/P1Y,0.75,Number of jobs per resident aged 16 to 64,Number of jobs per resident aged 16 to 64,,,,
W06000010,Carmarthenshire,Local Authority District,Job density,2020-01-01/P1Y,0.73,Number of jobs per resident aged 16 to 64,Number of jobs per resident aged 16 to 64,,,,
W06000010,Carmarthenshire,Local Authority District,Job density,2018-01-01/P1Y,0.74,Number of jobs per resident aged 16 to 64,Number of jobs per resident aged 16 to 64,,,,
W06000010,Carmarthenshire,Local Authority District,Job density,2022-01-01/P1Y,0.73,Number of jobs per resident aged 16 to 64,Number of jobs per resident aged 16 to 64,,,,
W06000010,Carmarthenshire,Local Authority District,Job density,2023-01-01/P1Y,0.76,Number of jobs per resident aged 16 to 64,Number of jobs per resident aged 16 to 64,,,,
W06000010,Carmarthenshire,Local Authority District,Job density,2024-01-01/P1Y,0.77,Number of jobs per resident aged 16 to 64,Number of jobs per resident aged 16 to 64,,,,
W06000010,Carmarthenshire,Local Authority District,Job density,2017-01-01/P1Y,0.77,Number of jobs per resident aged 16 to 64,Number of jobs per resident aged 16 to 64,,,,
W06000010,Carmarthenshire,Local Authority District,Job density,2011-01-01/P1Y,0.66,Number of jobs per resident aged 16 to 64,Number of jobs per resident aged 16 to 64,,,,
W06000010,Carmarthenshire,Local Authority District,Job density,2012-01-01/P1Y,0.67,Number of jobs per resident aged 16 to 64,Number of jobs per resident aged 16 to 64,,,,
W06000010,Carmarthenshire,Local Authority District,Job density,2013-01-01/P1Y,0.7,Number of jobs per resident aged 16 to 64,Number of jobs per resident aged 16 to 64,,,,
W06000010,Carmarthenshire,Local Authority District,Job density,2014-01-01/P1Y,0.7,Number of jobs per resident aged 16 to 64,Number of jobs per resident aged 16 to 64,,,,
W06000010,Carmarthenshire,Local Authority District,Job density,2015-01-01/P1Y,0.73,Number of jobs per resident aged 16 to 64,Number of jobs per resident aged 16 to 64,,,,
W06000010,Carmarthenshire,Local Authority District,Job density,2016-01-01/P1Y,0.77,Number of jobs per resident aged 16 to 64,Number of jobs per resident aged 16 to 64,,,,
W06000011,Swansea,Local Authority District,Job density,2019-01-01/P1Y,0.84,Number of jobs per resident aged 16 to 64,Number of jobs per resident aged 16 to 64,,,,
W06000011,Swansea,Local Authority District,Job density,2020-01-01/P1Y,0.82,Number of jobs per resident aged 16 to 64,Number of jobs per resident aged 16 to 64,,,,
W06000011,Swansea,Local Authority District,Job density,2021-01-01/P1Y,0.79,Number of jobs per resident aged 16 to 64,Number of jobs per resident aged 16 to 64,,,,
W06000011,Swansea,Local Authority District,Job density,2023-01-01/P1Y,0.77,Number of jobs per resident aged 16 to 64,Number of jobs per resident aged 16 to 64,,,,
W06000011,Swansea,Local Authority District,Job density,2022-01-01/P1Y,0.8,Number of jobs per resident aged 16 to 64,Number of jobs per resident aged 16 to 64,,,,
W06000011,Swansea,Local Authority District,Job density,2024-01-01/P1Y,0.75,Number of jobs per resident aged 16 to 64,Number of jobs per resident aged 16 to 64,,,,
W06000011,Swansea,Local Authority District,Job density,2018-01-01/P1Y,0.83,Number of jobs per resident aged 16 to 64,Number of jobs per resident aged 16 to 64,,,,
W06000011,Swansea,Local Authority District,Job density,2011-01-01/P1Y,0.74,Number of jobs per resident aged 16 to 64,Number of jobs per resident aged 16 to 64,,,,
W06000011,Swansea,Local Authority District,Job density,2017-01-01/P1Y,0.82,Number of jobs per resident aged 16 to 64,Number of jobs per resident aged 16 to 64,,,,
W06000011,Swansea,Local Authority District,Job density,2012-01-01/P1Y,0.72,Number of jobs per resident aged 16 to 64,Number of jobs per resident aged 16 to 64,,,,
W06000011,Swansea,Local Authority District,Job density,2013-01-01/P1Y,0.77,Number of jobs per resident aged 16 to 64,Number of jobs per resident aged 16 to 64,,,,
W06000011,Swansea,Local Authority District,Job density,2014-01-01/P1Y,0.8,Number of jobs per resident aged 16 to 64,Number of jobs per resident aged 16 to 64,,,,
W06000011,Swansea,Local Authority District,Job density,2015-01-01/P1Y,0.8,Number of jobs per resident aged 16 to 64,Number of jobs per resident aged 16 to 64,,,,
W06000011,Swansea,Local Authority District,Job density,2016-01-01/P1Y,0.82,Number of jobs per resident aged 16 to 64,Number of jobs per resident aged 16 to 64,,,,
W06000012,Neath Port Talbot,Local Authority District,Job density,2021-01-01/P1Y,0.64,Number of jobs per resident aged 16 to 64,Number of jobs per resident aged 16 to 64,,,,
W06000012,Neath Port Talbot,Local Authority District,Job density,2019-01-01/P1Y,0.65,Number of jobs per resident aged 16 to 64,Number of jobs per resident aged 16 to 64,,,,
W06000012,Neath Port Talbot,Local Authority District,Job density,2020-01-01/P1Y,0.64,Number of jobs per resident aged 16 to 64,Number of jobs per resident aged 16 to 64,,,,
W06000012,Neath Port Talbot,Local Authority District,Job density,2018-01-01/P1Y,0.62,Number of jobs per resident aged 16 to 64,Number of jobs per resident aged 16 to 64,,,,
W06000012,Neath Port Talbot,Local Authority District,Job density,2022-01-01/P1Y,0.63,Number of jobs per resident aged 16 to 64,Number of jobs per resident aged 16 to 64,,,,
W06000012,Neath Port Talbot,Local Authority District,Job density,2023-01-01/P1Y,0.63,Number of jobs per resident aged 16 to 64,Number of jobs per resident aged 16 to 64,,,,
W06000012,Neath Port Talbot,Local Authority District,Job density,2024-01-01/P1Y,0.61,Number of jobs per resident aged 16 to 64,Number of jobs per resident aged 16 to 64,,,,
W06000012,Neath Port Talbot,Local Authority District,Job density,2017-01-01/P1Y,0.6,Number of jobs per resident aged 16 to 64,Number of jobs per resident aged 16 to 64,,,,
W06000012,Neath Port Talbot,Local Authority District,Job density,2011-01-01/P1Y,0.56,Number of jobs per resident aged 16 to 64,Number of jobs per resident aged 16 to 64,,,,
W06000012,Neath Port Talbot,Local Authority District,Job density,2012-01-01/P1Y,0.59,Number of jobs per resident aged 16 to 64,Number of jobs per resident aged 16 to 64,,,,
W06000012,Neath Port Talbot,Local Authority District,Job density,2013-01-01/P1Y,0.59,Number of jobs per resident aged 16 to 64,Number of jobs per resident aged 16 to 64,,,,
W06000012,Neath Port Talbot,Local Authority District,Job density,2014-01-01/P1Y,0.59,Number of jobs per resident aged 16 to 64,Number of jobs per resident aged 16 to 64,,,,
W06000012,Neath Port Talbot,Local Authority District,Job density,2015-01-01/P1Y,0.61,Number of jobs per resident aged 16 to 64,Number of jobs per resident aged 16 to 64,,,,
W06000012,Neath Port Talbot,Local Authority District,Job density,2016-01-01/P1Y,0.65,Number of jobs per resident aged 16 to 64,Number of jobs per resident aged 16 to 64,,,,
W06000013,Bridgend,Local Authority District,Job density,2021-01-01/P1Y,0.71,Number of jobs per resident aged 16 to 64,Number of jobs per resident aged 16 to 64,,,,
W06000013,Bridgend,Local Authority District,Job density,2019-01-01/P1Y,0.7,Number of jobs per resident aged 16 to 64,Number of jobs per resident aged 16 to 64,,,,
W06000013,Bridgend,Local Authority District,Job density,2020-01-01/P1Y,0.69,Number of jobs per resident aged 16 to 64,Number of jobs per resident aged 16 to 64,,,,
W06000013,Bridgend,Local Authority District,Job density,2024-01-01/P1Y,0.69,Number of jobs per resident aged 16 to 64,Number of jobs per resident aged 16 to 64,,,,
W06000013,Bridgend,Local Authority District,Job density,2022-01-01/P1Y,0.71,Number of jobs per resident aged 16 to 64,Number of jobs per resident aged 16 to 64,,,,
W06000013,Bridgend,Local Authority District,Job density,2023-01-01/P1Y,0.68,Number of jobs per resident aged 16 to 64,Number of jobs per resident aged 16 to 64,,,,
W06000013,Bridgend,Local Authority District,Job density,2018-01-01/P1Y,0.74,Number of jobs per resident aged 16 to 64,Number of jobs per resident aged 16 to 64,,,,
W06000013,Bridgend,Local Authority District,Job density,2017-01-01/P1Y,0.72,Number of jobs per resident aged 16 to 64,Number of jobs per resident aged 16 to 64,,,,
W06000013,Bridgend,Local Authority District,Job density,2011-01-01/P1Y,0.68,Number of jobs per resident aged 16 to 64,Number of jobs per resident aged 16 to 64,,,,
W06000013,Bridgend,Local Authority District,Job density,2012-01-01/P1Y,0.68,Number of jobs per resident aged 16 to 64,Number of jobs per resident aged 16 to 64,,,,
W06000013,Bridgend,Local Authority District,Job density,2013-01-01/P1Y,0.7,Number of jobs per resident aged 16 to 64,Number of jobs per resident aged 16 to 64,,,,
W06000013,Bridgend,Local Authority District,Job density,2014-01-01/P1Y,0.73,Number of jobs per resident aged 16 to 64,Number of jobs per resident aged 16 to 64,,,,
W06000013,Bridgend,Local Authority District,Job density,2015-01-01/P1Y,0.76,Number of jobs per resident aged 16 to 64,Number of jobs per resident aged 16 to 64,,,,
W06000013,Bridgend,Local Authority District,Job density,2016-01-01/P1Y,0.71,Number of jobs per resident aged 16 to 64,Number of jobs per resident aged 16 to 64,,,,
W06000014,Vale of Glamorgan,Local Authority District,Job density,2019-01-01/P1Y,0.63,Number of jobs per resident aged 16 to 64,Number of jobs per resident aged 16 to 64,,,,
W06000014,Vale of Glamorgan,Local Authority District,Job density,2020-01-01/P1Y,0.6,Number of jobs per resident aged 16 to 64,Number of jobs per resident aged 16 to 64,,,,
W06000014,Vale of Glamorgan,Local Authority District,Job density,2021-01-01/P1Y,0.6,Number of jobs per resident aged 16 to 64,Number of jobs per resident aged 16 to 64,,,,
W06000014,Vale of Glamorgan,Local Authority District,Job density,2022-01-01/P1Y,0.62,Number of jobs per resident aged 16 to 64,Number of jobs per resident aged 16 to 64,,,,
W06000014,Vale of Glamorgan,Local Authority District,Job density,2023-01-01/P1Y,0.63,Number of jobs per resident aged 16 to 64,Number of jobs per resident aged 16 to 64,,,,
W06000014,Vale of Glamorgan,Local Authority District,Job density,2024-01-01/P1Y,0.6,Number of jobs per resident aged 16 to 64,Number of jobs per resident aged 16 to 64,,,,
W06000014,Vale of Glamorgan,Local Authority District,Job density,2018-01-01/P1Y,0.66,Number of jobs per resident aged 16 to 64,Number of jobs per resident aged 16 to 64,,,,
W06000014,Vale of Glamorgan,Local Authority District,Job density,2017-01-01/P1Y,0.65,Number of jobs per resident aged 16 to 64,Number of jobs per resident aged 16 to 64,,,,
W06000014,Vale of Glamorgan,Local Authority District,Job density,2011-01-01/P1Y,0.56,Number of jobs per resident aged 16 to 64,Number of jobs per resident aged 16 to 64,,,,
W06000014,Vale of Glamorgan,Local Authority District,Job density,2012-01-01/P1Y,0.57,Number of jobs per resident aged 16 to 64,Number of jobs per resident aged 16 to 64,,,,
W06000014,Vale of Glamorgan,Local Authority District,Job density,2013-01-01/P1Y,0.58,Number of jobs per resident aged 16 to 64,Number of jobs per resident aged 16 to 64,,,,
W06000014,Vale of Glamorgan,Local Authority District,Job density,2014-01-01/P1Y,0.6,Number of jobs per resident aged 16 to 64,Number of jobs per resident aged 16 to 64,,,,
W06000014,Vale of Glamorgan,Local Authority District,Job density,2015-01-01/P1Y,0.62,Number of jobs per resident aged 16 to 64,Number of jobs per resident aged 16 to 64,,,,
W06000014,Vale of Glamorgan,Local Authority District,Job density,2016-01-01/P1Y,0.61,Number of jobs per resident aged 16 to 64,Number of jobs per resident aged 16 to 64,,,,
W06000015,Cardiff,Local Authority District,Job density,2019-01-01/P1Y,1.01,Number of jobs per resident aged 16 to 64,Number of jobs per resident aged 16 to 64,,,,
W06000015,Cardiff,Local Authority District,Job density,2020-01-01/P1Y,0.99,Number of jobs per resident aged 16 to 64,Number of jobs per resident aged 16 to 64,,,,
W06000015,Cardiff,Local Authority District,Job density,2021-01-01/P1Y,1.0,Number of jobs per resident aged 16 to 64,Number of jobs per resident aged 16 to 64,,,,
W06000015,Cardiff,Local Authority District,Job density,2023-01-01/P1Y,0.98,Number of jobs per resident aged 16 to 64,Number of jobs per resident aged 16 to 64,,,,
W06000015,Cardiff,Local Authority District,Job density,2022-01-01/P1Y,0.98,Number of jobs per resident aged 16 to 64,Number of jobs per resident aged 16 to 64,,,,
W06000015,Cardiff,Local Authority District,Job density,2024-01-01/P1Y,0.96,Number of jobs per resident aged 16 to 64,Number of jobs per resident aged 16 to 64,,,,
W06000015,Cardiff,Local Authority District,Job density,2018-01-01/P1Y,1.01,Number of jobs per resident aged 16 to 64,Number of jobs per resident aged 16 to 64,,,,
W06000015,Cardiff,Local Authority District,Job density,2017-01-01/P1Y,1.0,Number of jobs per resident aged 16 to 64,Number of jobs per resident aged 16 to 64,,,,
W06000015,Cardiff,Local Authority District,Job density,2011-01-01/P1Y,0.91,Number of jobs per resident aged 16 to 64,Number of jobs per resident aged 16 to 64,,,,
W06000015,Cardiff,Local Authority District,Job density,2012-01-01/P1Y,0.9,Number of jobs per resident aged 16 to 64,Number of jobs per resident aged 16 to 64,,,,
W06000015,Cardiff,Local Authority District,Job density,2013-01-01/P1Y,0.91,Number of jobs per resident aged 16 to 64,Number of jobs per resident aged 16 to 64,,,,
W06000015,Cardiff,Local Authority District,Job density,2014-01-01/P1Y,0.92,Number of jobs per resident aged 16 to 64,Number of jobs per resident aged 16 to 64,,,,
W06000015,Cardiff,Local Authority District,Job density,2015-01-01/P1Y,0.94,Number of jobs per resident aged 16 to 64,Number of jobs per resident aged 16 to 64,,,,
W06000015,Cardiff,Local Authority District,Job density,2016-01-01/P1Y,0.98,Number of jobs per resident aged 16 to 64,Number of jobs per resident aged 16 to 64,,,,
W06000016,Rhondda Cynon Taf,Local Authority District,Job density,2019-01-01/P1Y,0.57,Number of jobs per resident aged 16 to 64,Number of jobs per resident aged 16 to 64,,,,
W06000016,Rhondda Cynon Taf,Local Authority District,Job density,2020-01-01/P1Y,0.57,Number of jobs per resident aged 16 to 64,Number of jobs per resident aged 16 to 64,,,,
W06000016,Rhondda Cynon Taf,Local Authority District,Job density,2021-01-01/P1Y,0.59,Number of jobs per resident aged 16 to 64,Number of jobs per resident aged 16 to 64,,,,
W06000016,Rhondda Cynon Taf,Local Authority District,Job density,2022-01-01/P1Y,0.6,Number of jobs per resident aged 16 to 64,Number of jobs per resident aged 16 to 64,,,,
W06000016,Rhondda Cynon Taf,Local Authority District,Job density,2023-01-01/P1Y,0.61,Number of jobs per resident aged 16 to 64,Number of jobs per resident aged 16 to 64,,,,
W06000016,Rhondda Cynon Taf,Local Authority District,Job density,2024-01-01/P1Y,0.59,Number of jobs per resident aged 16 to 64,Number of jobs per resident aged 16 to 64,,,,
W06000016,Rhondda Cynon Taf,Local Authority District,Job density,2018-01-01/P1Y,0.59,Number of jobs per resident aged 16 to 64,Number of jobs per resident aged 16 to 64,,,,
W06000016,Rhondda Cynon Taf,Local Authority District,Job density,2017-01-01/P1Y,0.56,Number of jobs per resident aged 16 to 64,Number of jobs per resident aged 16 to 64,,,,
W06000016,Rhondda Cynon Taf,Local Authority District,Job density,2011-01-01/P1Y,0.54,Number of jobs per resident aged 16 to 64,Number of jobs per resident aged 16 to 64,,,,
W06000016,Rhondda Cynon Taf,Local Authority District,Job density,2012-01-01/P1Y,0.56,Number of jobs per resident aged 16 to 64,Number of jobs per resident aged 16 to 64,,,,
W06000016,Rhondda Cynon Taf,Local Authority District,Job density,2013-01-01/P1Y,0.57,Number of jobs per resident aged 16 to 64,Number of jobs per resident aged 16 to 64,,,,
W06000016,Rhondda Cynon Taf,Local Authority District,Job density,2014-01-01/P1Y,0.57,Number of jobs per resident aged 16 to 64,Number of jobs per resident aged 16 to 64,,,,
W06000016,Rhondda Cynon Taf,Local Authority District,Job density,2015-01-01/P1Y,0.58,Number of jobs per resident aged 16 to 64,Number of jobs per resident aged 16 to 64,,,,
W06000016,Rhondda Cynon Taf,Local Authority District,Job density,2016-01-01/P1Y,0.56,Number of jobs per resident aged 16 to 64,Number of jobs per resident aged 16 to 64,,,,
W06000024,Merthyr Tydfil,Local Authority District,Job density,2019-01-01/P1Y,0.68,Number of jobs per resident aged 16 to 64,Number of jobs per resident aged 16 to 64,,,,
W06000024,Merthyr Tydfil,Local Authority District,Job density,2020-01-01/P1Y,0.74,Number of jobs per resident aged 16 to 64,Number of jobs per resident aged 16 to 64,,,,
W06000024,Merthyr Tydfil,Local Authority District,Job density,2021-01-01/P1Y,0.69,Number of jobs per resident aged 16 to 64,Number of jobs per resident aged 16 to 64,,,,
W06000024,Merthyr Tydfil,Local Authority District,Job density,2022-01-01/P1Y,0.66,Number of jobs per resident aged 16 to 64,Number of jobs per resident aged 16 to 64,,,,
W06000024,Merthyr Tydfil,Local Authority District,Job density,2023-01-01/P1Y,0.68,Number of jobs per resident aged 16 to 64,Number of jobs per resident aged 16 to 64,,,,
W06000024,Merthyr Tydfil,Local Authority District,Job density,2024-01-01/P1Y,0.7,Number of jobs per resident aged 16 to 64,Number of jobs per resident aged 16 to 64,,,,
W06000024,Merthyr Tydfil,Local Authority District,Job density,2018-01-01/P1Y,0.67,Number of jobs per resident aged 16 to 64,Number of jobs per resident aged 16 to 64,,,,
W06000024,Merthyr Tydfil,Local Authority District,Job density,2017-01-01/P1Y,0.64,Number of jobs per resident aged 16 to 64,Number of jobs per resident aged 16 to 64,,,,
W06000024,Merthyr Tydfil,Local Authority District,Job density,2011-01-01/P1Y,0.64,Number of jobs per resident aged 16 to 64,Number of jobs per resident aged 16 to 64,,,,
W06000024,Merthyr Tydfil,Local Authority District,Job density,2012-01-01/P1Y,0.64,Number of jobs per resident aged 16 to 64,Number of jobs per resident aged 16 to 64,,,,
W06000024,Merthyr Tydfil,Local Authority District,Job density,2013-01-01/P1Y,0.62,Number of jobs per resident aged 16 to 64,Number of jobs per resident aged 16 to 64,,,,
W06000024,Merthyr Tydfil,Local Authority District,Job density,2014-01-01/P1Y,0.63,Number of jobs per resident aged 16 to 64,Number of jobs per resident aged 16 to 64,,,,
W06000024,Merthyr Tydfil,Local Authority District,Job density,2015-01-01/P1Y,0.62,Number of jobs per resident aged 16 to 64,Number of jobs per resident aged 16 to 64,,,,
W06000024,Merthyr Tydfil,Local Authority District,Job density,2016-01-01/P1Y,0.65,Number of jobs per resident aged 16 to 64,Number of jobs per resident aged 16 to 64,,,,
W06000018,Caerphilly,Local Authority District,Job density,2018-01-01/P1Y,0.55,Number of jobs per resident aged 16 to 64,Number of jobs per resident aged 16 to 64,,,,
W06000018,Caerphilly,Local Authority District,Job density,2019-01-01/P1Y,0.59,Number of jobs per resident aged 16 to 64,Number of jobs per resident aged 16 to 64,,,,
W06000018,Caerphilly,Local Authority District,Job density,2020-01-01/P1Y,0.57,Number of jobs per resident aged 16 to 64,Number of jobs per resident aged 16 to 64,,,,
W06000018,Caerphilly,Local Authority District,Job density,2021-01-01/P1Y,0.6,Number of jobs per resident aged 16 to 64,Number of jobs per resident aged 16 to 64,,,,
W06000018,Caerphilly,Local Authority District,Job density,2022-01-01/P1Y,0.57,Number of jobs per resident aged 16 to 64,Number of jobs per resident aged 16 to 64,,,,
W06000018,Caerphilly,Local Authority District,Job density,2023-01-01/P1Y,0.56,Number of jobs per resident aged 16 to 64,Number of jobs per resident aged 16 to 64,,,,
W06000018,Caerphilly,Local Authority District,Job density,2024-01-01/P1Y,0.54,Number of jobs per resident aged 16 to 64,Number of jobs per resident aged 16 to 64,,,,
W06000018,Caerphilly,Local Authority District,Job density,2017-01-01/P1Y,0.54,Number of jobs per resident aged 16 to 64,Number of jobs per resident aged 16 to 64,,,,
W06000018,Caerphilly,Local Authority District,Job density,2016-01-01/P1Y,0.57,Number of jobs per resident aged 16 to 64,Number of jobs per resident aged 16 to 64,,,,
W06000018,Caerphilly,Local Authority District,Job density,2011-01-01/P1Y,0.5,Number of jobs per resident aged 16 to 64,Number of jobs per resident aged 16 to 64,,,,
W06000018,Caerphilly,Local Authority District,Job density,2012-01-01/P1Y,0.51,Number of jobs per resident aged 16 to 64,Number of jobs per resident aged 16 to 64,,,,
W06000018,Caerphilly,Local Authority District,Job density,2013-01-01/P1Y,0.54,Number of jobs per resident aged 16 to 64,Number of jobs per resident aged 16 to 64,,,,
W06000018,Caerphilly,Local Authority District,Job density,2014-01-01/P1Y,0.54,Number of jobs per resident aged 16 to 64,Number of jobs per resident aged 16 to 64,,,,
W06000018,Caerphilly,Local Authority District,Job density,2015-01-01/P1Y,0.55,Number of jobs per resident aged 16 to 64,Number of jobs per resident aged 16 to 64,,,,
W06000019,Blaenau Gwent,Local Authority District,Job density,2020-01-01/P1Y,0.49,Number of jobs per resident aged 16 to 64,Number of jobs per resident aged 16 to 64,,,,
W06000019,Blaenau Gwent,Local Authority District,Job density,2019-01-01/P1Y,0.51,Number of jobs per resident aged 16 to 64,Number of jobs per resident aged 16 to 64,,,,
W06000019,Blaenau Gwent,Local Authority District,Job density,2021-01-01/P1Y,0.49,Number of jobs per resident aged 16 to 64,Number of jobs per resident aged 16 to 64,,,,
W06000019,Blaenau Gwent,Local Authority District,Job density,2018-01-01/P1Y,0.52,Number of jobs per resident aged 16 to 64,Number of jobs per resident aged 16 to 64,,,,
W06000019,Blaenau Gwent,Local Authority District,Job density,2022-01-01/P1Y,0.52,Number of jobs per resident aged 16 to 64,Number of jobs per resident aged 16 to 64,,,,
W06000019,Blaenau Gwent,Local Authority District,Job density,2023-01-01/P1Y,0.52,Number of jobs per resident aged 16 to 64,Number of jobs per resident aged 16 to 64,,,,
W06000019,Blaenau Gwent,Local Authority District,Job density,2024-01-01/P1Y,0.46,Number of jobs per resident aged 16 to 64,Number of jobs per resident aged 16 to 64,,,,
W06000019,Blaenau Gwent,Local Authority District,Job density,2017-01-01/P1Y,0.5,Number of jobs per resident aged 16 to 64,Number of jobs per resident aged 16 to 64,,,,
W06000019,Blaenau Gwent,Local Authority District,Job density,2011-01-01/P1Y,0.44,Number of jobs per resident aged 16 to 64,Number of jobs per resident aged 16 to 64,,,,
W06000019,Blaenau Gwent,Local Authority District,Job density,2012-01-01/P1Y,0.48,Number of jobs per resident aged 16 to 64,Number of jobs per resident aged 16 to 64,,,,
W06000019,Blaenau Gwent,Local Authority District,Job density,2013-01-01/P1Y,0.48,Number of jobs per resident aged 16 to 64,Number of jobs per resident aged 16 to 64,,,,
W06000019,Blaenau Gwent,Local Authority District,Job density,2014-01-01/P1Y,0.49,Number of jobs per resident aged 16 to 64,Number of jobs per resident aged 16 to 64,,,,
W06000019,Blaenau Gwent,Local Authority District,Job density,2015-01-01/P1Y,0.49,Number of jobs per resident aged 16 to 64,Number of jobs per resident aged 16 to 64,,,,
W06000019,Blaenau Gwent,Local Authority District,Job density,2016-01-01/P1Y,0.5,Number of jobs per resident aged 16 to 64,Number of jobs per resident aged 16 to 64,,,,
W06000020,Torfaen,Local Authority District,Job density,2019-01-01/P1Y,0.72,Number of jobs per resident aged 16 to 64,Number of jobs per resident aged 16 to 64,,,,
W06000020,Torfaen,Local Authority District,Job density,2020-01-01/P1Y,0.73,Number of jobs per resident aged 16 to 64,Number of jobs per resident aged 16 to 64,,,,
W06000020,Torfaen,Local Authority District,Job density,2021-01-01/P1Y,0.7,Number of jobs per resident aged 16 to 64,Number of jobs per resident aged 16 to 64,,,,
W06000020,Torfaen,Local Authority District,Job density,2023-01-01/P1Y,0.72,Number of jobs per resident aged 16 to 64,Number of jobs per resident aged 16 to 64,,,,
W06000020,Torfaen,Local Authority District,Job density,2022-01-01/P1Y,0.72,Number of jobs per resident aged 16 to 64,Number of jobs per resident aged 16 to 64,,,,
W06000020,Torfaen,Local Authority District,Job density,2018-01-01/P1Y,0.69,Number of jobs per resident aged 16 to 64,Number of jobs per resident aged 16 to 64,,,,
W06000020,Torfaen,Local Authority District,Job density,2024-01-01/P1Y,0.72,Number of jobs per resident aged 16 to 64,Number of jobs per resident aged 16 to 64,,,,
W06000020,Torfaen,Local Authority District,Job density,2017-01-01/P1Y,0.72,Number of jobs per resident aged 16 to 64,Number of jobs per resident aged 16 to 64,,,,
W06000020,Torfaen,Local Authority District,Job density,2011-01-01/P1Y,0.65,Number of jobs per resident aged 16 to 64,Number of jobs per resident aged 16 to 64,,,,
W06000020,Torfaen,Local Authority District,Job density,2012-01-01/P1Y,0.67,Number of jobs per resident aged 16 to 64,Number of jobs per resident aged 16 to 64,,,,
W06000020,Torfaen,Local Authority District,Job density,2013-01-01/P1Y,0.7,Number of jobs per resident aged 16 to 64,Number of jobs per resident aged 16 to 64,,,,
W06000020,Torfaen,Local Authority District,Job density,2014-01-01/P1Y,0.7,Number of jobs per resident aged 16 to 64,Number of jobs per resident aged 16 to 64,,,,
W06000020,Torfaen,Local Authority District,Job density,2015-01-01/P1Y,0.68,Number of jobs per resident aged 16 to 64,Number of jobs per resident aged 16 to 64,,,,
W06000020,Torfaen,Local Authority District,Job density,2016-01-01/P1Y,0.71,Number of jobs per resident aged 16 to 64,Number of jobs per resident aged 16 to 64,,,,
W06000021,Monmouthshire,Local Authority District,Job density,2019-01-01/P1Y,0.84,Number of jobs per resident aged 16 to 64,Number of jobs per resident aged 16 to 64,,,,
W06000021,Monmouthshire,Local Authority District,Job density,2020-01-01/P1Y,0.79,Number of jobs per resident aged 16 to 64,Number of jobs per resident aged 16 to 64,,,,
W06000021,Monmouthshire,Local Authority District,Job density,2021-01-01/P1Y,0.78,Number of jobs per resident aged 16 to 64,Number of jobs per resident aged 16 to 64,,,,
W06000021,Monmouthshire,Local Authority District,Job density,2022-01-01/P1Y,0.75,Number of jobs per resident aged 16 to 64,Number of jobs per resident aged 16 to 64,,,,
W06000021,Monmouthshire,Local Authority District,Job density,2023-01-01/P1Y,0.78,Number of jobs per resident aged 16 to 64,Number of jobs per resident aged 16 to 64,,,,
W06000021,Monmouthshire,Local Authority District,Job density,2024-01-01/P1Y,0.81,Number of jobs per resident aged 16 to 64,Number of jobs per resident aged 16 to 64,,,,
W06000021,Monmouthshire,Local Authority District,Job density,2018-01-01/P1Y,0.86,Number of jobs per resident aged 16 to 64,Number of jobs per resident aged 16 to 64,,,,
W06000021,Monmouthshire,Local Authority District,Job density,2017-01-01/P1Y,0.86,Number of jobs per resident aged 16 to 64,Number of jobs per resident aged 16 to 64,,,,
W06000021,Monmouthshire,Local Authority District,Job density,2011-01-01/P1Y,0.71,Number of jobs per resident aged 16 to 64,Number of jobs per resident aged 16 to 64,,,,
W06000021,Monmouthshire,Local Authority District,Job density,2012-01-01/P1Y,0.74,Number of jobs per resident aged 16 to 64,Number of jobs per resident aged 16 to 64,,,,
W06000021,Monmouthshire,Local Authority District,Job density,2013-01-01/P1Y,0.73,Number of jobs per resident aged 16 to 64,Number of jobs per resident aged 16 to 64,,,,
W06000021,Monmouthshire,Local Authority District,Job density,2014-01-01/P1Y,0.75,Number of jobs per resident aged 16 to 64,Number of jobs per resident aged 16 to 64,,,,
W06000021,Monmouthshire,Local Authority District,Job density,2015-01-01/P1Y,0.79,Number of jobs per resident aged 16 to 64,Number of jobs per resident aged 16 to 64,,,,
W06000021,Monmouthshire,Local Authority District,Job density,2016-01-01/P1Y,0.82,Number of jobs per resident aged 16 to 64,Number of jobs per resident aged 16 to 64,,,,
W06000022,Newport,Local Authority District,Job density,2019-01-01/P1Y,0.89,Number of jobs per resident aged 16 to 64,Number of jobs per resident aged 16 to 64,,,,
W06000022,Newport,Local Authority District,Job density,2020-01-01/P1Y,0.87,Number of jobs per resident aged 16 to 64,Number of jobs per resident aged 16 to 64,,,,
W06000022,Newport,Local Authority District,Job density,2021-01-01/P1Y,0.84,Number of jobs per resident aged 16 to 64,Number of jobs per resident aged 16 to 64,,,,
W06000022,Newport,Local Authority District,Job density,2022-01-01/P1Y,0.81,Number of jobs per resident aged 16 to 64,Number of jobs per resident aged 16 to 64,,,,
W06000022,Newport,Local Authority District,Job density,2023-01-01/P1Y,0.79,Number of jobs per resident aged 16 to 64,Number of jobs per resident aged 16 to 64,,,,
W06000022,Newport,Local Authority District,Job density,2024-01-01/P1Y,0.8,Number of jobs per resident aged 16 to 64,Number of jobs per resident aged 16 to 64,,,,
W06000022,Newport,Local Authority District,Job density,2018-01-01/P1Y,0.91,Number of jobs per resident aged 16 to 64,Number of jobs per resident aged 16 to 64,,,,
W06000022,Newport,Local Authority District,Job density,2017-01-01/P1Y,0.87,Number of jobs per resident aged 16 to 64,Number of jobs per resident aged 16 to 64,,,,
W06000022,Newport,Local Authority District,Job density,2011-01-01/P1Y,0.86,Number of jobs per resident aged 16 to 64,Number of jobs per resident aged 16 to 64,,,,
W06000022,Newport,Local Authority District,Job density,2012-01-01/P1Y,0.82,Number of jobs per resident aged 16 to 64,Number of jobs per resident aged 16 to 64,,,,
W06000022,Newport,Local Authority District,Job density,2013-01-01/P1Y,0.8,Number of jobs per resident aged 16 to 64,Number of jobs per resident aged 16 to 64,,,,
W06000022,Newport,Local Authority District,Job density,2014-01-01/P1Y,0.8,Number of jobs per resident aged 16 to 64,Number of jobs per resident aged 16 to 64,,,,
W06000022,Newport,Local Authority District,Job density,2016-01-01/P1Y,0.86,Number of jobs per resident aged 16 to 64,Number of jobs per resident aged 16 to 64,,,,
W06000022,Newport,Local Authority District,Job density,2015-01-01/P1Y,0.83,Number of jobs per resident aged 16 to 64,Number of jobs per resident aged 16 to 64,,,,
S92000003,Scotland,Nation,Job density,2024-01-01/P1Y,0.83,Number of jobs per resident aged 16 to 64,Number of jobs per resident aged 16 to 64,,,,
S92000003,Scotland,Nation,Job density,2023-01-01/P1Y,0.83,Number of jobs per resident aged 16 to 64,Number of jobs per resident aged 16 to 64,,,,
S92000003,Scotland,Nation,Job density,2022-01-01/P1Y,0.82,Number of jobs per resident aged 16 to 64,Number of jobs per resident aged 16 to 64,,,,
S92000003,Scotland,Nation,Job density,2018-01-01/P1Y,0.83,Number of jobs per resident aged 16 to 64,Number of jobs per resident aged 16 to 64,,,,
S92000003,Scotland,Nation,Job density,2021-01-01/P1Y,0.82,Number of jobs per resident aged 16 to 64,Number of jobs per resident aged 16 to 64,,,,
S92000003,Scotland,Nation,Job density,2020-01-01/P1Y,0.81,Number of jobs per resident aged 16 to 64,Number of jobs per resident aged 16 to 64,,,,
S92000003,Scotland,Nation,Job density,2019-01-01/P1Y,0.83,Number of jobs per resident aged 16 to 64,Number of jobs per resident aged 16 to 64,,,,
S92000003,Scotland,Nation,Job density,2016-01-01/P1Y,0.82,Number of jobs per resident aged 16 to 64,Number of jobs per resident aged 16 to 64,,,,
S92000003,Scotland,Nation,Job density,2017-01-01/P1Y,0.82,Number of jobs per resident aged 16 to 64,Number of jobs per resident aged 16 to 64,,,,
S92000003,Scotland,Nation,Job density,2011-01-01/P1Y,0.76,Number of jobs per resident aged 16 to 64,Number of jobs per resident aged 16 to 64,,,,
S92000003,Scotland,Nation,Job density,2012-01-01/P1Y,0.76,Number of jobs per resident aged 16 to 64,Number of jobs per resident aged 16 to 64,,,,
S92000003,Scotland,Nation,Job density,2013-01-01/P1Y,0.76,Number of jobs per resident aged 16 to 64,Number of jobs per resident aged 16 to 64,,,,
S92000003,Scotland,Nation,Job density,2014-01-01/P1Y,0.79,Number of jobs per resident aged 16 to 64,Number of jobs per resident aged 16 to 64,,,,
S92000003,Scotland,Nation,Job density,2015-01-01/P1Y,0.8,Number of jobs per resident aged 16 to 64,Number of jobs per resident aged 16 to 64,,,,
S12000033,Aberdeen City,Local Authority District,Job density,2018-01-01/P1Y,1.26,Number of jobs per resident aged 16 to 64,Number of jobs per resident aged 16 to 64,,,,
S12000033,Aberdeen City,Local Authority District,Job density,2019-01-01/P1Y,1.26,Number of jobs per resident aged 16 to 64,Number of jobs per resident aged 16 to 64,,,,
S12000033,Aberdeen City,Local Authority District,Job density,2020-01-01/P1Y,1.14,Number of jobs per resident aged 16 to 64,Number of jobs per resident aged 16 to 64,,,,
S12000033,Aberdeen City,Local Authority District,Job density,2021-01-01/P1Y,1.16,Number of jobs per resident aged 16 to 64,Number of jobs per resident aged 16 to 64,,,,
S12000033,Aberdeen City,Local Authority District,Job density,2022-01-01/P1Y,1.14,Number of jobs per resident aged 16 to 64,Number of jobs per resident aged 16 to 64,,,,
S12000033,Aberdeen City,Local Authority District,Job density,2023-01-01/P1Y,1.14,Number of jobs per resident aged 16 to 64,Number of jobs per resident aged 16 to 64,,,,
S12000033,Aberdeen City,Local Authority District,Job density,2024-01-01/P1Y,1.12,Number of jobs per resident aged 16 to 64,Number of jobs per resident aged 16 to 64,,,,
S12000033,Aberdeen City,Local Authority District,Job density,2017-01-01/P1Y,1.22,Number of jobs per resident aged 16 to 64,Number of jobs per resident aged 16 to 64,,,,
S12000033,Aberdeen City,Local Authority District,Job density,2016-01-01/P1Y,1.23,Number of jobs per resident aged 16 to 64,Number of jobs per resident aged 16 to 64,,,,
S12000033,Aberdeen City,Local Authority District,Job density,2011-01-01/P1Y,1.18,Number of jobs per resident aged 16 to 64,Number of jobs per resident aged 16 to 64,,,,
S12000033,Aberdeen City,Local Authority District,Job density,2012-01-01/P1Y,1.21,Number of jobs per resident aged 16 to 64,Number of jobs per resident aged 16 to 64,,,,
S12000033,Aberdeen City,Local Authority District,Job density,2013-01-01/P1Y,1.23,Number of jobs per resident aged 16 to 64,Number of jobs per resident aged 16 to 64,,,,
S12000033,Aberdeen City,Local Authority District,Job density,2014-01-01/P1Y,1.29,Number of jobs per resident aged 16 to 64,Number of jobs per resident aged 16 to 64,,,,
S12000033,Aberdeen City,Local Authority District,Job density,2015-01-01/P1Y,1.25,Number of jobs per resident aged 16 to 64,Number of jobs per resident aged 16 to 64,,,,
S12000034,Aberdeenshire,Local Authority District,Job density,2021-01-01/P1Y,0.74,Number of jobs per resident aged 16 to 64,Number of jobs per resident aged 16 to 64,,,,
S12000034,Aberdeenshire,Local Authority District,Job density,2019-01-01/P1Y,0.74,Number of jobs per resident aged 16 to 64,Number of jobs per resident aged 16 to 64,,,,
S12000034,Aberdeenshire,Local Authority District,Job density,2020-01-01/P1Y,0.73,Number of jobs per resident aged 16 to 64,Number of jobs per resident aged 16 to 64,,,,
S12000034,Aberdeenshire,Local Authority District,Job density,2024-01-01/P1Y,0.78,Number of jobs per resident aged 16 to 64,Number of jobs per resident aged 16 to 64,,,,
S12000034,Aberdeenshire,Local Authority District,Job density,2022-01-01/P1Y,0.74,Number of jobs per resident aged 16 to 64,Number of jobs per resident aged 16 to 64,,,,
S12000034,Aberdeenshire,Local Authority District,Job density,2023-01-01/P1Y,0.78,Number of jobs per resident aged 16 to 64,Number of jobs per resident aged 16 to 64,,,,
S12000034,Aberdeenshire,Local Authority District,Job density,2018-01-01/P1Y,0.74,Number of jobs per resident aged 16 to 64,Number of jobs per resident aged 16 to 64,,,,
S12000034,Aberdeenshire,Local Authority District,Job density,2017-01-01/P1Y,0.78,Number of jobs per resident aged 16 to 64,Number of jobs per resident aged 16 to 64,,,,
S12000034,Aberdeenshire,Local Authority District,Job density,2011-01-01/P1Y,0.72,Number of jobs per resident aged 16 to 64,Number of jobs per resident aged 16 to 64,,,,
S12000034,Aberdeenshire,Local Authority District,Job density,2012-01-01/P1Y,0.7,Number of jobs per resident aged 16 to 64,Number of jobs per resident aged 16 to 64,,,,
S12000034,Aberdeenshire,Local Authority District,Job density,2013-01-01/P1Y,0.69,Number of jobs per resident aged 16 to 64,Number of jobs per resident aged 16 to 64,,,,
S12000034,Aberdeenshire,Local Authority District,Job density,2014-01-01/P1Y,0.7,Number of jobs per resident aged 16 to 64,Number of jobs per resident aged 16 to 64,,,,
S12000034,Aberdeenshire,Local Authority District,Job density,2015-01-01/P1Y,0.71,Number of jobs per resident aged 16 to 64,Number of jobs per resident aged 16 to 64,,,,
S12000034,Aberdeenshire,Local Authority District,Job density,2016-01-01/P1Y,0.73,Number of jobs per resident aged 16 to 64,Number of jobs per resident aged 16 to 64,,,,
S12000041,Angus,Local Authority District,Job density,2019-01-01/P1Y,0.64,Number of jobs per resident aged 16 to 64,Number of jobs per resident aged 16 to 64,,,,
S12000041,Angus,Local Authority District,Job density,2020-01-01/P1Y,0.59,Number of jobs per resident aged 16 to 64,Number of jobs per resident aged 16 to 64,,,,
S12000041,Angus,Local Authority District,Job density,2021-01-01/P1Y,0.6,Number of jobs per resident aged 16 to 64,Number of jobs per resident aged 16 to 64,,,,
S12000041,Angus,Local Authority District,Job density,2022-01-01/P1Y,0.64,Number of jobs per resident aged 16 to 64,Number of jobs per resident aged 16 to 64,,,,
S12000041,Angus,Local Authority District,Job density,2023-01-01/P1Y,0.65,Number of jobs per resident aged 16 to 64,Number of jobs per resident aged 16 to 64,,,,
S12000041,Angus,Local Authority District,Job density,2024-01-01/P1Y,0.62,Number of jobs per resident aged 16 to 64,Number of jobs per resident aged 16 to 64,,,,
S12000041,Angus,Local Authority District,Job density,2018-01-01/P1Y,0.64,Number of jobs per resident aged 16 to 64,Number of jobs per resident aged 16 to 64,,,,
S12000041,Angus,Local Authority District,Job density,2017-01-01/P1Y,0.64,Number of jobs per resident aged 16 to 64,Number of jobs per resident aged 16 to 64,,,,
S12000041,Angus,Local Authority District,Job density,2011-01-01/P1Y,0.6,Number of jobs per resident aged 16 to 64,Number of jobs per resident aged 16 to 64,,,,
S12000041,Angus,Local Authority District,Job density,2012-01-01/P1Y,0.58,Number of jobs per resident aged 16 to 64,Number of jobs per resident aged 16 to 64,,,,
S12000041,Angus,Local Authority District,Job density,2013-01-01/P1Y,0.59,Number of jobs per resident aged 16 to 64,Number of jobs per resident aged 16 to 64,,,,
S12000041,Angus,Local Authority District,Job density,2014-01-01/P1Y,0.57,Number of jobs per resident aged 16 to 64,Number of jobs per resident aged 16 to 64,,,,
S12000041,Angus,Local Authority District,Job density,2015-01-01/P1Y,0.59,Number of jobs per resident aged 16 to 64,Number of jobs per resident aged 16 to 64,,,,
S12000041,Angus,Local Authority District,Job density,2016-01-01/P1Y,0.63,Number of jobs per resident aged 16 to 64,Number of jobs per resident aged 16 to 64,,,,
S12000035,Argyll and Bute,Local Authority District,Job density,2019-01-01/P1Y,0.98,Number of jobs per resident aged 16 to 64,Number of jobs per resident aged 16 to 64,,,,
S12000035,Argyll and Bute,Local Authority District,Job density,2020-01-01/P1Y,0.9,Number of jobs per resident aged 16 to 64,Number of jobs per resident aged 16 to 64,,,,
S12000035,Argyll and Bute,Local Authority District,Job density,2021-01-01/P1Y,0.89,Number of jobs per resident aged 16 to 64,Number of jobs per resident aged 16 to 64,,,,
S12000035,Argyll and Bute,Local Authority District,Job density,2022-01-01/P1Y,0.91,Number of jobs per resident aged 16 to 64,Number of jobs per resident aged 16 to 64,,,,
S12000035,Argyll and Bute,Local Authority District,Job density,2023-01-01/P1Y,0.88,Number of jobs per resident aged 16 to 64,Number of jobs per resident aged 16 to 64,,,,
S12000035,Argyll and Bute,Local Authority District,Job density,2024-01-01/P1Y,0.89,Number of jobs per resident aged 16 to 64,Number of jobs per resident aged 16 to 64,,,,
S12000035,Argyll and Bute,Local Authority District,Job density,2018-01-01/P1Y,0.93,Number of jobs per resident aged 16 to 64,Number of jobs per resident aged 16 to 64,,,,
S12000035,Argyll and Bute,Local Authority District,Job density,2017-01-01/P1Y,0.89,Number of jobs per resident aged 16 to 64,Number of jobs per resident aged 16 to 64,,,,
S12000035,Argyll and Bute,Local Authority District,Job density,2011-01-01/P1Y,0.85,Number of jobs per resident aged 16 to 64,Number of jobs per resident aged 16 to 64,,,,
S12000035,Argyll and Bute,Local Authority District,Job density,2012-01-01/P1Y,0.9,Number of jobs per resident aged 16 to 64,Number of jobs per resident aged 16 to 64,,,,
S12000035,Argyll and Bute,Local Authority District,Job density,2013-01-01/P1Y,0.85,Number of jobs per resident aged 16 to 64,Number of jobs per resident aged 16 to 64,,,,
S12000035,Argyll and Bute,Local Authority District,Job density,2014-01-01/P1Y,0.85,Number of jobs per resident aged 16 to 64,Number of jobs per resident aged 16 to 64,,,,
S12000035,Argyll and Bute,Local Authority District,Job density,2015-01-01/P1Y,0.87,Number of jobs per resident aged 16 to 64,Number of jobs per resident aged 16 to 64,,,,
S12000035,Argyll and Bute,Local Authority District,Job density,2016-01-01/P1Y,0.92,Number of jobs per resident aged 16 to 64,Number of jobs per resident aged 16 to 64,,,,
S12000036,City of Edinburgh,Local Authority District,Job density,2018-01-01/P1Y,1.11,Number of jobs per resident aged 16 to 64,Number of jobs per resident aged 16 to 64,,,,
S12000036,City of Edinburgh,Local Authority District,Job density,2019-01-01/P1Y,1.1,Number of jobs per resident aged 16 to 64,Number of jobs per resident aged 16 to 64,,,,
S12000036,City of Edinburgh,Local Authority District,Job density,2020-01-01/P1Y,1.07,Number of jobs per resident aged 16 to 64,Number of jobs per resident aged 16 to 64,,,,
S12000036,City of Edinburgh,Local Authority District,Job density,2021-01-01/P1Y,1.13,Number of jobs per resident aged 16 to 64,Number of jobs per resident aged 16 to 64,,,,
S12000036,City of Edinburgh,Local Authority District,Job density,2022-01-01/P1Y,1.1,Number of jobs per resident aged 16 to 64,Number of jobs per resident aged 16 to 64,,,,
S12000036,City of Edinburgh,Local Authority District,Job density,2023-01-01/P1Y,1.1,Number of jobs per resident aged 16 to 64,Number of jobs per resident aged 16 to 64,,,,
S12000036,City of Edinburgh,Local Authority District,Job density,2024-01-01/P1Y,1.11,Number of jobs per resident aged 16 to 64,Number of jobs per resident aged 16 to 64,,,,
S12000036,City of Edinburgh,Local Authority District,Job density,2017-01-01/P1Y,1.06,Number of jobs per resident aged 16 to 64,Number of jobs per resident aged 16 to 64,,,,
S12000036,City of Edinburgh,Local Authority District,Job density,2016-01-01/P1Y,1.07,Number of jobs per resident aged 16 to 64,Number of jobs per resident aged 16 to 64,,,,
S12000036,City of Edinburgh,Local Authority District,Job density,2011-01-01/P1Y,1.04,Number of jobs per resident aged 16 to 64,Number of jobs per resident aged 16 to 64,,,,
S12000036,City of Edinburgh,Local Authority District,Job density,2012-01-01/P1Y,1.08,Number of jobs per resident aged 16 to 64,Number of jobs per resident aged 16 to 64,,,,
S12000036,City of Edinburgh,Local Authority District,Job density,2013-01-01/P1Y,1.03,Number of jobs per resident aged 16 to 64,Number of jobs per resident aged 16 to 64,,,,
S12000036,City of Edinburgh,Local Authority District,Job density,2014-01-01/P1Y,1.03,Number of jobs per resident aged 16 to 64,Number of jobs per resident aged 16 to 64,,,,
S12000036,City of Edinburgh,Local Authority District,Job density,2015-01-01/P1Y,1.04,Number of jobs per resident aged 16 to 64,Number of jobs per resident aged 16 to 64,,,,
S12000005,Clackmannanshire,Local Authority District,Job density,2020-01-01/P1Y,0.5,Number of jobs per resident aged 16 to 64,Number of jobs per resident aged 16 to 64,,,,
S12000005,Clackmannanshire,Local Authority District,Job density,2019-01-01/P1Y,0.49,Number of jobs per resident aged 16 to 64,Number of jobs per resident aged 16 to 64,,,,
S12000005,Clackmannanshire,Local Authority District,Job density,2024-01-01/P1Y,0.5,Number of jobs per resident aged 16 to 64,Number of jobs per resident aged 16 to 64,,,,
S12000005,Clackmannanshire,Local Authority District,Job density,2018-01-01/P1Y,0.53,Number of jobs per resident aged 16 to 64,Number of jobs per resident aged 16 to 64,,,,
S12000005,Clackmannanshire,Local Authority District,Job density,2022-01-01/P1Y,0.49,Number of jobs per resident aged 16 to 64,Number of jobs per resident aged 16 to 64,,,,
S12000005,Clackmannanshire,Local Authority District,Job density,2023-01-01/P1Y,0.49,Number of jobs per resident aged 16 to 64,Number of jobs per resident aged 16 to 64,,,,
S12000005,Clackmannanshire,Local Authority District,Job density,2021-01-01/P1Y,0.54,Number of jobs per resident aged 16 to 64,Number of jobs per resident aged 16 to 64,,,,
S12000005,Clackmannanshire,Local Authority District,Job density,2017-01-01/P1Y,0.48,Number of jobs per resident aged 16 to 64,Number of jobs per resident aged 16 to 64,,,,
S12000005,Clackmannanshire,Local Authority District,Job density,2011-01-01/P1Y,0.47,Number of jobs per resident aged 16 to 64,Number of jobs per resident aged 16 to 64,,,,
S12000005,Clackmannanshire,Local Authority District,Job density,2012-01-01/P1Y,0.46,Number of jobs per resident aged 16 to 64,Number of jobs per resident aged 16 to 64,,,,
S12000005,Clackmannanshire,Local Authority District,Job density,2013-01-01/P1Y,0.48,Number of jobs per resident aged 16 to 64,Number of jobs per resident aged 16 to 64,,,,
S12000005,Clackmannanshire,Local Authority District,Job density,2014-01-01/P1Y,0.51,Number of jobs per resident aged 16 to 64,Number of jobs per resident aged 16 to 64,,,,
S12000005,Clackmannanshire,Local Authority District,Job density,2015-01-01/P1Y,0.5,Number of jobs per resident aged 16 to 64,Number of jobs per resident aged 16 to 64,,,,
S12000005,Clackmannanshire,Local Authority District,Job density,2016-01-01/P1Y,0.52,Number of jobs per resident aged 16 to 64,Number of jobs per resident aged 16 to 64,,,,
S12000006,Dumfries and Galloway,Local Authority District,Job density,2019-01-01/P1Y,0.87,Number of jobs per resident aged 16 to 64,Number of jobs per resident aged 16 to 64,,,,
S12000006,Dumfries and Galloway,Local Authority District,Job density,2020-01-01/P1Y,0.81,Number of jobs per resident aged 16 to 64,Number of jobs per resident aged 16 to 64,,,,
S12000006,Dumfries and Galloway,Local Authority District,Job density,2021-01-01/P1Y,0.84,Number of jobs per resident aged 16 to 64,Number of jobs per resident aged 16 to 64,,,,
S12000006,Dumfries and Galloway,Local Authority District,Job density,2023-01-01/P1Y,0.91,Number of jobs per resident aged 16 to 64,Number of jobs per resident aged 16 to 64,,,,
S12000006,Dumfries and Galloway,Local Authority District,Job density,2022-01-01/P1Y,0.84,Number of jobs per resident aged 16 to 64,Number of jobs per resident aged 16 to 64,,,,
S12000006,Dumfries and Galloway,Local Authority District,Job density,2024-01-01/P1Y,0.91,Number of jobs per resident aged 16 to 64,Number of jobs per resident aged 16 to 64,,,,
S12000006,Dumfries and Galloway,Local Authority District,Job density,2018-01-01/P1Y,0.9,Number of jobs per resident aged 16 to 64,Number of jobs per resident aged 16 to 64,,,,
S12000006,Dumfries and Galloway,Local Authority District,Job density,2017-01-01/P1Y,0.87,Number of jobs per resident aged 16 to 64,Number of jobs per resident aged 16 to 64,,,,
S12000006,Dumfries and Galloway,Local Authority District,Job density,2011-01-01/P1Y,0.75,Number of jobs per resident aged 16 to 64,Number of jobs per resident aged 16 to 64,,,,
S12000006,Dumfries and Galloway,Local Authority District,Job density,2012-01-01/P1Y,0.74,Number of jobs per resident aged 16 to 64,Number of jobs per resident aged 16 to 64,,,,
S12000006,Dumfries and Galloway,Local Authority District,Job density,2013-01-01/P1Y,0.77,Number of jobs per resident aged 16 to 64,Number of jobs per resident aged 16 to 64,,,,
S12000006,Dumfries and Galloway,Local Authority District,Job density,2014-01-01/P1Y,0.77,Number of jobs per resident aged 16 to 64,Number of jobs per resident aged 16 to 64,,,,
S12000006,Dumfries and Galloway,Local Authority District,Job density,2015-01-01/P1Y,0.79,Number of jobs per resident aged 16 to 64,Number of jobs per resident aged 16 to 64,,,,
S12000006,Dumfries and Galloway,Local Authority District,Job density,2016-01-01/P1Y,0.85,Number of jobs per resident aged 16 to 64,Number of jobs per resident aged 16 to 64,,,,
S12000042,Dundee City,Local Authority District,Job density,2021-01-01/P1Y,0.88,Number of jobs per resident aged 16 to 64,Number of jobs per resident aged 16 to 64,,,,
S12000042,Dundee City,Local Authority District,Job density,2019-01-01/P1Y,0.86,Number of jobs per resident aged 16 to 64,Number of jobs per resident aged 16 to 64,,,,
S12000042,Dundee City,Local Authority District,Job density,2020-01-01/P1Y,0.84,Number of jobs per resident aged 16 to 64,Number of jobs per resident aged 16 to 64,,,,
S12000042,Dundee City,Local Authority District,Job density,2024-01-01/P1Y,0.88,Number of jobs per resident aged 16 to 64,Number of jobs per resident aged 16 to 64,,,,
S12000042,Dundee City,Local Authority District,Job density,2022-01-01/P1Y,0.82,Number of jobs per resident aged 16 to 64,Number of jobs per resident aged 16 to 64,,,,
S12000042,Dundee City,Local Authority District,Job density,2023-01-01/P1Y,0.86,Number of jobs per resident aged 16 to 64,Number of jobs per resident aged 16 to 64,,,,
S12000042,Dundee City,Local Authority District,Job density,2018-01-01/P1Y,0.85,Number of jobs per resident aged 16 to 64,Number of jobs per resident aged 16 to 64,,,,
S12000042,Dundee City,Local Authority District,Job density,2017-01-01/P1Y,0.87,Number of jobs per resident aged 16 to 64,Number of jobs per resident aged 16 to 64,,,,
S12000042,Dundee City,Local Authority District,Job density,2011-01-01/P1Y,0.79,Number of jobs per resident aged 16 to 64,Number of jobs per resident aged 16 to 64,,,,
S12000042,Dundee City,Local Authority District,Job density,2012-01-01/P1Y,0.78,Number of jobs per resident aged 16 to 64,Number of jobs per resident aged 16 to 64,,,,
S12000042,Dundee City,Local Authority District,Job density,2013-01-01/P1Y,0.79,Number of jobs per resident aged 16 to 64,Number of jobs per resident aged 16 to 64,,,,
S12000042,Dundee City,Local Authority District,Job density,2014-01-01/P1Y,0.82,Number of jobs per resident aged 16 to 64,Number of jobs per resident aged 16 to 64,,,,
S12000042,Dundee City,Local Authority District,Job density,2015-01-01/P1Y,0.83,Number of jobs per resident aged 16 to 64,Number of jobs per resident aged 16 to 64,,,,
S12000042,Dundee City,Local Authority District,Job density,2016-01-01/P1Y,0.88,Number of jobs per resident aged 16 to 64,Number of jobs per resident aged 16 to 64,,,,
S12000008,East Ayrshire,Local Authority District,Job density,2021-01-01/P1Y,0.64,Number of jobs per resident aged 16 to 64,Number of jobs per resident aged 16 to 64,,,,
S12000008,East Ayrshire,Local Authority District,Job density,2019-01-01/P1Y,0.63,Number of jobs per resident aged 16 to 64,Number of jobs per resident aged 16 to 64,,,,
S12000008,East Ayrshire,Local Authority District,Job density,2020-01-01/P1Y,0.62,Number of jobs per resident aged 16 to 64,Number of jobs per resident aged 16 to 64,,,,
S12000008,East Ayrshire,Local Authority District,Job density,2024-01-01/P1Y,0.64,Number of jobs per resident aged 16 to 64,Number of jobs per resident aged 16 to 64,,,,
S12000008,East Ayrshire,Local Authority District,Job density,2022-01-01/P1Y,0.6,Number of jobs per resident aged 16 to 64,Number of jobs per resident aged 16 to 64,,,,
S12000008,East Ayrshire,Local Authority District,Job density,2023-01-01/P1Y,0.63,Number of jobs per resident aged 16 to 64,Number of jobs per resident aged 16 to 64,,,,
S12000008,East Ayrshire,Local Authority District,Job density,2018-01-01/P1Y,0.63,Number of jobs per resident aged 16 to 64,Number of jobs per resident aged 16 to 64,,,,
S12000008,East Ayrshire,Local Authority District,Job density,2017-01-01/P1Y,0.67,Number of jobs per resident aged 16 to 64,Number of jobs per resident aged 16 to 64,,,,
S12000008,East Ayrshire,Local Authority District,Job density,2011-01-01/P1Y,0.58,Number of jobs per resident aged 16 to 64,Number of jobs per resident aged 16 to 64,,,,
S12000008,East Ayrshire,Local Authority District,Job density,2012-01-01/P1Y,0.56,Number of jobs per resident aged 16 to 64,Number of jobs per resident aged 16 to 64,,,,
S12000008,East Ayrshire,Local Authority District,Job density,2013-01-01/P1Y,0.55,Number of jobs per resident aged 16 to 64,Number of jobs per resident aged 16 to 64,,,,
S12000008,East Ayrshire,Local Authority District,Job density,2014-01-01/P1Y,0.58,Number of jobs per resident aged 16 to 64,Number of jobs per resident aged 16 to 64,,,,
S12000008,East Ayrshire,Local Authority District,Job density,2015-01-01/P1Y,0.59,Number of jobs per resident aged 16 to 64,Number of jobs per resident aged 16 to 64,,,,
S12000008,East Ayrshire,Local Authority District,Job density,2016-01-01/P1Y,0.63,Number of jobs per resident aged 16 to 64,Number of jobs per resident aged 16 to 64,,,,
S12000045,East Dunbartonshire,Local Authority District,Job density,2019-01-01/P1Y,0.46,Number of jobs per resident aged 16 to 64,Number of jobs per resident aged 16 to 64,,,,
S12000045,East Dunbartonshire,Local Authority District,Job density,2020-01-01/P1Y,0.44,Number of jobs per resident aged 16 to 64,Number of jobs per resident aged 16 to 64,,,,
S12000045,East Dunbartonshire,Local Authority District,Job density,2021-01-01/P1Y,0.46,Number of jobs per resident aged 16 to 64,Number of jobs per resident aged 16 to 64,,,,
S12000045,East Dunbartonshire,Local Authority District,Job density,2022-01-01/P1Y,0.46,Number of jobs per resident aged 16 to 64,Number of jobs per resident aged 16 to 64,,,,
S12000045,East Dunbartonshire,Local Authority District,Job density,2023-01-01/P1Y,0.47,Number of jobs per resident aged 16 to 64,Number of jobs per resident aged 16 to 64,,,,
S12000045,East Dunbartonshire,Local Authority District,Job density,2024-01-01/P1Y,0.5,Number of jobs per resident aged 16 to 64,Number of jobs per resident aged 16 to 64,,,,
S12000045,East Dunbartonshire,Local Authority District,Job density,2018-01-01/P1Y,0.47,Number of jobs per resident aged 16 to 64,Number of jobs per resident aged 16 to 64,,,,
S12000045,East Dunbartonshire,Local Authority District,Job density,2017-01-01/P1Y,0.48,Number of jobs per resident aged 16 to 64,Number of jobs per resident aged 16 to 64,,,,
S12000045,East Dunbartonshire,Local Authority District,Job density,2011-01-01/P1Y,0.41,Number of jobs per resident aged 16 to 64,Number of jobs per resident aged 16 to 64,,,,
S12000045,East Dunbartonshire,Local Authority District,Job density,2012-01-01/P1Y,0.43,Number of jobs per resident aged 16 to 64,Number of jobs per resident aged 16 to 64,,,,
S12000045,East Dunbartonshire,Local Authority District,Job density,2013-01-01/P1Y,0.45,Number of jobs per resident aged 16 to 64,Number of jobs per resident aged 16 to 64,,,,
S12000045,East Dunbartonshire,Local Authority District,Job density,2014-01-01/P1Y,0.46,Number of jobs per resident aged 16 to 64,Number of jobs per resident aged 16 to 64,,,,
S12000045,East Dunbartonshire,Local Authority District,Job density,2015-01-01/P1Y,0.46,Number of jobs per resident aged 16 to 64,Number of jobs per resident aged 16 to 64,,,,
S12000045,East Dunbartonshire,Local Authority District,Job density,2016-01-01/P1Y,0.47,Number of jobs per resident aged 16 to 64,Number of jobs per resident aged 16 to 64,,,,
S12000010,East Lothian,Local Authority District,Job density,2019-01-01/P1Y,0.54,Number of jobs per resident aged 16 to 64,Number of jobs per resident aged 16 to 64,,,,
S12000010,East Lothian,Local Authority District,Job density,2020-01-01/P1Y,0.57,Number of jobs per resident aged 16 to 64,Number of jobs per resident aged 16 to 64,,,,
S12000010,East Lothian,Local Authority District,Job density,2021-01-01/P1Y,0.61,Number of jobs per resident aged 16 to 64,Number of jobs per resident aged 16 to 64,,,,
S12000010,East Lothian,Local Authority District,Job density,2023-01-01/P1Y,0.61,Number of jobs per resident aged 16 to 64,Number of jobs per resident aged 16 to 64,,,,
S12000010,East Lothian,Local Authority District,Job density,2022-01-01/P1Y,0.59,Number of jobs per resident aged 16 to 64,Number of jobs per resident aged 16 to 64,,,,
S12000010,East Lothian,Local Authority District,Job density,2024-01-01/P1Y,0.55,Number of jobs per resident aged 16 to 64,Number of jobs per resident aged 16 to 64,,,,
S12000010,East Lothian,Local Authority District,Job density,2018-01-01/P1Y,0.58,Number of jobs per resident aged 16 to 64,Number of jobs per resident aged 16 to 64,,,,
S12000010,East Lothian,Local Authority District,Job density,2017-01-01/P1Y,0.55,Number of jobs per resident aged 16 to 64,Number of jobs per resident aged 16 to 64,,,,
S12000010,East Lothian,Local Authority District,Job density,2011-01-01/P1Y,0.51,Number of jobs per resident aged 16 to 64,Number of jobs per resident aged 16 to 64,,,,
S12000010,East Lothian,Local Authority District,Job density,2012-01-01/P1Y,0.49,Number of jobs per resident aged 16 to 64,Number of jobs per resident aged 16 to 64,,,,
S12000010,East Lothian,Local Authority District,Job density,2013-01-01/P1Y,0.52,Number of jobs per resident aged 16 to 64,Number of jobs per resident aged 16 to 64,,,,
S12000010,East Lothian,Local Authority District,Job density,2014-01-01/P1Y,0.54,Number of jobs per resident aged 16 to 64,Number of jobs per resident aged 16 to 64,,,,
S12000010,East Lothian,Local Authority District,Job density,2015-01-01/P1Y,0.53,Number of jobs per resident aged 16 to 64,Number of jobs per resident aged 16 to 64,,,,
S12000010,East Lothian,Local Authority District,Job density,2016-01-01/P1Y,0.53,Number of jobs per resident aged 16 to 64,Number of jobs per resident aged 16 to 64,,,,
S12000011,East Renfrewshire,Local Authority District,Job density,2019-01-01/P1Y,0.43,Number of jobs per resident aged 16 to 64,Number of jobs per resident aged 16 to 64,,,,
S12000011,East Renfrewshire,Local Authority District,Job density,2020-01-01/P1Y,0.43,Number of jobs per resident aged 16 to 64,Number of jobs per resident aged 16 to 64,,,,
S12000011,East Renfrewshire,Local Authority District,Job density,2021-01-01/P1Y,0.41,Number of jobs per resident aged 16 to 64,Number of jobs per resident aged 16 to 64,,,,
S12000011,East Renfrewshire,Local Authority District,Job density,2022-01-01/P1Y,0.45,Number of jobs per resident aged 16 to 64,Number of jobs per resident aged 16 to 64,,,,
S12000011,East Renfrewshire,Local Authority District,Job density,2023-01-01/P1Y,0.41,Number of jobs per resident aged 16 to 64,Number of jobs per resident aged 16 to 64,,,,
S12000011,East Renfrewshire,Local Authority District,Job density,2024-01-01/P1Y,0.48,Number of jobs per resident aged 16 to 64,Number of jobs per resident aged 16 to 64,,,,
S12000011,East Renfrewshire,Local Authority District,Job density,2018-01-01/P1Y,0.45,Number of jobs per resident aged 16 to 64,Number of jobs per resident aged 16 to 64,,,,
S12000011,East Renfrewshire,Local Authority District,Job density,2017-01-01/P1Y,0.43,Number of jobs per resident aged 16 to 64,Number of jobs per resident aged 16 to 64,,,,
S12000011,East Renfrewshire,Local Authority District,Job density,2011-01-01/P1Y,0.41,Number of jobs per resident aged 16 to 64,Number of jobs per resident aged 16 to 64,,,,
S12000011,East Renfrewshire,Local Authority District,Job density,2012-01-01/P1Y,0.38,Number of jobs per resident aged 16 to 64,Number of jobs per resident aged 16 to 64,,,,
S12000011,East Renfrewshire,Local Authority District,Job density,2013-01-01/P1Y,0.4,Number of jobs per resident aged 16 to 64,Number of jobs per resident aged 16 to 64,,,,
S12000011,East Renfrewshire,Local Authority District,Job density,2014-01-01/P1Y,0.42,Number of jobs per resident aged 16 to 64,Number of jobs per resident aged 16 to 64,,,,
S12000011,East Renfrewshire,Local Authority District,Job density,2015-01-01/P1Y,0.44,Number of jobs per resident aged 16 to 64,Number of jobs per resident aged 16 to 64,,,,
S12000011,East Renfrewshire,Local Authority District,Job density,2016-01-01/P1Y,0.44,Number of jobs per resident aged 16 to 64,Number of jobs per resident aged 16 to 64,,,,
S12000014,Falkirk,Local Authority District,Job density,2019-01-01/P1Y,0.71,Number of jobs per resident aged 16 to 64,Number of jobs per resident aged 16 to 64,,,,
S12000014,Falkirk,Local Authority District,Job density,2020-01-01/P1Y,0.7,Number of jobs per resident aged 16 to 64,Number of jobs per resident aged 16 to 64,,,,
S12000014,Falkirk,Local Authority District,Job density,2021-01-01/P1Y,0.73,Number of jobs per resident aged 16 to 64,Number of jobs per resident aged 16 to 64,,,,
S12000014,Falkirk,Local Authority District,Job density,2022-01-01/P1Y,0.72,Number of jobs per resident aged 16 to 64,Number of jobs per resident aged 16 to 64,,,,
S12000014,Falkirk,Local Authority District,Job density,2023-01-01/P1Y,0.78,Number of jobs per resident aged 16 to 64,Number of jobs per resident aged 16 to 64,,,,
S12000014,Falkirk,Local Authority District,Job density,2024-01-01/P1Y,0.76,Number of jobs per resident aged 16 to 64,Number of jobs per resident aged 16 to 64,,,,
S12000014,Falkirk,Local Authority District,Job density,2018-01-01/P1Y,0.7,Number of jobs per resident aged 16 to 64,Number of jobs per resident aged 16 to 64,,,,
S12000014,Falkirk,Local Authority District,Job density,2017-01-01/P1Y,0.71,Number of jobs per resident aged 16 to 64,Number of jobs per resident aged 16 to 64,,,,
S12000014,Falkirk,Local Authority District,Job density,2011-01-01/P1Y,0.65,Number of jobs per resident aged 16 to 64,Number of jobs per resident aged 16 to 64,,,,
S12000014,Falkirk,Local Authority District,Job density,2012-01-01/P1Y,0.64,Number of jobs per resident aged 16 to 64,Number of jobs per resident aged 16 to 64,,,,
S12000014,Falkirk,Local Authority District,Job density,2013-01-01/P1Y,0.69,Number of jobs per resident aged 16 to 64,Number of jobs per resident aged 16 to 64,,,,
S12000014,Falkirk,Local Authority District,Job density,2014-01-01/P1Y,0.69,Number of jobs per resident aged 16 to 64,Number of jobs per resident aged 16 to 64,,,,
S12000014,Falkirk,Local Authority District,Job density,2015-01-01/P1Y,0.7,Number of jobs per resident aged 16 to 64,Number of jobs per resident aged 16 to 64,,,,
S12000014,Falkirk,Local Authority District,Job density,2016-01-01/P1Y,0.72,Number of jobs per resident aged 16 to 64,Number of jobs per resident aged 16 to 64,,,,
S12000047,Fife,Local Authority District,Job density,2018-01-01/P1Y,0.66,Number of jobs per resident aged 16 to 64,Number of jobs per resident aged 16 to 64,,,,
S12000047,Fife,Local Authority District,Job density,2019-01-01/P1Y,0.66,Number of jobs per resident aged 16 to 64,Number of jobs per resident aged 16 to 64,,,,
S12000047,Fife,Local Authority District,Job density,2020-01-01/P1Y,0.65,Number of jobs per resident aged 16 to 64,Number of jobs per resident aged 16 to 64,,,,
S12000047,Fife,Local Authority District,Job density,2021-01-01/P1Y,0.66,Number of jobs per resident aged 16 to 64,Number of jobs per resident aged 16 to 64,,,,
S12000047,Fife,Local Authority District,Job density,2022-01-01/P1Y,0.7,Number of jobs per resident aged 16 to 64,Number of jobs per resident aged 16 to 64,,,,
S12000047,Fife,Local Authority District,Job density,2023-01-01/P1Y,0.66,Number of jobs per resident aged 16 to 64,Number of jobs per resident aged 16 to 64,,,,
S12000047,Fife,Local Authority District,Job density,2024-01-01/P1Y,0.7,Number of jobs per resident aged 16 to 64,Number of jobs per resident aged 16 to 64,,,,
S12000047,Fife,Local Authority District,Job density,2017-01-01/P1Y,0.66,Number of jobs per resident aged 16 to 64,Number of jobs per resident aged 16 to 64,,,,
S12000047,Fife,Local Authority District,Job density,2016-01-01/P1Y,0.69,Number of jobs per resident aged 16 to 64,Number of jobs per resident aged 16 to 64,,,,
S12000047,Fife,Local Authority District,Job density,2011-01-01/P1Y,0.62,Number of jobs per resident aged 16 to 64,Number of jobs per resident aged 16 to 64,,,,
S12000047,Fife,Local Authority District,Job density,2012-01-01/P1Y,0.61,Number of jobs per resident aged 16 to 64,Number of jobs per resident aged 16 to 64,,,,
S12000047,Fife,Local Authority District,Job density,2013-01-01/P1Y,0.62,Number of jobs per resident aged 16 to 64,Number of jobs per resident aged 16 to 64,,,,
S12000047,Fife,Local Authority District,Job density,2014-01-01/P1Y,0.66,Number of jobs per resident aged 16 to 64,Number of jobs per resident aged 16 to 64,,,,
S12000047,Fife,Local Authority District,Job density,2015-01-01/P1Y,0.65,Number of jobs per resident aged 16 to 64,Number of jobs per resident aged 16 to 64,,,,
S12000049,Glasgow City,Local Authority District,Job density,2020-01-01/P1Y,1.07,Number of jobs per resident aged 16 to 64,Number of jobs per resident aged 16 to 64,,,,
S12000049,Glasgow City,Local Authority District,Job density,2019-01-01/P1Y,1.08,Number of jobs per resident aged 16 to 64,Number of jobs per resident aged 16 to 64,,,,
S12000049,Glasgow City,Local Authority District,Job density,2021-01-01/P1Y,1.08,Number of jobs per resident aged 16 to 64,Number of jobs per resident aged 16 to 64,,,,
S12000049,Glasgow City,Local Authority District,Job density,2018-01-01/P1Y,1.08,Number of jobs per resident aged 16 to 64,Number of jobs per resident aged 16 to 64,,,,
S12000049,Glasgow City,Local Authority District,Job density,2022-01-01/P1Y,1.1,Number of jobs per resident aged 16 to 64,Number of jobs per resident aged 16 to 64,,,,
S12000049,Glasgow City,Local Authority District,Job density,2023-01-01/P1Y,1.05,Number of jobs per resident aged 16 to 64,Number of jobs per resident aged 16 to 64,,,,
S12000049,Glasgow City,Local Authority District,Job density,2024-01-01/P1Y,1.05,Number of jobs per resident aged 16 to 64,Number of jobs per resident aged 16 to 64,,,,
S12000049,Glasgow City,Local Authority District,Job density,2017-01-01/P1Y,1.08,Number of jobs per resident aged 16 to 64,Number of jobs per resident aged 16 to 64,,,,
S12000049,Glasgow City,Local Authority District,Job density,2011-01-01/P1Y,1.02,Number of jobs per resident aged 16 to 64,Number of jobs per resident aged 16 to 64,,,,
S12000049,Glasgow City,Local Authority District,Job density,2012-01-01/P1Y,1.01,Number of jobs per resident aged 16 to 64,Number of jobs per resident aged 16 to 64,,,,
S12000049,Glasgow City,Local Authority District,Job density,2013-01-01/P1Y,0.94,Number of jobs per resident aged 16 to 64,Number of jobs per resident aged 16 to 64,,,,
S12000049,Glasgow City,Local Authority District,Job density,2014-01-01/P1Y,1.07,Number of jobs per resident aged 16 to 64,Number of jobs per resident aged 16 to 64,,,,
S12000049,Glasgow City,Local Authority District,Job density,2015-01-01/P1Y,1.07,Number of jobs per resident aged 16 to 64,Number of jobs per resident aged 16 to 64,,,,
S12000049,Glasgow City,Local Authority District,Job density,2016-01-01/P1Y,1.09,Number of jobs per resident aged 16 to 64,Number of jobs per resident aged 16 to 64,,,,
S12000017,Highland,Local Authority District,Job density,2019-01-01/P1Y,0.93,Number of jobs per resident aged 16 to 64,Number of jobs per resident aged 16 to 64,,,,
S12000017,Highland,Local Authority District,Job density,2020-01-01/P1Y,0.92,Number of jobs per resident aged 16 to 64,Number of jobs per resident aged 16 to 64,,,,
S12000017,Highland,Local Authority District,Job density,2021-01-01/P1Y,0.9,Number of jobs per resident aged 16 to 64,Number of jobs per resident aged 16 to 64,,,,
S12000017,Highland,Local Authority District,Job density,2023-01-01/P1Y,0.96,Number of jobs per resident aged 16 to 64,Number of jobs per resident aged 16 to 64,,,,
S12000017,Highland,Local Authority District,Job density,2022-01-01/P1Y,0.95,Number of jobs per resident aged 16 to 64,Number of jobs per resident aged 16 to 64,,,,
S12000017,Highland,Local Authority District,Job density,2018-01-01/P1Y,0.92,Number of jobs per resident aged 16 to 64,Number of jobs per resident aged 16 to 64,,,,
S12000017,Highland,Local Authority District,Job density,2024-01-01/P1Y,0.96,Number of jobs per resident aged 16 to 64,Number of jobs per resident aged 16 to 64,,,,
S12000017,Highland,Local Authority District,Job density,2017-01-01/P1Y,0.89,Number of jobs per resident aged 16 to 64,Number of jobs per resident aged 16 to 64,,,,
S12000017,Highland,Local Authority District,Job density,2011-01-01/P1Y,0.84,Number of jobs per resident aged 16 to 64,Number of jobs per resident aged 16 to 64,,,,
S12000017,Highland,Local Authority District,Job density,2012-01-01/P1Y,0.81,Number of jobs per resident aged 16 to 64,Number of jobs per resident aged 16 to 64,,,,
S12000017,Highland,Local Authority District,Job density,2013-01-01/P1Y,0.89,Number of jobs per resident aged 16 to 64,Number of jobs per resident aged 16 to 64,,,,
S12000017,Highland,Local Authority District,Job density,2014-01-01/P1Y,0.89,Number of jobs per resident aged 16 to 64,Number of jobs per resident aged 16 to 64,,,,
S12000017,Highland,Local Authority District,Job density,2015-01-01/P1Y,0.87,Number of jobs per resident aged 16 to 64,Number of jobs per resident aged 16 to 64,,,,
S12000017,Highland,Local Authority District,Job density,2016-01-01/P1Y,0.93,Number of jobs per resident aged 16 to 64,Number of jobs per resident aged 16 to 64,,,,
S12000018,Inverclyde,Local Authority District,Job density,2019-01-01/P1Y,0.57,Number of jobs per resident aged 16 to 64,Number of jobs per resident aged 16 to 64,,,,
S12000018,Inverclyde,Local Authority District,Job density,2020-01-01/P1Y,0.6,Number of jobs per resident aged 16 to 64,Number of jobs per resident aged 16 to 64,,,,
S12000018,Inverclyde,Local Authority District,Job density,2021-01-01/P1Y,0.59,Number of jobs per resident aged 16 to 64,Number of jobs per resident aged 16 to 64,,,,
S12000018,Inverclyde,Local Authority District,Job density,2022-01-01/P1Y,0.59,Number of jobs per resident aged 16 to 64,Number of jobs per resident aged 16 to 64,,,,
S12000018,Inverclyde,Local Authority District,Job density,2023-01-01/P1Y,0.57,Number of jobs per resident aged 16 to 64,Number of jobs per resident aged 16 to 64,,,,
S12000018,Inverclyde,Local Authority District,Job density,2024-01-01/P1Y,0.56,Number of jobs per resident aged 16 to 64,Number of jobs per resident aged 16 to 64,,,,
S12000018,Inverclyde,Local Authority District,Job density,2018-01-01/P1Y,0.61,Number of jobs per resident aged 16 to 64,Number of jobs per resident aged 16 to 64,,,,
S12000018,Inverclyde,Local Authority District,Job density,2017-01-01/P1Y,0.63,Number of jobs per resident aged 16 to 64,Number of jobs per resident aged 16 to 64,,,,
S12000018,Inverclyde,Local Authority District,Job density,2011-01-01/P1Y,0.63,Number of jobs per resident aged 16 to 64,Number of jobs per resident aged 16 to 64,,,,
S12000018,Inverclyde,Local Authority District,Job density,2012-01-01/P1Y,0.58,Number of jobs per resident aged 16 to 64,Number of jobs per resident aged 16 to 64,,,,
S12000018,Inverclyde,Local Authority District,Job density,2013-01-01/P1Y,0.59,Number of jobs per resident aged 16 to 64,Number of jobs per resident aged 16 to 64,,,,
S12000018,Inverclyde,Local Authority District,Job density,2014-01-01/P1Y,0.63,Number of jobs per resident aged 16 to 64,Number of jobs per resident aged 16 to 64,,,,
S12000018,Inverclyde,Local Authority District,Job density,2015-01-01/P1Y,0.65,Number of jobs per resident aged 16 to 64,Number of jobs per resident aged 16 to 64,,,,
S12000018,Inverclyde,Local Authority District,Job density,2016-01-01/P1Y,0.68,Number of jobs per resident aged 16 to 64,Number of jobs per resident aged 16 to 64,,,,
S12000019,Midlothian,Local Authority District,Job density,2019-01-01/P1Y,0.61,Number of jobs per resident aged 16 to 64,Number of jobs per resident aged 16 to 64,,,,
S12000019,Midlothian,Local Authority District,Job density,2020-01-01/P1Y,0.58,Number of jobs per resident aged 16 to 64,Number of jobs per resident aged 16 to 64,,,,
S12000019,Midlothian,Local Authority District,Job density,2021-01-01/P1Y,0.63,Number of jobs per resident aged 16 to 64,Number of jobs per resident aged 16 to 64,,,,
S12000019,Midlothian,Local Authority District,Job density,2022-01-01/P1Y,0.62,Number of jobs per resident aged 16 to 64,Number of jobs per resident aged 16 to 64,,,,
S12000019,Midlothian,Local Authority District,Job density,2023-01-01/P1Y,0.64,Number of jobs per resident aged 16 to 64,Number of jobs per resident aged 16 to 64,,,,
S12000019,Midlothian,Local Authority District,Job density,2024-01-01/P1Y,0.62,Number of jobs per resident aged 16 to 64,Number of jobs per resident aged 16 to 64,,,,
S12000019,Midlothian,Local Authority District,Job density,2018-01-01/P1Y,0.61,Number of jobs per resident aged 16 to 64,Number of jobs per resident aged 16 to 64,,,,
S12000019,Midlothian,Local Authority District,Job density,2017-01-01/P1Y,0.61,Number of jobs per resident aged 16 to 64,Number of jobs per resident aged 16 to 64,,,,
S12000019,Midlothian,Local Authority District,Job density,2011-01-01/P1Y,0.57,Number of jobs per resident aged 16 to 64,Number of jobs per resident aged 16 to 64,,,,
S12000019,Midlothian,Local Authority District,Job density,2012-01-01/P1Y,0.59,Number of jobs per resident aged 16 to 64,Number of jobs per resident aged 16 to 64,,,,
S12000019,Midlothian,Local Authority District,Job density,2013-01-01/P1Y,0.61,Number of jobs per resident aged 16 to 64,Number of jobs per resident aged 16 to 64,,,,
S12000019,Midlothian,Local Authority District,Job density,2014-01-01/P1Y,0.64,Number of jobs per resident aged 16 to 64,Number of jobs per resident aged 16 to 64,,,,
S12000019,Midlothian,Local Authority District,Job density,2016-01-01/P1Y,0.63,Number of jobs per resident aged 16 to 64,Number of jobs per resident aged 16 to 64,,,,
S12000019,Midlothian,Local Authority District,Job density,2015-01-01/P1Y,0.63,Number of jobs per resident aged 16 to 64,Number of jobs per resident aged 16 to 64,,,,
S12000020,Moray,Local Authority District,Job density,2024-01-01/P1Y,0.77,Number of jobs per resident aged 16 to 64,Number of jobs per resident aged 16 to 64,,,,
S12000020,Moray,Local Authority District,Job density,2023-01-01/P1Y,0.77,Number of jobs per resident aged 16 to 64,Number of jobs per resident aged 16 to 64,,,,
S12000020,Moray,Local Authority District,Job density,2022-01-01/P1Y,0.8,Number of jobs per resident aged 16 to 64,Number of jobs per resident aged 16 to 64,,,,
S12000020,Moray,Local Authority District,Job density,2018-01-01/P1Y,0.79,Number of jobs per resident aged 16 to 64,Number of jobs per resident aged 16 to 64,,,,
S12000020,Moray,Local Authority District,Job density,2021-01-01/P1Y,0.81,Number of jobs per resident aged 16 to 64,Number of jobs per resident aged 16 to 64,,,,
S12000020,Moray,Local Authority District,Job density,2020-01-01/P1Y,0.76,Number of jobs per resident aged 16 to 64,Number of jobs per resident aged 16 to 64,,,,
S12000020,Moray,Local Authority District,Job density,2019-01-01/P1Y,0.79,Number of jobs per resident aged 16 to 64,Number of jobs per resident aged 16 to 64,,,,
S12000020,Moray,Local Authority District,Job density,2016-01-01/P1Y,0.75,Number of jobs per resident aged 16 to 64,Number of jobs per resident aged 16 to 64,,,,
S12000020,Moray,Local Authority District,Job density,2017-01-01/P1Y,0.78,Number of jobs per resident aged 16 to 64,Number of jobs per resident aged 16 to 64,,,,
S12000020,Moray,Local Authority District,Job density,2011-01-01/P1Y,0.73,Number of jobs per resident aged 16 to 64,Number of jobs per resident aged 16 to 64,,,,
S12000020,Moray,Local Authority District,Job density,2012-01-01/P1Y,0.71,Number of jobs per resident aged 16 to 64,Number of jobs per resident aged 16 to 64,,,,
S12000020,Moray,Local Authority District,Job density,2013-01-01/P1Y,0.69,Number of jobs per resident aged 16 to 64,Number of jobs per resident aged 16 to 64,,,,
S12000020,Moray,Local Authority District,Job density,2014-01-01/P1Y,0.72,Number of jobs per resident aged 16 to 64,Number of jobs per resident aged 16 to 64,,,,
S12000020,Moray,Local Authority District,Job density,2015-01-01/P1Y,0.71,Number of jobs per resident aged 16 to 64,Number of jobs per resident aged 16 to 64,,,,
S12000013,Na h-Eileanan Siar,Local Authority District,Job density,2018-01-01/P1Y,0.9,Number of jobs per resident aged 16 to 64,Number of jobs per resident aged 16 to 64,,,,
S12000013,Na h-Eileanan Siar,Local Authority District,Job density,2019-01-01/P1Y,0.88,Number of jobs per resident aged 16 to 64,Number of jobs per resident aged 16 to 64,,,,
S12000013,Na h-Eileanan Siar,Local Authority District,Job density,2020-01-01/P1Y,0.92,Number of jobs per resident aged 16 to 64,Number of jobs per resident aged 16 to 64,,,,
S12000013,Na h-Eileanan Siar,Local Authority District,Job density,2021-01-01/P1Y,0.95,Number of jobs per resident aged 16 to 64,Number of jobs per resident aged 16 to 64,,,,
S12000013,Na h-Eileanan Siar,Local Authority District,Job density,2022-01-01/P1Y,0.99,Number of jobs per resident aged 16 to 64,Number of jobs per resident aged 16 to 64,,,,
S12000013,Na h-Eileanan Siar,Local Authority District,Job density,2023-01-01/P1Y,0.95,Number of jobs per resident aged 16 to 64,Number of jobs per resident aged 16 to 64,,,,
S12000013,Na h-Eileanan Siar,Local Authority District,Job density,2024-01-01/P1Y,1.1,Number of jobs per resident aged 16 to 64,Number of jobs per resident aged 16 to 64,,,,
S12000013,Na h-Eileanan Siar,Local Authority District,Job density,2017-01-01/P1Y,0.81,Number of jobs per resident aged 16 to 64,Number of jobs per resident aged 16 to 64,,,,
S12000013,Na h-Eileanan Siar,Local Authority District,Job density,2016-01-01/P1Y,0.84,Number of jobs per resident aged 16 to 64,Number of jobs per resident aged 16 to 64,,,,
S12000013,Na h-Eileanan Siar,Local Authority District,Job density,2011-01-01/P1Y,0.71,Number of jobs per resident aged 16 to 64,Number of jobs per resident aged 16 to 64,,,,
S12000013,Na h-Eileanan Siar,Local Authority District,Job density,2012-01-01/P1Y,0.72,Number of jobs per resident aged 16 to 64,Number of jobs per resident aged 16 to 64,,,,
S12000013,Na h-Eileanan Siar,Local Authority District,Job density,2013-01-01/P1Y,0.76,Number of jobs per resident aged 16 to 64,Number of jobs per resident aged 16 to 64,,,,
S12000013,Na h-Eileanan Siar,Local Authority District,Job density,2014-01-01/P1Y,0.75,Number of jobs per resident aged 16 to 64,Number of jobs per resident aged 16 to 64,,,,
S12000013,Na h-Eileanan Siar,Local Authority District,Job density,2015-01-01/P1Y,0.8,Number of jobs per resident aged 16 to 64,Number of jobs per resident aged 16 to 64,,,,
S12000021,North Ayrshire,Local Authority District,Job density,2021-01-01/P1Y,0.56,Number of jobs per resident aged 16 to 64,Number of jobs per resident aged 16 to 64,,,,
S12000021,North Ayrshire,Local Authority District,Job density,2019-01-01/P1Y,0.57,Number of jobs per resident aged 16 to 64,Number of jobs per resident aged 16 to 64,,,,
S12000021,North Ayrshire,Local Authority District,Job density,2020-01-01/P1Y,0.53,Number of jobs per resident aged 16 to 64,Number of jobs per resident aged 16 to 64,,,,
S12000021,North Ayrshire,Local Authority District,Job density,2024-01-01/P1Y,0.57,Number of jobs per resident aged 16 to 64,Number of jobs per resident aged 16 to 64,,,,
S12000021,North Ayrshire,Local Authority District,Job density,2022-01-01/P1Y,0.58,Number of jobs per resident aged 16 to 64,Number of jobs per resident aged 16 to 64,,,,
S12000021,North Ayrshire,Local Authority District,Job density,2023-01-01/P1Y,0.64,Number of jobs per resident aged 16 to 64,Number of jobs per resident aged 16 to 64,,,,
S12000021,North Ayrshire,Local Authority District,Job density,2018-01-01/P1Y,0.57,Number of jobs per resident aged 16 to 64,Number of jobs per resident aged 16 to 64,,,,
S12000021,North Ayrshire,Local Authority District,Job density,2017-01-01/P1Y,0.58,Number of jobs per resident aged 16 to 64,Number of jobs per resident aged 16 to 64,,,,
S12000021,North Ayrshire,Local Authority District,Job density,2011-01-01/P1Y,0.5,Number of jobs per resident aged 16 to 64,Number of jobs per resident aged 16 to 64,,,,
S12000021,North Ayrshire,Local Authority District,Job density,2012-01-01/P1Y,0.49,Number of jobs per resident aged 16 to 64,Number of jobs per resident aged 16 to 64,,,,
S12000021,North Ayrshire,Local Authority District,Job density,2013-01-01/P1Y,0.52,Number of jobs per resident aged 16 to 64,Number of jobs per resident aged 16 to 64,,,,
S12000021,North Ayrshire,Local Authority District,Job density,2014-01-01/P1Y,0.53,Number of jobs per resident aged 16 to 64,Number of jobs per resident aged 16 to 64,,,,
S12000021,North Ayrshire,Local Authority District,Job density,2015-01-01/P1Y,0.55,Number of jobs per resident aged 16 to 64,Number of jobs per resident aged 16 to 64,,,,
S12000021,North Ayrshire,Local Authority District,Job density,2016-01-01/P1Y,0.59,Number of jobs per resident aged 16 to 64,Number of jobs per resident aged 16 to 64,,,,
S12000050,North Lanarkshire,Local Authority District,Job density,2019-01-01/P1Y,0.66,Number of jobs per resident aged 16 to 64,Number of jobs per resident aged 16 to 64,,,,
S12000050,North Lanarkshire,Local Authority District,Job density,2020-01-01/P1Y,0.66,Number of jobs per resident aged 16 to 64,Number of jobs per resident aged 16 to 64,,,,
S12000050,North Lanarkshire,Local Authority District,Job density,2021-01-01/P1Y,0.65,Number of jobs per resident aged 16 to 64,Number of jobs per resident aged 16 to 64,,,,
S12000050,North Lanarkshire,Local Authority District,Job density,2022-01-01/P1Y,0.64,Number of jobs per resident aged 16 to 64,Number of jobs per resident aged 16 to 64,,,,
S12000050,North Lanarkshire,Local Authority District,Job density,2023-01-01/P1Y,0.64,Number of jobs per resident aged 16 to 64,Number of jobs per resident aged 16 to 64,,,,
S12000050,North Lanarkshire,Local Authority District,Job density,2024-01-01/P1Y,0.65,Number of jobs per resident aged 16 to 64,Number of jobs per resident aged 16 to 64,,,,
S12000050,North Lanarkshire,Local Authority District,Job density,2018-01-01/P1Y,0.68,Number of jobs per resident aged 16 to 64,Number of jobs per resident aged 16 to 64,,,,
S12000050,North Lanarkshire,Local Authority District,Job density,2017-01-01/P1Y,0.67,Number of jobs per resident aged 16 to 64,Number of jobs per resident aged 16 to 64,,,,
S12000050,North Lanarkshire,Local Authority District,Job density,2011-01-01/P1Y,0.58,Number of jobs per resident aged 16 to 64,Number of jobs per resident aged 16 to 64,,,,
S12000050,North Lanarkshire,Local Authority District,Job density,2012-01-01/P1Y,0.6,Number of jobs per resident aged 16 to 64,Number of jobs per resident aged 16 to 64,,,,
S12000050,North Lanarkshire,Local Authority District,Job density,2013-01-01/P1Y,0.6,Number of jobs per resident aged 16 to 64,Number of jobs per resident aged 16 to 64,,,,
S12000050,North Lanarkshire,Local Authority District,Job density,2014-01-01/P1Y,0.65,Number of jobs per resident aged 16 to 64,Number of jobs per resident aged 16 to 64,,,,
S12000050,North Lanarkshire,Local Authority District,Job density,2015-01-01/P1Y,0.65,Number of jobs per resident aged 16 to 64,Number of jobs per resident aged 16 to 64,,,,
S12000050,North Lanarkshire,Local Authority District,Job density,2016-01-01/P1Y,0.65,Number of jobs per resident aged 16 to 64,Number of jobs per resident aged 16 to 64,,,,
S12000023,Orkney Islands,Local Authority District,Job density,2019-01-01/P1Y,1.04,Number of jobs per resident aged 16 to 64,Number of jobs per resident aged 16 to 64,,,,
S12000023,Orkney Islands,Local Authority District,Job density,2020-01-01/P1Y,1.0,Number of jobs per resident aged 16 to 64,Number of jobs per resident aged 16 to 64,,,,
S12000023,Orkney Islands,Local Authority District,Job density,2021-01-01/P1Y,1.06,Number of jobs per resident aged 16 to 64,Number of jobs per resident aged 16 to 64,,,,
S12000023,Orkney Islands,Local Authority District,Job density,2022-01-01/P1Y,0.98,Number of jobs per resident aged 16 to 64,Number of jobs per resident aged 16 to 64,,,,
S12000023,Orkney Islands,Local Authority District,Job density,2023-01-01/P1Y,1.05,Number of jobs per resident aged 16 to 64,Number of jobs per resident aged 16 to 64,,,,
S12000023,Orkney Islands,Local Authority District,Job density,2024-01-01/P1Y,0.95,Number of jobs per resident aged 16 to 64,Number of jobs per resident aged 16 to 64,,,,
S12000023,Orkney Islands,Local Authority District,Job density,2018-01-01/P1Y,1.05,Number of jobs per resident aged 16 to 64,Number of jobs per resident aged 16 to 64,,,,
S12000023,Orkney Islands,Local Authority District,Job density,2017-01-01/P1Y,1.07,Number of jobs per resident aged 16 to 64,Number of jobs per resident aged 16 to 64,,,,
S12000023,Orkney Islands,Local Authority District,Job density,2011-01-01/P1Y,0.88,Number of jobs per resident aged 16 to 64,Number of jobs per resident aged 16 to 64,,,,
S12000023,Orkney Islands,Local Authority District,Job density,2012-01-01/P1Y,0.88,Number of jobs per resident aged 16 to 64,Number of jobs per resident aged 16 to 64,,,,
S12000023,Orkney Islands,Local Authority District,Job density,2013-01-01/P1Y,0.88,Number of jobs per resident aged 16 to 64,Number of jobs per resident aged 16 to 64,,,,
S12000023,Orkney Islands,Local Authority District,Job density,2014-01-01/P1Y,0.88,Number of jobs per resident aged 16 to 64,Number of jobs per resident aged 16 to 64,,,,
S12000023,Orkney Islands,Local Authority District,Job density,2015-01-01/P1Y,0.91,Number of jobs per resident aged 16 to 64,Number of jobs per resident aged 16 to 64,,,,
S12000023,Orkney Islands,Local Authority District,Job density,2016-01-01/P1Y,1.0,Number of jobs per resident aged 16 to 64,Number of jobs per resident aged 16 to 64,,,,
S12000048,Perth and Kinross,Local Authority District,Job density,2018-01-01/P1Y,0.84,Number of jobs per resident aged 16 to 64,Number of jobs per resident aged 16 to 64,,,,
S12000048,Perth and Kinross,Local Authority District,Job density,2019-01-01/P1Y,0.91,Number of jobs per resident aged 16 to 64,Number of jobs per resident aged 16 to 64,,,,
S12000048,Perth and Kinross,Local Authority District,Job density,2020-01-01/P1Y,0.79,Number of jobs per resident aged 16 to 64,Number of jobs per resident aged 16 to 64,,,,
S12000048,Perth and Kinross,Local Authority District,Job density,2021-01-01/P1Y,0.86,Number of jobs per resident aged 16 to 64,Number of jobs per resident aged 16 to 64,,,,
S12000048,Perth and Kinross,Local Authority District,Job density,2022-01-01/P1Y,0.84,Number of jobs per resident aged 16 to 64,Number of jobs per resident aged 16 to 64,,,,
S12000048,Perth and Kinross,Local Authority District,Job density,2023-01-01/P1Y,0.88,Number of jobs per resident aged 16 to 64,Number of jobs per resident aged 16 to 64,,,,
S12000048,Perth and Kinross,Local Authority District,Job density,2024-01-01/P1Y,0.88,Number of jobs per resident aged 16 to 64,Number of jobs per resident aged 16 to 64,,,,
S12000048,Perth and Kinross,Local Authority District,Job density,2017-01-01/P1Y,0.81,Number of jobs per resident aged 16 to 64,Number of jobs per resident aged 16 to 64,,,,
S12000048,Perth and Kinross,Local Authority District,Job density,2016-01-01/P1Y,0.84,Number of jobs per resident aged 16 to 64,Number of jobs per resident aged 16 to 64,,,,
S12000048,Perth and Kinross,Local Authority District,Job density,2011-01-01/P1Y,0.77,Number of jobs per resident aged 16 to 64,Number of jobs per resident aged 16 to 64,,,,
S12000048,Perth and Kinross,Local Authority District,Job density,2012-01-01/P1Y,0.77,Number of jobs per resident aged 16 to 64,Number of jobs per resident aged 16 to 64,,,,
S12000048,Perth and Kinross,Local Authority District,Job density,2013-01-01/P1Y,0.79,Number of jobs per resident aged 16 to 64,Number of jobs per resident aged 16 to 64,,,,
S12000048,Perth and Kinross,Local Authority District,Job density,2014-01-01/P1Y,0.79,Number of jobs per resident aged 16 to 64,Number of jobs per resident aged 16 to 64,,,,
S12000048,Perth and Kinross,Local Authority District,Job density,2015-01-01/P1Y,0.8,Number of jobs per resident aged 16 to 64,Number of jobs per resident aged 16 to 64,,,,
S12000038,Renfrewshire,Local Authority District,Job density,2020-01-01/P1Y,0.8,Number of jobs per resident aged 16 to 64,Number of jobs per resident aged 16 to 64,,,,
S12000038,Renfrewshire,Local Authority District,Job density,2019-01-01/P1Y,0.81,Number of jobs per resident aged 16 to 64,Number of jobs per resident aged 16 to 64,,,,
S12000038,Renfrewshire,Local Authority District,Job density,2024-01-01/P1Y,0.75,Number of jobs per resident aged 16 to 64,Number of jobs per resident aged 16 to 64,,,,
S12000038,Renfrewshire,Local Authority District,Job density,2018-01-01/P1Y,0.82,Number of jobs per resident aged 16 to 64,Number of jobs per resident aged 16 to 64,,,,
S12000038,Renfrewshire,Local Authority District,Job density,2022-01-01/P1Y,0.75,Number of jobs per resident aged 16 to 64,Number of jobs per resident aged 16 to 64,,,,
S12000038,Renfrewshire,Local Authority District,Job density,2023-01-01/P1Y,0.76,Number of jobs per resident aged 16 to 64,Number of jobs per resident aged 16 to 64,,,,
S12000038,Renfrewshire,Local Authority District,Job density,2021-01-01/P1Y,0.76,Number of jobs per resident aged 16 to 64,Number of jobs per resident aged 16 to 64,,,,
S12000038,Renfrewshire,Local Authority District,Job density,2017-01-01/P1Y,0.81,Number of jobs per resident aged 16 to 64,Number of jobs per resident aged 16 to 64,,,,
S12000038,Renfrewshire,Local Authority District,Job density,2011-01-01/P1Y,0.69,Number of jobs per resident aged 16 to 64,Number of jobs per resident aged 16 to 64,,,,
S12000038,Renfrewshire,Local Authority District,Job density,2012-01-01/P1Y,0.66,Number of jobs per resident aged 16 to 64,Number of jobs per resident aged 16 to 64,,,,
S12000038,Renfrewshire,Local Authority District,Job density,2013-01-01/P1Y,0.68,Number of jobs per resident aged 16 to 64,Number of jobs per resident aged 16 to 64,,,,
S12000038,Renfrewshire,Local Authority District,Job density,2014-01-01/P1Y,0.71,Number of jobs per resident aged 16 to 64,Number of jobs per resident aged 16 to 64,,,,
S12000038,Renfrewshire,Local Authority District,Job density,2015-01-01/P1Y,0.8,Number of jobs per resident aged 16 to 64,Number of jobs per resident aged 16 to 64,,,,
S12000038,Renfrewshire,Local Authority District,Job density,2016-01-01/P1Y,0.8,Number of jobs per resident aged 16 to 64,Number of jobs per resident aged 16 to 64,,,,
S12000026,Scottish Borders,Local Authority District,Job density,2019-01-01/P1Y,0.8,Number of jobs per resident aged 16 to 64,Number of jobs per resident aged 16 to 64,,,,
S12000026,Scottish Borders,Local Authority District,Job density,2020-01-01/P1Y,0.78,Number of jobs per resident aged 16 to 64,Number of jobs per resident aged 16 to 64,,,,
S12000026,Scottish Borders,Local Authority District,Job density,2021-01-01/P1Y,0.77,Number of jobs per resident aged 16 to 64,Number of jobs per resident aged 16 to 64,,,,
S12000026,Scottish Borders,Local Authority District,Job density,2023-01-01/P1Y,0.81,Number of jobs per resident aged 16 to 64,Number of jobs per resident aged 16 to 64,,,,
S12000026,Scottish Borders,Local Authority District,Job density,2022-01-01/P1Y,0.78,Number of jobs per resident aged 16 to 64,Number of jobs per resident aged 16 to 64,,,,
S12000026,Scottish Borders,Local Authority District,Job density,2024-01-01/P1Y,0.81,Number of jobs per resident aged 16 to 64,Number of jobs per resident aged 16 to 64,,,,
S12000026,Scottish Borders,Local Authority District,Job density,2018-01-01/P1Y,0.78,Number of jobs per resident aged 16 to 64,Number of jobs per resident aged 16 to 64,,,,
S12000026,Scottish Borders,Local Authority District,Job density,2017-01-01/P1Y,0.77,Number of jobs per resident aged 16 to 64,Number of jobs per resident aged 16 to 64,,,,
S12000026,Scottish Borders,Local Authority District,Job density,2011-01-01/P1Y,0.73,Number of jobs per resident aged 16 to 64,Number of jobs per resident aged 16 to 64,,,,
S12000026,Scottish Borders,Local Authority District,Job density,2012-01-01/P1Y,0.71,Number of jobs per resident aged 16 to 64,Number of jobs per resident aged 16 to 64,,,,
S12000026,Scottish Borders,Local Authority District,Job density,2013-01-01/P1Y,0.74,Number of jobs per resident aged 16 to 64,Number of jobs per resident aged 16 to 64,,,,
S12000026,Scottish Borders,Local Authority District,Job density,2014-01-01/P1Y,0.72,Number of jobs per resident aged 16 to 64,Number of jobs per resident aged 16 to 64,,,,
S12000026,Scottish Borders,Local Authority District,Job density,2015-01-01/P1Y,0.73,Number of jobs per resident aged 16 to 64,Number of jobs per resident aged 16 to 64,,,,
S12000026,Scottish Borders,Local Authority District,Job density,2016-01-01/P1Y,0.77,Number of jobs per resident aged 16 to 64,Number of jobs per resident aged 16 to 64,,,,
S12000027,Shetland Islands,Local Authority District,Job density,2019-01-01/P1Y,1.11,Number of jobs per resident aged 16 to 64,Number of jobs per resident aged 16 to 64,,,,
S12000027,Shetland Islands,Local Authority District,Job density,2020-01-01/P1Y,1.22,Number of jobs per resident aged 16 to 64,Number of jobs per resident aged 16 to 64,,,,
S12000027,Shetland Islands,Local Authority District,Job density,2021-01-01/P1Y,1.13,Number of jobs per resident aged 16 to 64,Number of jobs per resident aged 16 to 64,,,,
S12000027,Shetland Islands,Local Authority District,Job density,2022-01-01/P1Y,1.08,Number of jobs per resident aged 16 to 64,Number of jobs per resident aged 16 to 64,,,,
S12000027,Shetland Islands,Local Authority District,Job density,2023-01-01/P1Y,1.11,Number of jobs per resident aged 16 to 64,Number of jobs per resident aged 16 to 64,,,,
S12000027,Shetland Islands,Local Authority District,Job density,2024-01-01/P1Y,0.97,Number of jobs per resident aged 16 to 64,Number of jobs per resident aged 16 to 64,,,,
S12000027,Shetland Islands,Local Authority District,Job density,2018-01-01/P1Y,1.12,Number of jobs per resident aged 16 to 64,Number of jobs per resident aged 16 to 64,,,,
S12000027,Shetland Islands,Local Authority District,Job density,2017-01-01/P1Y,1.08,Number of jobs per resident aged 16 to 64,Number of jobs per resident aged 16 to 64,,,,
S12000027,Shetland Islands,Local Authority District,Job density,2011-01-01/P1Y,0.99,Number of jobs per resident aged 16 to 64,Number of jobs per resident aged 16 to 64,,,,
S12000027,Shetland Islands,Local Authority District,Job density,2012-01-01/P1Y,0.93,Number of jobs per resident aged 16 to 64,Number of jobs per resident aged 16 to 64,,,,
S12000027,Shetland Islands,Local Authority District,Job density,2013-01-01/P1Y,1.03,Number of jobs per resident aged 16 to 64,Number of jobs per resident aged 16 to 64,,,,
S12000027,Shetland Islands,Local Authority District,Job density,2014-01-01/P1Y,1.08,Number of jobs per resident aged 16 to 64,Number of jobs per resident aged 16 to 64,,,,
S12000027,Shetland Islands,Local Authority District,Job density,2015-01-01/P1Y,1.15,Number of jobs per resident aged 16 to 64,Number of jobs per resident aged 16 to 64,,,,
S12000027,Shetland Islands,Local Authority District,Job density,2016-01-01/P1Y,1.06,Number of jobs per resident aged 16 to 64,Number of jobs per resident aged 16 to 64,,,,
S12000028,South Ayrshire,Local Authority District,Job density,2019-01-01/P1Y,0.82,Number of jobs per resident aged 16 to 64,Number of jobs per resident aged 16 to 64,,,,
S12000028,South Ayrshire,Local Authority District,Job density,2020-01-01/P1Y,0.77,Number of jobs per resident aged 16 to 64,Number of jobs per resident aged 16 to 64,,,,
S12000028,South Ayrshire,Local Authority District,Job density,2021-01-01/P1Y,0.82,Number of jobs per resident aged 16 to 64,Number of jobs per resident aged 16 to 64,,,,
S12000028,South Ayrshire,Local Authority District,Job density,2022-01-01/P1Y,0.81,Number of jobs per resident aged 16 to 64,Number of jobs per resident aged 16 to 64,,,,
S12000028,South Ayrshire,Local Authority District,Job density,2023-01-01/P1Y,0.83,Number of jobs per resident aged 16 to 64,Number of jobs per resident aged 16 to 64,,,,
S12000028,South Ayrshire,Local Authority District,Job density,2024-01-01/P1Y,0.79,Number of jobs per resident aged 16 to 64,Number of jobs per resident aged 16 to 64,,,,
S12000028,South Ayrshire,Local Authority District,Job density,2018-01-01/P1Y,0.79,Number of jobs per resident aged 16 to 64,Number of jobs per resident aged 16 to 64,,,,
S12000028,South Ayrshire,Local Authority District,Job density,2017-01-01/P1Y,0.79,Number of jobs per resident aged 16 to 64,Number of jobs per resident aged 16 to 64,,,,
S12000028,South Ayrshire,Local Authority District,Job density,2011-01-01/P1Y,0.74,Number of jobs per resident aged 16 to 64,Number of jobs per resident aged 16 to 64,,,,
S12000028,South Ayrshire,Local Authority District,Job density,2012-01-01/P1Y,0.72,Number of jobs per resident aged 16 to 64,Number of jobs per resident aged 16 to 64,,,,
S12000028,South Ayrshire,Local Authority District,Job density,2013-01-01/P1Y,0.76,Number of jobs per resident aged 16 to 64,Number of jobs per resident aged 16 to 64,,,,
S12000028,South Ayrshire,Local Authority District,Job density,2014-01-01/P1Y,0.74,Number of jobs per resident aged 16 to 64,Number of jobs per resident aged 16 to 64,,,,
S12000028,South Ayrshire,Local Authority District,Job density,2015-01-01/P1Y,0.77,Number of jobs per resident aged 16 to 64,Number of jobs per resident aged 16 to 64,,,,
S12000028,South Ayrshire,Local Authority District,Job density,2016-01-01/P1Y,0.81,Number of jobs per resident aged 16 to 64,Number of jobs per resident aged 16 to 64,,,,
S12000029,South Lanarkshire,Local Authority District,Job density,2018-01-01/P1Y,0.65,Number of jobs per resident aged 16 to 64,Number of jobs per resident aged 16 to 64,,,,
S12000029,South Lanarkshire,Local Authority District,Job density,2019-01-01/P1Y,0.65,Number of jobs per resident aged 16 to 64,Number of jobs per resident aged 16 to 64,,,,
S12000029,South Lanarkshire,Local Authority District,Job density,2020-01-01/P1Y,0.66,Number of jobs per resident aged 16 to 64,Number of jobs per resident aged 16 to 64,,,,
S12000029,South Lanarkshire,Local Authority District,Job density,2021-01-01/P1Y,0.66,Number of jobs per resident aged 16 to 64,Number of jobs per resident aged 16 to 64,,,,
S12000029,South Lanarkshire,Local Authority District,Job density,2022-01-01/P1Y,0.64,Number of jobs per resident aged 16 to 64,Number of jobs per resident aged 16 to 64,,,,
S12000029,South Lanarkshire,Local Authority District,Job density,2023-01-01/P1Y,0.68,Number of jobs per resident aged 16 to 64,Number of jobs per resident aged 16 to 64,,,,
S12000029,South Lanarkshire,Local Authority District,Job density,2024-01-01/P1Y,0.63,Number of jobs per resident aged 16 to 64,Number of jobs per resident aged 16 to 64,,,,
S12000029,South Lanarkshire,Local Authority District,Job density,2017-01-01/P1Y,0.65,Number of jobs per resident aged 16 to 64,Number of jobs per resident aged 16 to 64,,,,
S12000029,South Lanarkshire,Local Authority District,Job density,2016-01-01/P1Y,0.66,Number of jobs per resident aged 16 to 64,Number of jobs per resident aged 16 to 64,,,,
S12000029,South Lanarkshire,Local Authority District,Job density,2011-01-01/P1Y,0.65,Number of jobs per resident aged 16 to 64,Number of jobs per resident aged 16 to 64,,,,
S12000029,South Lanarkshire,Local Authority District,Job density,2012-01-01/P1Y,0.63,Number of jobs per resident aged 16 to 64,Number of jobs per resident aged 16 to 64,,,,
S12000029,South Lanarkshire,Local Authority District,Job density,2013-01-01/P1Y,0.64,Number of jobs per resident aged 16 to 64,Number of jobs per resident aged 16 to 64,,,,
S12000029,South Lanarkshire,Local Authority District,Job density,2014-01-01/P1Y,0.63,Number of jobs per resident aged 16 to 64,Number of jobs per resident aged 16 to 64,,,,
S12000029,South Lanarkshire,Local Authority District,Job density,2015-01-01/P1Y,0.65,Number of jobs per resident aged 16 to 64,Number of jobs per resident aged 16 to 64,,,,
S12000030,Stirling,Local Authority District,Job density,2021-01-01/P1Y,0.89,Number of jobs per resident aged 16 to 64,Number of jobs per resident aged 16 to 64,,,,
S12000030,Stirling,Local Authority District,Job density,2019-01-01/P1Y,0.94,Number of jobs per resident aged 16 to 64,Number of jobs per resident aged 16 to 64,,,,
S12000030,Stirling,Local Authority District,Job density,2020-01-01/P1Y,0.88,Number of jobs per resident aged 16 to 64,Number of jobs per resident aged 16 to 64,,,,
S12000030,Stirling,Local Authority District,Job density,2024-01-01/P1Y,0.9,Number of jobs per resident aged 16 to 64,Number of jobs per resident aged 16 to 64,,,,
S12000030,Stirling,Local Authority District,Job density,2022-01-01/P1Y,0.88,Number of jobs per resident aged 16 to 64,Number of jobs per resident aged 16 to 64,,,,
S12000030,Stirling,Local Authority District,Job density,2023-01-01/P1Y,0.87,Number of jobs per resident aged 16 to 64,Number of jobs per resident aged 16 to 64,,,,
S12000030,Stirling,Local Authority District,Job density,2018-01-01/P1Y,0.91,Number of jobs per resident aged 16 to 64,Number of jobs per resident aged 16 to 64,,,,
S12000030,Stirling,Local Authority District,Job density,2017-01-01/P1Y,0.93,Number of jobs per resident aged 16 to 64,Number of jobs per resident aged 16 to 64,,,,
S12000030,Stirling,Local Authority District,Job density,2011-01-01/P1Y,0.79,Number of jobs per resident aged 16 to 64,Number of jobs per resident aged 16 to 64,,,,
S12000030,Stirling,Local Authority District,Job density,2012-01-01/P1Y,0.82,Number of jobs per resident aged 16 to 64,Number of jobs per resident aged 16 to 64,,,,
S12000030,Stirling,Local Authority District,Job density,2013-01-01/P1Y,0.87,Number of jobs per resident aged 16 to 64,Number of jobs per resident aged 16 to 64,,,,
S12000030,Stirling,Local Authority District,Job density,2014-01-01/P1Y,0.86,Number of jobs per resident aged 16 to 64,Number of jobs per resident aged 16 to 64,,,,
S12000030,Stirling,Local Authority District,Job density,2015-01-01/P1Y,0.85,Number of jobs per resident aged 16 to 64,Number of jobs per resident aged 16 to 64,,,,
S12000030,Stirling,Local Authority District,Job density,2016-01-01/P1Y,0.9,Number of jobs per resident aged 16 to 64,Number of jobs per resident aged 16 to 64,,,,
S12000039,West Dunbartonshire,Local Authority District,Job density,2019-01-01/P1Y,0.63,Number of jobs per resident aged 16 to 64,Number of jobs per resident aged 16 to 64,,,,
S12000039,West Dunbartonshire,Local Authority District,Job density,2020-01-01/P1Y,0.6,Number of jobs per resident aged 16 to 64,Number of jobs per resident aged 16 to 64,,,,
S12000039,West Dunbartonshire,Local Authority District,Job density,2021-01-01/P1Y,0.68,Number of jobs per resident aged 16 to 64,Number of jobs per resident aged 16 to 64,,,,
S12000039,West Dunbartonshire,Local Authority District,Job density,2023-01-01/P1Y,0.65,Number of jobs per resident aged 16 to 64,Number of jobs per resident aged 16 to 64,,,,
S12000039,West Dunbartonshire,Local Authority District,Job density,2022-01-01/P1Y,0.66,Number of jobs per resident aged 16 to 64,Number of jobs per resident aged 16 to 64,,,,
S12000039,West Dunbartonshire,Local Authority District,Job density,2024-01-01/P1Y,0.62,Number of jobs per resident aged 16 to 64,Number of jobs per resident aged 16 to 64,,,,
S12000039,West Dunbartonshire,Local Authority District,Job density,2018-01-01/P1Y,0.62,Number of jobs per resident aged 16 to 64,Number of jobs per resident aged 16 to 64,,,,
S12000039,West Dunbartonshire,Local Authority District,Job density,2011-01-01/P1Y,0.58,Number of jobs per resident aged 16 to 64,Number of jobs per resident aged 16 to 64,,,,
S12000039,West Dunbartonshire,Local Authority District,Job density,2017-01-01/P1Y,0.6,Number of jobs per resident aged 16 to 64,Number of jobs per resident aged 16 to 64,,,,
S12000039,West Dunbartonshire,Local Authority District,Job density,2012-01-01/P1Y,0.55,Number of jobs per resident aged 16 to 64,Number of jobs per resident aged 16 to 64,,,,
S12000039,West Dunbartonshire,Local Authority District,Job density,2013-01-01/P1Y,0.56,Number of jobs per resident aged 16 to 64,Number of jobs per resident aged 16 to 64,,,,
S12000039,West Dunbartonshire,Local Authority District,Job density,2014-01-01/P1Y,0.61,Number of jobs per resident aged 16 to 64,Number of jobs per resident aged 16 to 64,,,,
S12000039,West Dunbartonshire,Local Authority District,Job density,2015-01-01/P1Y,0.58,Number of jobs per resident aged 16 to 64,Number of jobs per resident aged 16 to 64,,,,
S12000039,West Dunbartonshire,Local Authority District,Job density,2016-01-01/P1Y,0.58,Number of jobs per resident aged 16 to 64,Number of jobs per resident aged 16 to 64,,,,
S12000040,West Lothian,Local Authority District,Job density,2021-01-01/P1Y,0.75,Number of jobs per resident aged 16 to 64,Number of jobs per resident aged 16 to 64,,,,
S12000040,West Lothian,Local Authority District,Job density,2019-01-01/P1Y,0.74,Number of jobs per resident aged 16 to 64,Number of jobs per resident aged 16 to 64,,,,
S12000040,West Lothian,Local Authority District,Job density,2020-01-01/P1Y,0.75,Number of jobs per resident aged 16 to 64,Number of jobs per resident aged 16 to 64,,,,
S12000040,West Lothian,Local Authority District,Job density,2018-01-01/P1Y,0.75,Number of jobs per resident aged 16 to 64,Number of jobs per resident aged 16 to 64,,,,
S12000040,West Lothian,Local Authority District,Job density,2022-01-01/P1Y,0.73,Number of jobs per resident aged 16 to 64,Number of jobs per resident aged 16 to 64,,,,
S12000040,West Lothian,Local Authority District,Job density,2023-01-01/P1Y,0.71,Number of jobs per resident aged 16 to 64,Number of jobs per resident aged 16 to 64,,,,
S12000040,West Lothian,Local Authority District,Job density,2024-01-01/P1Y,0.72,Number of jobs per resident aged 16 to 64,Number of jobs per resident aged 16 to 64,,,,
S12000040,West Lothian,Local Authority District,Job density,2011-01-01/P1Y,0.69,Number of jobs per resident aged 16 to 64,Number of jobs per resident aged 16 to 64,,,,
S12000040,West Lothian,Local Authority District,Job density,2017-01-01/P1Y,0.73,Number of jobs per resident aged 16 to 64,Number of jobs per resident aged 16 to 64,,,,
S12000040,West Lothian,Local Authority District,Job density,2012-01-01/P1Y,0.71,Number of jobs per resident aged 16 to 64,Number of jobs per resident aged 16 to 64,,,,
S12000040,West Lothian,Local Authority District,Job density,2013-01-01/P1Y,0.68,Number of jobs per resident aged 16 to 64,Number of jobs per resident aged 16 to 64,,,,
S12000040,West Lothian,Local Authority District,Job density,2014-01-01/P1Y,0.73,Number of jobs per resident aged 16 to 64,Number of jobs per resident aged 16 to 64,,,,
S12000040,West Lothian,Local Authority District,Job density,2015-01-01/P1Y,0.72,Number of jobs per resident aged 16 to 64,Number of jobs per resident aged 16 to 64,,,,
S12000040,West Lothian,Local Authority District,Job density,2016-01-01/P1Y,0.73,Number of jobs per resident aged 16 to 64,Number of jobs per resident aged 16 to 64,,,,
