areacd,areanm,geography,indicator,period,observation,measure,unit,lci_95,uci_95,status,notes
K02000001,United Kingdom,Country,Public electric vehicle chargers,2026-01-01,167.5,"Rate per 100,000 population","Rate per 100,000 population",,,,This data has been aggregated and may show differences to other published figures.
K02000001,United Kingdom,Country,Public electric vehicle chargers,2026-04-01,171.9,"Rate per 100,000 population","Rate per 100,000 population",,,,This data has been aggregated and may show differences to other published figures.
K02000001,United Kingdom,Country,Public electric vehicle chargers,2026-07-01,174.9,"Rate per 100,000 population","Rate per 100,000 population",,,,This data has been aggregated and may show differences to other published figures.
K03000001,Great Britain,Country,Public electric vehicle chargers,2026-01-01,170.7,"Rate per 100,000 population","Rate per 100,000 population",,,,This data has been aggregated and may show differences to other published figures.
K03000001,Great Britain,Country,Public electric vehicle chargers,2026-04-01,175.1,"Rate per 100,000 population","Rate per 100,000 population",,,,This data has been aggregated and may show differences to other published figures.
K03000001,Great Britain,Country,Public electric vehicle chargers,2026-07-01,178.2,"Rate per 100,000 population","Rate per 100,000 population",,,,This data has been aggregated and may show differences to other published figures.
K04000001,England and Wales,Country,Public electric vehicle chargers,2026-01-01,166.5,"Rate per 100,000 population","Rate per 100,000 population",,,,This data has been aggregated and may show differences to other published figures.
K04000001,England and Wales,Country,Public electric vehicle chargers,2026-04-01,170.3,"Rate per 100,000 population","Rate per 100,000 population",,,,This data has been aggregated and may show differences to other published figures.
K04000001,England and Wales,Country,Public electric vehicle chargers,2026-07-01,173.4,"Rate per 100,000 population","Rate per 100,000 population",,,,This data has been aggregated and may show differences to other published figures.
E92000001,England,Nation,Public electric vehicle chargers,2026-07-01,172.7,"Rate per 100,000 population","Rate per 100,000 population",,,,This data has been aggregated and may show differences to other published figures.
E92000001,England,Nation,Public electric vehicle chargers,2026-01-01,165.9,"Rate per 100,000 population","Rate per 100,000 population",,,,This data has been aggregated and may show differences to other published figures.
E92000001,England,Nation,Public electric vehicle chargers,2026-04-01,169.8,"Rate per 100,000 population","Rate per 100,000 population",,,,This data has been aggregated and may show differences to other published figures.
E12000001,North East,Region,Public electric vehicle chargers,2026-01-01,138.9,"Rate per 100,000 population","Rate per 100,000 population",,,,This data has been aggregated and may show differences to other published figures.
E12000001,North East,Region,Public electric vehicle chargers,2026-04-01,144.4,"Rate per 100,000 population","Rate per 100,000 population",,,,This data has been aggregated and may show differences to other published figures.
E12000001,North East,Region,Public electric vehicle chargers,2026-07-01,150.2,"Rate per 100,000 population","Rate per 100,000 population",,,,This data has been aggregated and may show differences to other published figures.
E47000006,Tees Valley,Combined Authority or City Region,Public electric vehicle chargers,2026-07-01,113.6,"Rate per 100,000 population","Rate per 100,000 population",,,,This data has been aggregated and may show differences to other published figures.
E47000006,Tees Valley,Combined Authority or City Region,Public electric vehicle chargers,2026-01-01,111.5,"Rate per 100,000 population","Rate per 100,000 population",,,,This data has been aggregated and may show differences to other published figures.
E47000006,Tees Valley,Combined Authority or City Region,Public electric vehicle chargers,2026-04-01,110.8,"Rate per 100,000 population","Rate per 100,000 population",,,,This data has been aggregated and may show differences to other published figures.
E47000014,North East,Combined Authority or City Region,Public electric vehicle chargers,2026-07-01,163.0,"Rate per 100,000 population","Rate per 100,000 population",,,,This data has been aggregated and may show differences to other published figures.
E47000014,North East,Combined Authority or City Region,Public electric vehicle chargers,2026-01-01,148.4,"Rate per 100,000 population","Rate per 100,000 population",,,,This data has been aggregated and may show differences to other published figures.
E47000014,North East,Combined Authority or City Region,Public electric vehicle chargers,2026-04-01,156.1,"Rate per 100,000 population","Rate per 100,000 population",,,,This data has been aggregated and may show differences to other published figures.
E06000047,County Durham,County or Unitary Authority,Public electric vehicle chargers,2026-01-01,138.7,"Rate per 100,000 population","Rate per 100,000 population",,,,
E06000047,County Durham,County or Unitary Authority,Public electric vehicle chargers,2026-04-01,142.9,"Rate per 100,000 population","Rate per 100,000 population",,,,
E06000047,County Durham,County or Unitary Authority,Public electric vehicle chargers,2026-07-01,149.1,"Rate per 100,000 population","Rate per 100,000 population",,,,
E06000005,Darlington,County or Unitary Authority,Public electric vehicle chargers,2026-01-01,142.2,"Rate per 100,000 population","Rate per 100,000 population",,,,
E06000005,Darlington,County or Unitary Authority,Public electric vehicle chargers,2026-04-01,137.8,"Rate per 100,000 population","Rate per 100,000 population",,,,
E06000005,Darlington,County or Unitary Authority,Public electric vehicle chargers,2026-07-01,143.1,"Rate per 100,000 population","Rate per 100,000 population",,,,
E06000001,Hartlepool,County or Unitary Authority,Public electric vehicle chargers,2026-04-01,94.7,"Rate per 100,000 population","Rate per 100,000 population",,,,
E06000001,Hartlepool,County or Unitary Authority,Public electric vehicle chargers,2026-01-01,88.6,"Rate per 100,000 population","Rate per 100,000 population",,,,
E06000001,Hartlepool,County or Unitary Authority,Public electric vehicle chargers,2026-07-01,90.6,"Rate per 100,000 population","Rate per 100,000 population",,,,
E06000002,Middlesbrough,County or Unitary Authority,Public electric vehicle chargers,2026-01-01,89.7,"Rate per 100,000 population","Rate per 100,000 population",,,,
E06000002,Middlesbrough,County or Unitary Authority,Public electric vehicle chargers,2026-04-01,90.9,"Rate per 100,000 population","Rate per 100,000 population",,,,
E06000002,Middlesbrough,County or Unitary Authority,Public electric vehicle chargers,2026-07-01,90.9,"Rate per 100,000 population","Rate per 100,000 population",,,,
E06000057,Northumberland,County or Unitary Authority,Public electric vehicle chargers,2026-04-01,239.6,"Rate per 100,000 population","Rate per 100,000 population",,,,
E06000057,Northumberland,County or Unitary Authority,Public electric vehicle chargers,2026-07-01,238.4,"Rate per 100,000 population","Rate per 100,000 population",,,,
E06000057,Northumberland,County or Unitary Authority,Public electric vehicle chargers,2026-01-01,237.5,"Rate per 100,000 population","Rate per 100,000 population",,,,
E06000003,Redcar and Cleveland,County or Unitary Authority,Public electric vehicle chargers,2026-07-01,102.7,"Rate per 100,000 population","Rate per 100,000 population",,,,
E06000003,Redcar and Cleveland,County or Unitary Authority,Public electric vehicle chargers,2026-04-01,97.7,"Rate per 100,000 population","Rate per 100,000 population",,,,
E06000003,Redcar and Cleveland,County or Unitary Authority,Public electric vehicle chargers,2026-01-01,100.6,"Rate per 100,000 population","Rate per 100,000 population",,,,
E06000004,Stockton-on-Tees,County or Unitary Authority,Public electric vehicle chargers,2026-01-01,129.6,"Rate per 100,000 population","Rate per 100,000 population",,,,
E06000004,Stockton-on-Tees,County or Unitary Authority,Public electric vehicle chargers,2026-04-01,127.7,"Rate per 100,000 population","Rate per 100,000 population",,,,
E06000004,Stockton-on-Tees,County or Unitary Authority,Public electric vehicle chargers,2026-07-01,133.0,"Rate per 100,000 population","Rate per 100,000 population",,,,
E08000037,Gateshead,Local Authority District,Public electric vehicle chargers,2026-01-01,183.0,"Rate per 100,000 population","Rate per 100,000 population",,,,
E08000037,Gateshead,Local Authority District,Public electric vehicle chargers,2026-04-01,184.9,"Rate per 100,000 population","Rate per 100,000 population",,,,
E08000037,Gateshead,Local Authority District,Public electric vehicle chargers,2026-07-01,197.8,"Rate per 100,000 population","Rate per 100,000 population",,,,
E08000021,Newcastle upon Tyne,Local Authority District,Public electric vehicle chargers,2026-07-01,122.3,"Rate per 100,000 population","Rate per 100,000 population",,,,
E08000021,Newcastle upon Tyne,Local Authority District,Public electric vehicle chargers,2026-04-01,123.8,"Rate per 100,000 population","Rate per 100,000 population",,,,
E08000021,Newcastle upon Tyne,Local Authority District,Public electric vehicle chargers,2026-01-01,117.3,"Rate per 100,000 population","Rate per 100,000 population",,,,
E08000022,North Tyneside,Local Authority District,Public electric vehicle chargers,2026-01-01,54.9,"Rate per 100,000 population","Rate per 100,000 population",,,,
E08000022,North Tyneside,Local Authority District,Public electric vehicle chargers,2026-04-01,63.7,"Rate per 100,000 population","Rate per 100,000 population",,,,
E08000022,North Tyneside,Local Authority District,Public electric vehicle chargers,2026-07-01,61.9,"Rate per 100,000 population","Rate per 100,000 population",,,,
E08000023,South Tyneside,Local Authority District,Public electric vehicle chargers,2026-01-01,122.9,"Rate per 100,000 population","Rate per 100,000 population",,,,
E08000023,South Tyneside,Local Authority District,Public electric vehicle chargers,2026-04-01,133.4,"Rate per 100,000 population","Rate per 100,000 population",,,,
E08000023,South Tyneside,Local Authority District,Public electric vehicle chargers,2026-07-01,175.0,"Rate per 100,000 population","Rate per 100,000 population",,,,
E08000024,Sunderland,Local Authority District,Public electric vehicle chargers,2026-04-01,180.9,"Rate per 100,000 population","Rate per 100,000 population",,,,
E08000024,Sunderland,Local Authority District,Public electric vehicle chargers,2026-07-01,192.0,"Rate per 100,000 population","Rate per 100,000 population",,,,
E08000024,Sunderland,Local Authority District,Public electric vehicle chargers,2026-01-01,157.7,"Rate per 100,000 population","Rate per 100,000 population",,,,
E12000002,North West,Region,Public electric vehicle chargers,2026-01-01,104.9,"Rate per 100,000 population","Rate per 100,000 population",,,,This data has been aggregated and may show differences to other published figures.
E12000002,North West,Region,Public electric vehicle chargers,2026-04-01,108.3,"Rate per 100,000 population","Rate per 100,000 population",,,,This data has been aggregated and may show differences to other published figures.
E12000002,North West,Region,Public electric vehicle chargers,2026-07-01,112.2,"Rate per 100,000 population","Rate per 100,000 population",,,,This data has been aggregated and may show differences to other published figures.
E06000008,Blackburn with Darwen,County or Unitary Authority,Public electric vehicle chargers,2026-01-01,67.7,"Rate per 100,000 population","Rate per 100,000 population",,,,
E06000008,Blackburn with Darwen,County or Unitary Authority,Public electric vehicle chargers,2026-04-01,64.0,"Rate per 100,000 population","Rate per 100,000 population",,,,
E06000008,Blackburn with Darwen,County or Unitary Authority,Public electric vehicle chargers,2026-07-01,79.4,"Rate per 100,000 population","Rate per 100,000 population",,,,
E06000009,Blackpool,County or Unitary Authority,Public electric vehicle chargers,2026-07-01,111.0,"Rate per 100,000 population","Rate per 100,000 population",,,,
E06000009,Blackpool,County or Unitary Authority,Public electric vehicle chargers,2026-04-01,108.2,"Rate per 100,000 population","Rate per 100,000 population",,,,
E06000009,Blackpool,County or Unitary Authority,Public electric vehicle chargers,2026-01-01,100.6,"Rate per 100,000 population","Rate per 100,000 population",,,,
E06000049,Cheshire East,County or Unitary Authority,Public electric vehicle chargers,2026-01-01,106.1,"Rate per 100,000 population","Rate per 100,000 population",,,,
E06000049,Cheshire East,County or Unitary Authority,Public electric vehicle chargers,2026-04-01,109.7,"Rate per 100,000 population","Rate per 100,000 population",,,,
E06000049,Cheshire East,County or Unitary Authority,Public electric vehicle chargers,2026-07-01,123.4,"Rate per 100,000 population","Rate per 100,000 population",,,,
E06000050,Cheshire West and Chester,County or Unitary Authority,Public electric vehicle chargers,2026-01-01,101.4,"Rate per 100,000 population","Rate per 100,000 population",,,,
E06000050,Cheshire West and Chester,County or Unitary Authority,Public electric vehicle chargers,2026-04-01,101.2,"Rate per 100,000 population","Rate per 100,000 population",,,,
E06000050,Cheshire West and Chester,County or Unitary Authority,Public electric vehicle chargers,2026-07-01,110.9,"Rate per 100,000 population","Rate per 100,000 population",,,,
E06000006,Halton,County or Unitary Authority,Public electric vehicle chargers,2026-04-01,65.4,"Rate per 100,000 population","Rate per 100,000 population",,,,
E06000006,Halton,County or Unitary Authority,Public electric vehicle chargers,2026-07-01,66.9,"Rate per 100,000 population","Rate per 100,000 population",,,,
E06000006,Halton,County or Unitary Authority,Public electric vehicle chargers,2026-01-01,60.8,"Rate per 100,000 population","Rate per 100,000 population",,,,
E06000007,Warrington,County or Unitary Authority,Public electric vehicle chargers,2026-07-01,159.7,"Rate per 100,000 population","Rate per 100,000 population",,,,
E06000007,Warrington,County or Unitary Authority,Public electric vehicle chargers,2026-04-01,150.9,"Rate per 100,000 population","Rate per 100,000 population",,,,
E06000007,Warrington,County or Unitary Authority,Public electric vehicle chargers,2026-01-01,134.6,"Rate per 100,000 population","Rate per 100,000 population",,,,
E06000063,Cumberland,County or Unitary Authority,Public electric vehicle chargers,2026-01-01,154.0,"Rate per 100,000 population","Rate per 100,000 population",,,,
E06000063,Cumberland,County or Unitary Authority,Public electric vehicle chargers,2026-04-01,159.7,"Rate per 100,000 population","Rate per 100,000 population",,,,
E06000063,Cumberland,County or Unitary Authority,Public electric vehicle chargers,2026-07-01,156.5,"Rate per 100,000 population","Rate per 100,000 population",,,,
E06000064,Westmorland and Furness,County or Unitary Authority,Public electric vehicle chargers,2026-01-01,317.6,"Rate per 100,000 population","Rate per 100,000 population",,,,
E06000064,Westmorland and Furness,County or Unitary Authority,Public electric vehicle chargers,2026-04-01,272.4,"Rate per 100,000 population","Rate per 100,000 population",,,,
E06000064,Westmorland and Furness,County or Unitary Authority,Public electric vehicle chargers,2026-07-01,265.9,"Rate per 100,000 population","Rate per 100,000 population",,,,
E47000001,Greater Manchester,Combined Authority or City Region,Public electric vehicle chargers,2026-07-01,95.5,"Rate per 100,000 population","Rate per 100,000 population",,,,This data has been aggregated and may show differences to other published figures.
E47000001,Greater Manchester,Combined Authority or City Region,Public electric vehicle chargers,2026-04-01,91.7,"Rate per 100,000 population","Rate per 100,000 population",,,,This data has been aggregated and may show differences to other published figures.
E47000001,Greater Manchester,Combined Authority or City Region,Public electric vehicle chargers,2026-01-01,87.8,"Rate per 100,000 population","Rate per 100,000 population",,,,This data has been aggregated and may show differences to other published figures.
E08000001,Bolton,Local Authority District,Public electric vehicle chargers,2026-01-01,52.2,"Rate per 100,000 population","Rate per 100,000 population",,,,
E08000001,Bolton,Local Authority District,Public electric vehicle chargers,2026-04-01,53.2,"Rate per 100,000 population","Rate per 100,000 population",,,,
E08000001,Bolton,Local Authority District,Public electric vehicle chargers,2026-07-01,54.8,"Rate per 100,000 population","Rate per 100,000 population",,,,
E08000002,Bury,Local Authority District,Public electric vehicle chargers,2026-01-01,51.3,"Rate per 100,000 population","Rate per 100,000 population",,,,
E08000002,Bury,Local Authority District,Public electric vehicle chargers,2026-04-01,53.8,"Rate per 100,000 population","Rate per 100,000 population",,,,
E08000002,Bury,Local Authority District,Public electric vehicle chargers,2026-07-01,54.8,"Rate per 100,000 population","Rate per 100,000 population",,,,
E08000003,Manchester,Local Authority District,Public electric vehicle chargers,2026-04-01,116.2,"Rate per 100,000 population","Rate per 100,000 population",,,,
E08000003,Manchester,Local Authority District,Public electric vehicle chargers,2026-07-01,128.2,"Rate per 100,000 population","Rate per 100,000 population",,,,
E08000003,Manchester,Local Authority District,Public electric vehicle chargers,2026-01-01,114.3,"Rate per 100,000 population","Rate per 100,000 population",,,,
E08000004,Oldham,Local Authority District,Public electric vehicle chargers,2026-01-01,72.3,"Rate per 100,000 population","Rate per 100,000 population",,,,
E08000004,Oldham,Local Authority District,Public electric vehicle chargers,2026-04-01,70.0,"Rate per 100,000 population","Rate per 100,000 population",,,,
E08000004,Oldham,Local Authority District,Public electric vehicle chargers,2026-07-01,70.8,"Rate per 100,000 population","Rate per 100,000 population",,,,
E08000005,Rochdale,Local Authority District,Public electric vehicle chargers,2026-01-01,73.0,"Rate per 100,000 population","Rate per 100,000 population",,,,
E08000005,Rochdale,Local Authority District,Public electric vehicle chargers,2026-04-01,75.6,"Rate per 100,000 population","Rate per 100,000 population",,,,
E08000005,Rochdale,Local Authority District,Public electric vehicle chargers,2026-07-01,71.7,"Rate per 100,000 population","Rate per 100,000 population",,,,
E08000006,Salford,Local Authority District,Public electric vehicle chargers,2026-07-01,96.1,"Rate per 100,000 population","Rate per 100,000 population",,,,
E08000006,Salford,Local Authority District,Public electric vehicle chargers,2026-04-01,92.1,"Rate per 100,000 population","Rate per 100,000 population",,,,
E08000006,Salford,Local Authority District,Public electric vehicle chargers,2026-01-01,91.0,"Rate per 100,000 population","Rate per 100,000 population",,,,
E08000007,Stockport,Local Authority District,Public electric vehicle chargers,2026-01-01,110.2,"Rate per 100,000 population","Rate per 100,000 population",,,,
E08000007,Stockport,Local Authority District,Public electric vehicle chargers,2026-04-01,114.8,"Rate per 100,000 population","Rate per 100,000 population",,,,
E08000007,Stockport,Local Authority District,Public electric vehicle chargers,2026-07-01,115.2,"Rate per 100,000 population","Rate per 100,000 population",,,,
E08000008,Tameside,Local Authority District,Public electric vehicle chargers,2026-01-01,47.6,"Rate per 100,000 population","Rate per 100,000 population",,,,
E08000008,Tameside,Local Authority District,Public electric vehicle chargers,2026-04-01,58.8,"Rate per 100,000 population","Rate per 100,000 population",,,,
E08000008,Tameside,Local Authority District,Public electric vehicle chargers,2026-07-01,59.3,"Rate per 100,000 population","Rate per 100,000 population",,,,
E08000009,Trafford,Local Authority District,Public electric vehicle chargers,2026-04-01,180.9,"Rate per 100,000 population","Rate per 100,000 population",,,,
E08000009,Trafford,Local Authority District,Public electric vehicle chargers,2026-07-01,188.8,"Rate per 100,000 population","Rate per 100,000 population",,,,
E08000009,Trafford,Local Authority District,Public electric vehicle chargers,2026-01-01,166.0,"Rate per 100,000 population","Rate per 100,000 population",,,,
E08000010,Wigan,Local Authority District,Public electric vehicle chargers,2026-07-01,75.7,"Rate per 100,000 population","Rate per 100,000 population",,,,
E08000010,Wigan,Local Authority District,Public electric vehicle chargers,2026-04-01,72.8,"Rate per 100,000 population","Rate per 100,000 population",,,,
E08000010,Wigan,Local Authority District,Public electric vehicle chargers,2026-01-01,67.3,"Rate per 100,000 population","Rate per 100,000 population",,,,
E47000018,Lancashire,Combined Authority or City Region,Public electric vehicle chargers,2026-01-01,112.8,"Rate per 100,000 population","Rate per 100,000 population",,,,This data has been aggregated and may show differences to other published figures.
E47000018,Lancashire,Combined Authority or City Region,Public electric vehicle chargers,2026-04-01,111.2,"Rate per 100,000 population","Rate per 100,000 population",,,,This data has been aggregated and may show differences to other published figures.
E47000018,Lancashire,Combined Authority or City Region,Public electric vehicle chargers,2026-07-01,109.8,"Rate per 100,000 population","Rate per 100,000 population",,,,This data has been aggregated and may show differences to other published figures.
E10000017,Lancashire,County or Unitary Authority,Public electric vehicle chargers,2026-01-01,119.8,"Rate per 100,000 population","Rate per 100,000 population",,,,This data has been aggregated and may show differences to other published figures.
E10000017,Lancashire,County or Unitary Authority,Public electric vehicle chargers,2026-04-01,117.5,"Rate per 100,000 population","Rate per 100,000 population",,,,This data has been aggregated and may show differences to other published figures.
E10000017,Lancashire,County or Unitary Authority,Public electric vehicle chargers,2026-07-01,113.4,"Rate per 100,000 population","Rate per 100,000 population",,,,This data has been aggregated and may show differences to other published figures.
E07000117,Burnley,Local Authority District,Public electric vehicle chargers,2026-07-01,107.8,"Rate per 100,000 population","Rate per 100,000 population",,,,
E07000117,Burnley,Local Authority District,Public electric vehicle chargers,2026-04-01,107.8,"Rate per 100,000 population","Rate per 100,000 population",,,,
E07000117,Burnley,Local Authority District,Public electric vehicle chargers,2026-01-01,122.9,"Rate per 100,000 population","Rate per 100,000 population",,,,
E07000118,Chorley,Local Authority District,Public electric vehicle chargers,2026-01-01,113.4,"Rate per 100,000 population","Rate per 100,000 population",,,,
E07000118,Chorley,Local Authority District,Public electric vehicle chargers,2026-04-01,110.9,"Rate per 100,000 population","Rate per 100,000 population",,,,
E07000118,Chorley,Local Authority District,Public electric vehicle chargers,2026-07-01,124.1,"Rate per 100,000 population","Rate per 100,000 population",,,,
E07000119,Fylde,Local Authority District,Public electric vehicle chargers,2026-01-01,120.5,"Rate per 100,000 population","Rate per 100,000 population",,,,
E07000119,Fylde,Local Authority District,Public electric vehicle chargers,2026-04-01,125.2,"Rate per 100,000 population","Rate per 100,000 population",,,,
E07000119,Fylde,Local Authority District,Public electric vehicle chargers,2026-07-01,133.4,"Rate per 100,000 population","Rate per 100,000 population",,,,
E07000120,Hyndburn,Local Authority District,Public electric vehicle chargers,2026-04-01,53.5,"Rate per 100,000 population","Rate per 100,000 population",,,,
E07000120,Hyndburn,Local Authority District,Public electric vehicle chargers,2026-07-01,58.1,"Rate per 100,000 population","Rate per 100,000 population",,,,
E07000120,Hyndburn,Local Authority District,Public electric vehicle chargers,2026-01-01,66.2,"Rate per 100,000 population","Rate per 100,000 population",,,,
E07000121,Lancaster,Local Authority District,Public electric vehicle chargers,2026-01-01,144.8,"Rate per 100,000 population","Rate per 100,000 population",,,,
E07000121,Lancaster,Local Authority District,Public electric vehicle chargers,2026-04-01,133.1,"Rate per 100,000 population","Rate per 100,000 population",,,,
E07000121,Lancaster,Local Authority District,Public electric vehicle chargers,2026-07-01,135.2,"Rate per 100,000 population","Rate per 100,000 population",,,,
E07000122,Pendle,Local Authority District,Public electric vehicle chargers,2026-01-01,52.1,"Rate per 100,000 population","Rate per 100,000 population",,,,
E07000122,Pendle,Local Authority District,Public electric vehicle chargers,2026-04-01,62.1,"Rate per 100,000 population","Rate per 100,000 population",,,,
E07000122,Pendle,Local Authority District,Public electric vehicle chargers,2026-07-01,63.1,"Rate per 100,000 population","Rate per 100,000 population",,,,
E07000123,Preston,Local Authority District,Public electric vehicle chargers,2026-07-01,79.2,"Rate per 100,000 population","Rate per 100,000 population",,,,
E07000123,Preston,Local Authority District,Public electric vehicle chargers,2026-04-01,84.7,"Rate per 100,000 population","Rate per 100,000 population",,,,
E07000123,Preston,Local Authority District,Public electric vehicle chargers,2026-01-01,78.6,"Rate per 100,000 population","Rate per 100,000 population",,,,
E07000124,Ribble Valley,Local Authority District,Public electric vehicle chargers,2026-01-01,135.3,"Rate per 100,000 population","Rate per 100,000 population",,,,
E07000124,Ribble Valley,Local Authority District,Public electric vehicle chargers,2026-04-01,123.1,"Rate per 100,000 population","Rate per 100,000 population",,,,
E07000124,Ribble Valley,Local Authority District,Public electric vehicle chargers,2026-07-01,123.1,"Rate per 100,000 population","Rate per 100,000 population",,,,
E07000125,Rossendale,Local Authority District,Public electric vehicle chargers,2026-01-01,190.3,"Rate per 100,000 population","Rate per 100,000 population",,,,
E07000125,Rossendale,Local Authority District,Public electric vehicle chargers,2026-04-01,184.8,"Rate per 100,000 population","Rate per 100,000 population",,,,
E07000125,Rossendale,Local Authority District,Public electric vehicle chargers,2026-07-01,179.3,"Rate per 100,000 population","Rate per 100,000 population",,,,
E07000126,South Ribble,Local Authority District,Public electric vehicle chargers,2026-04-01,165.4,"Rate per 100,000 population","Rate per 100,000 population",,,,
E07000126,South Ribble,Local Authority District,Public electric vehicle chargers,2026-07-01,167.1,"Rate per 100,000 population","Rate per 100,000 population",,,,
E07000126,South Ribble,Local Authority District,Public electric vehicle chargers,2026-01-01,158.5,"Rate per 100,000 population","Rate per 100,000 population",,,,
E07000127,West Lancashire,Local Authority District,Public electric vehicle chargers,2026-07-01,76.2,"Rate per 100,000 population","Rate per 100,000 population",,,,
E07000127,West Lancashire,Local Authority District,Public electric vehicle chargers,2026-04-01,136.9,"Rate per 100,000 population","Rate per 100,000 population",,,,
E07000127,West Lancashire,Local Authority District,Public electric vehicle chargers,2026-01-01,136.9,"Rate per 100,000 population","Rate per 100,000 population",,,,
E07000128,Wyre,Local Authority District,Public electric vehicle chargers,2026-01-01,137.3,"Rate per 100,000 population","Rate per 100,000 population",,,,
E07000128,Wyre,Local Authority District,Public electric vehicle chargers,2026-04-01,133.9,"Rate per 100,000 population","Rate per 100,000 population",,,,
E07000128,Wyre,Local Authority District,Public electric vehicle chargers,2026-07-01,135.6,"Rate per 100,000 population","Rate per 100,000 population",,,,
E47000004,Liverpool City Region,Combined Authority or City Region,Public electric vehicle chargers,2026-01-01,86.9,"Rate per 100,000 population","Rate per 100,000 population",,,,This data has been aggregated and may show differences to other published figures.
E47000004,Liverpool City Region,Combined Authority or City Region,Public electric vehicle chargers,2026-04-01,99.4,"Rate per 100,000 population","Rate per 100,000 population",,,,This data has been aggregated and may show differences to other published figures.
E47000004,Liverpool City Region,Combined Authority or City Region,Public electric vehicle chargers,2026-07-01,107.0,"Rate per 100,000 population","Rate per 100,000 population",,,,This data has been aggregated and may show differences to other published figures.
E08000011,Knowsley,Local Authority District,Public electric vehicle chargers,2026-07-01,56.6,"Rate per 100,000 population","Rate per 100,000 population",,,,
E08000011,Knowsley,Local Authority District,Public electric vehicle chargers,2026-04-01,54.1,"Rate per 100,000 population","Rate per 100,000 population",,,,
E08000011,Knowsley,Local Authority District,Public electric vehicle chargers,2026-01-01,60.9,"Rate per 100,000 population","Rate per 100,000 population",,,,
E08000012,Liverpool,Local Authority District,Public electric vehicle chargers,2026-01-01,136.4,"Rate per 100,000 population","Rate per 100,000 population",,,,
E08000012,Liverpool,Local Authority District,Public electric vehicle chargers,2026-04-01,180.8,"Rate per 100,000 population","Rate per 100,000 population",,,,
E08000012,Liverpool,Local Authority District,Public electric vehicle chargers,2026-07-01,195.7,"Rate per 100,000 population","Rate per 100,000 population",,,,
E08000014,Sefton,Local Authority District,Public electric vehicle chargers,2026-01-01,57.3,"Rate per 100,000 population","Rate per 100,000 population",,,,
E08000014,Sefton,Local Authority District,Public electric vehicle chargers,2026-04-01,55.5,"Rate per 100,000 population","Rate per 100,000 population",,,,
E08000014,Sefton,Local Authority District,Public electric vehicle chargers,2026-07-01,61.1,"Rate per 100,000 population","Rate per 100,000 population",,,,
E08000013,St. Helens,Local Authority District,Public electric vehicle chargers,2026-04-01,71.5,"Rate per 100,000 population","Rate per 100,000 population",,,,
E08000013,St. Helens,Local Authority District,Public electric vehicle chargers,2026-07-01,71.5,"Rate per 100,000 population","Rate per 100,000 population",,,,
E08000013,St. Helens,Local Authority District,Public electric vehicle chargers,2026-01-01,75.7,"Rate per 100,000 population","Rate per 100,000 population",,,,
E08000015,Wirral,Local Authority District,Public electric vehicle chargers,2026-01-01,65.7,"Rate per 100,000 population","Rate per 100,000 population",,,,
E08000015,Wirral,Local Authority District,Public electric vehicle chargers,2026-04-01,63.9,"Rate per 100,000 population","Rate per 100,000 population",,,,
E08000015,Wirral,Local Authority District,Public electric vehicle chargers,2026-07-01,71.2,"Rate per 100,000 population","Rate per 100,000 population",,,,
E12000003,Yorkshire and The Humber,Region,Public electric vehicle chargers,2026-01-01,108.5,"Rate per 100,000 population","Rate per 100,000 population",,,,This data has been aggregated and may show differences to other published figures.
E12000003,Yorkshire and The Humber,Region,Public electric vehicle chargers,2026-04-01,110.2,"Rate per 100,000 population","Rate per 100,000 population",,,,This data has been aggregated and may show differences to other published figures.
E12000003,Yorkshire and The Humber,Region,Public electric vehicle chargers,2026-07-01,110.7,"Rate per 100,000 population","Rate per 100,000 population",,,,This data has been aggregated and may show differences to other published figures.
E47000016,Hull and East Yorkshire,Combined Authority or City Region,Public electric vehicle chargers,2026-07-01,102.8,"Rate per 100,000 population","Rate per 100,000 population",,,,This data has been aggregated and may show differences to other published figures.
E47000016,Hull and East Yorkshire,Combined Authority or City Region,Public electric vehicle chargers,2026-04-01,108.8,"Rate per 100,000 population","Rate per 100,000 population",,,,This data has been aggregated and may show differences to other published figures.
E47000016,Hull and East Yorkshire,Combined Authority or City Region,Public electric vehicle chargers,2026-01-01,106.0,"Rate per 100,000 population","Rate per 100,000 population",,,,This data has been aggregated and may show differences to other published figures.
E06000011,East Riding of Yorkshire,County or Unitary Authority,Public electric vehicle chargers,2026-01-01,114.9,"Rate per 100,000 population","Rate per 100,000 population",,,,
E06000011,East Riding of Yorkshire,County or Unitary Authority,Public electric vehicle chargers,2026-04-01,122.2,"Rate per 100,000 population","Rate per 100,000 population",,,,
E06000011,East Riding of Yorkshire,County or Unitary Authority,Public electric vehicle chargers,2026-07-01,113.2,"Rate per 100,000 population","Rate per 100,000 population",,,,
E06000010,"Kingston upon Hull, City of",County or Unitary Authority,Public electric vehicle chargers,2026-01-01,94.4,"Rate per 100,000 population","Rate per 100,000 population",,,,
E06000010,"Kingston upon Hull, City of",County or Unitary Authority,Public electric vehicle chargers,2026-04-01,91.5,"Rate per 100,000 population","Rate per 100,000 population",,,,
E06000010,"Kingston upon Hull, City of",County or Unitary Authority,Public electric vehicle chargers,2026-07-01,89.3,"Rate per 100,000 population","Rate per 100,000 population",,,,
E47000017,Greater Lincolnshire,Combined Authority or City Region,Public electric vehicle chargers,2026-04-01,110.3,"Rate per 100,000 population","Rate per 100,000 population",,,,This data has been aggregated and may show differences to other published figures.
E47000017,Greater Lincolnshire,Combined Authority or City Region,Public electric vehicle chargers,2026-07-01,107.7,"Rate per 100,000 population","Rate per 100,000 population",,,,This data has been aggregated and may show differences to other published figures.
E47000017,Greater Lincolnshire,Combined Authority or City Region,Public electric vehicle chargers,2026-01-01,104.6,"Rate per 100,000 population","Rate per 100,000 population",,,,This data has been aggregated and may show differences to other published figures.
E06000012,North East Lincolnshire,County or Unitary Authority,Public electric vehicle chargers,2026-07-01,70.0,"Rate per 100,000 population","Rate per 100,000 population",,,,
E06000012,North East Lincolnshire,County or Unitary Authority,Public electric vehicle chargers,2026-04-01,70.7,"Rate per 100,000 population","Rate per 100,000 population",,,,
E06000012,North East Lincolnshire,County or Unitary Authority,Public electric vehicle chargers,2026-01-01,64.4,"Rate per 100,000 population","Rate per 100,000 population",,,,
E06000013,North Lincolnshire,County or Unitary Authority,Public electric vehicle chargers,2026-01-01,105.1,"Rate per 100,000 population","Rate per 100,000 population",,,,
E06000013,North Lincolnshire,County or Unitary Authority,Public electric vehicle chargers,2026-04-01,106.8,"Rate per 100,000 population","Rate per 100,000 population",,,,
E06000013,North Lincolnshire,County or Unitary Authority,Public electric vehicle chargers,2026-07-01,105.1,"Rate per 100,000 population","Rate per 100,000 population",,,,
E47000012,York and North Yorkshire,Combined Authority or City Region,Public electric vehicle chargers,2026-01-01,170.5,"Rate per 100,000 population","Rate per 100,000 population",,,,This data has been aggregated and may show differences to other published figures.
E47000012,York and North Yorkshire,Combined Authority or City Region,Public electric vehicle chargers,2026-04-01,167.5,"Rate per 100,000 population","Rate per 100,000 population",,,,This data has been aggregated and may show differences to other published figures.
E47000012,York and North Yorkshire,Combined Authority or City Region,Public electric vehicle chargers,2026-07-01,160.4,"Rate per 100,000 population","Rate per 100,000 population",,,,This data has been aggregated and may show differences to other published figures.
E06000014,York,County or Unitary Authority,Public electric vehicle chargers,2026-07-01,115.6,"Rate per 100,000 population","Rate per 100,000 population",,,,
E06000014,York,County or Unitary Authority,Public electric vehicle chargers,2026-04-01,121.8,"Rate per 100,000 population","Rate per 100,000 population",,,,
E06000014,York,County or Unitary Authority,Public electric vehicle chargers,2026-01-01,121.8,"Rate per 100,000 population","Rate per 100,000 population",,,,
E06000065,North Yorkshire,County or Unitary Authority,Public electric vehicle chargers,2026-01-01,186.5,"Rate per 100,000 population","Rate per 100,000 population",,,,
E06000065,North Yorkshire,County or Unitary Authority,Public electric vehicle chargers,2026-04-01,182.6,"Rate per 100,000 population","Rate per 100,000 population",,,,
E06000065,North Yorkshire,County or Unitary Authority,Public electric vehicle chargers,2026-07-01,175.2,"Rate per 100,000 population","Rate per 100,000 population",,,,
E47000002,South Yorkshire,Combined Authority or City Region,Public electric vehicle chargers,2026-01-01,92.3,"Rate per 100,000 population","Rate per 100,000 population",,,,This data has been aggregated and may show differences to other published figures.
E47000002,South Yorkshire,Combined Authority or City Region,Public electric vehicle chargers,2026-04-01,93.9,"Rate per 100,000 population","Rate per 100,000 population",,,,This data has been aggregated and may show differences to other published figures.
E47000002,South Yorkshire,Combined Authority or City Region,Public electric vehicle chargers,2026-07-01,98.8,"Rate per 100,000 population","Rate per 100,000 population",,,,This data has been aggregated and may show differences to other published figures.
E08000038,Barnsley,Local Authority District,Public electric vehicle chargers,2026-04-01,75.1,"Rate per 100,000 population","Rate per 100,000 population",,,,
E08000038,Barnsley,Local Authority District,Public electric vehicle chargers,2026-07-01,82.6,"Rate per 100,000 population","Rate per 100,000 population",,,,
E08000038,Barnsley,Local Authority District,Public electric vehicle chargers,2026-01-01,79.8,"Rate per 100,000 population","Rate per 100,000 population",,,,
E08000017,Doncaster,Local Authority District,Public electric vehicle chargers,2026-01-01,84.1,"Rate per 100,000 population","Rate per 100,000 population",,,,
E08000017,Doncaster,Local Authority District,Public electric vehicle chargers,2026-04-01,90.7,"Rate per 100,000 population","Rate per 100,000 population",,,,
E08000017,Doncaster,Local Authority District,Public electric vehicle chargers,2026-07-01,97.3,"Rate per 100,000 population","Rate per 100,000 population",,,,
E08000018,Rotherham,Local Authority District,Public electric vehicle chargers,2026-01-01,121.5,"Rate per 100,000 population","Rate per 100,000 population",,,,
E08000018,Rotherham,Local Authority District,Public electric vehicle chargers,2026-04-01,120.4,"Rate per 100,000 population","Rate per 100,000 population",,,,
E08000018,Rotherham,Local Authority District,Public electric vehicle chargers,2026-07-01,131.6,"Rate per 100,000 population","Rate per 100,000 population",,,,
E08000039,Sheffield,Local Authority District,Public electric vehicle chargers,2026-07-01,91.2,"Rate per 100,000 population","Rate per 100,000 population",,,,
E08000039,Sheffield,Local Authority District,Public electric vehicle chargers,2026-04-01,91.2,"Rate per 100,000 population","Rate per 100,000 population",,,,
E08000039,Sheffield,Local Authority District,Public electric vehicle chargers,2026-01-01,88.4,"Rate per 100,000 population","Rate per 100,000 population",,,,
E47000003,West Yorkshire,Combined Authority or City Region,Public electric vehicle chargers,2026-01-01,100.2,"Rate per 100,000 population","Rate per 100,000 population",,,,This data has been aggregated and may show differences to other published figures.
E47000003,West Yorkshire,Combined Authority or City Region,Public electric vehicle chargers,2026-04-01,103.2,"Rate per 100,000 population","Rate per 100,000 population",,,,This data has been aggregated and may show differences to other published figures.
E47000003,West Yorkshire,Combined Authority or City Region,Public electric vehicle chargers,2026-07-01,105.6,"Rate per 100,000 population","Rate per 100,000 population",,,,This data has been aggregated and may show differences to other published figures.
E08000032,Bradford,Local Authority District,Public electric vehicle chargers,2026-01-01,95.1,"Rate per 100,000 population","Rate per 100,000 population",,,,
E08000032,Bradford,Local Authority District,Public electric vehicle chargers,2026-04-01,97.6,"Rate per 100,000 population","Rate per 100,000 population",,,,
E08000032,Bradford,Local Authority District,Public electric vehicle chargers,2026-07-01,98.5,"Rate per 100,000 population","Rate per 100,000 population",,,,
E08000033,Calderdale,Local Authority District,Public electric vehicle chargers,2026-04-01,92.0,"Rate per 100,000 population","Rate per 100,000 population",,,,
E08000033,Calderdale,Local Authority District,Public electric vehicle chargers,2026-07-01,100.5,"Rate per 100,000 population","Rate per 100,000 population",,,,
E08000033,Calderdale,Local Authority District,Public electric vehicle chargers,2026-01-01,92.0,"Rate per 100,000 population","Rate per 100,000 population",,,,
E08000034,Kirklees,Local Authority District,Public electric vehicle chargers,2026-07-01,61.2,"Rate per 100,000 population","Rate per 100,000 population",,,,
E08000034,Kirklees,Local Authority District,Public electric vehicle chargers,2026-04-01,60.7,"Rate per 100,000 population","Rate per 100,000 population",,,,
E08000034,Kirklees,Local Authority District,Public electric vehicle chargers,2026-01-01,59.4,"Rate per 100,000 population","Rate per 100,000 population",,,,
E08000035,Leeds,Local Authority District,Public electric vehicle chargers,2026-01-01,126.6,"Rate per 100,000 population","Rate per 100,000 population",,,,
E08000035,Leeds,Local Authority District,Public electric vehicle chargers,2026-04-01,134.3,"Rate per 100,000 population","Rate per 100,000 population",,,,
E08000035,Leeds,Local Authority District,Public electric vehicle chargers,2026-07-01,138.3,"Rate per 100,000 population","Rate per 100,000 population",,,,
E08000036,Wakefield,Local Authority District,Public electric vehicle chargers,2026-01-01,101.7,"Rate per 100,000 population","Rate per 100,000 population",,,,
E08000036,Wakefield,Local Authority District,Public electric vehicle chargers,2026-04-01,98.5,"Rate per 100,000 population","Rate per 100,000 population",,,,
E08000036,Wakefield,Local Authority District,Public electric vehicle chargers,2026-07-01,98.2,"Rate per 100,000 population","Rate per 100,000 population",,,,
E12000004,East Midlands,Region,Public electric vehicle chargers,2026-07-01,121.5,"Rate per 100,000 population","Rate per 100,000 population",,,,This data has been aggregated and may show differences to other published figures.
E12000004,East Midlands,Region,Public electric vehicle chargers,2026-04-01,123.7,"Rate per 100,000 population","Rate per 100,000 population",,,,This data has been aggregated and may show differences to other published figures.
E12000004,East Midlands,Region,Public electric vehicle chargers,2026-01-01,120.9,"Rate per 100,000 population","Rate per 100,000 population",,,,This data has been aggregated and may show differences to other published figures.
E47000013,East Midlands,Combined Authority or City Region,Public electric vehicle chargers,2026-01-01,123.8,"Rate per 100,000 population","Rate per 100,000 population",,,,This data has been aggregated and may show differences to other published figures.
E47000013,East Midlands,Combined Authority or City Region,Public electric vehicle chargers,2026-04-01,124.4,"Rate per 100,000 population","Rate per 100,000 population",,,,This data has been aggregated and may show differences to other published figures.
E47000013,East Midlands,Combined Authority or City Region,Public electric vehicle chargers,2026-07-01,124.5,"Rate per 100,000 population","Rate per 100,000 population",,,,This data has been aggregated and may show differences to other published figures.
E06000015,Derby,County or Unitary Authority,Public electric vehicle chargers,2026-01-01,118.2,"Rate per 100,000 population","Rate per 100,000 population",,,,
E06000015,Derby,County or Unitary Authority,Public electric vehicle chargers,2026-04-01,117.5,"Rate per 100,000 population","Rate per 100,000 population",,,,
E06000015,Derby,County or Unitary Authority,Public electric vehicle chargers,2026-07-01,120.0,"Rate per 100,000 population","Rate per 100,000 population",,,,
E06000016,Leicester,County or Unitary Authority,Public electric vehicle chargers,2026-04-01,91.7,"Rate per 100,000 population","Rate per 100,000 population",,,,
E06000016,Leicester,County or Unitary Authority,Public electric vehicle chargers,2026-07-01,88.1,"Rate per 100,000 population","Rate per 100,000 population",,,,
E06000016,Leicester,County or Unitary Authority,Public electric vehicle chargers,2026-01-01,87.0,"Rate per 100,000 population","Rate per 100,000 population",,,,
E06000061,North Northamptonshire,County or Unitary Authority,Public electric vehicle chargers,2026-01-01,135.9,"Rate per 100,000 population","Rate per 100,000 population",,,,
E06000061,North Northamptonshire,County or Unitary Authority,Public electric vehicle chargers,2026-04-01,138.3,"Rate per 100,000 population","Rate per 100,000 population",,,,
E06000061,North Northamptonshire,County or Unitary Authority,Public electric vehicle chargers,2026-07-01,126.2,"Rate per 100,000 population","Rate per 100,000 population",,,,
E06000018,Nottingham,County or Unitary Authority,Public electric vehicle chargers,2026-01-01,156.8,"Rate per 100,000 population","Rate per 100,000 population",,,,
E06000018,Nottingham,County or Unitary Authority,Public electric vehicle chargers,2026-04-01,157.7,"Rate per 100,000 population","Rate per 100,000 population",,,,
E06000018,Nottingham,County or Unitary Authority,Public electric vehicle chargers,2026-07-01,154.3,"Rate per 100,000 population","Rate per 100,000 population",,,,
E06000017,Rutland,County or Unitary Authority,Public electric vehicle chargers,2026-07-01,188.2,"Rate per 100,000 population","Rate per 100,000 population",,,,
E06000017,Rutland,County or Unitary Authority,Public electric vehicle chargers,2026-04-01,164.1,"Rate per 100,000 population","Rate per 100,000 population",,,,
E06000017,Rutland,County or Unitary Authority,Public electric vehicle chargers,2026-01-01,166.5,"Rate per 100,000 population","Rate per 100,000 population",,,,
E06000062,West Northamptonshire,County or Unitary Authority,Public electric vehicle chargers,2026-01-01,129.4,"Rate per 100,000 population","Rate per 100,000 population",,,,
E06000062,West Northamptonshire,County or Unitary Authority,Public electric vehicle chargers,2026-04-01,143.0,"Rate per 100,000 population","Rate per 100,000 population",,,,
E06000062,West Northamptonshire,County or Unitary Authority,Public electric vehicle chargers,2026-07-01,144.2,"Rate per 100,000 population","Rate per 100,000 population",,,,
E10000007,Derbyshire,County or Unitary Authority,Public electric vehicle chargers,2026-01-01,111.5,"Rate per 100,000 population","Rate per 100,000 population",,,,This data has been aggregated and may show differences to other published figures.
E10000007,Derbyshire,County or Unitary Authority,Public electric vehicle chargers,2026-04-01,113.5,"Rate per 100,000 population","Rate per 100,000 population",,,,This data has been aggregated and may show differences to other published figures.
E10000007,Derbyshire,County or Unitary Authority,Public electric vehicle chargers,2026-07-01,119.2,"Rate per 100,000 population","Rate per 100,000 population",,,,This data has been aggregated and may show differences to other published figures.
E07000032,Amber Valley,Local Authority District,Public electric vehicle chargers,2026-04-01,70.5,"Rate per 100,000 population","Rate per 100,000 population",,,,
E07000032,Amber Valley,Local Authority District,Public electric vehicle chargers,2026-07-01,75.1,"Rate per 100,000 population","Rate per 100,000 population",,,,
E07000032,Amber Valley,Local Authority District,Public electric vehicle chargers,2026-01-01,78.2,"Rate per 100,000 population","Rate per 100,000 population",,,,
E07000033,Bolsover,Local Authority District,Public electric vehicle chargers,2026-07-01,156.4,"Rate per 100,000 population","Rate per 100,000 population",,,,
E07000033,Bolsover,Local Authority District,Public electric vehicle chargers,2026-04-01,158.8,"Rate per 100,000 population","Rate per 100,000 population",,,,
E07000033,Bolsover,Local Authority District,Public electric vehicle chargers,2026-01-01,179.1,"Rate per 100,000 population","Rate per 100,000 population",,,,
E07000034,Chesterfield,Local Authority District,Public electric vehicle chargers,2026-01-01,189.5,"Rate per 100,000 population","Rate per 100,000 population",,,,
E07000034,Chesterfield,Local Authority District,Public electric vehicle chargers,2026-04-01,218.8,"Rate per 100,000 population","Rate per 100,000 population",,,,
E07000034,Chesterfield,Local Authority District,Public electric vehicle chargers,2026-07-01,258.4,"Rate per 100,000 population","Rate per 100,000 population",,,,
E07000035,Derbyshire Dales,Local Authority District,Public electric vehicle chargers,2026-01-01,179.8,"Rate per 100,000 population","Rate per 100,000 population",,,,
E07000035,Derbyshire Dales,Local Authority District,Public electric vehicle chargers,2026-04-01,189.5,"Rate per 100,000 population","Rate per 100,000 population",,,,
E07000035,Derbyshire Dales,Local Authority District,Public electric vehicle chargers,2026-07-01,179.8,"Rate per 100,000 population","Rate per 100,000 population",,,,
E07000036,Erewash,Local Authority District,Public electric vehicle chargers,2026-07-01,65.6,"Rate per 100,000 population","Rate per 100,000 population",,,,
E07000036,Erewash,Local Authority District,Public electric vehicle chargers,2026-04-01,54.3,"Rate per 100,000 population","Rate per 100,000 population",,,,
E07000036,Erewash,Local Authority District,Public electric vehicle chargers,2026-01-01,58.6,"Rate per 100,000 population","Rate per 100,000 population",,,,
E07000037,High Peak,Local Authority District,Public electric vehicle chargers,2026-01-01,106.6,"Rate per 100,000 population","Rate per 100,000 population",,,,
E07000037,High Peak,Local Authority District,Public electric vehicle chargers,2026-04-01,113.1,"Rate per 100,000 population","Rate per 100,000 population",,,,
E07000037,High Peak,Local Authority District,Public electric vehicle chargers,2026-07-01,107.7,"Rate per 100,000 population","Rate per 100,000 population",,,,
E07000038,North East Derbyshire,Local Authority District,Public electric vehicle chargers,2026-01-01,38.4,"Rate per 100,000 population","Rate per 100,000 population",,,,
E07000038,North East Derbyshire,Local Authority District,Public electric vehicle chargers,2026-04-01,39.4,"Rate per 100,000 population","Rate per 100,000 population",,,,
E07000038,North East Derbyshire,Local Authority District,Public electric vehicle chargers,2026-07-01,37.5,"Rate per 100,000 population","Rate per 100,000 population",,,,
E07000039,South Derbyshire,Local Authority District,Public electric vehicle chargers,2026-04-01,112.3,"Rate per 100,000 population","Rate per 100,000 population",,,,
E07000039,South Derbyshire,Local Authority District,Public electric vehicle chargers,2026-07-01,114.0,"Rate per 100,000 population","Rate per 100,000 population",,,,
E07000039,South Derbyshire,Local Authority District,Public electric vehicle chargers,2026-01-01,109.8,"Rate per 100,000 population","Rate per 100,000 population",,,,
E10000018,Leicestershire,County or Unitary Authority,Public electric vehicle chargers,2026-01-01,123.0,"Rate per 100,000 population","Rate per 100,000 population",,,,This data has been aggregated and may show differences to other published figures.
E10000018,Leicestershire,County or Unitary Authority,Public electric vehicle chargers,2026-04-01,122.2,"Rate per 100,000 population","Rate per 100,000 population",,,,This data has been aggregated and may show differences to other published figures.
E10000018,Leicestershire,County or Unitary Authority,Public electric vehicle chargers,2026-07-01,116.3,"Rate per 100,000 population","Rate per 100,000 population",,,,This data has been aggregated and may show differences to other published figures.
E07000129,Blaby,Local Authority District,Public electric vehicle chargers,2026-01-01,212.6,"Rate per 100,000 population","Rate per 100,000 population",,,,
E07000129,Blaby,Local Authority District,Public electric vehicle chargers,2026-04-01,207.1,"Rate per 100,000 population","Rate per 100,000 population",,,,
E07000129,Blaby,Local Authority District,Public electric vehicle chargers,2026-07-01,192.3,"Rate per 100,000 population","Rate per 100,000 population",,,,
E07000130,Charnwood,Local Authority District,Public electric vehicle chargers,2026-07-01,78.6,"Rate per 100,000 population","Rate per 100,000 population",,,,
E07000130,Charnwood,Local Authority District,Public electric vehicle chargers,2026-04-01,86.0,"Rate per 100,000 population","Rate per 100,000 population",,,,
E07000130,Charnwood,Local Authority District,Public electric vehicle chargers,2026-01-01,83.3,"Rate per 100,000 population","Rate per 100,000 population",,,,
E07000131,Harborough,Local Authority District,Public electric vehicle chargers,2026-01-01,112.7,"Rate per 100,000 population","Rate per 100,000 population",,,,
E07000131,Harborough,Local Authority District,Public electric vehicle chargers,2026-04-01,116.5,"Rate per 100,000 population","Rate per 100,000 population",,,,
E07000131,Harborough,Local Authority District,Public electric vehicle chargers,2026-07-01,126.1,"Rate per 100,000 population","Rate per 100,000 population",,,,
E07000132,Hinckley and Bosworth,Local Authority District,Public electric vehicle chargers,2026-01-01,118.3,"Rate per 100,000 population","Rate per 100,000 population",,,,
E07000132,Hinckley and Bosworth,Local Authority District,Public electric vehicle chargers,2026-04-01,108.8,"Rate per 100,000 population","Rate per 100,000 population",,,,
E07000132,Hinckley and Bosworth,Local Authority District,Public electric vehicle chargers,2026-07-01,84.8,"Rate per 100,000 population","Rate per 100,000 population",,,,
E07000133,Melton,Local Authority District,Public electric vehicle chargers,2026-04-01,59.2,"Rate per 100,000 population","Rate per 100,000 population",,,,
E07000133,Melton,Local Authority District,Public electric vehicle chargers,2026-07-01,62.9,"Rate per 100,000 population","Rate per 100,000 population",,,,
E07000133,Melton,Local Authority District,Public electric vehicle chargers,2026-01-01,57.4,"Rate per 100,000 population","Rate per 100,000 population",,,,
E07000134,North West Leicestershire,Local Authority District,Public electric vehicle chargers,2026-07-01,147.5,"Rate per 100,000 population","Rate per 100,000 population",,,,
E07000134,North West Leicestershire,Local Authority District,Public electric vehicle chargers,2026-01-01,137.6,"Rate per 100,000 population","Rate per 100,000 population",,,,
E07000134,North West Leicestershire,Local Authority District,Public electric vehicle chargers,2026-04-01,144.8,"Rate per 100,000 population","Rate per 100,000 population",,,,
E07000135,Oadby and Wigston,Local Authority District,Public electric vehicle chargers,2026-01-01,144.3,"Rate per 100,000 population","Rate per 100,000 population",,,,
E07000135,Oadby and Wigston,Local Authority District,Public electric vehicle chargers,2026-04-01,132.9,"Rate per 100,000 population","Rate per 100,000 population",,,,
E07000135,Oadby and Wigston,Local Authority District,Public electric vehicle chargers,2026-07-01,131.3,"Rate per 100,000 population","Rate per 100,000 population",,,,
E10000019,Lincolnshire,County or Unitary Authority,Public electric vehicle chargers,2026-01-01,112.6,"Rate per 100,000 population","Rate per 100,000 population",,,,This data has been aggregated and may show differences to other published figures.
E10000019,Lincolnshire,County or Unitary Authority,Public electric vehicle chargers,2026-04-01,119.1,"Rate per 100,000 population","Rate per 100,000 population",,,,This data has been aggregated and may show differences to other published figures.
E10000019,Lincolnshire,County or Unitary Authority,Public electric vehicle chargers,2026-07-01,115.9,"Rate per 100,000 population","Rate per 100,000 population",,,,This data has been aggregated and may show differences to other published figures.
E07000136,Boston,Local Authority District,Public electric vehicle chargers,2026-07-01,123.8,"Rate per 100,000 population","Rate per 100,000 population",,,,
E07000136,Boston,Local Authority District,Public electric vehicle chargers,2026-04-01,116.8,"Rate per 100,000 population","Rate per 100,000 population",,,,
E07000136,Boston,Local Authority District,Public electric vehicle chargers,2026-01-01,115.4,"Rate per 100,000 population","Rate per 100,000 population",,,,
E07000137,East Lindsey,Local Authority District,Public electric vehicle chargers,2026-01-01,132.2,"Rate per 100,000 population","Rate per 100,000 population",,,,
E07000137,East Lindsey,Local Authority District,Public electric vehicle chargers,2026-04-01,141.2,"Rate per 100,000 population","Rate per 100,000 population",,,,
E07000137,East Lindsey,Local Authority District,Public electric vehicle chargers,2026-07-01,143.3,"Rate per 100,000 population","Rate per 100,000 population",,,,
E07000138,Lincoln,Local Authority District,Public electric vehicle chargers,2026-01-01,191.2,"Rate per 100,000 population","Rate per 100,000 population",,,,
E07000138,Lincoln,Local Authority District,Public electric vehicle chargers,2026-04-01,190.3,"Rate per 100,000 population","Rate per 100,000 population",,,,
E07000138,Lincoln,Local Authority District,Public electric vehicle chargers,2026-07-01,176.0,"Rate per 100,000 population","Rate per 100,000 population",,,,
E07000139,North Kesteven,Local Authority District,Public electric vehicle chargers,2026-07-01,100.4,"Rate per 100,000 population","Rate per 100,000 population",,,,
E07000139,North Kesteven,Local Authority District,Public electric vehicle chargers,2026-04-01,77.6,"Rate per 100,000 population","Rate per 100,000 population",,,,
E07000139,North Kesteven,Local Authority District,Public electric vehicle chargers,2026-01-01,78.4,"Rate per 100,000 population","Rate per 100,000 population",,,,
E07000140,South Holland,Local Authority District,Public electric vehicle chargers,2026-01-01,66.5,"Rate per 100,000 population","Rate per 100,000 population",,,,
E07000140,South Holland,Local Authority District,Public electric vehicle chargers,2026-04-01,78.6,"Rate per 100,000 population","Rate per 100,000 population",,,,
E07000140,South Holland,Local Authority District,Public electric vehicle chargers,2026-07-01,78.6,"Rate per 100,000 population","Rate per 100,000 population",,,,
E07000141,South Kesteven,Local Authority District,Public electric vehicle chargers,2026-01-01,125.7,"Rate per 100,000 population","Rate per 100,000 population",,,,
E07000141,South Kesteven,Local Authority District,Public electric vehicle chargers,2026-04-01,142.0,"Rate per 100,000 population","Rate per 100,000 population",,,,
E07000141,South Kesteven,Local Authority District,Public electric vehicle chargers,2026-07-01,111.5,"Rate per 100,000 population","Rate per 100,000 population",,,,
E07000142,West Lindsey,Local Authority District,Public electric vehicle chargers,2026-07-01,69.6,"Rate per 100,000 population","Rate per 100,000 population",,,,
E07000142,West Lindsey,Local Authority District,Public electric vehicle chargers,2026-04-01,70.6,"Rate per 100,000 population","Rate per 100,000 population",,,,
E07000142,West Lindsey,Local Authority District,Public electric vehicle chargers,2026-01-01,67.5,"Rate per 100,000 population","Rate per 100,000 population",,,,
E10000024,Nottinghamshire,County or Unitary Authority,Public electric vehicle chargers,2026-01-01,124.7,"Rate per 100,000 population","Rate per 100,000 population",,,,This data has been aggregated and may show differences to other published figures.
E10000024,Nottinghamshire,County or Unitary Authority,Public electric vehicle chargers,2026-04-01,124.3,"Rate per 100,000 population","Rate per 100,000 population",,,,This data has been aggregated and may show differences to other published figures.
E10000024,Nottinghamshire,County or Unitary Authority,Public electric vehicle chargers,2026-07-01,119.6,"Rate per 100,000 population","Rate per 100,000 population",,,,This data has been aggregated and may show differences to other published figures.
E07000170,Ashfield,Local Authority District,Public electric vehicle chargers,2026-01-01,77.2,"Rate per 100,000 population","Rate per 100,000 population",,,,
E07000170,Ashfield,Local Authority District,Public electric vehicle chargers,2026-04-01,89.5,"Rate per 100,000 population","Rate per 100,000 population",,,,
E07000170,Ashfield,Local Authority District,Public electric vehicle chargers,2026-07-01,102.6,"Rate per 100,000 population","Rate per 100,000 population",,,,
E07000171,Bassetlaw,Local Authority District,Public electric vehicle chargers,2026-04-01,130.5,"Rate per 100,000 population","Rate per 100,000 population",,,,
E07000171,Bassetlaw,Local Authority District,Public electric vehicle chargers,2026-07-01,145.7,"Rate per 100,000 population","Rate per 100,000 population",,,,
E07000171,Bassetlaw,Local Authority District,Public electric vehicle chargers,2026-01-01,142.5,"Rate per 100,000 population","Rate per 100,000 population",,,,
E07000172,Broxtowe,Local Authority District,Public electric vehicle chargers,2026-01-01,129.2,"Rate per 100,000 population","Rate per 100,000 population",,,,
E07000172,Broxtowe,Local Authority District,Public electric vehicle chargers,2026-04-01,129.2,"Rate per 100,000 population","Rate per 100,000 population",,,,
E07000172,Broxtowe,Local Authority District,Public electric vehicle chargers,2026-07-01,141.4,"Rate per 100,000 population","Rate per 100,000 population",,,,
E07000173,Gedling,Local Authority District,Public electric vehicle chargers,2026-01-01,96.5,"Rate per 100,000 population","Rate per 100,000 population",,,,
E07000173,Gedling,Local Authority District,Public electric vehicle chargers,2026-04-01,100.7,"Rate per 100,000 population","Rate per 100,000 population",,,,
E07000173,Gedling,Local Authority District,Public electric vehicle chargers,2026-07-01,99.0,"Rate per 100,000 population","Rate per 100,000 population",,,,
E07000174,Mansfield,Local Authority District,Public electric vehicle chargers,2026-07-01,84.9,"Rate per 100,000 population","Rate per 100,000 population",,,,
E07000174,Mansfield,Local Authority District,Public electric vehicle chargers,2026-04-01,81.3,"Rate per 100,000 population","Rate per 100,000 population",,,,
E07000174,Mansfield,Local Authority District,Public electric vehicle chargers,2026-01-01,82.2,"Rate per 100,000 population","Rate per 100,000 population",,,,
E07000175,Newark and Sherwood,Local Authority District,Public electric vehicle chargers,2026-01-01,220.5,"Rate per 100,000 population","Rate per 100,000 population",,,,
E07000175,Newark and Sherwood,Local Authority District,Public electric vehicle chargers,2026-04-01,211.9,"Rate per 100,000 population","Rate per 100,000 population",,,,
E07000175,Newark and Sherwood,Local Authority District,Public electric vehicle chargers,2026-07-01,119.6,"Rate per 100,000 population","Rate per 100,000 population",,,,
E07000176,Rushcliffe,Local Authority District,Public electric vehicle chargers,2026-01-01,119.9,"Rate per 100,000 population","Rate per 100,000 population",,,,
E07000176,Rushcliffe,Local Authority District,Public electric vehicle chargers,2026-04-01,121.5,"Rate per 100,000 population","Rate per 100,000 population",,,,
E07000176,Rushcliffe,Local Authority District,Public electric vehicle chargers,2026-07-01,142.0,"Rate per 100,000 population","Rate per 100,000 population",,,,
E12000005,West Midlands,Region,Public electric vehicle chargers,2026-07-01,163.9,"Rate per 100,000 population","Rate per 100,000 population",,,,This data has been aggregated and may show differences to other published figures.
E12000005,West Midlands,Region,Public electric vehicle chargers,2026-04-01,162.6,"Rate per 100,000 population","Rate per 100,000 population",,,,This data has been aggregated and may show differences to other published figures.
E12000005,West Midlands,Region,Public electric vehicle chargers,2026-01-01,159.8,"Rate per 100,000 population","Rate per 100,000 population",,,,This data has been aggregated and may show differences to other published figures.
E06000019,"Herefordshire, County of",County or Unitary Authority,Public electric vehicle chargers,2026-01-01,102.1,"Rate per 100,000 population","Rate per 100,000 population",,,,
E06000019,"Herefordshire, County of",County or Unitary Authority,Public electric vehicle chargers,2026-04-01,104.7,"Rate per 100,000 population","Rate per 100,000 population",,,,
E06000019,"Herefordshire, County of",County or Unitary Authority,Public electric vehicle chargers,2026-07-01,96.8,"Rate per 100,000 population","Rate per 100,000 population",,,,
E06000051,Shropshire,County or Unitary Authority,Public electric vehicle chargers,2026-01-01,161.8,"Rate per 100,000 population","Rate per 100,000 population",,,,
E06000051,Shropshire,County or Unitary Authority,Public electric vehicle chargers,2026-04-01,162.4,"Rate per 100,000 population","Rate per 100,000 population",,,,
E06000051,Shropshire,County or Unitary Authority,Public electric vehicle chargers,2026-07-01,154.9,"Rate per 100,000 population","Rate per 100,000 population",,,,
E06000021,Stoke-on-Trent,County or Unitary Authority,Public electric vehicle chargers,2026-07-01,106.9,"Rate per 100,000 population","Rate per 100,000 population",,,,
E06000021,Stoke-on-Trent,County or Unitary Authority,Public electric vehicle chargers,2026-04-01,106.9,"Rate per 100,000 population","Rate per 100,000 population",,,,
E06000021,Stoke-on-Trent,County or Unitary Authority,Public electric vehicle chargers,2026-01-01,106.5,"Rate per 100,000 population","Rate per 100,000 population",,,,
E06000020,Telford and Wrekin,County or Unitary Authority,Public electric vehicle chargers,2026-01-01,99.0,"Rate per 100,000 population","Rate per 100,000 population",,,,
E06000020,Telford and Wrekin,County or Unitary Authority,Public electric vehicle chargers,2026-04-01,113.8,"Rate per 100,000 population","Rate per 100,000 population",,,,
E06000020,Telford and Wrekin,County or Unitary Authority,Public electric vehicle chargers,2026-07-01,136.8,"Rate per 100,000 population","Rate per 100,000 population",,,,
E10000028,Staffordshire,County or Unitary Authority,Public electric vehicle chargers,2026-01-01,122.9,"Rate per 100,000 population","Rate per 100,000 population",,,,This data has been aggregated and may show differences to other published figures.
E10000028,Staffordshire,County or Unitary Authority,Public electric vehicle chargers,2026-04-01,124.6,"Rate per 100,000 population","Rate per 100,000 population",,,,This data has been aggregated and may show differences to other published figures.
E10000028,Staffordshire,County or Unitary Authority,Public electric vehicle chargers,2026-07-01,126.1,"Rate per 100,000 population","Rate per 100,000 population",,,,This data has been aggregated and may show differences to other published figures.
E07000192,Cannock Chase,Local Authority District,Public electric vehicle chargers,2026-04-01,131.6,"Rate per 100,000 population","Rate per 100,000 population",,,,
E07000192,Cannock Chase,Local Authority District,Public electric vehicle chargers,2026-07-01,124.9,"Rate per 100,000 population","Rate per 100,000 population",,,,
E07000192,Cannock Chase,Local Authority District,Public electric vehicle chargers,2026-01-01,123.9,"Rate per 100,000 population","Rate per 100,000 population",,,,
E07000193,East Staffordshire,Local Authority District,Public electric vehicle chargers,2026-04-01,141.9,"Rate per 100,000 population","Rate per 100,000 population",,,,
E07000193,East Staffordshire,Local Authority District,Public electric vehicle chargers,2026-07-01,133.4,"Rate per 100,000 population","Rate per 100,000 population",,,,
E07000193,East Staffordshire,Local Authority District,Public electric vehicle chargers,2026-01-01,141.9,"Rate per 100,000 population","Rate per 100,000 population",,,,
E07000194,Lichfield,Local Authority District,Public electric vehicle chargers,2026-01-01,75.0,"Rate per 100,000 population","Rate per 100,000 population",,,,
E07000194,Lichfield,Local Authority District,Public electric vehicle chargers,2026-04-01,76.8,"Rate per 100,000 population","Rate per 100,000 population",,,,
E07000194,Lichfield,Local Authority District,Public electric vehicle chargers,2026-07-01,75.0,"Rate per 100,000 population","Rate per 100,000 population",,,,
E07000195,Newcastle-under-Lyme,Local Authority District,Public electric vehicle chargers,2026-01-01,164.4,"Rate per 100,000 population","Rate per 100,000 population",,,,
E07000195,Newcastle-under-Lyme,Local Authority District,Public electric vehicle chargers,2026-04-01,156.6,"Rate per 100,000 population","Rate per 100,000 population",,,,
E07000195,Newcastle-under-Lyme,Local Authority District,Public electric vehicle chargers,2026-07-01,161.3,"Rate per 100,000 population","Rate per 100,000 population",,,,
E07000196,South Staffordshire,Local Authority District,Public electric vehicle chargers,2026-07-01,119.7,"Rate per 100,000 population","Rate per 100,000 population",,,,
E07000196,South Staffordshire,Local Authority District,Public electric vehicle chargers,2026-04-01,125.0,"Rate per 100,000 population","Rate per 100,000 population",,,,
E07000196,South Staffordshire,Local Authority District,Public electric vehicle chargers,2026-01-01,124.1,"Rate per 100,000 population","Rate per 100,000 population",,,,
E07000197,Stafford,Local Authority District,Public electric vehicle chargers,2026-01-01,137.8,"Rate per 100,000 population","Rate per 100,000 population",,,,
E07000197,Stafford,Local Authority District,Public electric vehicle chargers,2026-04-01,144.1,"Rate per 100,000 population","Rate per 100,000 population",,,,
E07000197,Stafford,Local Authority District,Public electric vehicle chargers,2026-07-01,147.6,"Rate per 100,000 population","Rate per 100,000 population",,,,
E07000198,Staffordshire Moorlands,Local Authority District,Public electric vehicle chargers,2026-01-01,106.6,"Rate per 100,000 population","Rate per 100,000 population",,,,
E07000198,Staffordshire Moorlands,Local Authority District,Public electric vehicle chargers,2026-04-01,110.7,"Rate per 100,000 population","Rate per 100,000 population",,,,
E07000198,Staffordshire Moorlands,Local Authority District,Public electric vehicle chargers,2026-07-01,106.6,"Rate per 100,000 population","Rate per 100,000 population",,,,
E07000199,Tamworth,Local Authority District,Public electric vehicle chargers,2026-04-01,85.1,"Rate per 100,000 population","Rate per 100,000 population",,,,
E07000199,Tamworth,Local Authority District,Public electric vehicle chargers,2026-07-01,125.7,"Rate per 100,000 population","Rate per 100,000 population",,,,
E07000199,Tamworth,Local Authority District,Public electric vehicle chargers,2026-01-01,83.8,"Rate per 100,000 population","Rate per 100,000 population",,,,
E10000031,Warwickshire,County or Unitary Authority,Public electric vehicle chargers,2026-01-01,162.6,"Rate per 100,000 population","Rate per 100,000 population",,,,This data has been aggregated and may show differences to other published figures.
E10000031,Warwickshire,County or Unitary Authority,Public electric vehicle chargers,2026-04-01,162.3,"Rate per 100,000 population","Rate per 100,000 population",,,,This data has been aggregated and may show differences to other published figures.
E10000031,Warwickshire,County or Unitary Authority,Public electric vehicle chargers,2026-07-01,154.2,"Rate per 100,000 population","Rate per 100,000 population",,,,This data has been aggregated and may show differences to other published figures.
E07000218,North Warwickshire,Local Authority District,Public electric vehicle chargers,2026-01-01,205.6,"Rate per 100,000 population","Rate per 100,000 population",,,,
E07000218,North Warwickshire,Local Authority District,Public electric vehicle chargers,2026-04-01,137.1,"Rate per 100,000 population","Rate per 100,000 population",,,,
E07000218,North Warwickshire,Local Authority District,Public electric vehicle chargers,2026-07-01,137.1,"Rate per 100,000 population","Rate per 100,000 population",,,,
E07000219,Nuneaton and Bedworth,Local Authority District,Public electric vehicle chargers,2026-07-01,59.3,"Rate per 100,000 population","Rate per 100,000 population",,,,
E07000219,Nuneaton and Bedworth,Local Authority District,Public electric vehicle chargers,2026-04-01,62.9,"Rate per 100,000 population","Rate per 100,000 population",,,,
E07000219,Nuneaton and Bedworth,Local Authority District,Public electric vehicle chargers,2026-01-01,62.9,"Rate per 100,000 population","Rate per 100,000 population",,,,
E07000220,Rugby,Local Authority District,Public electric vehicle chargers,2026-01-01,159.3,"Rate per 100,000 population","Rate per 100,000 population",,,,
E07000220,Rugby,Local Authority District,Public electric vehicle chargers,2026-04-01,156.9,"Rate per 100,000 population","Rate per 100,000 population",,,,
E07000220,Rugby,Local Authority District,Public electric vehicle chargers,2026-07-01,159.3,"Rate per 100,000 population","Rate per 100,000 population",,,,
E07000221,Stratford-on-Avon,Local Authority District,Public electric vehicle chargers,2026-01-01,202.4,"Rate per 100,000 population","Rate per 100,000 population",,,,
E07000221,Stratford-on-Avon,Local Authority District,Public electric vehicle chargers,2026-04-01,214.7,"Rate per 100,000 population","Rate per 100,000 population",,,,
E07000221,Stratford-on-Avon,Local Authority District,Public electric vehicle chargers,2026-07-01,200.3,"Rate per 100,000 population","Rate per 100,000 population",,,,
E07000222,Warwick,Local Authority District,Public electric vehicle chargers,2026-04-01,218.9,"Rate per 100,000 population","Rate per 100,000 population",,,,
E07000222,Warwick,Local Authority District,Public electric vehicle chargers,2026-07-01,200.8,"Rate per 100,000 population","Rate per 100,000 population",,,,
E07000222,Warwick,Local Authority District,Public electric vehicle chargers,2026-01-01,200.1,"Rate per 100,000 population","Rate per 100,000 population",,,,
E47000007,West Midlands,Combined Authority or City Region,Public electric vehicle chargers,2026-07-01,194.4,"Rate per 100,000 population","Rate per 100,000 population",,,,This data has been aggregated and may show differences to other published figures.
E47000007,West Midlands,Combined Authority or City Region,Public electric vehicle chargers,2026-04-01,192.0,"Rate per 100,000 population","Rate per 100,000 population",,,,This data has been aggregated and may show differences to other published figures.
E47000007,West Midlands,Combined Authority or City Region,Public electric vehicle chargers,2026-01-01,188.7,"Rate per 100,000 population","Rate per 100,000 population",,,,This data has been aggregated and may show differences to other published figures.
E08000025,Birmingham,Local Authority District,Public electric vehicle chargers,2026-01-01,137.5,"Rate per 100,000 population","Rate per 100,000 population",,,,
E08000025,Birmingham,Local Authority District,Public electric vehicle chargers,2026-04-01,138.6,"Rate per 100,000 population","Rate per 100,000 population",,,,
E08000025,Birmingham,Local Authority District,Public electric vehicle chargers,2026-07-01,135.2,"Rate per 100,000 population","Rate per 100,000 population",,,,
E08000026,Coventry,Local Authority District,Public electric vehicle chargers,2026-01-01,705.1,"Rate per 100,000 population","Rate per 100,000 population",,,,
E08000026,Coventry,Local Authority District,Public electric vehicle chargers,2026-04-01,708.1,"Rate per 100,000 population","Rate per 100,000 population",,,,
E08000026,Coventry,Local Authority District,Public electric vehicle chargers,2026-07-01,716.5,"Rate per 100,000 population","Rate per 100,000 population",,,,
E08000027,Dudley,Local Authority District,Public electric vehicle chargers,2026-07-01,103.9,"Rate per 100,000 population","Rate per 100,000 population",,,,
E08000027,Dudley,Local Authority District,Public electric vehicle chargers,2026-04-01,107.6,"Rate per 100,000 population","Rate per 100,000 population",,,,
E08000027,Dudley,Local Authority District,Public electric vehicle chargers,2026-01-01,105.4,"Rate per 100,000 population","Rate per 100,000 population",,,,
E08000028,Sandwell,Local Authority District,Public electric vehicle chargers,2026-01-01,61.9,"Rate per 100,000 population","Rate per 100,000 population",,,,
E08000028,Sandwell,Local Authority District,Public electric vehicle chargers,2026-04-01,66.1,"Rate per 100,000 population","Rate per 100,000 population",,,,
E08000028,Sandwell,Local Authority District,Public electric vehicle chargers,2026-07-01,87.6,"Rate per 100,000 population","Rate per 100,000 population",,,,
E08000029,Solihull,Local Authority District,Public electric vehicle chargers,2026-01-01,273.5,"Rate per 100,000 population","Rate per 100,000 population",,,,
E08000029,Solihull,Local Authority District,Public electric vehicle chargers,2026-04-01,273.5,"Rate per 100,000 population","Rate per 100,000 population",,,,
E08000029,Solihull,Local Authority District,Public electric vehicle chargers,2026-07-01,277.5,"Rate per 100,000 population","Rate per 100,000 population",,,,
E08000030,Walsall,Local Authority District,Public electric vehicle chargers,2026-07-01,66.3,"Rate per 100,000 population","Rate per 100,000 population",,,,
E08000030,Walsall,Local Authority District,Public electric vehicle chargers,2026-04-01,67.3,"Rate per 100,000 population","Rate per 100,000 population",,,,
E08000030,Walsall,Local Authority District,Public electric vehicle chargers,2026-01-01,60.5,"Rate per 100,000 population","Rate per 100,000 population",,,,
E08000031,Wolverhampton,Local Authority District,Public electric vehicle chargers,2026-01-01,52.3,"Rate per 100,000 population","Rate per 100,000 population",,,,
E08000031,Wolverhampton,Local Authority District,Public electric vehicle chargers,2026-04-01,65.1,"Rate per 100,000 population","Rate per 100,000 population",,,,
E08000031,Wolverhampton,Local Authority District,Public electric vehicle chargers,2026-07-01,68.6,"Rate per 100,000 population","Rate per 100,000 population",,,,
E10000034,Worcestershire,County or Unitary Authority,Public electric vehicle chargers,2026-01-01,129.1,"Rate per 100,000 population","Rate per 100,000 population",,,,This data has been aggregated and may show differences to other published figures.
E10000034,Worcestershire,County or Unitary Authority,Public electric vehicle chargers,2026-04-01,132.0,"Rate per 100,000 population","Rate per 100,000 population",,,,This data has been aggregated and may show differences to other published figures.
E10000034,Worcestershire,County or Unitary Authority,Public electric vehicle chargers,2026-07-01,139.2,"Rate per 100,000 population","Rate per 100,000 population",,,,This data has been aggregated and may show differences to other published figures.
E07000234,Bromsgrove,Local Authority District,Public electric vehicle chargers,2026-01-01,182.9,"Rate per 100,000 population","Rate per 100,000 population",,,,
E07000234,Bromsgrove,Local Authority District,Public electric vehicle chargers,2026-04-01,181.0,"Rate per 100,000 population","Rate per 100,000 population",,,,
E07000234,Bromsgrove,Local Authority District,Public electric vehicle chargers,2026-07-01,190.8,"Rate per 100,000 population","Rate per 100,000 population",,,,
E07000235,Malvern Hills,Local Authority District,Public electric vehicle chargers,2026-07-01,122.6,"Rate per 100,000 population","Rate per 100,000 population",,,,
E07000235,Malvern Hills,Local Authority District,Public electric vehicle chargers,2026-01-01,110.5,"Rate per 100,000 population","Rate per 100,000 population",,,,
E07000235,Malvern Hills,Local Authority District,Public electric vehicle chargers,2026-04-01,119.0,"Rate per 100,000 population","Rate per 100,000 population",,,,
E07000236,Redditch,Local Authority District,Public electric vehicle chargers,2026-04-01,62.6,"Rate per 100,000 population","Rate per 100,000 population",,,,
E07000236,Redditch,Local Authority District,Public electric vehicle chargers,2026-07-01,80.8,"Rate per 100,000 population","Rate per 100,000 population",,,,
E07000236,Redditch,Local Authority District,Public electric vehicle chargers,2026-01-01,48.9,"Rate per 100,000 population","Rate per 100,000 population",,,,
E07000237,Worcester,Local Authority District,Public electric vehicle chargers,2026-04-01,205.3,"Rate per 100,000 population","Rate per 100,000 population",,,,
E07000237,Worcester,Local Authority District,Public electric vehicle chargers,2026-07-01,205.3,"Rate per 100,000 population","Rate per 100,000 population",,,,
E07000237,Worcester,Local Authority District,Public electric vehicle chargers,2026-01-01,182.8,"Rate per 100,000 population","Rate per 100,000 population",,,,
E07000238,Wychavon,Local Authority District,Public electric vehicle chargers,2026-07-01,150.0,"Rate per 100,000 population","Rate per 100,000 population",,,,
E07000238,Wychavon,Local Authority District,Public electric vehicle chargers,2026-04-01,138.4,"Rate per 100,000 population","Rate per 100,000 population",,,,
E07000238,Wychavon,Local Authority District,Public electric vehicle chargers,2026-01-01,146.4,"Rate per 100,000 population","Rate per 100,000 population",,,,
E07000239,Wyre Forest,Local Authority District,Public electric vehicle chargers,2026-01-01,80.8,"Rate per 100,000 population","Rate per 100,000 population",,,,
E07000239,Wyre Forest,Local Authority District,Public electric vehicle chargers,2026-04-01,69.3,"Rate per 100,000 population","Rate per 100,000 population",,,,
E07000239,Wyre Forest,Local Authority District,Public electric vehicle chargers,2026-07-01,69.3,"Rate per 100,000 population","Rate per 100,000 population",,,,
E12000006,East of England,Region,Public electric vehicle chargers,2026-01-01,140.9,"Rate per 100,000 population","Rate per 100,000 population",,,,This data has been aggregated and may show differences to other published figures.
E12000006,East of England,Region,Public electric vehicle chargers,2026-04-01,150.3,"Rate per 100,000 population","Rate per 100,000 population",,,,This data has been aggregated and may show differences to other published figures.
E12000006,East of England,Region,Public electric vehicle chargers,2026-07-01,150.2,"Rate per 100,000 population","Rate per 100,000 population",,,,This data has been aggregated and may show differences to other published figures.
E06000055,Bedford,County or Unitary Authority,Public electric vehicle chargers,2026-07-01,149.2,"Rate per 100,000 population","Rate per 100,000 population",,,,
E06000055,Bedford,County or Unitary Authority,Public electric vehicle chargers,2026-04-01,148.2,"Rate per 100,000 population","Rate per 100,000 population",,,,
E06000055,Bedford,County or Unitary Authority,Public electric vehicle chargers,2026-01-01,149.2,"Rate per 100,000 population","Rate per 100,000 population",,,,
E06000056,Central Bedfordshire,County or Unitary Authority,Public electric vehicle chargers,2026-01-01,191.5,"Rate per 100,000 population","Rate per 100,000 population",,,,
E06000056,Central Bedfordshire,County or Unitary Authority,Public electric vehicle chargers,2026-04-01,196.3,"Rate per 100,000 population","Rate per 100,000 population",,,,
E06000056,Central Bedfordshire,County or Unitary Authority,Public electric vehicle chargers,2026-07-01,167.8,"Rate per 100,000 population","Rate per 100,000 population",,,,
E06000032,Luton,County or Unitary Authority,Public electric vehicle chargers,2026-01-01,62.3,"Rate per 100,000 population","Rate per 100,000 population",,,,
E06000032,Luton,County or Unitary Authority,Public electric vehicle chargers,2026-04-01,62.3,"Rate per 100,000 population","Rate per 100,000 population",,,,
E06000032,Luton,County or Unitary Authority,Public electric vehicle chargers,2026-07-01,64.8,"Rate per 100,000 population","Rate per 100,000 population",,,,
E06000031,Peterborough,County or Unitary Authority,Public electric vehicle chargers,2026-07-01,128.8,"Rate per 100,000 population","Rate per 100,000 population",,,,
E06000031,Peterborough,County or Unitary Authority,Public electric vehicle chargers,2026-04-01,133.2,"Rate per 100,000 population","Rate per 100,000 population",,,,
E06000031,Peterborough,County or Unitary Authority,Public electric vehicle chargers,2026-01-01,104.6,"Rate per 100,000 population","Rate per 100,000 population",,,,
E06000033,Southend-on-Sea,County or Unitary Authority,Public electric vehicle chargers,2026-01-01,48.0,"Rate per 100,000 population","Rate per 100,000 population",,,,
E06000033,Southend-on-Sea,County or Unitary Authority,Public electric vehicle chargers,2026-04-01,50.2,"Rate per 100,000 population","Rate per 100,000 population",,,,
E06000033,Southend-on-Sea,County or Unitary Authority,Public electric vehicle chargers,2026-07-01,51.3,"Rate per 100,000 population","Rate per 100,000 population",,,,
E06000034,Thurrock,County or Unitary Authority,Public electric vehicle chargers,2026-01-01,114.9,"Rate per 100,000 population","Rate per 100,000 population",,,,
E06000034,Thurrock,County or Unitary Authority,Public electric vehicle chargers,2026-04-01,112.2,"Rate per 100,000 population","Rate per 100,000 population",,,,
E06000034,Thurrock,County or Unitary Authority,Public electric vehicle chargers,2026-07-01,114.9,"Rate per 100,000 population","Rate per 100,000 population",,,,
E10000003,Cambridgeshire,County or Unitary Authority,Public electric vehicle chargers,2026-07-01,182.0,"Rate per 100,000 population","Rate per 100,000 population",,,,This data has been aggregated and may show differences to other published figures.
E10000003,Cambridgeshire,County or Unitary Authority,Public electric vehicle chargers,2026-04-01,178.4,"Rate per 100,000 population","Rate per 100,000 population",,,,This data has been aggregated and may show differences to other published figures.
E10000003,Cambridgeshire,County or Unitary Authority,Public electric vehicle chargers,2026-01-01,163.9,"Rate per 100,000 population","Rate per 100,000 population",,,,This data has been aggregated and may show differences to other published figures.
E47000008,Cambridgeshire and Peterborough,Combined Authority or City Region,Public electric vehicle chargers,2026-01-01,149.7,"Rate per 100,000 population","Rate per 100,000 population",,,,This data has been aggregated and may show differences to other published figures.
E47000008,Cambridgeshire and Peterborough,Combined Authority or City Region,Public electric vehicle chargers,2026-04-01,167.6,"Rate per 100,000 population","Rate per 100,000 population",,,,This data has been aggregated and may show differences to other published figures.
E47000008,Cambridgeshire and Peterborough,Combined Authority or City Region,Public electric vehicle chargers,2026-07-01,169.3,"Rate per 100,000 population","Rate per 100,000 population",,,,This data has been aggregated and may show differences to other published figures.
E07000008,Cambridge,Local Authority District,Public electric vehicle chargers,2026-01-01,283.9,"Rate per 100,000 population","Rate per 100,000 population",,,,
E07000008,Cambridge,Local Authority District,Public electric vehicle chargers,2026-04-01,289.9,"Rate per 100,000 population","Rate per 100,000 population",,,,
E07000008,Cambridge,Local Authority District,Public electric vehicle chargers,2026-07-01,312.7,"Rate per 100,000 population","Rate per 100,000 population",,,,
E07000009,East Cambridgeshire,Local Authority District,Public electric vehicle chargers,2026-04-01,100.1,"Rate per 100,000 population","Rate per 100,000 population",,,,
E07000009,East Cambridgeshire,Local Authority District,Public electric vehicle chargers,2026-07-01,90.4,"Rate per 100,000 population","Rate per 100,000 population",,,,
E07000009,East Cambridgeshire,Local Authority District,Public electric vehicle chargers,2026-01-01,100.1,"Rate per 100,000 population","Rate per 100,000 population",,,,
E07000010,Fenland,Local Authority District,Public electric vehicle chargers,2026-01-01,41.9,"Rate per 100,000 population","Rate per 100,000 population",,,,
E07000010,Fenland,Local Authority District,Public electric vehicle chargers,2026-04-01,53.4,"Rate per 100,000 population","Rate per 100,000 population",,,,
E07000010,Fenland,Local Authority District,Public electric vehicle chargers,2026-07-01,53.4,"Rate per 100,000 population","Rate per 100,000 population",,,,
E07000011,Huntingdonshire,Local Authority District,Public electric vehicle chargers,2026-01-01,139.5,"Rate per 100,000 population","Rate per 100,000 population",,,,
E07000011,Huntingdonshire,Local Authority District,Public electric vehicle chargers,2026-04-01,157.9,"Rate per 100,000 population","Rate per 100,000 population",,,,
E07000011,Huntingdonshire,Local Authority District,Public electric vehicle chargers,2026-07-01,174.7,"Rate per 100,000 population","Rate per 100,000 population",,,,
E07000012,South Cambridgeshire,Local Authority District,Public electric vehicle chargers,2026-07-01,204.6,"Rate per 100,000 population","Rate per 100,000 population",,,,
E07000012,South Cambridgeshire,Local Authority District,Public electric vehicle chargers,2026-04-01,222.6,"Rate per 100,000 population","Rate per 100,000 population",,,,
E07000012,South Cambridgeshire,Local Authority District,Public electric vehicle chargers,2026-01-01,195.3,"Rate per 100,000 population","Rate per 100,000 population",,,,
E10000012,Essex,County or Unitary Authority,Public electric vehicle chargers,2026-01-01,81.9,"Rate per 100,000 population","Rate per 100,000 population",,,,This data has been aggregated and may show differences to other published figures.
E10000012,Essex,County or Unitary Authority,Public electric vehicle chargers,2026-04-01,87.2,"Rate per 100,000 population","Rate per 100,000 population",,,,This data has been aggregated and may show differences to other published figures.
E10000012,Essex,County or Unitary Authority,Public electric vehicle chargers,2026-07-01,89.8,"Rate per 100,000 population","Rate per 100,000 population",,,,This data has been aggregated and may show differences to other published figures.
E07000066,Basildon,Local Authority District,Public electric vehicle chargers,2026-01-01,50.1,"Rate per 100,000 population","Rate per 100,000 population",,,,
E07000066,Basildon,Local Authority District,Public electric vehicle chargers,2026-04-01,55.3,"Rate per 100,000 population","Rate per 100,000 population",,,,
E07000066,Basildon,Local Authority District,Public electric vehicle chargers,2026-07-01,62.0,"Rate per 100,000 population","Rate per 100,000 population",,,,
E07000067,Braintree,Local Authority District,Public electric vehicle chargers,2026-07-01,88.9,"Rate per 100,000 population","Rate per 100,000 population",,,,
E07000067,Braintree,Local Authority District,Public electric vehicle chargers,2026-04-01,93.7,"Rate per 100,000 population","Rate per 100,000 population",,,,
E07000067,Braintree,Local Authority District,Public electric vehicle chargers,2026-01-01,91.3,"Rate per 100,000 population","Rate per 100,000 population",,,,
E07000068,Brentwood,Local Authority District,Public electric vehicle chargers,2026-01-01,89.5,"Rate per 100,000 population","Rate per 100,000 population",,,,
E07000068,Brentwood,Local Authority District,Public electric vehicle chargers,2026-04-01,87.0,"Rate per 100,000 population","Rate per 100,000 population",,,,
E07000068,Brentwood,Local Authority District,Public electric vehicle chargers,2026-07-01,97.1,"Rate per 100,000 population","Rate per 100,000 population",,,,
E07000069,Castle Point,Local Authority District,Public electric vehicle chargers,2026-01-01,39.7,"Rate per 100,000 population","Rate per 100,000 population",,,,
E07000069,Castle Point,Local Authority District,Public electric vehicle chargers,2026-04-01,39.7,"Rate per 100,000 population","Rate per 100,000 population",,,,
E07000069,Castle Point,Local Authority District,Public electric vehicle chargers,2026-07-01,42.0,"Rate per 100,000 population","Rate per 100,000 population",,,,
E07000070,Chelmsford,Local Authority District,Public electric vehicle chargers,2026-07-01,105.4,"Rate per 100,000 population","Rate per 100,000 population",,,,
E07000070,Chelmsford,Local Authority District,Public electric vehicle chargers,2026-04-01,101.7,"Rate per 100,000 population","Rate per 100,000 population",,,,
E07000070,Chelmsford,Local Authority District,Public electric vehicle chargers,2026-01-01,89.0,"Rate per 100,000 population","Rate per 100,000 population",,,,
E07000071,Colchester,Local Authority District,Public electric vehicle chargers,2026-01-01,78.9,"Rate per 100,000 population","Rate per 100,000 population",,,,
E07000071,Colchester,Local Authority District,Public electric vehicle chargers,2026-04-01,89.9,"Rate per 100,000 population","Rate per 100,000 population",,,,
E07000071,Colchester,Local Authority District,Public electric vehicle chargers,2026-07-01,90.4,"Rate per 100,000 population","Rate per 100,000 population",,,,
E07000072,Epping Forest,Local Authority District,Public electric vehicle chargers,2026-01-01,109.1,"Rate per 100,000 population","Rate per 100,000 population",,,,
E07000072,Epping Forest,Local Authority District,Public electric vehicle chargers,2026-04-01,119.3,"Rate per 100,000 population","Rate per 100,000 population",,,,
E07000072,Epping Forest,Local Authority District,Public electric vehicle chargers,2026-07-01,125.9,"Rate per 100,000 population","Rate per 100,000 population",,,,
E07000073,Harlow,Local Authority District,Public electric vehicle chargers,2026-04-01,76.3,"Rate per 100,000 population","Rate per 100,000 population",,,,
E07000073,Harlow,Local Authority District,Public electric vehicle chargers,2026-07-01,74.3,"Rate per 100,000 population","Rate per 100,000 population",,,,
E07000073,Harlow,Local Authority District,Public electric vehicle chargers,2026-01-01,68.2,"Rate per 100,000 population","Rate per 100,000 population",,,,
E07000074,Maldon,Local Authority District,Public electric vehicle chargers,2026-04-01,53.5,"Rate per 100,000 population","Rate per 100,000 population",,,,
E07000074,Maldon,Local Authority District,Public electric vehicle chargers,2026-07-01,60.8,"Rate per 100,000 population","Rate per 100,000 population",,,,
E07000074,Maldon,Local Authority District,Public electric vehicle chargers,2026-01-01,57.9,"Rate per 100,000 population","Rate per 100,000 population",,,,
E07000075,Rochford,Local Authority District,Public electric vehicle chargers,2026-01-01,72.4,"Rate per 100,000 population","Rate per 100,000 population",,,,
E07000075,Rochford,Local Authority District,Public electric vehicle chargers,2026-04-01,75.7,"Rate per 100,000 population","Rate per 100,000 population",,,,
E07000075,Rochford,Local Authority District,Public electric vehicle chargers,2026-07-01,75.7,"Rate per 100,000 population","Rate per 100,000 population",,,,
E07000076,Tendring,Local Authority District,Public electric vehicle chargers,2026-01-01,79.7,"Rate per 100,000 population","Rate per 100,000 population",,,,
E07000076,Tendring,Local Authority District,Public electric vehicle chargers,2026-04-01,81.0,"Rate per 100,000 population","Rate per 100,000 population",,,,
E07000076,Tendring,Local Authority District,Public electric vehicle chargers,2026-07-01,83.6,"Rate per 100,000 population","Rate per 100,000 population",,,,
E07000077,Uttlesford,Local Authority District,Public electric vehicle chargers,2026-07-01,164.0,"Rate per 100,000 population","Rate per 100,000 population",,,,
E07000077,Uttlesford,Local Authority District,Public electric vehicle chargers,2026-04-01,163.0,"Rate per 100,000 population","Rate per 100,000 population",,,,
E07000077,Uttlesford,Local Authority District,Public electric vehicle chargers,2026-01-01,161.9,"Rate per 100,000 population","Rate per 100,000 population",,,,
E10000015,Hertfordshire,County or Unitary Authority,Public electric vehicle chargers,2026-01-01,210.2,"Rate per 100,000 population","Rate per 100,000 population",,,,This data has been aggregated and may show differences to other published figures.
E10000015,Hertfordshire,County or Unitary Authority,Public electric vehicle chargers,2026-04-01,220.1,"Rate per 100,000 population","Rate per 100,000 population",,,,This data has been aggregated and may show differences to other published figures.
E10000015,Hertfordshire,County or Unitary Authority,Public electric vehicle chargers,2026-07-01,207.8,"Rate per 100,000 population","Rate per 100,000 population",,,,This data has been aggregated and may show differences to other published figures.
E07000095,Broxbourne,Local Authority District,Public electric vehicle chargers,2026-01-01,139.4,"Rate per 100,000 population","Rate per 100,000 population",,,,
E07000095,Broxbourne,Local Authority District,Public electric vehicle chargers,2026-04-01,148.2,"Rate per 100,000 population","Rate per 100,000 population",,,,
E07000095,Broxbourne,Local Authority District,Public electric vehicle chargers,2026-07-01,153.1,"Rate per 100,000 population","Rate per 100,000 population",,,,
E07000096,Dacorum,Local Authority District,Public electric vehicle chargers,2026-04-01,162.3,"Rate per 100,000 population","Rate per 100,000 population",,,,
E07000096,Dacorum,Local Authority District,Public electric vehicle chargers,2026-07-01,159.2,"Rate per 100,000 population","Rate per 100,000 population",,,,
E07000096,Dacorum,Local Authority District,Public electric vehicle chargers,2026-01-01,141.9,"Rate per 100,000 population","Rate per 100,000 population",,,,
E07000242,East Hertfordshire,Local Authority District,Public electric vehicle chargers,2026-01-01,137.7,"Rate per 100,000 population","Rate per 100,000 population",,,,
E07000242,East Hertfordshire,Local Authority District,Public electric vehicle chargers,2026-04-01,137.7,"Rate per 100,000 population","Rate per 100,000 population",,,,
E07000242,East Hertfordshire,Local Authority District,Public electric vehicle chargers,2026-07-01,134.5,"Rate per 100,000 population","Rate per 100,000 population",,,,
E07000098,Hertsmere,Local Authority District,Public electric vehicle chargers,2026-01-01,206.0,"Rate per 100,000 population","Rate per 100,000 population",,,,
E07000098,Hertsmere,Local Authority District,Public electric vehicle chargers,2026-04-01,204.2,"Rate per 100,000 population","Rate per 100,000 population",,,,
E07000098,Hertsmere,Local Authority District,Public electric vehicle chargers,2026-07-01,228.7,"Rate per 100,000 population","Rate per 100,000 population",,,,
E07000099,North Hertfordshire,Local Authority District,Public electric vehicle chargers,2026-07-01,117.3,"Rate per 100,000 population","Rate per 100,000 population",,,,
E07000099,North Hertfordshire,Local Authority District,Public electric vehicle chargers,2026-04-01,107.1,"Rate per 100,000 population","Rate per 100,000 population",,,,
E07000099,North Hertfordshire,Local Authority District,Public electric vehicle chargers,2026-01-01,92.6,"Rate per 100,000 population","Rate per 100,000 population",,,,
E07000240,St Albans,Local Authority District,Public electric vehicle chargers,2026-01-01,90.1,"Rate per 100,000 population","Rate per 100,000 population",,,,
E07000240,St Albans,Local Authority District,Public electric vehicle chargers,2026-04-01,91.4,"Rate per 100,000 population","Rate per 100,000 population",,,,
E07000240,St Albans,Local Authority District,Public electric vehicle chargers,2026-07-01,110.6,"Rate per 100,000 population","Rate per 100,000 population",,,,
E07000243,Stevenage,Local Authority District,Public electric vehicle chargers,2026-01-01,191.8,"Rate per 100,000 population","Rate per 100,000 population",,,,
E07000243,Stevenage,Local Authority District,Public electric vehicle chargers,2026-04-01,194.0,"Rate per 100,000 population","Rate per 100,000 population",,,,
E07000243,Stevenage,Local Authority District,Public electric vehicle chargers,2026-07-01,194.0,"Rate per 100,000 population","Rate per 100,000 population",,,,
E07000102,Three Rivers,Local Authority District,Public electric vehicle chargers,2026-04-01,211.9,"Rate per 100,000 population","Rate per 100,000 population",,,,
E07000102,Three Rivers,Local Authority District,Public electric vehicle chargers,2026-07-01,160.7,"Rate per 100,000 population","Rate per 100,000 population",,,,
E07000102,Three Rivers,Local Authority District,Public electric vehicle chargers,2026-01-01,204.6,"Rate per 100,000 population","Rate per 100,000 population",,,,
E07000103,Watford,Local Authority District,Public electric vehicle chargers,2026-07-01,562.7,"Rate per 100,000 population","Rate per 100,000 population",,,,
E07000103,Watford,Local Authority District,Public electric vehicle chargers,2026-04-01,672.8,"Rate per 100,000 population","Rate per 100,000 population",,,,
E07000103,Watford,Local Authority District,Public electric vehicle chargers,2026-01-01,649.4,"Rate per 100,000 population","Rate per 100,000 population",,,,
E07000241,Welwyn Hatfield,Local Authority District,Public electric vehicle chargers,2026-01-01,368.8,"Rate per 100,000 population","Rate per 100,000 population",,,,
E07000241,Welwyn Hatfield,Local Authority District,Public electric vehicle chargers,2026-04-01,390.8,"Rate per 100,000 population","Rate per 100,000 population",,,,
E07000241,Welwyn Hatfield,Local Authority District,Public electric vehicle chargers,2026-07-01,350.1,"Rate per 100,000 population","Rate per 100,000 population",,,,
E10000020,Norfolk,County or Unitary Authority,Public electric vehicle chargers,2026-01-01,156.6,"Rate per 100,000 population","Rate per 100,000 population",,,,This data has been aggregated and may show differences to other published figures.
E10000020,Norfolk,County or Unitary Authority,Public electric vehicle chargers,2026-04-01,161.5,"Rate per 100,000 population","Rate per 100,000 population",,,,This data has been aggregated and may show differences to other published figures.
E10000020,Norfolk,County or Unitary Authority,Public electric vehicle chargers,2026-07-01,162.1,"Rate per 100,000 population","Rate per 100,000 population",,,,This data has been aggregated and may show differences to other published figures.
E07000143,Breckland,Local Authority District,Public electric vehicle chargers,2026-07-01,113.9,"Rate per 100,000 population","Rate per 100,000 population",,,,
E07000143,Breckland,Local Authority District,Public electric vehicle chargers,2026-04-01,111.9,"Rate per 100,000 population","Rate per 100,000 population",,,,
E07000143,Breckland,Local Authority District,Public electric vehicle chargers,2026-01-01,111.9,"Rate per 100,000 population","Rate per 100,000 population",,,,
E07000144,Broadland,Local Authority District,Public electric vehicle chargers,2026-01-01,99.9,"Rate per 100,000 population","Rate per 100,000 population",,,,
E07000144,Broadland,Local Authority District,Public electric vehicle chargers,2026-04-01,110.7,"Rate per 100,000 population","Rate per 100,000 population",,,,
E07000144,Broadland,Local Authority District,Public electric vehicle chargers,2026-07-01,115.8,"Rate per 100,000 population","Rate per 100,000 population",,,,
E07000145,Great Yarmouth,Local Authority District,Public electric vehicle chargers,2026-01-01,167.1,"Rate per 100,000 population","Rate per 100,000 population",,,,
E07000145,Great Yarmouth,Local Authority District,Public electric vehicle chargers,2026-04-01,198.9,"Rate per 100,000 population","Rate per 100,000 population",,,,
E07000145,Great Yarmouth,Local Authority District,Public electric vehicle chargers,2026-07-01,210.9,"Rate per 100,000 population","Rate per 100,000 population",,,,
E07000146,King's Lynn and West Norfolk,Local Authority District,Public electric vehicle chargers,2026-07-01,172.2,"Rate per 100,000 population","Rate per 100,000 population",,,,
E07000146,King's Lynn and West Norfolk,Local Authority District,Public electric vehicle chargers,2026-04-01,163.9,"Rate per 100,000 population","Rate per 100,000 population",,,,
E07000146,King's Lynn and West Norfolk,Local Authority District,Public electric vehicle chargers,2026-01-01,163.2,"Rate per 100,000 population","Rate per 100,000 population",,,,
E07000147,North Norfolk,Local Authority District,Public electric vehicle chargers,2026-01-01,230.6,"Rate per 100,000 population","Rate per 100,000 population",,,,
E07000147,North Norfolk,Local Authority District,Public electric vehicle chargers,2026-04-01,243.2,"Rate per 100,000 population","Rate per 100,000 population",,,,
E07000147,North Norfolk,Local Authority District,Public electric vehicle chargers,2026-07-01,224.8,"Rate per 100,000 population","Rate per 100,000 population",,,,
E07000148,Norwich,Local Authority District,Public electric vehicle chargers,2026-01-01,199.1,"Rate per 100,000 population","Rate per 100,000 population",,,,
E07000148,Norwich,Local Authority District,Public electric vehicle chargers,2026-04-01,191.6,"Rate per 100,000 population","Rate per 100,000 population",,,,
E07000148,Norwich,Local Authority District,Public electric vehicle chargers,2026-07-01,196.4,"Rate per 100,000 population","Rate per 100,000 population",,,,
E07000149,South Norfolk,Local Authority District,Public electric vehicle chargers,2026-01-01,146.2,"Rate per 100,000 population","Rate per 100,000 population",,,,
E07000149,South Norfolk,Local Authority District,Public electric vehicle chargers,2026-04-01,143.5,"Rate per 100,000 population","Rate per 100,000 population",,,,
E07000149,South Norfolk,Local Authority District,Public electric vehicle chargers,2026-07-01,131.4,"Rate per 100,000 population","Rate per 100,000 population",,,,
E10000029,Suffolk,County or Unitary Authority,Public electric vehicle chargers,2026-07-01,193.7,"Rate per 100,000 population","Rate per 100,000 population",,,,This data has been aggregated and may show differences to other published figures.
E10000029,Suffolk,County or Unitary Authority,Public electric vehicle chargers,2026-01-01,149.7,"Rate per 100,000 population","Rate per 100,000 population",,,,This data has been aggregated and may show differences to other published figures.
E10000029,Suffolk,County or Unitary Authority,Public electric vehicle chargers,2026-04-01,173.5,"Rate per 100,000 population","Rate per 100,000 population",,,,This data has been aggregated and may show differences to other published figures.
E07000200,Babergh,Local Authority District,Public electric vehicle chargers,2026-04-01,175.2,"Rate per 100,000 population","Rate per 100,000 population",,,,
E07000200,Babergh,Local Authority District,Public electric vehicle chargers,2026-07-01,163.9,"Rate per 100,000 population","Rate per 100,000 population",,,,
E07000200,Babergh,Local Authority District,Public electric vehicle chargers,2026-01-01,163.9,"Rate per 100,000 population","Rate per 100,000 population",,,,
E07000244,East Suffolk,Local Authority District,Public electric vehicle chargers,2026-04-01,131.8,"Rate per 100,000 population","Rate per 100,000 population",,,,
E07000244,East Suffolk,Local Authority District,Public electric vehicle chargers,2026-07-01,143.0,"Rate per 100,000 population","Rate per 100,000 population",,,,
E07000244,East Suffolk,Local Authority District,Public electric vehicle chargers,2026-01-01,115.4,"Rate per 100,000 population","Rate per 100,000 population",,,,
E07000202,Ipswich,Local Authority District,Public electric vehicle chargers,2026-04-01,253.1,"Rate per 100,000 population","Rate per 100,000 population",,,,
E07000202,Ipswich,Local Authority District,Public electric vehicle chargers,2026-07-01,294.4,"Rate per 100,000 population","Rate per 100,000 population",,,,
E07000202,Ipswich,Local Authority District,Public electric vehicle chargers,2026-01-01,169.0,"Rate per 100,000 population","Rate per 100,000 population",,,,
E07000203,Mid Suffolk,Local Authority District,Public electric vehicle chargers,2026-07-01,134.5,"Rate per 100,000 population","Rate per 100,000 population",,,,
E07000203,Mid Suffolk,Local Authority District,Public electric vehicle chargers,2026-04-01,134.5,"Rate per 100,000 population","Rate per 100,000 population",,,,
E07000203,Mid Suffolk,Local Authority District,Public electric vehicle chargers,2026-01-01,120.1,"Rate per 100,000 population","Rate per 100,000 population",,,,
E07000245,West Suffolk,Local Authority District,Public electric vehicle chargers,2026-01-01,191.0,"Rate per 100,000 population","Rate per 100,000 population",,,,
E07000245,West Suffolk,Local Authority District,Public electric vehicle chargers,2026-04-01,191.5,"Rate per 100,000 population","Rate per 100,000 population",,,,
E07000245,West Suffolk,Local Authority District,Public electric vehicle chargers,2026-07-01,236.1,"Rate per 100,000 population","Rate per 100,000 population",,,,
E12000007,London,Region,Public electric vehicle chargers,2026-01-01,338.1,"Rate per 100,000 population","Rate per 100,000 population",,,,This data has been aggregated and may show differences to other published figures.
E12000007,London,Region,Public electric vehicle chargers,2026-04-01,340.0,"Rate per 100,000 population","Rate per 100,000 population",,,,This data has been aggregated and may show differences to other published figures.
E12000007,London,Region,Public electric vehicle chargers,2026-07-01,345.1,"Rate per 100,000 population","Rate per 100,000 population",,,,This data has been aggregated and may show differences to other published figures.
E09000007,Camden,Local Authority District,Public electric vehicle chargers,2026-07-01,377.5,"Rate per 100,000 population","Rate per 100,000 population",,,,
E09000007,Camden,Local Authority District,Public electric vehicle chargers,2026-04-01,370.1,"Rate per 100,000 population","Rate per 100,000 population",,,,
E09000007,Camden,Local Authority District,Public electric vehicle chargers,2026-01-01,368.3,"Rate per 100,000 population","Rate per 100,000 population",,,,
E09000001,City of London,Local Authority District,Public electric vehicle chargers,2026-01-01,767.7,"Rate per 100,000 population","Rate per 100,000 population",,,,
E09000001,City of London,Local Authority District,Public electric vehicle chargers,2026-04-01,443.4,"Rate per 100,000 population","Rate per 100,000 population",,,,
E09000001,City of London,Local Authority District,Public electric vehicle chargers,2026-07-01,443.4,"Rate per 100,000 population","Rate per 100,000 population",,,,
E09000012,Hackney,Local Authority District,Public electric vehicle chargers,2026-01-01,578.1,"Rate per 100,000 population","Rate per 100,000 population",,,,
E09000012,Hackney,Local Authority District,Public electric vehicle chargers,2026-04-01,637.7,"Rate per 100,000 population","Rate per 100,000 population",,,,
E09000012,Hackney,Local Authority District,Public electric vehicle chargers,2026-07-01,637.7,"Rate per 100,000 population","Rate per 100,000 population",,,,
E09000013,Hammersmith and Fulham,Local Authority District,Public electric vehicle chargers,2026-07-01,1379.5,"Rate per 100,000 population","Rate per 100,000 population",,,,
E09000013,Hammersmith and Fulham,Local Authority District,Public electric vehicle chargers,2026-04-01,1380.1,"Rate per 100,000 population","Rate per 100,000 population",,,,
E09000013,Hammersmith and Fulham,Local Authority District,Public electric vehicle chargers,2026-01-01,1469.6,"Rate per 100,000 population","Rate per 100,000 population",,,,
E09000014,Haringey,Local Authority District,Public electric vehicle chargers,2026-01-01,137.2,"Rate per 100,000 population","Rate per 100,000 population",,,,
E09000014,Haringey,Local Authority District,Public electric vehicle chargers,2026-04-01,134.9,"Rate per 100,000 population","Rate per 100,000 population",,,,
E09000014,Haringey,Local Authority District,Public electric vehicle chargers,2026-07-01,135.3,"Rate per 100,000 population","Rate per 100,000 population",,,,
E09000019,Islington,Local Authority District,Public electric vehicle chargers,2026-01-01,335.4,"Rate per 100,000 population","Rate per 100,000 population",,,,
E09000019,Islington,Local Authority District,Public electric vehicle chargers,2026-04-01,325.1,"Rate per 100,000 population","Rate per 100,000 population",,,,
E09000019,Islington,Local Authority District,Public electric vehicle chargers,2026-07-01,386.1,"Rate per 100,000 population","Rate per 100,000 population",,,,
E09000020,Kensington and Chelsea,Local Authority District,Public electric vehicle chargers,2026-07-01,637.3,"Rate per 100,000 population","Rate per 100,000 population",,,,
E09000020,Kensington and Chelsea,Local Authority District,Public electric vehicle chargers,2026-04-01,629.7,"Rate per 100,000 population","Rate per 100,000 population",,,,
E09000020,Kensington and Chelsea,Local Authority District,Public electric vehicle chargers,2026-01-01,640.1,"Rate per 100,000 population","Rate per 100,000 population",,,,
E09000022,Lambeth,Local Authority District,Public electric vehicle chargers,2026-01-01,237.9,"Rate per 100,000 population","Rate per 100,000 population",,,,
E09000022,Lambeth,Local Authority District,Public electric vehicle chargers,2026-04-01,240.8,"Rate per 100,000 population","Rate per 100,000 population",,,,
E09000022,Lambeth,Local Authority District,Public electric vehicle chargers,2026-07-01,243.6,"Rate per 100,000 population","Rate per 100,000 population",,,,
E09000023,Lewisham,Local Authority District,Public electric vehicle chargers,2026-01-01,104.6,"Rate per 100,000 population","Rate per 100,000 population",,,,
E09000023,Lewisham,Local Authority District,Public electric vehicle chargers,2026-04-01,114.5,"Rate per 100,000 population","Rate per 100,000 population",,,,
E09000023,Lewisham,Local Authority District,Public electric vehicle chargers,2026-07-01,132.8,"Rate per 100,000 population","Rate per 100,000 population",,,,
E09000025,Newham,Local Authority District,Public electric vehicle chargers,2026-04-01,165.8,"Rate per 100,000 population","Rate per 100,000 population",,,,
E09000025,Newham,Local Authority District,Public electric vehicle chargers,2026-07-01,159.4,"Rate per 100,000 population","Rate per 100,000 population",,,,
E09000025,Newham,Local Authority District,Public electric vehicle chargers,2026-01-01,163.1,"Rate per 100,000 population","Rate per 100,000 population",,,,
E09000028,Southwark,Local Authority District,Public electric vehicle chargers,2026-01-01,604.2,"Rate per 100,000 population","Rate per 100,000 population",,,,
E09000028,Southwark,Local Authority District,Public electric vehicle chargers,2026-04-01,619.5,"Rate per 100,000 population","Rate per 100,000 population",,,,
E09000028,Southwark,Local Authority District,Public electric vehicle chargers,2026-07-01,617.9,"Rate per 100,000 population","Rate per 100,000 population",,,,
E09000030,Tower Hamlets,Local Authority District,Public electric vehicle chargers,2026-01-01,764.4,"Rate per 100,000 population","Rate per 100,000 population",,,,
E09000030,Tower Hamlets,Local Authority District,Public electric vehicle chargers,2026-04-01,765.0,"Rate per 100,000 population","Rate per 100,000 population",,,,
E09000030,Tower Hamlets,Local Authority District,Public electric vehicle chargers,2026-07-01,775.6,"Rate per 100,000 population","Rate per 100,000 population",,,,
E09000032,Wandsworth,Local Authority District,Public electric vehicle chargers,2026-07-01,531.6,"Rate per 100,000 population","Rate per 100,000 population",,,,
E09000032,Wandsworth,Local Authority District,Public electric vehicle chargers,2026-04-01,533.4,"Rate per 100,000 population","Rate per 100,000 population",,,,
E09000032,Wandsworth,Local Authority District,Public electric vehicle chargers,2026-01-01,536.9,"Rate per 100,000 population","Rate per 100,000 population",,,,
E09000033,Westminster,Local Authority District,Public electric vehicle chargers,2026-01-01,1369.1,"Rate per 100,000 population","Rate per 100,000 population",,,,
E09000033,Westminster,Local Authority District,Public electric vehicle chargers,2026-04-01,1370.5,"Rate per 100,000 population","Rate per 100,000 population",,,,
E09000033,Westminster,Local Authority District,Public electric vehicle chargers,2026-07-01,1377.6,"Rate per 100,000 population","Rate per 100,000 population",,,,
E09000002,Barking and Dagenham,Local Authority District,Public electric vehicle chargers,2026-01-01,88.1,"Rate per 100,000 population","Rate per 100,000 population",,,,
E09000002,Barking and Dagenham,Local Authority District,Public electric vehicle chargers,2026-04-01,91.5,"Rate per 100,000 population","Rate per 100,000 population",,,,
E09000002,Barking and Dagenham,Local Authority District,Public electric vehicle chargers,2026-07-01,100.1,"Rate per 100,000 population","Rate per 100,000 population",,,,
E09000003,Barnet,Local Authority District,Public electric vehicle chargers,2026-07-01,288.1,"Rate per 100,000 population","Rate per 100,000 population",,,,
E09000003,Barnet,Local Authority District,Public electric vehicle chargers,2026-04-01,287.4,"Rate per 100,000 population","Rate per 100,000 population",,,,
E09000003,Barnet,Local Authority District,Public electric vehicle chargers,2026-01-01,297.7,"Rate per 100,000 population","Rate per 100,000 population",,,,
E09000004,Bexley,Local Authority District,Public electric vehicle chargers,2026-01-01,199.3,"Rate per 100,000 population","Rate per 100,000 population",,,,
E09000004,Bexley,Local Authority District,Public electric vehicle chargers,2026-04-01,262.1,"Rate per 100,000 population","Rate per 100,000 population",,,,
E09000004,Bexley,Local Authority District,Public electric vehicle chargers,2026-07-01,268.7,"Rate per 100,000 population","Rate per 100,000 population",,,,
E09000005,Brent,Local Authority District,Public electric vehicle chargers,2026-01-01,370.6,"Rate per 100,000 population","Rate per 100,000 population",,,,
E09000005,Brent,Local Authority District,Public electric vehicle chargers,2026-04-01,371.7,"Rate per 100,000 population","Rate per 100,000 population",,,,
E09000005,Brent,Local Authority District,Public electric vehicle chargers,2026-07-01,366.9,"Rate per 100,000 population","Rate per 100,000 population",,,,
E09000006,Bromley,Local Authority District,Public electric vehicle chargers,2026-07-01,67.1,"Rate per 100,000 population","Rate per 100,000 population",,,,
E09000006,Bromley,Local Authority District,Public electric vehicle chargers,2026-04-01,67.1,"Rate per 100,000 population","Rate per 100,000 population",,,,
E09000006,Bromley,Local Authority District,Public electric vehicle chargers,2026-01-01,72.5,"Rate per 100,000 population","Rate per 100,000 population",,,,
E09000008,Croydon,Local Authority District,Public electric vehicle chargers,2026-01-01,149.0,"Rate per 100,000 population","Rate per 100,000 population",,,,
E09000008,Croydon,Local Authority District,Public electric vehicle chargers,2026-04-01,153.7,"Rate per 100,000 population","Rate per 100,000 population",,,,
E09000008,Croydon,Local Authority District,Public electric vehicle chargers,2026-07-01,153.2,"Rate per 100,000 population","Rate per 100,000 population",,,,
E09000009,Ealing,Local Authority District,Public electric vehicle chargers,2026-01-01,265.3,"Rate per 100,000 population","Rate per 100,000 population",,,,
E09000009,Ealing,Local Authority District,Public electric vehicle chargers,2026-04-01,264.3,"Rate per 100,000 population","Rate per 100,000 population",,,,
E09000009,Ealing,Local Authority District,Public electric vehicle chargers,2026-07-01,263.5,"Rate per 100,000 population","Rate per 100,000 population",,,,
E09000010,Enfield,Local Authority District,Public electric vehicle chargers,2026-04-01,105.1,"Rate per 100,000 population","Rate per 100,000 population",,,,
E09000010,Enfield,Local Authority District,Public electric vehicle chargers,2026-07-01,137.1,"Rate per 100,000 population","Rate per 100,000 population",,,,
E09000010,Enfield,Local Authority District,Public electric vehicle chargers,2026-01-01,120.0,"Rate per 100,000 population","Rate per 100,000 population",,,,
E09000011,Greenwich,Local Authority District,Public electric vehicle chargers,2026-04-01,100.5,"Rate per 100,000 population","Rate per 100,000 population",,,,
E09000011,Greenwich,Local Authority District,Public electric vehicle chargers,2026-07-01,101.2,"Rate per 100,000 population","Rate per 100,000 population",,,,
E09000011,Greenwich,Local Authority District,Public electric vehicle chargers,2026-01-01,95.5,"Rate per 100,000 population","Rate per 100,000 population",,,,
E09000015,Harrow,Local Authority District,Public electric vehicle chargers,2026-01-01,89.8,"Rate per 100,000 population","Rate per 100,000 population",,,,
E09000015,Harrow,Local Authority District,Public electric vehicle chargers,2026-04-01,121.9,"Rate per 100,000 population","Rate per 100,000 population",,,,
E09000015,Harrow,Local Authority District,Public electric vehicle chargers,2026-07-01,120.0,"Rate per 100,000 population","Rate per 100,000 population",,,,
E09000016,Havering,Local Authority District,Public electric vehicle chargers,2026-01-01,82.9,"Rate per 100,000 population","Rate per 100,000 population",,,,
E09000016,Havering,Local Authority District,Public electric vehicle chargers,2026-04-01,89.0,"Rate per 100,000 population","Rate per 100,000 population",,,,
E09000016,Havering,Local Authority District,Public electric vehicle chargers,2026-07-01,94.5,"Rate per 100,000 population","Rate per 100,000 population",,,,
E09000017,Hillingdon,Local Authority District,Public electric vehicle chargers,2026-07-01,120.9,"Rate per 100,000 population","Rate per 100,000 population",,,,
E09000017,Hillingdon,Local Authority District,Public electric vehicle chargers,2026-04-01,113.9,"Rate per 100,000 population","Rate per 100,000 population",,,,
E09000017,Hillingdon,Local Authority District,Public electric vehicle chargers,2026-01-01,123.6,"Rate per 100,000 population","Rate per 100,000 population",,,,
E09000018,Hounslow,Local Authority District,Public electric vehicle chargers,2026-01-01,233.4,"Rate per 100,000 population","Rate per 100,000 population",,,,
E09000018,Hounslow,Local Authority District,Public electric vehicle chargers,2026-04-01,226.4,"Rate per 100,000 population","Rate per 100,000 population",,,,
E09000018,Hounslow,Local Authority District,Public electric vehicle chargers,2026-07-01,233.4,"Rate per 100,000 population","Rate per 100,000 population",,,,
E09000021,Kingston upon Thames,Local Authority District,Public electric vehicle chargers,2026-01-01,252.5,"Rate per 100,000 population","Rate per 100,000 population",,,,
E09000021,Kingston upon Thames,Local Authority District,Public electric vehicle chargers,2026-04-01,246.7,"Rate per 100,000 population","Rate per 100,000 population",,,,
E09000021,Kingston upon Thames,Local Authority District,Public electric vehicle chargers,2026-07-01,241.5,"Rate per 100,000 population","Rate per 100,000 population",,,,
E09000024,Merton,Local Authority District,Public electric vehicle chargers,2026-04-01,429.7,"Rate per 100,000 population","Rate per 100,000 population",,,,
E09000024,Merton,Local Authority District,Public electric vehicle chargers,2026-07-01,436.1,"Rate per 100,000 population","Rate per 100,000 population",,,,
E09000024,Merton,Local Authority District,Public electric vehicle chargers,2026-01-01,429.7,"Rate per 100,000 population","Rate per 100,000 population",,,,
E09000026,Redbridge,Local Authority District,Public electric vehicle chargers,2026-01-01,179.0,"Rate per 100,000 population","Rate per 100,000 population",,,,
E09000026,Redbridge,Local Authority District,Public electric vehicle chargers,2026-04-01,190.2,"Rate per 100,000 population","Rate per 100,000 population",,,,
E09000026,Redbridge,Local Authority District,Public electric vehicle chargers,2026-07-01,198.3,"Rate per 100,000 population","Rate per 100,000 population",,,,
E09000027,Richmond upon Thames,Local Authority District,Public electric vehicle chargers,2026-01-01,633.0,"Rate per 100,000 population","Rate per 100,000 population",,,,
E09000027,Richmond upon Thames,Local Authority District,Public electric vehicle chargers,2026-04-01,634.0,"Rate per 100,000 population","Rate per 100,000 population",,,,
E09000027,Richmond upon Thames,Local Authority District,Public electric vehicle chargers,2026-07-01,642.2,"Rate per 100,000 population","Rate per 100,000 population",,,,
E09000029,Sutton,Local Authority District,Public electric vehicle chargers,2026-07-01,117.9,"Rate per 100,000 population","Rate per 100,000 population",,,,
E09000029,Sutton,Local Authority District,Public electric vehicle chargers,2026-04-01,115.1,"Rate per 100,000 population","Rate per 100,000 population",,,,
E09000029,Sutton,Local Authority District,Public electric vehicle chargers,2026-01-01,110.9,"Rate per 100,000 population","Rate per 100,000 population",,,,
E09000031,Waltham Forest,Local Authority District,Public electric vehicle chargers,2026-01-01,664.6,"Rate per 100,000 population","Rate per 100,000 population",,,,
E09000031,Waltham Forest,Local Authority District,Public electric vehicle chargers,2026-04-01,667.4,"Rate per 100,000 population","Rate per 100,000 population",,,,
E09000031,Waltham Forest,Local Authority District,Public electric vehicle chargers,2026-07-01,663.1,"Rate per 100,000 population","Rate per 100,000 population",,,,
E12000008,South East,Region,Public electric vehicle chargers,2026-01-01,149.4,"Rate per 100,000 population","Rate per 100,000 population",,,,This data has been aggregated and may show differences to other published figures.
E12000008,South East,Region,Public electric vehicle chargers,2026-04-01,153.0,"Rate per 100,000 population","Rate per 100,000 population",,,,This data has been aggregated and may show differences to other published figures.
E12000008,South East,Region,Public electric vehicle chargers,2026-07-01,159.4,"Rate per 100,000 population","Rate per 100,000 population",,,,This data has been aggregated and may show differences to other published figures.
E06000036,Bracknell Forest,County or Unitary Authority,Public electric vehicle chargers,2026-04-01,142.2,"Rate per 100,000 population","Rate per 100,000 population",,,,
E06000036,Bracknell Forest,County or Unitary Authority,Public electric vehicle chargers,2026-07-01,159.0,"Rate per 100,000 population","Rate per 100,000 population",,,,
E06000036,Bracknell Forest,County or Unitary Authority,Public electric vehicle chargers,2026-01-01,155.2,"Rate per 100,000 population","Rate per 100,000 population",,,,
E06000043,Brighton and Hove,County or Unitary Authority,Public electric vehicle chargers,2026-07-01,283.2,"Rate per 100,000 population","Rate per 100,000 population",,,,
E06000043,Brighton and Hove,County or Unitary Authority,Public electric vehicle chargers,2026-04-01,235.0,"Rate per 100,000 population","Rate per 100,000 population",,,,
E06000043,Brighton and Hove,County or Unitary Authority,Public electric vehicle chargers,2026-01-01,234.3,"Rate per 100,000 population","Rate per 100,000 population",,,,
E06000060,Buckinghamshire,County or Unitary Authority,Public electric vehicle chargers,2026-01-01,118.0,"Rate per 100,000 population","Rate per 100,000 population",,,,
E06000060,Buckinghamshire,County or Unitary Authority,Public electric vehicle chargers,2026-04-01,141.2,"Rate per 100,000 population","Rate per 100,000 population",,,,
E06000060,Buckinghamshire,County or Unitary Authority,Public electric vehicle chargers,2026-07-01,141.3,"Rate per 100,000 population","Rate per 100,000 population",,,,
E06000046,Isle of Wight,County or Unitary Authority,Public electric vehicle chargers,2026-01-01,141.2,"Rate per 100,000 population","Rate per 100,000 population",,,,
E06000046,Isle of Wight,County or Unitary Authority,Public electric vehicle chargers,2026-04-01,138.4,"Rate per 100,000 population","Rate per 100,000 population",,,,
E06000046,Isle of Wight,County or Unitary Authority,Public electric vehicle chargers,2026-07-01,134.8,"Rate per 100,000 population","Rate per 100,000 population",,,,
E06000035,Medway,County or Unitary Authority,Public electric vehicle chargers,2026-07-01,79.3,"Rate per 100,000 population","Rate per 100,000 population",,,,
E06000035,Medway,County or Unitary Authority,Public electric vehicle chargers,2026-04-01,70.7,"Rate per 100,000 population","Rate per 100,000 population",,,,
E06000035,Medway,County or Unitary Authority,Public electric vehicle chargers,2026-01-01,67.3,"Rate per 100,000 population","Rate per 100,000 population",,,,
E06000042,Milton Keynes,County or Unitary Authority,Public electric vehicle chargers,2026-01-01,333.8,"Rate per 100,000 population","Rate per 100,000 population",,,,
E06000042,Milton Keynes,County or Unitary Authority,Public electric vehicle chargers,2026-04-01,328.6,"Rate per 100,000 population","Rate per 100,000 population",,,,
E06000042,Milton Keynes,County or Unitary Authority,Public electric vehicle chargers,2026-07-01,322.7,"Rate per 100,000 population","Rate per 100,000 population",,,,
E06000044,Portsmouth,County or Unitary Authority,Public electric vehicle chargers,2026-01-01,179.6,"Rate per 100,000 population","Rate per 100,000 population",,,,
E06000044,Portsmouth,County or Unitary Authority,Public electric vehicle chargers,2026-04-01,202.5,"Rate per 100,000 population","Rate per 100,000 population",,,,
E06000044,Portsmouth,County or Unitary Authority,Public electric vehicle chargers,2026-07-01,202.5,"Rate per 100,000 population","Rate per 100,000 population",,,,
E06000038,Reading,County or Unitary Authority,Public electric vehicle chargers,2026-07-01,189.2,"Rate per 100,000 population","Rate per 100,000 population",,,,
E06000038,Reading,County or Unitary Authority,Public electric vehicle chargers,2026-04-01,187.5,"Rate per 100,000 population","Rate per 100,000 population",,,,
E06000038,Reading,County or Unitary Authority,Public electric vehicle chargers,2026-01-01,211.0,"Rate per 100,000 population","Rate per 100,000 population",,,,
E06000039,Slough,County or Unitary Authority,Public electric vehicle chargers,2026-01-01,97.4,"Rate per 100,000 population","Rate per 100,000 population",,,,
E06000039,Slough,County or Unitary Authority,Public electric vehicle chargers,2026-04-01,100.4,"Rate per 100,000 population","Rate per 100,000 population",,,,
E06000039,Slough,County or Unitary Authority,Public electric vehicle chargers,2026-07-01,100.4,"Rate per 100,000 population","Rate per 100,000 population",,,,
E06000045,Southampton,County or Unitary Authority,Public electric vehicle chargers,2026-01-01,65.5,"Rate per 100,000 population","Rate per 100,000 population",,,,
E06000045,Southampton,County or Unitary Authority,Public electric vehicle chargers,2026-04-01,65.9,"Rate per 100,000 population","Rate per 100,000 population",,,,
E06000045,Southampton,County or Unitary Authority,Public electric vehicle chargers,2026-07-01,69.8,"Rate per 100,000 population","Rate per 100,000 population",,,,
E06000037,West Berkshire,County or Unitary Authority,Public electric vehicle chargers,2026-01-01,268.9,"Rate per 100,000 population","Rate per 100,000 population",,,,
E06000037,West Berkshire,County or Unitary Authority,Public electric vehicle chargers,2026-04-01,261.6,"Rate per 100,000 population","Rate per 100,000 population",,,,
E06000037,West Berkshire,County or Unitary Authority,Public electric vehicle chargers,2026-07-01,282.8,"Rate per 100,000 population","Rate per 100,000 population",,,,
E06000040,Windsor and Maidenhead,County or Unitary Authority,Public electric vehicle chargers,2026-07-01,149.7,"Rate per 100,000 population","Rate per 100,000 population",,,,
E06000040,Windsor and Maidenhead,County or Unitary Authority,Public electric vehicle chargers,2026-01-01,123.3,"Rate per 100,000 population","Rate per 100,000 population",,,,
E06000040,Windsor and Maidenhead,County or Unitary Authority,Public electric vehicle chargers,2026-04-01,149.7,"Rate per 100,000 population","Rate per 100,000 population",,,,
E06000041,Wokingham,County or Unitary Authority,Public electric vehicle chargers,2026-04-01,209.4,"Rate per 100,000 population","Rate per 100,000 population",,,,
E06000041,Wokingham,County or Unitary Authority,Public electric vehicle chargers,2026-07-01,158.7,"Rate per 100,000 population","Rate per 100,000 population",,,,
E06000041,Wokingham,County or Unitary Authority,Public electric vehicle chargers,2026-01-01,213.7,"Rate per 100,000 population","Rate per 100,000 population",,,,
E10000011,East Sussex,County or Unitary Authority,Public electric vehicle chargers,2026-04-01,101.6,"Rate per 100,000 population","Rate per 100,000 population",,,,This data has been aggregated and may show differences to other published figures.
E10000011,East Sussex,County or Unitary Authority,Public electric vehicle chargers,2026-07-01,101.1,"Rate per 100,000 population","Rate per 100,000 population",,,,This data has been aggregated and may show differences to other published figures.
E10000011,East Sussex,County or Unitary Authority,Public electric vehicle chargers,2026-01-01,99.8,"Rate per 100,000 population","Rate per 100,000 population",,,,This data has been aggregated and may show differences to other published figures.
E07000061,Eastbourne,Local Authority District,Public electric vehicle chargers,2026-04-01,109.3,"Rate per 100,000 population","Rate per 100,000 population",,,,
E07000061,Eastbourne,Local Authority District,Public electric vehicle chargers,2026-07-01,116.1,"Rate per 100,000 population","Rate per 100,000 population",,,,
E07000061,Eastbourne,Local Authority District,Public electric vehicle chargers,2026-01-01,110.3,"Rate per 100,000 population","Rate per 100,000 population",,,,
E07000062,Hastings,Local Authority District,Public electric vehicle chargers,2026-01-01,55.9,"Rate per 100,000 population","Rate per 100,000 population",,,,
E07000062,Hastings,Local Authority District,Public electric vehicle chargers,2026-04-01,64.7,"Rate per 100,000 population","Rate per 100,000 population",,,,
E07000062,Hastings,Local Authority District,Public electric vehicle chargers,2026-07-01,51.5,"Rate per 100,000 population","Rate per 100,000 population",,,,
E07000063,Lewes,Local Authority District,Public electric vehicle chargers,2026-01-01,145.6,"Rate per 100,000 population","Rate per 100,000 population",,,,
E07000063,Lewes,Local Authority District,Public electric vehicle chargers,2026-04-01,147.5,"Rate per 100,000 population","Rate per 100,000 population",,,,
E07000063,Lewes,Local Authority District,Public electric vehicle chargers,2026-07-01,139.7,"Rate per 100,000 population","Rate per 100,000 population",,,,
E07000064,Rother,Local Authority District,Public electric vehicle chargers,2026-07-01,66.6,"Rate per 100,000 population","Rate per 100,000 population",,,,
E07000064,Rother,Local Authority District,Public electric vehicle chargers,2026-04-01,63.5,"Rate per 100,000 population","Rate per 100,000 population",,,,
E07000064,Rother,Local Authority District,Public electric vehicle chargers,2026-01-01,54.1,"Rate per 100,000 population","Rate per 100,000 population",,,,
E07000065,Wealden,Local Authority District,Public electric vehicle chargers,2026-01-01,115.6,"Rate per 100,000 population","Rate per 100,000 population",,,,
E07000065,Wealden,Local Authority District,Public electric vehicle chargers,2026-04-01,110.8,"Rate per 100,000 population","Rate per 100,000 population",,,,
E07000065,Wealden,Local Authority District,Public electric vehicle chargers,2026-07-01,115.0,"Rate per 100,000 population","Rate per 100,000 population",,,,
E10000014,Hampshire,County or Unitary Authority,Public electric vehicle chargers,2026-01-01,127.1,"Rate per 100,000 population","Rate per 100,000 population",,,,This data has been aggregated and may show differences to other published figures.
E10000014,Hampshire,County or Unitary Authority,Public electric vehicle chargers,2026-04-01,124.7,"Rate per 100,000 population","Rate per 100,000 population",,,,This data has been aggregated and may show differences to other published figures.
E10000014,Hampshire,County or Unitary Authority,Public electric vehicle chargers,2026-07-01,133.8,"Rate per 100,000 population","Rate per 100,000 population",,,,This data has been aggregated and may show differences to other published figures.
E07000084,Basingstoke and Deane,Local Authority District,Public electric vehicle chargers,2026-04-01,137.7,"Rate per 100,000 population","Rate per 100,000 population",,,,
E07000084,Basingstoke and Deane,Local Authority District,Public electric vehicle chargers,2026-07-01,141.4,"Rate per 100,000 population","Rate per 100,000 population",,,,
E07000084,Basingstoke and Deane,Local Authority District,Public electric vehicle chargers,2026-01-01,139.3,"Rate per 100,000 population","Rate per 100,000 population",,,,
E07000085,East Hampshire,Local Authority District,Public electric vehicle chargers,2026-01-01,68.5,"Rate per 100,000 population","Rate per 100,000 population",,,,
E07000085,East Hampshire,Local Authority District,Public electric vehicle chargers,2026-04-01,80.0,"Rate per 100,000 population","Rate per 100,000 population",,,,
E07000085,East Hampshire,Local Authority District,Public electric vehicle chargers,2026-07-01,83.9,"Rate per 100,000 population","Rate per 100,000 population",,,,
E07000086,Eastleigh,Local Authority District,Public electric vehicle chargers,2026-01-01,113.3,"Rate per 100,000 population","Rate per 100,000 population",,,,
E07000086,Eastleigh,Local Authority District,Public electric vehicle chargers,2026-04-01,111.9,"Rate per 100,000 population","Rate per 100,000 population",,,,
E07000086,Eastleigh,Local Authority District,Public electric vehicle chargers,2026-07-01,116.8,"Rate per 100,000 population","Rate per 100,000 population",,,,
E07000087,Fareham,Local Authority District,Public electric vehicle chargers,2026-07-01,61.5,"Rate per 100,000 population","Rate per 100,000 population",,,,
E07000087,Fareham,Local Authority District,Public electric vehicle chargers,2026-04-01,60.6,"Rate per 100,000 population","Rate per 100,000 population",,,,
E07000087,Fareham,Local Authority District,Public electric vehicle chargers,2026-01-01,60.6,"Rate per 100,000 population","Rate per 100,000 population",,,,
E07000088,Gosport,Local Authority District,Public electric vehicle chargers,2026-01-01,108.5,"Rate per 100,000 population","Rate per 100,000 population",,,,
E07000088,Gosport,Local Authority District,Public electric vehicle chargers,2026-04-01,98.9,"Rate per 100,000 population","Rate per 100,000 population",,,,
E07000088,Gosport,Local Authority District,Public electric vehicle chargers,2026-07-01,100.1,"Rate per 100,000 population","Rate per 100,000 population",,,,
E07000089,Hart,Local Authority District,Public electric vehicle chargers,2026-01-01,193.9,"Rate per 100,000 population","Rate per 100,000 population",,,,
E07000089,Hart,Local Authority District,Public electric vehicle chargers,2026-04-01,156.1,"Rate per 100,000 population","Rate per 100,000 population",,,,
E07000089,Hart,Local Authority District,Public electric vehicle chargers,2026-07-01,210.3,"Rate per 100,000 population","Rate per 100,000 population",,,,
E07000090,Havant,Local Authority District,Public electric vehicle chargers,2026-04-01,64.6,"Rate per 100,000 population","Rate per 100,000 population",,,,
E07000090,Havant,Local Authority District,Public electric vehicle chargers,2026-07-01,72.4,"Rate per 100,000 population","Rate per 100,000 population",,,,
E07000090,Havant,Local Authority District,Public electric vehicle chargers,2026-01-01,62.2,"Rate per 100,000 population","Rate per 100,000 population",,,,
E07000091,New Forest,Local Authority District,Public electric vehicle chargers,2026-07-01,176.6,"Rate per 100,000 population","Rate per 100,000 population",,,,
E07000091,New Forest,Local Authority District,Public electric vehicle chargers,2026-04-01,160.7,"Rate per 100,000 population","Rate per 100,000 population",,,,
E07000091,New Forest,Local Authority District,Public electric vehicle chargers,2026-01-01,160.1,"Rate per 100,000 population","Rate per 100,000 population",,,,
E07000092,Rushmoor,Local Authority District,Public electric vehicle chargers,2026-01-01,157.0,"Rate per 100,000 population","Rate per 100,000 population",,,,
E07000092,Rushmoor,Local Authority District,Public electric vehicle chargers,2026-04-01,158.9,"Rate per 100,000 population","Rate per 100,000 population",,,,
E07000092,Rushmoor,Local Authority District,Public electric vehicle chargers,2026-07-01,156.0,"Rate per 100,000 population","Rate per 100,000 population",,,,
E07000093,Test Valley,Local Authority District,Public electric vehicle chargers,2026-01-01,110.2,"Rate per 100,000 population","Rate per 100,000 population",,,,
E07000093,Test Valley,Local Authority District,Public electric vehicle chargers,2026-04-01,113.9,"Rate per 100,000 population","Rate per 100,000 population",,,,
E07000093,Test Valley,Local Authority District,Public electric vehicle chargers,2026-07-01,118.3,"Rate per 100,000 population","Rate per 100,000 population",,,,
E07000094,Winchester,Local Authority District,Public electric vehicle chargers,2026-07-01,213.1,"Rate per 100,000 population","Rate per 100,000 population",,,,
E07000094,Winchester,Local Authority District,Public electric vehicle chargers,2026-04-01,202.0,"Rate per 100,000 population","Rate per 100,000 population",,,,
E07000094,Winchester,Local Authority District,Public electric vehicle chargers,2026-01-01,208.7,"Rate per 100,000 population","Rate per 100,000 population",,,,
E10000016,Kent,County or Unitary Authority,Public electric vehicle chargers,2026-01-01,121.4,"Rate per 100,000 population","Rate per 100,000 population",,,,This data has been aggregated and may show differences to other published figures.
E10000016,Kent,County or Unitary Authority,Public electric vehicle chargers,2026-04-01,125.1,"Rate per 100,000 population","Rate per 100,000 population",,,,This data has been aggregated and may show differences to other published figures.
E10000016,Kent,County or Unitary Authority,Public electric vehicle chargers,2026-07-01,127.5,"Rate per 100,000 population","Rate per 100,000 population",,,,This data has been aggregated and may show differences to other published figures.
E07000105,Ashford,Local Authority District,Public electric vehicle chargers,2026-01-01,144.7,"Rate per 100,000 population","Rate per 100,000 population",,,,
E07000105,Ashford,Local Authority District,Public electric vehicle chargers,2026-04-01,150.4,"Rate per 100,000 population","Rate per 100,000 population",,,,
E07000105,Ashford,Local Authority District,Public electric vehicle chargers,2026-07-01,144.7,"Rate per 100,000 population","Rate per 100,000 population",,,,
E07000106,Canterbury,Local Authority District,Public electric vehicle chargers,2026-04-01,141.9,"Rate per 100,000 population","Rate per 100,000 population",,,,
E07000106,Canterbury,Local Authority District,Public electric vehicle chargers,2026-07-01,162.2,"Rate per 100,000 population","Rate per 100,000 population",,,,
E07000106,Canterbury,Local Authority District,Public electric vehicle chargers,2026-01-01,135.1,"Rate per 100,000 population","Rate per 100,000 population",,,,
E07000107,Dartford,Local Authority District,Public electric vehicle chargers,2026-01-01,178.4,"Rate per 100,000 population","Rate per 100,000 population",,,,
E07000107,Dartford,Local Authority District,Public electric vehicle chargers,2026-04-01,176.0,"Rate per 100,000 population","Rate per 100,000 population",,,,
E07000107,Dartford,Local Authority District,Public electric vehicle chargers,2026-07-01,194.4,"Rate per 100,000 population","Rate per 100,000 population",,,,
E07000108,Dover,Local Authority District,Public electric vehicle chargers,2026-01-01,130.3,"Rate per 100,000 population","Rate per 100,000 population",,,,
E07000108,Dover,Local Authority District,Public electric vehicle chargers,2026-04-01,136.9,"Rate per 100,000 population","Rate per 100,000 population",,,,
E07000108,Dover,Local Authority District,Public electric vehicle chargers,2026-07-01,136.9,"Rate per 100,000 population","Rate per 100,000 population",,,,
E07000112,Folkestone and Hythe,Local Authority District,Public electric vehicle chargers,2026-07-01,210.8,"Rate per 100,000 population","Rate per 100,000 population",,,,
E07000112,Folkestone and Hythe,Local Authority District,Public electric vehicle chargers,2026-04-01,202.8,"Rate per 100,000 population","Rate per 100,000 population",,,,
E07000112,Folkestone and Hythe,Local Authority District,Public electric vehicle chargers,2026-01-01,197.5,"Rate per 100,000 population","Rate per 100,000 population",,,,
E07000109,Gravesham,Local Authority District,Public electric vehicle chargers,2026-01-01,82.2,"Rate per 100,000 population","Rate per 100,000 population",,,,
E07000109,Gravesham,Local Authority District,Public electric vehicle chargers,2026-04-01,81.3,"Rate per 100,000 population","Rate per 100,000 population",,,,
E07000109,Gravesham,Local Authority District,Public electric vehicle chargers,2026-07-01,77.7,"Rate per 100,000 population","Rate per 100,000 population",,,,
E07000110,Maidstone,Local Authority District,Public electric vehicle chargers,2026-01-01,80.4,"Rate per 100,000 population","Rate per 100,000 population",,,,
E07000110,Maidstone,Local Authority District,Public electric vehicle chargers,2026-04-01,82.5,"Rate per 100,000 population","Rate per 100,000 population",,,,
E07000110,Maidstone,Local Authority District,Public electric vehicle chargers,2026-07-01,83.1,"Rate per 100,000 population","Rate per 100,000 population",,,,
E07000111,Sevenoaks,Local Authority District,Public electric vehicle chargers,2026-04-01,93.7,"Rate per 100,000 population","Rate per 100,000 population",,,,
E07000111,Sevenoaks,Local Authority District,Public electric vehicle chargers,2026-07-01,95.3,"Rate per 100,000 population","Rate per 100,000 population",,,,
E07000111,Sevenoaks,Local Authority District,Public electric vehicle chargers,2026-01-01,96.9,"Rate per 100,000 population","Rate per 100,000 population",,,,
E07000113,Swale,Local Authority District,Public electric vehicle chargers,2026-07-01,106.7,"Rate per 100,000 population","Rate per 100,000 population",,,,
E07000113,Swale,Local Authority District,Public electric vehicle chargers,2026-04-01,106.1,"Rate per 100,000 population","Rate per 100,000 population",,,,
E07000113,Swale,Local Authority District,Public electric vehicle chargers,2026-01-01,109.9,"Rate per 100,000 population","Rate per 100,000 population",,,,
E07000114,Thanet,Local Authority District,Public electric vehicle chargers,2026-01-01,73.6,"Rate per 100,000 population","Rate per 100,000 population",,,,
E07000114,Thanet,Local Authority District,Public electric vehicle chargers,2026-04-01,82.0,"Rate per 100,000 population","Rate per 100,000 population",,,,
E07000114,Thanet,Local Authority District,Public electric vehicle chargers,2026-07-01,98.1,"Rate per 100,000 population","Rate per 100,000 population",,,,
E07000115,Tonbridge and Malling,Local Authority District,Public electric vehicle chargers,2026-01-01,150.5,"Rate per 100,000 population","Rate per 100,000 population",,,,
E07000115,Tonbridge and Malling,Local Authority District,Public electric vehicle chargers,2026-04-01,158.6,"Rate per 100,000 population","Rate per 100,000 population",,,,
E07000115,Tonbridge and Malling,Local Authority District,Public electric vehicle chargers,2026-07-01,127.9,"Rate per 100,000 population","Rate per 100,000 population",,,,
E07000116,Tunbridge Wells,Local Authority District,Public electric vehicle chargers,2026-07-01,112.8,"Rate per 100,000 population","Rate per 100,000 population",,,,
E07000116,Tunbridge Wells,Local Authority District,Public electric vehicle chargers,2026-04-01,112.8,"Rate per 100,000 population","Rate per 100,000 population",,,,
E07000116,Tunbridge Wells,Local Authority District,Public electric vehicle chargers,2026-01-01,100.3,"Rate per 100,000 population","Rate per 100,000 population",,,,
E10000025,Oxfordshire,County or Unitary Authority,Public electric vehicle chargers,2026-01-01,181.5,"Rate per 100,000 population","Rate per 100,000 population",,,,This data has been aggregated and may show differences to other published figures.
E10000025,Oxfordshire,County or Unitary Authority,Public electric vehicle chargers,2026-04-01,178.7,"Rate per 100,000 population","Rate per 100,000 population",,,,This data has been aggregated and may show differences to other published figures.
E10000025,Oxfordshire,County or Unitary Authority,Public electric vehicle chargers,2026-07-01,175.4,"Rate per 100,000 population","Rate per 100,000 population",,,,This data has been aggregated and may show differences to other published figures.
E07000177,Cherwell,Local Authority District,Public electric vehicle chargers,2026-01-01,207.1,"Rate per 100,000 population","Rate per 100,000 population",,,,
E07000177,Cherwell,Local Authority District,Public electric vehicle chargers,2026-04-01,206.5,"Rate per 100,000 population","Rate per 100,000 population",,,,
E07000177,Cherwell,Local Authority District,Public electric vehicle chargers,2026-07-01,203.6,"Rate per 100,000 population","Rate per 100,000 population",,,,
E07000178,Oxford,Local Authority District,Public electric vehicle chargers,2026-07-01,167.4,"Rate per 100,000 population","Rate per 100,000 population",,,,
E07000178,Oxford,Local Authority District,Public electric vehicle chargers,2026-04-01,168.0,"Rate per 100,000 population","Rate per 100,000 population",,,,
E07000178,Oxford,Local Authority District,Public electric vehicle chargers,2026-01-01,169.8,"Rate per 100,000 population","Rate per 100,000 population",,,,
E07000179,South Oxfordshire,Local Authority District,Public electric vehicle chargers,2026-01-01,118.9,"Rate per 100,000 population","Rate per 100,000 population",,,,
E07000179,South Oxfordshire,Local Authority District,Public electric vehicle chargers,2026-04-01,124.6,"Rate per 100,000 population","Rate per 100,000 population",,,,
E07000179,South Oxfordshire,Local Authority District,Public electric vehicle chargers,2026-07-01,120.8,"Rate per 100,000 population","Rate per 100,000 population",,,,
E07000180,Vale of White Horse,Local Authority District,Public electric vehicle chargers,2026-01-01,210.9,"Rate per 100,000 population","Rate per 100,000 population",,,,
E07000180,Vale of White Horse,Local Authority District,Public electric vehicle chargers,2026-04-01,201.5,"Rate per 100,000 population","Rate per 100,000 population",,,,
E07000180,Vale of White Horse,Local Authority District,Public electric vehicle chargers,2026-07-01,193.5,"Rate per 100,000 population","Rate per 100,000 population",,,,
E07000181,West Oxfordshire,Local Authority District,Public electric vehicle chargers,2026-07-01,195.1,"Rate per 100,000 population","Rate per 100,000 population",,,,
E07000181,West Oxfordshire,Local Authority District,Public electric vehicle chargers,2026-04-01,196.0,"Rate per 100,000 population","Rate per 100,000 population",,,,
E07000181,West Oxfordshire,Local Authority District,Public electric vehicle chargers,2026-01-01,205.9,"Rate per 100,000 population","Rate per 100,000 population",,,,
E10000030,Surrey,County or Unitary Authority,Public electric vehicle chargers,2026-01-01,149.9,"Rate per 100,000 population","Rate per 100,000 population",,,,This data has been aggregated and may show differences to other published figures.
E10000030,Surrey,County or Unitary Authority,Public electric vehicle chargers,2026-04-01,155.6,"Rate per 100,000 population","Rate per 100,000 population",,,,This data has been aggregated and may show differences to other published figures.
E10000030,Surrey,County or Unitary Authority,Public electric vehicle chargers,2026-07-01,184.8,"Rate per 100,000 population","Rate per 100,000 population",,,,This data has been aggregated and may show differences to other published figures.
E07000207,Elmbridge,Local Authority District,Public electric vehicle chargers,2026-01-01,155.7,"Rate per 100,000 population","Rate per 100,000 population",,,,
E07000207,Elmbridge,Local Authority District,Public electric vehicle chargers,2026-04-01,137.4,"Rate per 100,000 population","Rate per 100,000 population",,,,
E07000207,Elmbridge,Local Authority District,Public electric vehicle chargers,2026-07-01,181.1,"Rate per 100,000 population","Rate per 100,000 population",,,,
E07000208,Epsom and Ewell,Local Authority District,Public electric vehicle chargers,2026-07-01,130.9,"Rate per 100,000 population","Rate per 100,000 population",,,,
E07000208,Epsom and Ewell,Local Authority District,Public electric vehicle chargers,2026-04-01,110.5,"Rate per 100,000 population","Rate per 100,000 population",,,,
E07000208,Epsom and Ewell,Local Authority District,Public electric vehicle chargers,2026-01-01,110.5,"Rate per 100,000 population","Rate per 100,000 population",,,,
E07000209,Guildford,Local Authority District,Public electric vehicle chargers,2026-01-01,136.8,"Rate per 100,000 population","Rate per 100,000 population",,,,
E07000209,Guildford,Local Authority District,Public electric vehicle chargers,2026-04-01,166.5,"Rate per 100,000 population","Rate per 100,000 population",,,,
E07000209,Guildford,Local Authority District,Public electric vehicle chargers,2026-07-01,182.3,"Rate per 100,000 population","Rate per 100,000 population",,,,
E07000210,Mole Valley,Local Authority District,Public electric vehicle chargers,2026-01-01,289.7,"Rate per 100,000 population","Rate per 100,000 population",,,,
E07000210,Mole Valley,Local Authority District,Public electric vehicle chargers,2026-04-01,288.6,"Rate per 100,000 population","Rate per 100,000 population",,,,
E07000210,Mole Valley,Local Authority District,Public electric vehicle chargers,2026-07-01,286.3,"Rate per 100,000 population","Rate per 100,000 population",,,,
E07000211,Reigate and Banstead,Local Authority District,Public electric vehicle chargers,2026-07-01,123.2,"Rate per 100,000 population","Rate per 100,000 population",,,,
E07000211,Reigate and Banstead,Local Authority District,Public electric vehicle chargers,2026-04-01,82.3,"Rate per 100,000 population","Rate per 100,000 population",,,,
E07000211,Reigate and Banstead,Local Authority District,Public electric vehicle chargers,2026-01-01,82.3,"Rate per 100,000 population","Rate per 100,000 population",,,,
E07000212,Runnymede,Local Authority District,Public electric vehicle chargers,2026-01-01,194.3,"Rate per 100,000 population","Rate per 100,000 population",,,,
E07000212,Runnymede,Local Authority District,Public electric vehicle chargers,2026-04-01,206.3,"Rate per 100,000 population","Rate per 100,000 population",,,,
E07000212,Runnymede,Local Authority District,Public electric vehicle chargers,2026-07-01,246.4,"Rate per 100,000 population","Rate per 100,000 population",,,,
E07000213,Spelthorne,Local Authority District,Public electric vehicle chargers,2026-01-01,124.2,"Rate per 100,000 population","Rate per 100,000 population",,,,
E07000213,Spelthorne,Local Authority District,Public electric vehicle chargers,2026-04-01,129.8,"Rate per 100,000 population","Rate per 100,000 population",,,,
E07000213,Spelthorne,Local Authority District,Public electric vehicle chargers,2026-07-01,159.7,"Rate per 100,000 population","Rate per 100,000 population",,,,
E07000214,Surrey Heath,Local Authority District,Public electric vehicle chargers,2026-07-01,207.4,"Rate per 100,000 population","Rate per 100,000 population",,,,
E07000214,Surrey Heath,Local Authority District,Public electric vehicle chargers,2026-04-01,169.3,"Rate per 100,000 population","Rate per 100,000 population",,,,
E07000214,Surrey Heath,Local Authority District,Public electric vehicle chargers,2026-01-01,159.8,"Rate per 100,000 population","Rate per 100,000 population",,,,
E07000215,Tandridge,Local Authority District,Public electric vehicle chargers,2026-01-01,98.2,"Rate per 100,000 population","Rate per 100,000 population",,,,
E07000215,Tandridge,Local Authority District,Public electric vehicle chargers,2026-04-01,108.2,"Rate per 100,000 population","Rate per 100,000 population",,,,
E07000215,Tandridge,Local Authority District,Public electric vehicle chargers,2026-07-01,138.0,"Rate per 100,000 population","Rate per 100,000 population",,,,
E07000216,Waverley,Local Authority District,Public electric vehicle chargers,2026-01-01,109.5,"Rate per 100,000 population","Rate per 100,000 population",,,,
E07000216,Waverley,Local Authority District,Public electric vehicle chargers,2026-04-01,120.6,"Rate per 100,000 population","Rate per 100,000 population",,,,
E07000216,Waverley,Local Authority District,Public electric vehicle chargers,2026-07-01,154.9,"Rate per 100,000 population","Rate per 100,000 population",,,,
E07000217,Woking,Local Authority District,Public electric vehicle chargers,2026-07-01,273.5,"Rate per 100,000 population","Rate per 100,000 population",,,,
E07000217,Woking,Local Authority District,Public electric vehicle chargers,2026-04-01,253.6,"Rate per 100,000 population","Rate per 100,000 population",,,,
E07000217,Woking,Local Authority District,Public electric vehicle chargers,2026-01-01,250.8,"Rate per 100,000 population","Rate per 100,000 population",,,,
E10000032,West Sussex,County or Unitary Authority,Public electric vehicle chargers,2026-01-01,180.0,"Rate per 100,000 population","Rate per 100,000 population",,,,This data has been aggregated and may show differences to other published figures.
E10000032,West Sussex,County or Unitary Authority,Public electric vehicle chargers,2026-04-01,192.6,"Rate per 100,000 population","Rate per 100,000 population",,,,This data has been aggregated and may show differences to other published figures.
E10000032,West Sussex,County or Unitary Authority,Public electric vehicle chargers,2026-07-01,192.6,"Rate per 100,000 population","Rate per 100,000 population",,,,This data has been aggregated and may show differences to other published figures.
E07000223,Adur,Local Authority District,Public electric vehicle chargers,2026-01-01,158.7,"Rate per 100,000 population","Rate per 100,000 population",,,,
E07000223,Adur,Local Authority District,Public electric vehicle chargers,2026-04-01,172.6,"Rate per 100,000 population","Rate per 100,000 population",,,,
E07000223,Adur,Local Authority District,Public electric vehicle chargers,2026-07-01,168.0,"Rate per 100,000 population","Rate per 100,000 population",,,,
E07000224,Arun,Local Authority District,Public electric vehicle chargers,2026-04-01,163.5,"Rate per 100,000 population","Rate per 100,000 population",,,,
E07000224,Arun,Local Authority District,Public electric vehicle chargers,2026-07-01,166.4,"Rate per 100,000 population","Rate per 100,000 population",,,,
E07000224,Arun,Local Authority District,Public electric vehicle chargers,2026-01-01,160.5,"Rate per 100,000 population","Rate per 100,000 population",,,,
E07000225,Chichester,Local Authority District,Public electric vehicle chargers,2026-04-01,182.3,"Rate per 100,000 population","Rate per 100,000 population",,,,
E07000225,Chichester,Local Authority District,Public electric vehicle chargers,2026-07-01,173.0,"Rate per 100,000 population","Rate per 100,000 population",,,,
E07000225,Chichester,Local Authority District,Public electric vehicle chargers,2026-01-01,148.9,"Rate per 100,000 population","Rate per 100,000 population",,,,
E07000226,Crawley,Local Authority District,Public electric vehicle chargers,2026-04-01,240.3,"Rate per 100,000 population","Rate per 100,000 population",,,,
E07000226,Crawley,Local Authority District,Public electric vehicle chargers,2026-07-01,223.4,"Rate per 100,000 population","Rate per 100,000 population",,,,
E07000226,Crawley,Local Authority District,Public electric vehicle chargers,2026-01-01,225.0,"Rate per 100,000 population","Rate per 100,000 population",,,,
E07000227,Horsham,Local Authority District,Public electric vehicle chargers,2026-01-01,178.2,"Rate per 100,000 population","Rate per 100,000 population",,,,
E07000227,Horsham,Local Authority District,Public electric vehicle chargers,2026-04-01,190.7,"Rate per 100,000 population","Rate per 100,000 population",,,,
E07000227,Horsham,Local Authority District,Public electric vehicle chargers,2026-07-01,195.4,"Rate per 100,000 population","Rate per 100,000 population",,,,
E07000228,Mid Sussex,Local Authority District,Public electric vehicle chargers,2026-01-01,170.6,"Rate per 100,000 population","Rate per 100,000 population",,,,
E07000228,Mid Sussex,Local Authority District,Public electric vehicle chargers,2026-04-01,171.2,"Rate per 100,000 population","Rate per 100,000 population",,,,
E07000228,Mid Sussex,Local Authority District,Public electric vehicle chargers,2026-07-01,175.6,"Rate per 100,000 population","Rate per 100,000 population",,,,
E07000229,Worthing,Local Authority District,Public electric vehicle chargers,2026-07-01,254.7,"Rate per 100,000 population","Rate per 100,000 population",,,,
E07000229,Worthing,Local Authority District,Public electric vehicle chargers,2026-04-01,239.8,"Rate per 100,000 population","Rate per 100,000 population",,,,
E07000229,Worthing,Local Authority District,Public electric vehicle chargers,2026-01-01,223.1,"Rate per 100,000 population","Rate per 100,000 population",,,,
E12000009,South West,Region,Public electric vehicle chargers,2026-01-01,148.0,"Rate per 100,000 population","Rate per 100,000 population",,,,This data has been aggregated and may show differences to other published figures.
E12000009,South West,Region,Public electric vehicle chargers,2026-04-01,153.9,"Rate per 100,000 population","Rate per 100,000 population",,,,This data has been aggregated and may show differences to other published figures.
E12000009,South West,Region,Public electric vehicle chargers,2026-07-01,156.7,"Rate per 100,000 population","Rate per 100,000 population",,,,This data has been aggregated and may show differences to other published figures.
E47000009,West of England,Combined Authority or City Region,Public electric vehicle chargers,2026-01-01,98.1,"Rate per 100,000 population","Rate per 100,000 population",,,,This data has been aggregated and may show differences to other published figures.
E47000009,West of England,Combined Authority or City Region,Public electric vehicle chargers,2026-04-01,108.1,"Rate per 100,000 population","Rate per 100,000 population",,,,This data has been aggregated and may show differences to other published figures.
E47000009,West of England,Combined Authority or City Region,Public electric vehicle chargers,2026-07-01,116.1,"Rate per 100,000 population","Rate per 100,000 population",,,,This data has been aggregated and may show differences to other published figures.
E47000015,Devon and Torbay,Combined Authority or City Region,Public electric vehicle chargers,2026-04-01,164.4,"Rate per 100,000 population","Rate per 100,000 population",,,,This data has been aggregated and may show differences to other published figures.
E47000015,Devon and Torbay,Combined Authority or City Region,Public electric vehicle chargers,2026-07-01,164.5,"Rate per 100,000 population","Rate per 100,000 population",,,,This data has been aggregated and may show differences to other published figures.
E47000015,Devon and Torbay,Combined Authority or City Region,Public electric vehicle chargers,2026-01-01,160.0,"Rate per 100,000 population","Rate per 100,000 population",,,,This data has been aggregated and may show differences to other published figures.
E06000022,Bath and North East Somerset,County or Unitary Authority,Public electric vehicle chargers,2026-01-01,87.5,"Rate per 100,000 population","Rate per 100,000 population",,,,
E06000022,Bath and North East Somerset,County or Unitary Authority,Public electric vehicle chargers,2026-04-01,90.0,"Rate per 100,000 population","Rate per 100,000 population",,,,
E06000022,Bath and North East Somerset,County or Unitary Authority,Public electric vehicle chargers,2026-07-01,89.5,"Rate per 100,000 population","Rate per 100,000 population",,,,
E06000058,"Bournemouth, Christchurch and Poole",County or Unitary Authority,Public electric vehicle chargers,2026-01-01,96.6,"Rate per 100,000 population","Rate per 100,000 population",,,,
E06000058,"Bournemouth, Christchurch and Poole",County or Unitary Authority,Public electric vehicle chargers,2026-04-01,108.8,"Rate per 100,000 population","Rate per 100,000 population",,,,
E06000058,"Bournemouth, Christchurch and Poole",County or Unitary Authority,Public electric vehicle chargers,2026-07-01,112.0,"Rate per 100,000 population","Rate per 100,000 population",,,,
E06000023,"Bristol, City of",County or Unitary Authority,Public electric vehicle chargers,2026-07-01,98.7,"Rate per 100,000 population","Rate per 100,000 population",,,,
E06000023,"Bristol, City of",County or Unitary Authority,Public electric vehicle chargers,2026-04-01,83.5,"Rate per 100,000 population","Rate per 100,000 population",,,,
E06000023,"Bristol, City of",County or Unitary Authority,Public electric vehicle chargers,2026-01-01,62.7,"Rate per 100,000 population","Rate per 100,000 population",,,,
E06000052,Cornwall,County or Unitary Authority,Public electric vehicle chargers,2026-01-01,223.7,"Rate per 100,000 population","Rate per 100,000 population",,,,
E06000052,Cornwall,County or Unitary Authority,Public electric vehicle chargers,2026-04-01,228.2,"Rate per 100,000 population","Rate per 100,000 population",,,,
E06000052,Cornwall,County or Unitary Authority,Public electric vehicle chargers,2026-07-01,235.2,"Rate per 100,000 population","Rate per 100,000 population",,,,
E06000059,Dorset,County or Unitary Authority,Public electric vehicle chargers,2026-01-01,186.9,"Rate per 100,000 population","Rate per 100,000 population",,,,
E06000059,Dorset,County or Unitary Authority,Public electric vehicle chargers,2026-04-01,189.8,"Rate per 100,000 population","Rate per 100,000 population",,,,
E06000059,Dorset,County or Unitary Authority,Public electric vehicle chargers,2026-07-01,196.4,"Rate per 100,000 population","Rate per 100,000 population",,,,
E06000053,Isles of Scilly,County or Unitary Authority,Public electric vehicle chargers,2026-04-01,676.2,"Rate per 100,000 population","Rate per 100,000 population",,,,
E06000053,Isles of Scilly,County or Unitary Authority,Public electric vehicle chargers,2026-07-01,676.2,"Rate per 100,000 population","Rate per 100,000 population",,,,
E06000053,Isles of Scilly,County or Unitary Authority,Public electric vehicle chargers,2026-01-01,676.2,"Rate per 100,000 population","Rate per 100,000 population",,,,
E06000024,North Somerset,County or Unitary Authority,Public electric vehicle chargers,2026-07-01,107.3,"Rate per 100,000 population","Rate per 100,000 population",,,,
E06000024,North Somerset,County or Unitary Authority,Public electric vehicle chargers,2026-04-01,96.6,"Rate per 100,000 population","Rate per 100,000 population",,,,
E06000024,North Somerset,County or Unitary Authority,Public electric vehicle chargers,2026-01-01,107.3,"Rate per 100,000 population","Rate per 100,000 population",,,,
E06000026,Plymouth,County or Unitary Authority,Public electric vehicle chargers,2026-01-01,160.3,"Rate per 100,000 population","Rate per 100,000 population",,,,
E06000026,Plymouth,County or Unitary Authority,Public electric vehicle chargers,2026-04-01,160.6,"Rate per 100,000 population","Rate per 100,000 population",,,,
E06000026,Plymouth,County or Unitary Authority,Public electric vehicle chargers,2026-07-01,161.7,"Rate per 100,000 population","Rate per 100,000 population",,,,
E06000066,Somerset,County or Unitary Authority,Public electric vehicle chargers,2026-01-01,139.9,"Rate per 100,000 population","Rate per 100,000 population",,,,
E06000066,Somerset,County or Unitary Authority,Public electric vehicle chargers,2026-04-01,141.4,"Rate per 100,000 population","Rate per 100,000 population",,,,
E06000066,Somerset,County or Unitary Authority,Public electric vehicle chargers,2026-07-01,136.7,"Rate per 100,000 population","Rate per 100,000 population",,,,
E06000025,South Gloucestershire,County or Unitary Authority,Public electric vehicle chargers,2026-07-01,161.6,"Rate per 100,000 population","Rate per 100,000 population",,,,
E06000025,South Gloucestershire,County or Unitary Authority,Public electric vehicle chargers,2026-04-01,159.6,"Rate per 100,000 population","Rate per 100,000 population",,,,
E06000025,South Gloucestershire,County or Unitary Authority,Public electric vehicle chargers,2026-01-01,162.2,"Rate per 100,000 population","Rate per 100,000 population",,,,
E06000030,Swindon,County or Unitary Authority,Public electric vehicle chargers,2026-01-01,121.4,"Rate per 100,000 population","Rate per 100,000 population",,,,
E06000030,Swindon,County or Unitary Authority,Public electric vehicle chargers,2026-04-01,121.0,"Rate per 100,000 population","Rate per 100,000 population",,,,
E06000030,Swindon,County or Unitary Authority,Public electric vehicle chargers,2026-07-01,137.8,"Rate per 100,000 population","Rate per 100,000 population",,,,
E06000027,Torbay,County or Unitary Authority,Public electric vehicle chargers,2026-01-01,99.9,"Rate per 100,000 population","Rate per 100,000 population",,,,
E06000027,Torbay,County or Unitary Authority,Public electric vehicle chargers,2026-04-01,98.5,"Rate per 100,000 population","Rate per 100,000 population",,,,
E06000027,Torbay,County or Unitary Authority,Public electric vehicle chargers,2026-07-01,97.1,"Rate per 100,000 population","Rate per 100,000 population",,,,
E06000054,Wiltshire,County or Unitary Authority,Public electric vehicle chargers,2026-04-01,136.1,"Rate per 100,000 population","Rate per 100,000 population",,,,
E06000054,Wiltshire,County or Unitary Authority,Public electric vehicle chargers,2026-07-01,117.4,"Rate per 100,000 population","Rate per 100,000 population",,,,
E06000054,Wiltshire,County or Unitary Authority,Public electric vehicle chargers,2026-01-01,116.7,"Rate per 100,000 population","Rate per 100,000 population",,,,
E10000008,Devon,County or Unitary Authority,Public electric vehicle chargers,2026-01-01,170.0,"Rate per 100,000 population","Rate per 100,000 population",,,,This data has been aggregated and may show differences to other published figures.
E10000008,Devon,County or Unitary Authority,Public electric vehicle chargers,2026-04-01,175.4,"Rate per 100,000 population","Rate per 100,000 population",,,,This data has been aggregated and may show differences to other published figures.
E10000008,Devon,County or Unitary Authority,Public electric vehicle chargers,2026-07-01,175.7,"Rate per 100,000 population","Rate per 100,000 population",,,,This data has been aggregated and may show differences to other published figures.
E07000040,East Devon,Local Authority District,Public electric vehicle chargers,2026-01-01,194.0,"Rate per 100,000 population","Rate per 100,000 population",,,,
E07000040,East Devon,Local Authority District,Public electric vehicle chargers,2026-04-01,201.6,"Rate per 100,000 population","Rate per 100,000 population",,,,
E07000040,East Devon,Local Authority District,Public electric vehicle chargers,2026-07-01,199.7,"Rate per 100,000 population","Rate per 100,000 population",,,,
E07000041,Exeter,Local Authority District,Public electric vehicle chargers,2026-07-01,259.4,"Rate per 100,000 population","Rate per 100,000 population",,,,
E07000041,Exeter,Local Authority District,Public electric vehicle chargers,2026-04-01,239.2,"Rate per 100,000 population","Rate per 100,000 population",,,,
E07000041,Exeter,Local Authority District,Public electric vehicle chargers,2026-01-01,233.4,"Rate per 100,000 population","Rate per 100,000 population",,,,
E07000042,Mid Devon,Local Authority District,Public electric vehicle chargers,2026-01-01,92.9,"Rate per 100,000 population","Rate per 100,000 population",,,,
E07000042,Mid Devon,Local Authority District,Public electric vehicle chargers,2026-04-01,89.4,"Rate per 100,000 population","Rate per 100,000 population",,,,
E07000042,Mid Devon,Local Authority District,Public electric vehicle chargers,2026-07-01,90.6,"Rate per 100,000 population","Rate per 100,000 population",,,,
E07000043,North Devon,Local Authority District,Public electric vehicle chargers,2026-01-01,211.4,"Rate per 100,000 population","Rate per 100,000 population",,,,
E07000043,North Devon,Local Authority District,Public electric vehicle chargers,2026-04-01,220.3,"Rate per 100,000 population","Rate per 100,000 population",,,,
E07000043,North Devon,Local Authority District,Public electric vehicle chargers,2026-07-01,207.5,"Rate per 100,000 population","Rate per 100,000 population",,,,
E07000044,South Hams,Local Authority District,Public electric vehicle chargers,2026-04-01,150.8,"Rate per 100,000 population","Rate per 100,000 population",,,,
E07000044,South Hams,Local Authority District,Public electric vehicle chargers,2026-07-01,145.4,"Rate per 100,000 population","Rate per 100,000 population",,,,
E07000044,South Hams,Local Authority District,Public electric vehicle chargers,2026-01-01,146.5,"Rate per 100,000 population","Rate per 100,000 population",,,,
E07000045,Teignbridge,Local Authority District,Public electric vehicle chargers,2026-07-01,147.2,"Rate per 100,000 population","Rate per 100,000 population",,,,
E07000045,Teignbridge,Local Authority District,Public electric vehicle chargers,2026-04-01,150.9,"Rate per 100,000 population","Rate per 100,000 population",,,,
E07000045,Teignbridge,Local Authority District,Public electric vehicle chargers,2026-01-01,145.8,"Rate per 100,000 population","Rate per 100,000 population",,,,
E07000046,Torridge,Local Authority District,Public electric vehicle chargers,2026-01-01,107.4,"Rate per 100,000 population","Rate per 100,000 population",,,,
E07000046,Torridge,Local Authority District,Public electric vehicle chargers,2026-04-01,110.3,"Rate per 100,000 population","Rate per 100,000 population",,,,
E07000046,Torridge,Local Authority District,Public electric vehicle chargers,2026-07-01,107.4,"Rate per 100,000 population","Rate per 100,000 population",,,,
E07000047,West Devon,Local Authority District,Public electric vehicle chargers,2026-01-01,164.6,"Rate per 100,000 population","Rate per 100,000 population",,,,
E07000047,West Devon,Local Authority District,Public electric vehicle chargers,2026-04-01,174.8,"Rate per 100,000 population","Rate per 100,000 population",,,,
E07000047,West Devon,Local Authority District,Public electric vehicle chargers,2026-07-01,178.2,"Rate per 100,000 population","Rate per 100,000 population",,,,
E10000013,Gloucestershire,County or Unitary Authority,Public electric vehicle chargers,2026-07-01,210.0,"Rate per 100,000 population","Rate per 100,000 population",,,,This data has been aggregated and may show differences to other published figures.
E10000013,Gloucestershire,County or Unitary Authority,Public electric vehicle chargers,2026-04-01,200.8,"Rate per 100,000 population","Rate per 100,000 population",,,,This data has been aggregated and may show differences to other published figures.
E10000013,Gloucestershire,County or Unitary Authority,Public electric vehicle chargers,2026-01-01,195.7,"Rate per 100,000 population","Rate per 100,000 population",,,,This data has been aggregated and may show differences to other published figures.
E07000078,Cheltenham,Local Authority District,Public electric vehicle chargers,2026-01-01,235.8,"Rate per 100,000 population","Rate per 100,000 population",,,,
E07000078,Cheltenham,Local Authority District,Public electric vehicle chargers,2026-04-01,239.0,"Rate per 100,000 population","Rate per 100,000 population",,,,
E07000078,Cheltenham,Local Authority District,Public electric vehicle chargers,2026-07-01,271.9,"Rate per 100,000 population","Rate per 100,000 population",,,,
E07000079,Cotswold,Local Authority District,Public electric vehicle chargers,2026-01-01,337.1,"Rate per 100,000 population","Rate per 100,000 population",,,,
E07000079,Cotswold,Local Authority District,Public electric vehicle chargers,2026-04-01,326.2,"Rate per 100,000 population","Rate per 100,000 population",,,,
E07000079,Cotswold,Local Authority District,Public electric vehicle chargers,2026-07-01,309.8,"Rate per 100,000 population","Rate per 100,000 population",,,,
E07000080,Forest of Dean,Local Authority District,Public electric vehicle chargers,2026-04-01,192.8,"Rate per 100,000 population","Rate per 100,000 population",,,,
E07000080,Forest of Dean,Local Authority District,Public electric vehicle chargers,2026-07-01,193.9,"Rate per 100,000 population","Rate per 100,000 population",,,,
E07000080,Forest of Dean,Local Authority District,Public electric vehicle chargers,2026-01-01,188.3,"Rate per 100,000 population","Rate per 100,000 population",,,,
E07000081,Gloucester,Local Authority District,Public electric vehicle chargers,2026-01-01,124.8,"Rate per 100,000 population","Rate per 100,000 population",,,,
E07000081,Gloucester,Local Authority District,Public electric vehicle chargers,2026-04-01,134.2,"Rate per 100,000 population","Rate per 100,000 population",,,,
E07000081,Gloucester,Local Authority District,Public electric vehicle chargers,2026-07-01,149.4,"Rate per 100,000 population","Rate per 100,000 population",,,,
E07000082,Stroud,Local Authority District,Public electric vehicle chargers,2026-01-01,192.6,"Rate per 100,000 population","Rate per 100,000 population",,,,
E07000082,Stroud,Local Authority District,Public electric vehicle chargers,2026-04-01,202.9,"Rate per 100,000 population","Rate per 100,000 population",,,,
E07000082,Stroud,Local Authority District,Public electric vehicle chargers,2026-07-01,198.9,"Rate per 100,000 population","Rate per 100,000 population",,,,
E07000083,Tewkesbury,Local Authority District,Public electric vehicle chargers,2026-07-01,156.9,"Rate per 100,000 population","Rate per 100,000 population",,,,
E07000083,Tewkesbury,Local Authority District,Public electric vehicle chargers,2026-04-01,137.3,"Rate per 100,000 population","Rate per 100,000 population",,,,
E07000083,Tewkesbury,Local Authority District,Public electric vehicle chargers,2026-01-01,127.5,"Rate per 100,000 population","Rate per 100,000 population",,,,
W92000004,Wales,Nation,Public electric vehicle chargers,2026-01-01,177.1,"Rate per 100,000 population","Rate per 100,000 population",,,,This data has been aggregated and may show differences to other published figures.
W92000004,Wales,Nation,Public electric vehicle chargers,2026-04-01,179.3,"Rate per 100,000 population","Rate per 100,000 population",,,,This data has been aggregated and may show differences to other published figures.
W92000004,Wales,Nation,Public electric vehicle chargers,2026-07-01,185.5,"Rate per 100,000 population","Rate per 100,000 population",,,,This data has been aggregated and may show differences to other published figures.
W06000001,Isle of Anglesey,Local Authority District,Public electric vehicle chargers,2026-01-01,251.8,"Rate per 100,000 population","Rate per 100,000 population",,,,
W06000001,Isle of Anglesey,Local Authority District,Public electric vehicle chargers,2026-04-01,259.1,"Rate per 100,000 population","Rate per 100,000 population",,,,
W06000001,Isle of Anglesey,Local Authority District,Public electric vehicle chargers,2026-07-01,244.6,"Rate per 100,000 population","Rate per 100,000 population",,,,
W06000002,Gwynedd,Local Authority District,Public electric vehicle chargers,2026-04-01,393.2,"Rate per 100,000 population","Rate per 100,000 population",,,,
W06000002,Gwynedd,Local Authority District,Public electric vehicle chargers,2026-07-01,389.9,"Rate per 100,000 population","Rate per 100,000 population",,,,
W06000002,Gwynedd,Local Authority District,Public electric vehicle chargers,2026-01-01,393.2,"Rate per 100,000 population","Rate per 100,000 population",,,,
W06000003,Conwy,Local Authority District,Public electric vehicle chargers,2026-07-01,152.3,"Rate per 100,000 population","Rate per 100,000 population",,,,
W06000003,Conwy,Local Authority District,Public electric vehicle chargers,2026-04-01,147.1,"Rate per 100,000 population","Rate per 100,000 population",,,,
W06000003,Conwy,Local Authority District,Public electric vehicle chargers,2026-01-01,143.6,"Rate per 100,000 population","Rate per 100,000 population",,,,
W06000004,Denbighshire,Local Authority District,Public electric vehicle chargers,2026-01-01,183.3,"Rate per 100,000 population","Rate per 100,000 population",,,,
W06000004,Denbighshire,Local Authority District,Public electric vehicle chargers,2026-04-01,181.3,"Rate per 100,000 population","Rate per 100,000 population",,,,
W06000004,Denbighshire,Local Authority District,Public electric vehicle chargers,2026-07-01,179.2,"Rate per 100,000 population","Rate per 100,000 population",,,,
W06000005,Flintshire,Local Authority District,Public electric vehicle chargers,2026-01-01,117.4,"Rate per 100,000 population","Rate per 100,000 population",,,,
W06000005,Flintshire,Local Authority District,Public electric vehicle chargers,2026-04-01,120.0,"Rate per 100,000 population","Rate per 100,000 population",,,,
W06000005,Flintshire,Local Authority District,Public electric vehicle chargers,2026-07-01,118.0,"Rate per 100,000 population","Rate per 100,000 population",,,,
W06000006,Wrexham,Local Authority District,Public electric vehicle chargers,2026-07-01,204.0,"Rate per 100,000 population","Rate per 100,000 population",,,,
W06000006,Wrexham,Local Authority District,Public electric vehicle chargers,2026-04-01,172.2,"Rate per 100,000 population","Rate per 100,000 population",,,,
W06000006,Wrexham,Local Authority District,Public electric vehicle chargers,2026-01-01,161.3,"Rate per 100,000 population","Rate per 100,000 population",,,,
W06000023,Powys,Local Authority District,Public electric vehicle chargers,2026-01-01,273.2,"Rate per 100,000 population","Rate per 100,000 population",,,,
W06000023,Powys,Local Authority District,Public electric vehicle chargers,2026-04-01,276.9,"Rate per 100,000 population","Rate per 100,000 population",,,,
W06000023,Powys,Local Authority District,Public electric vehicle chargers,2026-07-01,270.3,"Rate per 100,000 population","Rate per 100,000 population",,,,
W06000008,Ceredigion,Local Authority District,Public electric vehicle chargers,2026-01-01,343.0,"Rate per 100,000 population","Rate per 100,000 population",,,,
W06000008,Ceredigion,Local Authority District,Public electric vehicle chargers,2026-04-01,308.5,"Rate per 100,000 population","Rate per 100,000 population",,,,
W06000008,Ceredigion,Local Authority District,Public electric vehicle chargers,2026-07-01,305.8,"Rate per 100,000 population","Rate per 100,000 population",,,,
W06000009,Pembrokeshire,Local Authority District,Public electric vehicle chargers,2026-04-01,366.6,"Rate per 100,000 population","Rate per 100,000 population",,,,
W06000009,Pembrokeshire,Local Authority District,Public electric vehicle chargers,2026-07-01,365.0,"Rate per 100,000 population","Rate per 100,000 population",,,,
W06000009,Pembrokeshire,Local Authority District,Public electric vehicle chargers,2026-01-01,366.6,"Rate per 100,000 population","Rate per 100,000 population",,,,
W06000010,Carmarthenshire,Local Authority District,Public electric vehicle chargers,2026-01-01,213.3,"Rate per 100,000 population","Rate per 100,000 population",,,,
W06000010,Carmarthenshire,Local Authority District,Public electric vehicle chargers,2026-04-01,218.6,"Rate per 100,000 population","Rate per 100,000 population",,,,
W06000010,Carmarthenshire,Local Authority District,Public electric vehicle chargers,2026-07-01,215.9,"Rate per 100,000 population","Rate per 100,000 population",,,,
W06000011,Swansea,Local Authority District,Public electric vehicle chargers,2026-01-01,146.8,"Rate per 100,000 population","Rate per 100,000 population",,,,
W06000011,Swansea,Local Authority District,Public electric vehicle chargers,2026-04-01,146.4,"Rate per 100,000 population","Rate per 100,000 population",,,,
W06000011,Swansea,Local Authority District,Public electric vehicle chargers,2026-07-01,154.0,"Rate per 100,000 population","Rate per 100,000 population",,,,
W06000012,Neath Port Talbot,Local Authority District,Public electric vehicle chargers,2026-07-01,73.3,"Rate per 100,000 population","Rate per 100,000 population",,,,
W06000012,Neath Port Talbot,Local Authority District,Public electric vehicle chargers,2026-04-01,42.6,"Rate per 100,000 population","Rate per 100,000 population",,,,
W06000012,Neath Port Talbot,Local Authority District,Public electric vehicle chargers,2026-01-01,57.9,"Rate per 100,000 population","Rate per 100,000 population",,,,
W06000013,Bridgend,Local Authority District,Public electric vehicle chargers,2026-01-01,144.4,"Rate per 100,000 population","Rate per 100,000 population",,,,
W06000013,Bridgend,Local Authority District,Public electric vehicle chargers,2026-04-01,141.7,"Rate per 100,000 population","Rate per 100,000 population",,,,
W06000013,Bridgend,Local Authority District,Public electric vehicle chargers,2026-07-01,145.7,"Rate per 100,000 population","Rate per 100,000 population",,,,
W06000014,Vale of Glamorgan,Local Authority District,Public electric vehicle chargers,2026-01-01,132.6,"Rate per 100,000 population","Rate per 100,000 population",,,,
W06000014,Vale of Glamorgan,Local Authority District,Public electric vehicle chargers,2026-04-01,143.7,"Rate per 100,000 population","Rate per 100,000 population",,,,
W06000014,Vale of Glamorgan,Local Authority District,Public electric vehicle chargers,2026-07-01,138.5,"Rate per 100,000 population","Rate per 100,000 population",,,,
W06000015,Cardiff,Local Authority District,Public electric vehicle chargers,2026-04-01,112.3,"Rate per 100,000 population","Rate per 100,000 population",,,,
W06000015,Cardiff,Local Authority District,Public electric vehicle chargers,2026-07-01,118.3,"Rate per 100,000 population","Rate per 100,000 population",,,,
W06000015,Cardiff,Local Authority District,Public electric vehicle chargers,2026-01-01,116.4,"Rate per 100,000 population","Rate per 100,000 population",,,,
W06000016,Rhondda Cynon Taf,Local Authority District,Public electric vehicle chargers,2026-07-01,121.1,"Rate per 100,000 population","Rate per 100,000 population",,,,
W06000016,Rhondda Cynon Taf,Local Authority District,Public electric vehicle chargers,2026-01-01,120.7,"Rate per 100,000 population","Rate per 100,000 population",,,,
W06000016,Rhondda Cynon Taf,Local Authority District,Public electric vehicle chargers,2026-04-01,118.6,"Rate per 100,000 population","Rate per 100,000 population",,,,
W06000024,Merthyr Tydfil,Local Authority District,Public electric vehicle chargers,2026-01-01,125.5,"Rate per 100,000 population","Rate per 100,000 population",,,,
W06000024,Merthyr Tydfil,Local Authority District,Public electric vehicle chargers,2026-04-01,128.9,"Rate per 100,000 population","Rate per 100,000 population",,,,
W06000024,Merthyr Tydfil,Local Authority District,Public electric vehicle chargers,2026-07-01,139.0,"Rate per 100,000 population","Rate per 100,000 population",,,,
W06000018,Caerphilly,Local Authority District,Public electric vehicle chargers,2026-01-01,94.4,"Rate per 100,000 population","Rate per 100,000 population",,,,
W06000018,Caerphilly,Local Authority District,Public electric vehicle chargers,2026-04-01,96.7,"Rate per 100,000 population","Rate per 100,000 population",,,,
W06000018,Caerphilly,Local Authority District,Public electric vehicle chargers,2026-07-01,108.0,"Rate per 100,000 population","Rate per 100,000 population",,,,
W06000019,Blaenau Gwent,Local Authority District,Public electric vehicle chargers,2026-07-01,228.4,"Rate per 100,000 population","Rate per 100,000 population",,,,
W06000019,Blaenau Gwent,Local Authority District,Public electric vehicle chargers,2026-04-01,215.1,"Rate per 100,000 population","Rate per 100,000 population",,,,
W06000019,Blaenau Gwent,Local Authority District,Public electric vehicle chargers,2026-01-01,212.2,"Rate per 100,000 population","Rate per 100,000 population",,,,
W06000020,Torfaen,Local Authority District,Public electric vehicle chargers,2026-01-01,136.0,"Rate per 100,000 population","Rate per 100,000 population",,,,
W06000020,Torfaen,Local Authority District,Public electric vehicle chargers,2026-04-01,151.9,"Rate per 100,000 population","Rate per 100,000 population",,,,
W06000020,Torfaen,Local Authority District,Public electric vehicle chargers,2026-07-01,155.1,"Rate per 100,000 population","Rate per 100,000 population",,,,
W06000021,Monmouthshire,Local Authority District,Public electric vehicle chargers,2026-01-01,247.6,"Rate per 100,000 population","Rate per 100,000 population",,,,
W06000021,Monmouthshire,Local Authority District,Public electric vehicle chargers,2026-04-01,264.4,"Rate per 100,000 population","Rate per 100,000 population",,,,
W06000021,Monmouthshire,Local Authority District,Public electric vehicle chargers,2026-07-01,283.4,"Rate per 100,000 population","Rate per 100,000 population",,,,
W06000022,Newport,Local Authority District,Public electric vehicle chargers,2026-07-01,303.2,"Rate per 100,000 population","Rate per 100,000 population",,,,
W06000022,Newport,Local Authority District,Public electric vehicle chargers,2026-04-01,280.5,"Rate per 100,000 population","Rate per 100,000 population",,,,
W06000022,Newport,Local Authority District,Public electric vehicle chargers,2026-01-01,253.1,"Rate per 100,000 population","Rate per 100,000 population",,,,
S92000003,Scotland,Nation,Public electric vehicle chargers,2026-01-01,217.5,"Rate per 100,000 population","Rate per 100,000 population",,,,This data has been aggregated and may show differences to other published figures.
S92000003,Scotland,Nation,Public electric vehicle chargers,2026-04-01,228.5,"Rate per 100,000 population","Rate per 100,000 population",,,,This data has been aggregated and may show differences to other published figures.
S92000003,Scotland,Nation,Public electric vehicle chargers,2026-07-01,231.6,"Rate per 100,000 population","Rate per 100,000 population",,,,This data has been aggregated and may show differences to other published figures.
S12000033,Aberdeen City,Local Authority District,Public electric vehicle chargers,2026-01-01,174.7,"Rate per 100,000 population","Rate per 100,000 population",,,,
S12000033,Aberdeen City,Local Authority District,Public electric vehicle chargers,2026-04-01,184.7,"Rate per 100,000 population","Rate per 100,000 population",,,,
S12000033,Aberdeen City,Local Authority District,Public electric vehicle chargers,2026-07-01,192.0,"Rate per 100,000 population","Rate per 100,000 population",,,,
S12000034,Aberdeenshire,Local Authority District,Public electric vehicle chargers,2026-07-01,161.5,"Rate per 100,000 population","Rate per 100,000 population",,,,
S12000034,Aberdeenshire,Local Authority District,Public electric vehicle chargers,2026-04-01,146.4,"Rate per 100,000 population","Rate per 100,000 population",,,,
S12000034,Aberdeenshire,Local Authority District,Public electric vehicle chargers,2026-01-01,155.0,"Rate per 100,000 population","Rate per 100,000 population",,,,
S12000041,Angus,Local Authority District,Public electric vehicle chargers,2026-01-01,200.3,"Rate per 100,000 population","Rate per 100,000 population",,,,
S12000041,Angus,Local Authority District,Public electric vehicle chargers,2026-04-01,216.9,"Rate per 100,000 population","Rate per 100,000 population",,,,
S12000041,Angus,Local Authority District,Public electric vehicle chargers,2026-07-01,221.2,"Rate per 100,000 population","Rate per 100,000 population",,,,
S12000035,Argyll and Bute,Local Authority District,Public electric vehicle chargers,2026-01-01,370.6,"Rate per 100,000 population","Rate per 100,000 population",,,,
S12000035,Argyll and Bute,Local Authority District,Public electric vehicle chargers,2026-04-01,372.9,"Rate per 100,000 population","Rate per 100,000 population",,,,
S12000035,Argyll and Bute,Local Authority District,Public electric vehicle chargers,2026-07-01,395.7,"Rate per 100,000 population","Rate per 100,000 population",,,,
S12000036,City of Edinburgh,Local Authority District,Public electric vehicle chargers,2026-04-01,202.8,"Rate per 100,000 population","Rate per 100,000 population",,,,
S12000036,City of Edinburgh,Local Authority District,Public electric vehicle chargers,2026-07-01,192.2,"Rate per 100,000 population","Rate per 100,000 population",,,,
S12000036,City of Edinburgh,Local Authority District,Public electric vehicle chargers,2026-01-01,188.6,"Rate per 100,000 population","Rate per 100,000 population",,,,
S12000005,Clackmannanshire,Local Authority District,Public electric vehicle chargers,2026-01-01,193.8,"Rate per 100,000 population","Rate per 100,000 population",,,,
S12000005,Clackmannanshire,Local Authority District,Public electric vehicle chargers,2026-04-01,209.2,"Rate per 100,000 population","Rate per 100,000 population",,,,
S12000005,Clackmannanshire,Local Authority District,Public electric vehicle chargers,2026-07-01,205.3,"Rate per 100,000 population","Rate per 100,000 population",,,,
S12000006,Dumfries and Galloway,Local Authority District,Public electric vehicle chargers,2026-01-01,503.2,"Rate per 100,000 population","Rate per 100,000 population",,,,
S12000006,Dumfries and Galloway,Local Authority District,Public electric vehicle chargers,2026-04-01,538.2,"Rate per 100,000 population","Rate per 100,000 population",,,,
S12000006,Dumfries and Galloway,Local Authority District,Public electric vehicle chargers,2026-07-01,548.5,"Rate per 100,000 population","Rate per 100,000 population",,,,
S12000042,Dundee City,Local Authority District,Public electric vehicle chargers,2026-07-01,471.7,"Rate per 100,000 population","Rate per 100,000 population",,,,
S12000042,Dundee City,Local Authority District,Public electric vehicle chargers,2026-04-01,473.0,"Rate per 100,000 population","Rate per 100,000 population",,,,
S12000042,Dundee City,Local Authority District,Public electric vehicle chargers,2026-01-01,444.4,"Rate per 100,000 population","Rate per 100,000 population",,,,
S12000008,East Ayrshire,Local Authority District,Public electric vehicle chargers,2026-01-01,216.5,"Rate per 100,000 population","Rate per 100,000 population",,,,
S12000008,East Ayrshire,Local Authority District,Public electric vehicle chargers,2026-04-01,216.5,"Rate per 100,000 population","Rate per 100,000 population",,,,
S12000008,East Ayrshire,Local Authority District,Public electric vehicle chargers,2026-07-01,228.8,"Rate per 100,000 population","Rate per 100,000 population",,,,
S12000045,East Dunbartonshire,Local Authority District,Public electric vehicle chargers,2026-01-01,88.2,"Rate per 100,000 population","Rate per 100,000 population",,,,
S12000045,East Dunbartonshire,Local Authority District,Public electric vehicle chargers,2026-04-01,93.7,"Rate per 100,000 population","Rate per 100,000 population",,,,
S12000045,East Dunbartonshire,Local Authority District,Public electric vehicle chargers,2026-07-01,102.8,"Rate per 100,000 population","Rate per 100,000 population",,,,
S12000010,East Lothian,Local Authority District,Public electric vehicle chargers,2026-07-01,599.9,"Rate per 100,000 population","Rate per 100,000 population",,,,
S12000010,East Lothian,Local Authority District,Public electric vehicle chargers,2026-04-01,547.0,"Rate per 100,000 population","Rate per 100,000 population",,,,
S12000010,East Lothian,Local Authority District,Public electric vehicle chargers,2026-01-01,510.5,"Rate per 100,000 population","Rate per 100,000 population",,,,
S12000011,East Renfrewshire,Local Authority District,Public electric vehicle chargers,2026-01-01,78.1,"Rate per 100,000 population","Rate per 100,000 population",,,,
S12000011,East Renfrewshire,Local Authority District,Public electric vehicle chargers,2026-04-01,80.1,"Rate per 100,000 population","Rate per 100,000 population",,,,
S12000011,East Renfrewshire,Local Authority District,Public electric vehicle chargers,2026-07-01,82.1,"Rate per 100,000 population","Rate per 100,000 population",,,,
S12000014,Falkirk,Local Authority District,Public electric vehicle chargers,2026-01-01,173.7,"Rate per 100,000 population","Rate per 100,000 population",,,,
S12000014,Falkirk,Local Authority District,Public electric vehicle chargers,2026-04-01,158.1,"Rate per 100,000 population","Rate per 100,000 population",,,,
S12000014,Falkirk,Local Authority District,Public electric vehicle chargers,2026-07-01,162.5,"Rate per 100,000 population","Rate per 100,000 population",,,,
S12000047,Fife,Local Authority District,Public electric vehicle chargers,2026-07-01,131.6,"Rate per 100,000 population","Rate per 100,000 population",,,,
S12000047,Fife,Local Authority District,Public electric vehicle chargers,2026-04-01,125.1,"Rate per 100,000 population","Rate per 100,000 population",,,,
S12000047,Fife,Local Authority District,Public electric vehicle chargers,2026-01-01,120.6,"Rate per 100,000 population","Rate per 100,000 population",,,,
S12000049,Glasgow City,Local Authority District,Public electric vehicle chargers,2026-01-01,172.2,"Rate per 100,000 population","Rate per 100,000 population",,,,
S12000049,Glasgow City,Local Authority District,Public electric vehicle chargers,2026-04-01,181.0,"Rate per 100,000 population","Rate per 100,000 population",,,,
S12000049,Glasgow City,Local Authority District,Public electric vehicle chargers,2026-07-01,180.2,"Rate per 100,000 population","Rate per 100,000 population",,,,
S12000017,Highland,Local Authority District,Public electric vehicle chargers,2026-01-01,328.7,"Rate per 100,000 population","Rate per 100,000 population",,,,
S12000017,Highland,Local Authority District,Public electric vehicle chargers,2026-04-01,395.3,"Rate per 100,000 population","Rate per 100,000 population",,,,
S12000017,Highland,Local Authority District,Public electric vehicle chargers,2026-07-01,386.9,"Rate per 100,000 population","Rate per 100,000 population",,,,
S12000018,Inverclyde,Local Authority District,Public electric vehicle chargers,2026-04-01,235.8,"Rate per 100,000 population","Rate per 100,000 population",,,,
S12000018,Inverclyde,Local Authority District,Public electric vehicle chargers,2026-07-01,237.1,"Rate per 100,000 population","Rate per 100,000 population",,,,
S12000018,Inverclyde,Local Authority District,Public electric vehicle chargers,2026-01-01,224.4,"Rate per 100,000 population","Rate per 100,000 population",,,,
S12000019,Midlothian,Local Authority District,Public electric vehicle chargers,2026-07-01,223.3,"Rate per 100,000 population","Rate per 100,000 population",,,,
S12000019,Midlothian,Local Authority District,Public electric vehicle chargers,2026-01-01,232.3,"Rate per 100,000 population","Rate per 100,000 population",,,,
S12000019,Midlothian,Local Authority District,Public electric vehicle chargers,2026-04-01,222.3,"Rate per 100,000 population","Rate per 100,000 population",,,,
S12000020,Moray,Local Authority District,Public electric vehicle chargers,2026-01-01,164.2,"Rate per 100,000 population","Rate per 100,000 population",,,,
S12000020,Moray,Local Authority District,Public electric vehicle chargers,2026-04-01,158.9,"Rate per 100,000 population","Rate per 100,000 population",,,,
S12000020,Moray,Local Authority District,Public electric vehicle chargers,2026-07-01,152.6,"Rate per 100,000 population","Rate per 100,000 population",,,,
S12000013,Na h-Eileanan Siar,Local Authority District,Public electric vehicle chargers,2026-01-01,476.6,"Rate per 100,000 population","Rate per 100,000 population",,,,
S12000013,Na h-Eileanan Siar,Local Authority District,Public electric vehicle chargers,2026-04-01,476.6,"Rate per 100,000 population","Rate per 100,000 population",,,,
S12000013,Na h-Eileanan Siar,Local Authority District,Public electric vehicle chargers,2026-07-01,515.0,"Rate per 100,000 population","Rate per 100,000 population",,,,
S12000021,North Ayrshire,Local Authority District,Public electric vehicle chargers,2026-07-01,198.5,"Rate per 100,000 population","Rate per 100,000 population",,,,
S12000021,North Ayrshire,Local Authority District,Public electric vehicle chargers,2026-04-01,203.7,"Rate per 100,000 population","Rate per 100,000 population",,,,
S12000021,North Ayrshire,Local Authority District,Public electric vehicle chargers,2026-01-01,187.3,"Rate per 100,000 population","Rate per 100,000 population",,,,
S12000050,North Lanarkshire,Local Authority District,Public electric vehicle chargers,2026-01-01,162.8,"Rate per 100,000 population","Rate per 100,000 population",,,,
S12000050,North Lanarkshire,Local Authority District,Public electric vehicle chargers,2026-04-01,169.2,"Rate per 100,000 population","Rate per 100,000 population",,,,
S12000050,North Lanarkshire,Local Authority District,Public electric vehicle chargers,2026-07-01,168.1,"Rate per 100,000 population","Rate per 100,000 population",,,,
S12000023,Orkney Islands,Local Authority District,Public electric vehicle chargers,2026-01-01,422.3,"Rate per 100,000 population","Rate per 100,000 population",,,,
S12000023,Orkney Islands,Local Authority District,Public electric vehicle chargers,2026-04-01,386.0,"Rate per 100,000 population","Rate per 100,000 population",,,,
S12000023,Orkney Islands,Local Authority District,Public electric vehicle chargers,2026-07-01,386.0,"Rate per 100,000 population","Rate per 100,000 population",,,,
S12000048,Perth and Kinross,Local Authority District,Public electric vehicle chargers,2026-07-01,363.3,"Rate per 100,000 population","Rate per 100,000 population",,,,
S12000048,Perth and Kinross,Local Authority District,Public electric vehicle chargers,2026-04-01,358.1,"Rate per 100,000 population","Rate per 100,000 population",,,,
S12000048,Perth and Kinross,Local Authority District,Public electric vehicle chargers,2026-01-01,340.6,"Rate per 100,000 population","Rate per 100,000 population",,,,
S12000038,Renfrewshire,Local Authority District,Public electric vehicle chargers,2026-01-01,232.1,"Rate per 100,000 population","Rate per 100,000 population",,,,
S12000038,Renfrewshire,Local Authority District,Public electric vehicle chargers,2026-04-01,243.2,"Rate per 100,000 population","Rate per 100,000 population",,,,
S12000038,Renfrewshire,Local Authority District,Public electric vehicle chargers,2026-07-01,242.6,"Rate per 100,000 population","Rate per 100,000 population",,,,
S12000026,Scottish Borders,Local Authority District,Public electric vehicle chargers,2026-01-01,215.4,"Rate per 100,000 population","Rate per 100,000 population",,,,
S12000026,Scottish Borders,Local Authority District,Public electric vehicle chargers,2026-04-01,220.6,"Rate per 100,000 population","Rate per 100,000 population",,,,
S12000026,Scottish Borders,Local Authority District,Public electric vehicle chargers,2026-07-01,224.0,"Rate per 100,000 population","Rate per 100,000 population",,,,
S12000027,Shetland Islands,Local Authority District,Public electric vehicle chargers,2026-07-01,323.4,"Rate per 100,000 population","Rate per 100,000 population",,,,
S12000027,Shetland Islands,Local Authority District,Public electric vehicle chargers,2026-04-01,323.4,"Rate per 100,000 population","Rate per 100,000 population",,,,
S12000027,Shetland Islands,Local Authority District,Public electric vehicle chargers,2026-01-01,332.0,"Rate per 100,000 population","Rate per 100,000 population",,,,
S12000028,South Ayrshire,Local Authority District,Public electric vehicle chargers,2026-01-01,200.4,"Rate per 100,000 population","Rate per 100,000 population",,,,
S12000028,South Ayrshire,Local Authority District,Public electric vehicle chargers,2026-04-01,214.7,"Rate per 100,000 population","Rate per 100,000 population",,,,
S12000028,South Ayrshire,Local Authority District,Public electric vehicle chargers,2026-07-01,204.9,"Rate per 100,000 population","Rate per 100,000 population",,,,
S12000029,South Lanarkshire,Local Authority District,Public electric vehicle chargers,2026-01-01,180.5,"Rate per 100,000 population","Rate per 100,000 population",,,,
S12000029,South Lanarkshire,Local Authority District,Public electric vehicle chargers,2026-04-01,179.9,"Rate per 100,000 population","Rate per 100,000 population",,,,
S12000029,South Lanarkshire,Local Authority District,Public electric vehicle chargers,2026-07-01,181.7,"Rate per 100,000 population","Rate per 100,000 population",,,,
S12000030,Stirling,Local Authority District,Public electric vehicle chargers,2026-07-01,510.6,"Rate per 100,000 population","Rate per 100,000 population",,,,
S12000030,Stirling,Local Authority District,Public electric vehicle chargers,2026-01-01,460.7,"Rate per 100,000 population","Rate per 100,000 population",,,,
S12000030,Stirling,Local Authority District,Public electric vehicle chargers,2026-04-01,499.9,"Rate per 100,000 population","Rate per 100,000 population",,,,
S12000039,West Dunbartonshire,Local Authority District,Public electric vehicle chargers,2026-01-01,197.5,"Rate per 100,000 population","Rate per 100,000 population",,,,
S12000039,West Dunbartonshire,Local Authority District,Public electric vehicle chargers,2026-04-01,202.0,"Rate per 100,000 population","Rate per 100,000 population",,,,
S12000039,West Dunbartonshire,Local Authority District,Public electric vehicle chargers,2026-07-01,204.2,"Rate per 100,000 population","Rate per 100,000 population",,,,
S12000040,West Lothian,Local Authority District,Public electric vehicle chargers,2026-01-01,112.6,"Rate per 100,000 population","Rate per 100,000 population",,,,
S12000040,West Lothian,Local Authority District,Public electric vehicle chargers,2026-04-01,120.7,"Rate per 100,000 population","Rate per 100,000 population",,,,
S12000040,West Lothian,Local Authority District,Public electric vehicle chargers,2026-07-01,137.3,"Rate per 100,000 population","Rate per 100,000 population",,,,
N92000002,Northern Ireland,Nation,Public electric vehicle chargers,2026-07-01,60.0,"Rate per 100,000 population","Rate per 100,000 population",,,,This data has been aggregated and may show differences to other published figures.
N92000002,Northern Ireland,Nation,Public electric vehicle chargers,2026-04-01,59.4,"Rate per 100,000 population","Rate per 100,000 population",,,,This data has been aggregated and may show differences to other published figures.
N92000002,Northern Ireland,Nation,Public electric vehicle chargers,2026-01-01,57.5,"Rate per 100,000 population","Rate per 100,000 population",,,,This data has been aggregated and may show differences to other published figures.
N09000001,Antrim and Newtownabbey,Local Authority District,Public electric vehicle chargers,2026-01-01,69.5,"Rate per 100,000 population","Rate per 100,000 population",,,,
N09000001,Antrim and Newtownabbey,Local Authority District,Public electric vehicle chargers,2026-04-01,70.9,"Rate per 100,000 population","Rate per 100,000 population",,,,
N09000001,Antrim and Newtownabbey,Local Authority District,Public electric vehicle chargers,2026-07-01,65.5,"Rate per 100,000 population","Rate per 100,000 population",,,,
N09000002,"Armagh City, Banbridge and Craigavon",Local Authority District,Public electric vehicle chargers,2026-01-01,45.4,"Rate per 100,000 population","Rate per 100,000 population",,,,
N09000002,"Armagh City, Banbridge and Craigavon",Local Authority District,Public electric vehicle chargers,2026-04-01,45.4,"Rate per 100,000 population","Rate per 100,000 population",,,,
N09000002,"Armagh City, Banbridge and Craigavon",Local Authority District,Public electric vehicle chargers,2026-07-01,46.3,"Rate per 100,000 population","Rate per 100,000 population",,,,
N09000003,Belfast,Local Authority District,Public electric vehicle chargers,2026-07-01,77.5,"Rate per 100,000 population","Rate per 100,000 population",,,,
N09000003,Belfast,Local Authority District,Public electric vehicle chargers,2026-01-01,71.5,"Rate per 100,000 population","Rate per 100,000 population",,,,
N09000003,Belfast,Local Authority District,Public electric vehicle chargers,2026-04-01,72.9,"Rate per 100,000 population","Rate per 100,000 population",,,,
N09000004,Causeway Coast and Glens,Local Authority District,Public electric vehicle chargers,2026-01-01,64.1,"Rate per 100,000 population","Rate per 100,000 population",,,,
N09000004,Causeway Coast and Glens,Local Authority District,Public electric vehicle chargers,2026-04-01,64.8,"Rate per 100,000 population","Rate per 100,000 population",,,,
N09000004,Causeway Coast and Glens,Local Authority District,Public electric vehicle chargers,2026-07-01,65.5,"Rate per 100,000 population","Rate per 100,000 population",,,,
N09000005,Derry City and Strabane,Local Authority District,Public electric vehicle chargers,2026-01-01,36.1,"Rate per 100,000 population","Rate per 100,000 population",,,,
N09000005,Derry City and Strabane,Local Authority District,Public electric vehicle chargers,2026-04-01,37.4,"Rate per 100,000 population","Rate per 100,000 population",,,,
N09000005,Derry City and Strabane,Local Authority District,Public electric vehicle chargers,2026-07-01,44.0,"Rate per 100,000 population","Rate per 100,000 population",,,,
N09000006,Fermanagh and Omagh,Local Authority District,Public electric vehicle chargers,2026-01-01,75.6,"Rate per 100,000 population","Rate per 100,000 population",,,,
N09000006,Fermanagh and Omagh,Local Authority District,Public electric vehicle chargers,2026-04-01,75.6,"Rate per 100,000 population","Rate per 100,000 population",,,,
N09000006,Fermanagh and Omagh,Local Authority District,Public electric vehicle chargers,2026-07-01,71.4,"Rate per 100,000 population","Rate per 100,000 population",,,,
N09000007,Lisburn and Castlereagh,Local Authority District,Public electric vehicle chargers,2026-04-01,67.9,"Rate per 100,000 population","Rate per 100,000 population",,,,
N09000007,Lisburn and Castlereagh,Local Authority District,Public electric vehicle chargers,2026-01-01,64.6,"Rate per 100,000 population","Rate per 100,000 population",,,,
N09000007,Lisburn and Castlereagh,Local Authority District,Public electric vehicle chargers,2026-07-01,66.6,"Rate per 100,000 population","Rate per 100,000 population",,,,
N09000008,Mid and East Antrim,Local Authority District,Public electric vehicle chargers,2026-04-01,55.0,"Rate per 100,000 population","Rate per 100,000 population",,,,
N09000008,Mid and East Antrim,Local Authority District,Public electric vehicle chargers,2026-01-01,57.9,"Rate per 100,000 population","Rate per 100,000 population",,,,
N09000008,Mid and East Antrim,Local Authority District,Public electric vehicle chargers,2026-07-01,53.6,"Rate per 100,000 population","Rate per 100,000 population",,,,
N09000009,Mid Ulster,Local Authority District,Public electric vehicle chargers,2026-04-01,53.0,"Rate per 100,000 population","Rate per 100,000 population",,,,
N09000009,Mid Ulster,Local Authority District,Public electric vehicle chargers,2026-01-01,50.4,"Rate per 100,000 population","Rate per 100,000 population",,,,
N09000009,Mid Ulster,Local Authority District,Public electric vehicle chargers,2026-07-01,52.4,"Rate per 100,000 population","Rate per 100,000 population",,,,
N09000010,"Newry, Mourne and Down",Local Authority District,Public electric vehicle chargers,2026-04-01,57.9,"Rate per 100,000 population","Rate per 100,000 population",,,,
N09000010,"Newry, Mourne and Down",Local Authority District,Public electric vehicle chargers,2026-01-01,49.1,"Rate per 100,000 population","Rate per 100,000 population",,,,
N09000010,"Newry, Mourne and Down",Local Authority District,Public electric vehicle chargers,2026-07-01,55.7,"Rate per 100,000 population","Rate per 100,000 population",,,,
N09000011,Ards and North Down,Local Authority District,Public electric vehicle chargers,2026-04-01,46.5,"Rate per 100,000 population","Rate per 100,000 population",,,,
N09000011,Ards and North Down,Local Authority District,Public electric vehicle chargers,2026-01-01,42.9,"Rate per 100,000 population","Rate per 100,000 population",,,,
N09000011,Ards and North Down,Local Authority District,Public electric vehicle chargers,2026-07-01,49.0,"Rate per 100,000 population","Rate per 100,000 population",,,,
